month,territory_id,category,score,dev
2024-01,12,Все категории,8.404179746588568,-5.020476468793877
2024-01,13,Все категории,11.90474918891057,-4.85921767625312
2024-01,14,Продовольствие,20.477521813303163,-4.877460599740976
2024-01,15,Все категории,10.089115160729715,-6.664965548134296
2024-01,17,Все категории,11.925711705628231,-4.476137904865491
2024-01,19,Все категории,24.318902931397226,-8.219374338994973
2024-01,22,Все категории,15.54528078599873,0.5212579296035165
2024-01,22,Транспорт,39.33628260409183,-48.594924393731795
2024-01,26,Общественное питание,18.580598528750244,10.365593334621602
2024-01,28,Все категории,7.285572085077846,6.775625624447391
2024-01,28,Здоровье,7.7933833121046545,9.044901394380565
2024-01,32,Все категории,7.794132717213202,3.268269858160552
2024-01,34,Все категории,33.85455278786638,-0.35004266455235733
2024-01,35,Общественное питание,13.209064764270597,3.4155789539166244
2024-01,39,Маркетплейсы,8.73010879966,6.157557898988877
2024-01,40,Общественное питание,9.965792775418278,12.565315220452492
2024-01,47,Общественное питание,12.803933240981065,7.013025153778439
2024-01,51,Все категории,15.072700272928467,7.215104181403864
2024-01,54,Общественное питание,12.750825250357831,6.076540695981487
2024-01,56,Все категории,14.863997030879977,3.462070206121755
2024-01,56,Здоровье,36.3662402203208,7.158325692706017
2024-01,61,Здоровье,44.46626819419399,12.775389238561008
2024-01,68,Все категории,8.07804661547105,0.09182865917922889
2024-01,68,Здоровье,7.3715607877646825,5.505851609929228
2024-01,70,Продовольствие,14.92586297794552,3.1445985097813964
2024-01,71,Все категории,9.615807514156884,3.5014829900190945
2024-01,71,Маркетплейсы,29.4718142080876,8.482939229557537
2024-01,71,Здоровье,19.50620947012201,3.2453943501088363
2024-01,74,Все категории,17.4623813755473,7.373365088058048
2024-01,74,Транспорт,10.17862550087725,6.673536593301692
2024-01,77,Здоровье,7.241519938029582,7.824856364099805
2024-01,82,Здоровье,13.026998786010513,9.781180199232278
2024-01,204,Маркетплейсы,10.26855832488115,10.124538733756006
2024-01,210,Маркетплейсы,13.431488778272623,-12.902162049427302
2024-01,211,Все категории,10.605578286050838,-5.0770971883039655
2024-01,211,Продовольствие,9.438670427155891,2.9046002925302634
2024-01,212,Общественное питание,6.944031473096118,-3.830586873346993
2024-01,217,Транспорт,7.406960146867623,-11.550258030033469
2024-01,224,Общественное питание,14.583128361746645,6.191691014881155
2024-01,225,Маркетплейсы,29.527112528431967,-1.3834888668956735
2024-01,226,Маркетплейсы,127.34692919941081,-0.08536097886434213
2024-01,227,Маркетплейсы,233.25587348843618,-12.417947842518553
2024-01,235,Продовольствие,10.390314927715444,0.7716231379380778
2024-01,236,Маркетплейсы,15.879662768553134,2.276599433445352
2024-01,243,Транспорт,27.4645999519426,7.029682208924763
2024-01,271,Продовольствие,12.348354736804321,4.697554316481767
2024-01,274,Общественное питание,7.501422769095185,-3.2008683897216796
2024-01,276,Транспорт,16.58902795222107,-3.919366389134434
2024-01,295,Маркетплейсы,27.70499939271389,10.850504264178142
2024-01,298,Здоровье,9.49716050843818,3.208857546988665
2024-01,302,Общественное питание,18.18828865553704,-0.2144273865153331
2024-01,320,Продовольствие,20.158777795273433,-9.548477748984011
2024-01,327,Общественное питание,9.287857258743509,7.35738773397375
2024-01,330,Общественное питание,9.301306859577302,6.622439636586661
2024-01,336,Продовольствие,40.42346043641087,-9.537552794042975
2024-01,348,Транспорт,12.590447179565617,-4.500777480505052
2024-01,354,Здоровье,9.852368076233986,-6.199038447037168
2024-01,356,Здоровье,6.870901759590614,-4.345944099139677
2024-01,356,Транспорт,19.575848799880138,-7.074909219412321
2024-01,357,Общественное питание,9.795292104886212,-2.9398527398574594
2024-01,365,Все категории,7.29520678271963,5.268002487970888
2024-01,372,Общественное питание,15.169734958599335,7.826211715989148
2024-01,375,Здоровье,13.74113081015929,-2.3037138228939917
2024-01,378,Все категории,10.163323518496188,2.153237472478746
2024-01,380,Все категории,26.869990354982956,9.426980405695495
2024-01,382,Продовольствие,13.461089489064078,2.9826869893778367
2024-01,383,Здоровье,7.101106471996338,1.6638031682037044
2024-01,386,Все категории,8.918491469639124,2.430534875750492
2024-01,386,Продовольствие,40.2962323994736,5.781690102706689
2024-01,388,Продовольствие,7.806796477035987,5.389322842605709
2024-01,390,Маркетплейсы,12.584643616016882,7.335985454184943
2024-01,392,Общественное питание,14.255223220085842,-9.683079978192616
2024-01,396,Транспорт,8.994129139317145,-3.6091813056924673
2024-01,397,Общественное питание,9.452517771333778,3.862230864768626
2024-01,403,Продовольствие,50.385820519273175,-10.246044388513292
2024-01,405,Все категории,16.173791544298023,-2.4692536036597983
2024-01,413,Продовольствие,10.496603867202957,-5.492351883061716
2024-01,414,Маркетплейсы,20.942277802697056,-12.838650004803432
2024-01,420,Здоровье,15.951570713601399,8.820638969890924
2024-01,425,Здоровье,8.885397687142499,-3.391167290410591
2024-01,428,Все категории,24.637619618458704,3.4178627882934443
2024-01,434,Маркетплейсы,8.519519779839147,-6.490057836296643
2024-01,442,Здоровье,6.963698418129565,-4.91722819194952
2024-01,444,Здоровье,9.661320312928616,3.6786837778820853
2024-01,448,Транспорт,6.78548225811804,6.127876754471927
2024-01,455,Транспорт,9.432246914458593,4.150312701192443
2024-01,486,Транспорт,9.262712375777896,-5.347421180632182
2024-01,497,Общественное питание,29.49161358940409,-19.48155945920018
2024-01,506,Маркетплейсы,39.02999089264041,-15.288685603363938
2024-01,506,Здоровье,21.802058618500915,6.327715441981219
2024-01,508,Здоровье,21.065210678613283,12.137588363034713
2024-01,516,Общественное питание,10.177938857366739,-7.533183742072288
2024-01,524,Все категории,7.844279770690619,-6.302066840416936
2024-01,538,Общественное питание,12.19789416711648,-10.152814529813321
2024-01,538,Транспорт,7.415888812351353,-9.056594839701662
2024-01,541,Транспорт,8.69498079924189,-8.904026096642177
2024-01,546,Продовольствие,6.9845272709820705,-1.3599440902172857
2024-01,561,Общественное питание,6.738524512733022,6.410428351535157
2024-01,564,Транспорт,7.763805389004702,1.9508438381214135
2024-01,571,Все категории,25.667621394195816,-9.324643646286631
2024-01,583,Продовольствие,6.9467704684597065,-1.7508918221197551
2024-01,586,Продовольствие,16.09079851370871,-3.7144071111590016
2024-01,586,Транспорт,7.301874119708133,9.049245226370445
2024-01,602,Продовольствие,14.179077861603304,-6.24425935149063
2024-01,602,Общественное питание,13.958035190841752,-0.8747849030399975
2024-01,612,Маркетплейсы,8.793651034824158,-2.0449511174155246
2024-01,618,Маркетплейсы,8.839278952661514,-1.6923672147700832
2024-01,618,Транспорт,37.244862227806834,-7.959312000054183
2024-01,678,Общественное питание,19.75597116518175,2.585410965455363
2024-01,687,Маркетплейсы,25.82871034610478,9.171117108448962
2024-01,689,Здоровье,8.305294038202701,0.3918167225514728
2024-01,690,Продовольствие,8.868453941861505,-2.862361976281562
2024-01,690,Общественное питание,10.29194847621237,-7.64903698566338
2024-01,698,Все категории,12.261762475907151,2.1026494210081212
2024-01,699,Общественное питание,35.71495053415453,-11.1059990965201
2024-01,708,Маркетплейсы,9.023126583625345,9.015383748855522
2024-01,711,Транспорт,24.97344011812729,-1.9785595187643148
2024-01,719,Здоровье,9.137581069792814,4.762781204710124
2024-01,722,Маркетплейсы,7.601889978211311,4.870844135009932
2024-01,734,Общественное питание,7.075923956258701,-10.778902751659878
2024-01,737,Здоровье,10.84495301802484,4.41651575443771
2024-01,741,Общественное питание,7.183464512204482,1.5127048411086663
2024-01,744,Транспорт,11.14312534527504,3.7797300425626057
2024-01,746,Общественное питание,104.0683570293057,2.6287027452142913
2024-01,760,Общественное питание,9.126126064219411,4.041704268709626
2024-01,760,Транспорт,12.228884916220514,-0.6027429269847766
2024-01,761,Маркетплейсы,12.148760380376027,2.5193368915480496
2024-01,766,Транспорт,13.210179852621476,10.577265830070113
2024-01,767,Маркетплейсы,9.466276203759554,-2.513890456930041
2024-01,771,Все категории,10.555533874598368,-7.950087689028189
2024-01,783,Маркетплейсы,6.940149585006891,4.4789015314959775
2024-01,791,Все категории,8.390019809351903,8.247250858574445
2024-01,799,Все категории,7.701196427579276,5.69332321721936
2024-01,799,Маркетплейсы,13.809675556578972,7.444534287511003
2024-01,806,Транспорт,58.681533389730504,-6.051192849780892
2024-01,812,Общественное питание,14.940288295031088,11.756267923372524
2024-01,815,Продовольствие,11.390941261378622,-5.193573442613438
2024-01,827,Продовольствие,7.916729796103938,-5.622909583400726
2024-01,829,Все категории,8.987031042594849,5.404123959632356
2024-01,829,Здоровье,17.39164082843702,0.9133274707256223
2024-01,831,Продовольствие,10.539693304746045,-2.9641238479649714
2024-01,835,Маркетплейсы,8.967897529382537,12.681983237274078
2024-01,846,Все категории,9.66653386125099,-3.0335647926298313
2024-01,848,Маркетплейсы,11.039372846169258,13.220519080419164
2024-01,852,Все категории,21.844141097280477,-13.025675943433518
2024-01,854,Продовольствие,9.8050792969595,-7.7130500199999945
2024-01,873,Общественное питание,16.895800803083585,-19.22218637303236
2024-01,877,Продовольствие,22.50390268686682,-9.889095272978176
2024-01,895,Общественное питание,94.251512285768,7.134853598437063
2024-01,897,Общественное питание,24.976525955452104,6.927326428552122
2024-01,923,Маркетплейсы,17.931631130709476,-4.410079473015094
2024-01,986,Здоровье,19.05305566931603,-4.7935613289821095
2024-01,988,Транспорт,7.300853847724642,14.382303744137495
2024-01,991,Здоровье,10.31478926037673,-3.707043352084274
2024-01,993,Продовольствие,10.685814070619081,6.750002503226996
2024-01,998,Здоровье,22.92389546807661,1.8735019517957092
2024-01,1016,Продовольствие,8.68932277044146,-6.680548974131168
2024-01,1034,Продовольствие,9.848227477460549,-3.242189384740296
2024-01,1036,Транспорт,23.91167127862816,4.928511193384175
2024-01,1047,Здоровье,64.2771091250868,-11.802642772932048
2024-01,1055,Общественное питание,14.35080815254588,-12.508292640337036
2024-01,1059,Общественное питание,6.804305875129898,-5.3233620316139
2024-01,1066,Транспорт,25.33576163062773,-12.635976214541357
2024-01,1068,Общественное питание,8.930174530168896,-3.87891156503615
2024-01,1070,Транспорт,21.937017013490642,-10.376514349138683
2024-01,1071,Транспорт,16.304655755975702,4.441534769247151
2024-01,1112,Продовольствие,7.843697796899648,5.942582158391772
2024-01,1120,Общественное питание,6.812813517576669,-6.3820127397487205
2024-01,1124,Транспорт,13.350289467818625,-7.733897283669484
2024-01,1125,Общественное питание,13.494080712676361,3.72324529354314
2024-01,1137,Все категории,8.881680029180785,-6.933109927256498
2024-01,1141,Здоровье,7.493615795533723,-5.62550272060384
2024-01,1142,Общественное питание,7.076416645988752,3.970624740462252
2024-01,1153,Все категории,7.3979052631969955,-4.8059061910484235
2024-01,1161,Продовольствие,8.504345623660004,-5.410404624568973
2024-01,1166,Общественное питание,12.928863175128662,-1.2246226793499542
2024-01,1167,Общественное питание,27.292714487246243,2.135852521449327
2024-01,1193,Общественное питание,9.810756417557892,-3.2024828923620934
2024-01,1195,Здоровье,8.97789136612634,-5.790609477188522
2024-01,1204,Транспорт,34.78767344673173,-6.199910206536391
2024-01,1225,Здоровье,13.728156995776368,2.1395889770757064
2024-01,1226,Здоровье,37.32744800158551,1.7896818866778537
2024-01,1227,Маркетплейсы,31.082179115323033,4.7128836352867065
2024-01,1227,Здоровье,22.162718332991336,-3.1241112710040237
2024-01,1228,Маркетплейсы,10.980247342766946,5.5233799499757135
2024-01,1228,Здоровье,23.796230931349278,2.7621918211667085
2024-01,1229,Общественное питание,9.372084749742301,11.984000305630921
2024-01,1230,Здоровье,41.26532545756206,2.1623208541790238
2024-01,1232,Общественное питание,7.47975450045327,5.6725112740862915
2024-01,1244,Общественное питание,6.715793813250491,-16.959577457370592
2024-01,1246,Здоровье,29.777675766797255,9.095572097259865
2024-01,1249,Все категории,7.896069195921708,-7.484594783515625
2024-01,1249,Маркетплейсы,20.931589458280524,5.800347402579785
2024-01,1249,Здоровье,28.49735448506852,-6.9573600730496565
2024-01,1251,Транспорт,13.128584640002998,-3.4274394828473627
2024-01,1259,Все категории,7.075808524240641,4.7396698324925985
2024-01,1261,Все категории,9.788414582197897,3.98370771780184
2024-01,1261,Здоровье,16.941697597940273,10.938226404097719
2024-01,1264,Здоровье,9.10350758784782,-6.005048557330539
2024-01,1270,Маркетплейсы,46.7001832386906,8.692792766221585
2024-01,1273,Транспорт,11.125001948718847,-8.685953392564587
2024-01,1276,Продовольствие,16.655528327725186,-12.827519312547144
2024-01,1277,Общественное питание,9.287167596903055,-3.274397516198697
2024-01,1282,Здоровье,12.08113220983847,-3.4684636687633246
2024-01,1286,Общественное питание,15.021294011053874,-8.979340271734003
2024-01,1287,Здоровье,9.304307035027486,6.188213713516247
2024-01,1288,Транспорт,15.607220660626616,-7.202372507781365
2024-01,1291,Все категории,20.6307236884446,1.9087677690642453
2024-01,1300,Общественное питание,13.571372655514683,3.4130477914348623
2024-01,1311,Маркетплейсы,7.321354082314728,6.365484905437361
2024-01,1311,Транспорт,35.80262390231853,-10.840188878075832
2024-01,1313,Общественное питание,26.58018403076756,-6.200551183977829
2024-01,1315,Общественное питание,11.90935675284403,16.280256325543654
2024-01,1317,Все категории,12.779779130432285,3.2026996727795267
2024-01,1317,Общественное питание,13.319317883833367,-6.711905313649374
2024-01,1328,Общественное питание,14.996331902492216,-2.950385264803023
2024-01,1331,Общественное питание,10.873263080405097,-2.4919622606507974
2024-01,1333,Здоровье,26.17332285059707,8.565225910447714
2024-01,1337,Транспорт,43.613714466791244,-9.580561934529173
2024-01,1347,Общественное питание,45.28208431337111,2.4918352655816802
2024-01,1348,Здоровье,46.83051408206451,11.644409980604113
2024-01,1352,Общественное питание,11.521429269496549,-6.217375166575113
2024-01,1392,Продовольствие,12.474091882283885,5.722187720989484
2024-01,1395,Здоровье,8.679805776438617,-5.9631406287498505
2024-01,1397,Здоровье,11.918780422665302,-3.124662937517558
2024-01,1404,Маркетплейсы,36.79925564831807,-17.08475843920171
2024-01,1406,Маркетплейсы,16.436374286528025,-9.668736610324517
2024-01,1407,Общественное питание,15.095772695335606,13.696972595422356
2024-01,1410,Все категории,10.948240635098365,8.562413379951261
2024-01,1410,Маркетплейсы,10.14387655560033,10.458547725304843
2024-01,1410,Общественное питание,33.74689504394371,13.31758316550341
2024-01,1411,Все категории,45.02123735211989,16.95199250304092
2024-01,1411,Маркетплейсы,12.298448752426125,7.750413389634091
2024-01,1411,Общественное питание,53.19165996191884,15.499284633587104
2024-01,1419,Все категории,18.709942793208086,7.685551455105659
2024-01,1420,Общественное питание,16.236760190300142,-5.941104603127453
2024-01,1423,Все категории,17.116029162842477,8.097917499975143
2024-01,1426,Все категории,15.726472070953982,7.9042507443303425
2024-01,1430,Транспорт,13.297315962832085,16.213040248319665
2024-01,1438,Маркетплейсы,9.907375488234491,7.132924361370788
2024-01,1439,Здоровье,15.18085326949138,-6.568069518683264
2024-01,1444,Здоровье,20.871501352906733,-7.252229478816206
2024-01,1445,Здоровье,9.293452372352059,-5.2880193117049235
2024-01,1447,Здоровье,7.984450741203088,-4.595954238462391
2024-01,1449,Здоровье,9.229434867573534,1.2782514919866574
2024-01,1456,Здоровье,12.980881864845067,-7.10277088552661
2024-01,1463,Здоровье,23.624553387157746,-4.952168989615516
2024-01,1465,Здоровье,12.8341977179214,-7.116041897027987
2024-01,1467,Здоровье,23.860709453388345,-8.106198615646063
2024-01,1468,Здоровье,23.507749973009364,-6.174420117587051
2024-01,1472,Здоровье,33.719041339048935,-9.228861137300866
2024-01,1473,Общественное питание,22.653523775997158,13.148027261432073
2024-01,1483,Все категории,10.756775011888745,-2.7126791627593008
2024-01,1489,Здоровье,38.713989526153554,-8.741722666236281
2024-01,1492,Здоровье,32.341262038560295,-5.320049629217219
2024-01,1495,Здоровье,17.50387463221996,-5.16814298562773
2024-01,1496,Здоровье,12.7471449846224,-5.349454696274381
2024-01,1501,Здоровье,7.398462290626256,-1.8257129828398868
2024-01,1526,Маркетплейсы,14.705278049680524,-4.799225429478424
2024-01,1537,Маркетплейсы,7.530130251775991,3.175119627319117
2024-01,1537,Транспорт,7.242330916781721,3.601071911264867
2024-01,1549,Продовольствие,14.636779055119527,1.1318765053250177
2024-01,1559,Общественное питание,105.08185063613735,-6.479935293475684
2024-01,1570,Транспорт,9.968781344376339,4.8156777333912615
2024-01,1580,Все категории,6.733783756582228,-5.4971050733232305
2024-01,1582,Маркетплейсы,14.823415026492903,4.6202738610299114
2024-01,1589,Маркетплейсы,7.512641874310552,-7.366735339786734
2024-01,1599,Общественное питание,7.074515788327511,9.447878663329078
2024-01,1605,Маркетплейсы,18.817034136599876,-4.1934052396031
2024-01,1608,Общественное питание,67.07664014807314,9.5161195038122
2024-01,1610,Общественное питание,31.131302058908794,18.71085883756437
2024-01,1613,Общественное питание,10.345065264869872,-5.446180295094386
2024-01,1615,Здоровье,59.706009351029714,14.424443246440148
2024-01,1622,Общественное питание,19.865321536492658,-18.998785498670436
2024-01,1630,Продовольствие,8.468492054090195,-4.54397413208612
2024-01,1638,Общественное питание,27.855646431383274,9.094260312907682
2024-01,1640,Общественное питание,186.5601343447914,-19.17420103274935
2024-01,1644,Здоровье,15.2974520649102,5.369869267547184
2024-01,1645,Здоровье,12.526341177858255,-0.08450037571837754
2024-01,1648,Маркетплейсы,6.834246569835662,4.933809614642021
2024-01,1649,Все категории,56.15644110819991,8.61404578986549
2024-01,1649,Общественное питание,22.0000363418694,7.816216486049512
2024-01,1653,Маркетплейсы,35.84776035629622,15.92777084694977
2024-01,1654,Общественное питание,7.8429346111951,4.239664585573965
2024-01,1657,Здоровье,27.23793383849237,-4.1258012863979605
2024-01,1666,Здоровье,7.697151615538994,-2.833923916876044
2024-01,1667,Все категории,8.58233254532256,7.336653582612174
2024-01,1671,Все категории,8.372702877965851,4.892811155880969
2024-01,1676,Транспорт,24.972389197752076,-13.36891693399749
2024-01,1678,Транспорт,11.79023146243369,-3.8906509686461894
2024-01,1680,Маркетплейсы,20.766819574445027,5.622586867637297
2024-01,1683,Маркетплейсы,12.816876645870659,-3.835362502583971
2024-01,1692,Продовольствие,6.904322645093208,5.984937005520786
2024-01,1693,Транспорт,37.61446487771327,2.7900921622377615
2024-01,1697,Транспорт,10.153184115169177,-6.580952989752679
2024-01,1699,Общественное питание,17.79452229158699,-5.312836066818092
2024-01,1707,Здоровье,14.312327557245238,-3.913053583874925
2024-01,1710,Общественное питание,40.33933985082637,-5.484857257851806
2024-01,1732,Все категории,6.8769951803440055,2.163491289117326
2024-01,1737,Все категории,10.601596342202347,-1.3040508289206565
2024-01,1737,Продовольствие,11.048008157078996,-8.1830959182067
2024-01,1741,Транспорт,9.107070558622386,1.9126401675101992
2024-01,1743,Здоровье,17.33984181549396,3.792059770895486
2024-01,1743,Общественное питание,14.343646853010116,-11.648386874369013
2024-01,1760,Продовольствие,30.987626575713325,8.981001243363151
2024-01,1766,Транспорт,9.03921147838449,-10.16159606098152
2024-01,1775,Транспорт,8.286169356338196,5.908023645871614
2024-01,1849,Маркетплейсы,6.882362017462953,-4.722326865624169
2024-01,1852,Здоровье,8.545854281290014,-2.314851329983723
2024-01,1858,Общественное питание,38.717897611118225,-14.490724721988833
2024-01,1870,Маркетплейсы,7.23369398021514,-4.0819571015115566
2024-01,1871,Все категории,21.39364580742337,-4.6148013000686845
2024-01,1871,Маркетплейсы,8.536242629914602,-4.311001434425006
2024-01,1883,Общественное питание,8.239426796225937,8.876622671134413
2024-01,1906,Общественное питание,26.330973314683483,12.784934962393871
2024-01,1912,Все категории,7.428088101726736,1.5626411527011808
2024-01,1928,Общественное питание,10.742455761762379,-9.586584452306123
2024-01,1937,Общественное питание,12.054273814142258,-4.574223284159305
2024-01,1943,Общественное питание,7.293053070667642,-4.312951141375246
2024-01,1955,Общественное питание,9.019354143662687,-0.5438828364989965
2024-01,1956,Все категории,33.162145798909805,-27.13559939803773
2024-01,1956,Продовольствие,7.470987609769611,-13.678121884852388
2024-01,1956,Маркетплейсы,8.10623991867134,-5.777950451177332
2024-01,1956,Здоровье,136.8762528990418,-37.62565272429899
2024-01,1956,Общественное питание,44.17786170616448,-19.603496823534208
2024-01,1956,Транспорт,48.13092795837627,-21.872439933852394
2024-01,1957,Транспорт,12.782796548241487,-6.69889929379902
2024-01,1959,Общественное питание,13.981674862148608,-6.045184620923378
2024-01,1968,Все категории,12.8372643446179,-3.3668740886919966
2024-01,1970,Маркетплейсы,21.541977668966176,-1.6929204339633537
2024-01,1977,Здоровье,16.04557715159637,2.1718210251439016
2024-01,1981,Общественное питание,6.654802712882385,7.047289287744091
2024-01,1986,Здоровье,7.624417603058007,4.654871447535274
2024-01,1987,Маркетплейсы,33.97466096688033,8.118354754560528
2024-01,1991,Все категории,14.9559105472745,6.1965231933680505
2024-01,1991,Маркетплейсы,10.15252323583622,7.116946386438374
2024-01,1992,Транспорт,8.3823910996972,-1.1506258553359545
2024-01,1994,Маркетплейсы,23.728644959063235,10.676191413444268
2024-01,1999,Общественное питание,7.741236106591715,-0.31095973440073577
2024-01,2001,Все категории,11.48820106931945,5.618222987726764
2024-01,2008,Маркетплейсы,7.366863332253755,13.013311311412748
2024-01,2008,Здоровье,9.335253251522738,2.174790542036696
2024-01,2022,Все категории,6.908131150070705,-6.00222828900344
2024-01,2027,Маркетплейсы,9.415472577427657,0.1984802221339783
2024-01,2028,Общественное питание,8.858505820570832,-6.867757720384071
2024-01,2030,Маркетплейсы,26.00699435188107,11.876561807566313
2024-01,2035,Продовольствие,11.408348705064997,3.3540490395787224
2024-01,2036,Здоровье,49.71573108504975,9.19355995968024
2024-01,2037,Здоровье,16.093827278278916,-8.562619550724357
2024-01,2037,Транспорт,9.240654009881764,-5.448132223401432
2024-01,2043,Транспорт,9.768064798279921,-1.1785507636106693
2024-01,2045,Общественное питание,10.384996659090131,-2.7957044400797235
2024-01,2046,Все категории,15.866954452477387,-10.951069358478176
2024-01,2052,Общественное питание,9.856639967360577,-6.720374420213577
2024-01,2055,Общественное питание,9.159179456490333,5.411130939156375
2024-01,2058,Продовольствие,10.360133576816423,-2.1934928988484477
2024-01,2067,Общественное питание,14.774068263762413,2.5801657357294165
2024-01,2077,Все категории,11.137228473150442,8.412296250768696
2024-01,2087,Маркетплейсы,35.70599145229277,12.43124877111225
2024-01,2113,Здоровье,8.277471597739131,-0.022534638874818214
2024-01,2137,Маркетплейсы,11.561159219534098,-7.736290627993185
2024-01,2144,Здоровье,10.497659624625022,-3.9834822611871314
2024-01,2146,Здоровье,9.945479636697371,-4.1808686397585895
2024-01,2153,Транспорт,7.81314647608219,7.341775445684936
2024-01,2156,Продовольствие,7.428888499443864,-6.770662042023224
2024-01,2160,Маркетплейсы,9.71737063926518,5.40582632472766
2024-01,2169,Общественное питание,8.874657080821217,5.412996507405603
2024-01,2171,Маркетплейсы,6.7198015971064855,-5.579451922332936
2024-01,2176,Продовольствие,24.551101924317983,1.1474193016290706
2024-01,2199,Продовольствие,7.745858776048172,-8.726072420466695
2024-01,2204,Транспорт,7.175220751440831,6.223665044832383
2024-01,2205,Продовольствие,14.897891111208462,-6.890899690746694
2024-01,2206,Продовольствие,22.59769334687683,-7.4264198939943125
2024-01,2206,Маркетплейсы,14.177252241632068,5.456070096738849
2024-01,2220,Здоровье,23.943261890634584,-2.685016534060794
2024-01,2222,Здоровье,32.43464088991101,-7.533466757612109
2024-01,2228,Здоровье,13.830581716535853,-6.798718097546017
2024-01,2229,Продовольствие,11.099687844824079,-3.8568592998046487
2024-01,2229,Общественное питание,8.140816333872543,-0.2961323367579735
2024-01,2233,Все категории,7.744144998883992,-5.685272121949421
2024-01,2234,Общественное питание,11.367300611074455,3.180917986302564
2024-01,2235,Здоровье,32.650407033907534,-6.555975551781113
2024-01,2236,Общественное питание,7.8497901987448575,11.635540187383954
2024-01,2241,Маркетплейсы,10.201170395464608,-5.300427568770351
2024-01,2241,Транспорт,12.036404707028943,-3.858496221238232
2024-01,2242,Маркетплейсы,31.550282822211752,-6.59486756024221
2024-01,2255,Маркетплейсы,8.137567734835491,-4.769678343924138
2024-01,2264,Общественное питание,7.388683995751283,-5.3598614869471755
2024-01,2269,Транспорт,8.153809368686089,-5.901710275497521
2024-01,2275,Здоровье,8.63850608715107,-1.870122208451526
2024-01,2276,Маркетплейсы,17.421750631911,-0.820457155592621
2024-01,2281,Здоровье,13.439170812478146,3.6671589046623203
2024-01,2293,Транспорт,18.427645057013482,2.1546452263463176
2024-01,2302,Продовольствие,9.73454270012764,-7.399694479887505
2024-01,2311,Здоровье,12.800923825217767,9.217527683573733
2024-01,2321,Продовольствие,9.036129898937197,-3.2545868390349044
2024-01,2329,Транспорт,18.60371336904716,-7.080513171002565
2024-01,2345,Продовольствие,11.495341421574508,-0.20609516591843963
2024-01,2349,Продовольствие,40.482643996060375,-5.328220022035769
2024-01,2361,Здоровье,18.016690046008886,-8.466866786639324
2024-01,2371,Общественное питание,6.715861324509954,6.255119273804428
2024-01,2375,Здоровье,16.36064172028619,-11.40320146091879
2024-01,2377,Здоровье,12.53222766676395,-8.336901412801712
2024-01,2381,Общественное питание,8.899409939357295,13.252217720204042
2024-01,2398,Здоровье,14.501686803828282,-7.751312161260925
2024-01,2403,Здоровье,19.609663095073042,-7.365953682101542
2024-01,2410,Общественное питание,10.342956315019562,12.499327752637779
2024-01,2424,Здоровье,8.398475240951727,-7.173938286942657
2024-01,2427,Здоровье,14.589226253956854,-7.457257355952301
2024-01,2431,Общественное питание,6.812897895384832,12.99930617232624
2024-01,2433,Все категории,6.935439577186912,7.273897494111515
2024-01,2440,Здоровье,7.857041475684122,-5.83525185944089
2024-01,2454,Общественное питание,8.151098629269894,13.622024562403427
2024-01,2455,Общественное питание,6.864353215526042,12.2345555500945
2024-01,2458,Все категории,16.21927027268444,7.797959021716399
2024-01,2479,Все категории,6.779377793818255,7.660971368309595
2024-01,2480,Здоровье,11.274522132190105,-10.330334223959577
2024-01,2484,Здоровье,7.9255379754604025,-4.76977075104934
2024-01,2486,Здоровье,16.834416633678885,-7.541161469016842
2024-01,2488,Здоровье,9.0350850904919,-8.196460131464931
2024-01,2491,Здоровье,17.480634642464096,-7.239326468726656
2024-01,2497,Здоровье,17.785703151723208,-11.617227856393221
2024-01,2502,Здоровье,11.04646255911802,-6.980969191408548
2024-01,2511,Здоровье,11.550762696788423,-7.419522054732445
2024-01,2514,Здоровье,13.82905643257573,-6.943155943109472
2024-01,2515,Здоровье,12.289207487896876,-8.386020086292474
2024-01,2526,Здоровье,8.172110813470745,-5.807116893523952
2024-01,2528,Здоровье,9.66136929212591,-8.248581578509508
2024-01,2531,Здоровье,20.733311853417153,-9.38755377396756
2024-01,2533,Здоровье,11.015055498179347,-6.10233991837886
2024-01,2537,Здоровье,12.629913755529214,-2.2934559032222617
2024-01,2538,Здоровье,14.17491639040455,-6.921631973707797
2024-01,2545,Здоровье,6.986344169683672,-6.883677008639802
2024-01,2546,Здоровье,17.00371732663456,-8.855336023505458
2024-01,2549,Здоровье,7.290348626823857,-5.5570990000402585
2024-01,2550,Здоровье,9.436087126862645,-6.0872691101228655
2024-01,2551,Здоровье,14.808629102316958,-7.862018407534194
2024-01,2556,Здоровье,21.349448016537327,-6.731379181017909
2024-01,2567,Здоровье,8.656219032638932,-6.6975062714186
2024-01,2568,Здоровье,24.24359208786194,-11.813972771776523
2024-01,2573,Здоровье,7.939240448626893,-6.145281449591122
2024-01,2574,Здоровье,15.124958408624396,-7.979760176295484
2024-01,2580,Здоровье,8.514346497308141,-6.7260152556657715
2024-01,2581,Здоровье,18.80867519433953,-7.639727825557819
2024-01,2593,Здоровье,80.61933555808918,-3.5322544313605366
2024-01,2604,Здоровье,16.945901935649918,-4.827938229328155
2024-01,2606,Маркетплейсы,9.332629926688483,7.746370595976527
2024-01,2646,Здоровье,7.338031192091944,-6.1397097360835104
2024-01,2649,Здоровье,24.70697680746917,-6.853327516428231
2024-01,2651,Здоровье,12.746621137953998,-6.118835890666155
2024-01,2652,Здоровье,10.557057176492355,-4.932871921859611
2024-01,2808,Здоровье,18.431480168391182,-4.823260031214316
2024-01,2813,Здоровье,16.16067001754212,-2.6821630634129328
2024-01,2814,Здоровье,25.347918185484325,-7.63191813424147
2024-01,2883,Здоровье,10.788002215825307,7.248205879839227
2024-01,3013,Здоровье,32.27117069319155,-5.8119038076240574
2024-02,12,Все категории,9.423631674722737,-4.325202460654407
2024-02,12,Маркетплейсы,10.023500344942954,-6.417264619731276
2024-02,13,Все категории,17.210653327778385,-5.133248073704486
2024-02,14,Продовольствие,15.9719034247891,-1.0590268281719477
2024-02,17,Все категории,14.163800012944188,-3.6750401838388362
2024-02,19,Все категории,19.441380716148828,-0.06519521706755924
2024-02,22,Транспорт,137.9814124168205,-58.93530286708563
2024-02,26,Общественное питание,12.484001862386053,4.4945832556157965
2024-02,28,Здоровье,8.536455489100277,7.231335133210207
2024-02,32,Здоровье,11.056984887251602,3.4899414820736334
2024-02,34,Все категории,32.2574349035121,-4.553088356816575
2024-02,36,Все категории,7.148349749033654,2.554960608748318
2024-02,39,Маркетплейсы,14.052478894789031,6.4906391158912635
2024-02,43,Транспорт,13.005783733501254,12.536421325206257
2024-02,51,Все категории,9.92926285368613,1.7716910849941576
2024-02,55,Общественное питание,9.343260379309228,8.392911161362363
2024-02,56,Все категории,11.733088112375665,1.1530276565874926
2024-02,56,Здоровье,35.37012472457664,3.357006127063241
2024-02,61,Здоровье,57.64578314371249,12.502929512185384
2024-02,70,Здоровье,6.774573611899266,-6.242528622141098
2024-02,71,Здоровье,48.576154240384,8.190864246674607
2024-02,74,Все категории,7.885598629468689,4.4597222684012925
2024-02,78,Здоровье,11.598364277126132,5.199757595386783
2024-02,82,Здоровье,10.865600450151362,0.24852001723139217
2024-02,185,Маркетплейсы,31.885689921509744,-4.735854141251984
2024-02,207,Все категории,10.23863783380879,2.649249980776104
2024-02,211,Все категории,11.696112817138875,-4.327055527777803
2024-02,212,Здоровье,18.475939054426114,-16.639904395301357
2024-02,214,Транспорт,13.119436769275394,-16.42881180286341
2024-02,218,Продовольствие,8.84056304928564,1.5307233669586298
2024-02,218,Транспорт,28.02935661927524,1.2529159479280665
2024-02,220,Транспорт,7.625043746793594,-9.328733146970652
2024-02,222,Общественное питание,8.404591942555742,-3.690258464153649
2024-02,225,Маркетплейсы,24.270199519424217,-4.7310197700397705
2024-02,227,Маркетплейсы,256.08169390506004,-9.771137112781448
2024-02,236,Маркетплейсы,14.18303776878348,-0.5249429728296535
2024-02,237,Здоровье,9.010383598029504,-2.9928683968074234
2024-02,241,Все категории,10.165183926949183,-0.08564454502799212
2024-02,271,Продовольствие,14.851007484002261,2.318075219163734
2024-02,276,Транспорт,49.05827368400201,9.280935183514552
2024-02,295,Маркетплейсы,18.76785581446772,5.555389423364481
2024-02,297,Общественное питание,22.327973574946107,-5.0712844178872745
2024-02,298,Здоровье,9.3601702775592,4.003624185548953
2024-02,298,Транспорт,8.954444946781276,-7.611278843857264
2024-02,302,Общественное питание,11.360362180151869,-2.5118346776023643
2024-02,320,Продовольствие,31.482397032388132,-11.334948735150032
2024-02,330,Общественное питание,7.04626896863219,3.2971219199745114
2024-02,336,Продовольствие,47.045109495690504,-7.745184441002673
2024-02,347,Все категории,11.136863182839232,-2.692024130990967
2024-02,348,Транспорт,10.515279620434207,-3.0986248374563963
2024-02,356,Транспорт,14.09531630500161,-6.204128557967307
2024-02,372,Общественное питание,12.00503050263913,-0.903089992970282
2024-02,375,Здоровье,18.763202000108425,-5.143025842331781
2024-02,378,Все категории,6.8773875626623315,-1.1229889688424282
2024-02,380,Все категории,23.240499586155472,0.21409268505698403
2024-02,381,Маркетплейсы,11.940257791426214,6.608494991384481
2024-02,382,Продовольствие,15.283498805626879,0.6577319621326956
2024-02,386,Продовольствие,34.784356223663345,-1.0706274687186783
2024-02,390,Маркетплейсы,15.789863923065955,4.29376516037399
2024-02,396,Все категории,7.87657697914321,3.017582265107958
2024-02,403,Продовольствие,49.79515454793254,2.9737865865110797
2024-02,404,Продовольствие,13.68017880909957,6.511159519138074
2024-02,405,Все категории,20.04426436922156,-1.4626607275123167
2024-02,414,Маркетплейсы,47.27147461014845,-15.244585368748302
2024-02,420,Здоровье,16.420690916560073,6.906640757209824
2024-02,425,Продовольствие,7.353298731220259,-0.2038777592205398
2024-02,428,Все категории,19.017113501321496,-0.8238933860345588
2024-02,434,Маркетплейсы,7.822493761995423,2.352880019560346
2024-02,458,Транспорт,29.360556948305767,13.952870004569128
2024-02,486,Транспорт,9.328480330755792,-8.078393447572648
2024-02,497,Общественное питание,22.86442618839917,-8.782446251891983
2024-02,506,Здоровье,17.001583496605,2.7153688836258856
2024-02,508,Здоровье,14.73914708189892,5.177220758607675
2024-02,510,Общественное питание,10.593539720181312,4.550900217597807
2024-02,512,Транспорт,8.793961728465183,-6.225058141865482
2024-02,516,Общественное питание,7.16425921667532,0.814819972935762
2024-02,524,Все категории,10.871596831533545,-4.907739406834326
2024-02,538,Все категории,10.9460400826259,-8.385675139737819
2024-02,541,Транспорт,8.780412118659951,-6.4605117645696195
2024-02,546,Продовольствие,7.87312821258498,-0.938667558870538
2024-02,548,Все категории,7.695664803403187,-6.13741497046295
2024-02,571,Все категории,22.988011742110974,-7.21882495486529
2024-02,586,Продовольствие,10.04421956203879,1.0986779754393392
2024-02,594,Маркетплейсы,9.955542976021562,9.022681184546466
2024-02,602,Продовольствие,11.899619218390606,-4.537154603820438
2024-02,602,Общественное питание,17.308894512295858,-9.821639099542816
2024-02,603,Маркетплейсы,20.55586006492697,1.7793013364165327
2024-02,618,Транспорт,25.349557817518505,-1.8817735916390352
2024-02,671,Продовольствие,8.97514137771695,3.875857876541178
2024-02,690,Общественное питание,20.848819111957578,4.05792847585491
2024-02,699,Общественное питание,16.40531026521322,-3.214485804162626
2024-02,702,Маркетплейсы,9.96571046529731,4.037075003647856
2024-02,706,Общественное питание,22.371998559290972,-0.9183841306953134
2024-02,708,Маркетплейсы,11.422476323919042,12.55139683599724
2024-02,708,Транспорт,49.19011386704444,9.186195331042002
2024-02,711,Транспорт,21.980583589390317,6.706343446279532
2024-02,719,Здоровье,15.44621890122434,6.79713331127271
2024-02,737,Здоровье,10.716325282428402,2.794374520181644
2024-02,741,Общественное питание,8.73380638992021,2.0437827811511067
2024-02,744,Транспорт,14.483743579659416,3.643696740845896
2024-02,746,Общественное питание,121.38134831819397,-2.8621461252229743
2024-02,753,Продовольствие,6.8309083970570486,-4.573976904358044
2024-02,770,Здоровье,23.244577755527914,6.48842412547002
2024-02,771,Все категории,19.613104070941727,-9.605144204920737
2024-02,779,Все категории,10.49263487776072,4.986612023654599
2024-02,782,Здоровье,20.640758144523154,-7.862205525068234
2024-02,783,Маркетплейсы,11.164748306382752,4.759781126669015
2024-02,791,Продовольствие,7.777246275487022,-2.1036858361267345
2024-02,792,Продовольствие,20.07855909550273,-6.481682998227766
2024-02,797,Маркетплейсы,11.590497375457993,7.454191494836613
2024-02,799,Маркетплейсы,13.390222410176186,8.026532913698876
2024-02,806,Транспорт,52.45669855249929,6.294168932336883
2024-02,824,Маркетплейсы,15.519521737968988,-0.17361617125441842
2024-02,829,Здоровье,8.118227233138597,0.6883207827871589
2024-02,831,Продовольствие,9.14824259863348,-2.1184358252520563
2024-02,835,Маркетплейсы,13.257673131497274,2.5819314161972313
2024-02,848,Маркетплейсы,30.255598560969872,16.992814626513706
2024-02,851,Маркетплейсы,6.909223309063378,7.074079819306414
2024-02,852,Все категории,19.27117544003663,-3.748409518682073
2024-02,873,Общественное питание,19.4257278185451,-15.950382972924565
2024-02,877,Продовольствие,16.594999203478498,-5.0503023393713145
2024-02,884,Все категории,9.020987415548644,-10.12262856771801
2024-02,895,Общественное питание,65.91859279584797,1.036165714097602
2024-02,899,Общественное питание,10.843756776091617,-10.030514384879039
2024-02,902,Здоровье,11.616878146947412,0.4110859780974842
2024-02,918,Маркетплейсы,6.927183014707151,2.0931851991740373
2024-02,923,Маркетплейсы,16.85916168504267,-2.33311387263169
2024-02,925,Общественное питание,10.767451807158254,-6.8157519735285055
2024-02,986,Здоровье,16.18476217439594,-1.8499586557332754
2024-02,991,Здоровье,8.174691816656901,-0.09193963188917109
2024-02,993,Продовольствие,7.106316731773106,3.2947254169408877
2024-02,998,Здоровье,18.25399879649097,4.502180234595127
2024-02,1021,Маркетплейсы,18.520297191537686,-1.802400994450592
2024-02,1024,Общественное питание,6.929290272140366,-7.727313834240205
2024-02,1036,Транспорт,21.358690105457793,5.974763576652066
2024-02,1037,Маркетплейсы,19.289549528845964,2.5262518762719433
2024-02,1040,Общественное питание,21.183189770740075,0.2395339234700411
2024-02,1044,Общественное питание,34.00991177082696,5.548409996898748
2024-02,1047,Здоровье,55.11193835691008,1.4520283565725611
2024-02,1059,Общественное питание,10.059093602668986,3.5335810334076636
2024-02,1059,Транспорт,11.910133697658328,2.5393794282437328
2024-02,1066,Транспорт,15.422626522010122,-8.23512155013412
2024-02,1070,Транспорт,19.907026839278288,-0.02762698511417061
2024-02,1110,Общественное питание,13.836437053243829,5.98189512879127
2024-02,1116,Общественное питание,21.90652462631136,15.909440227976813
2024-02,1124,Транспорт,20.29522536700707,-9.564954891968538
2024-02,1125,Общественное питание,12.782593077902469,1.2955709949818204
2024-02,1137,Маркетплейсы,7.367990712927821,3.4040654251982163
2024-02,1141,Общественное питание,16.322058296981623,3.444526895399232
2024-02,1143,Маркетплейсы,21.757994812661646,4.388402224121635
2024-02,1143,Общественное питание,12.408694102440643,2.062213540477991
2024-02,1146,Транспорт,30.353778079595784,-1.0138824868142624
2024-02,1153,Все категории,6.73712113895477,-1.6682037497721116
2024-02,1157,Общественное питание,8.317445918030566,-0.009611319547580877
2024-02,1161,Продовольствие,14.35862522982555,-4.405427799727458
2024-02,1166,Общественное питание,15.588490786604641,-2.0417556211964674
2024-02,1179,Продовольствие,12.295320256289838,-4.376822117378176
2024-02,1184,Здоровье,18.732557631872485,-4.336116118732519
2024-02,1212,Маркетплейсы,14.16229534860861,-6.411003350440922
2024-02,1212,Здоровье,11.164737610201136,-3.0808960307142796
2024-02,1225,Здоровье,9.118294019642931,-2.4505221377073387
2024-02,1226,Здоровье,43.14013696786474,2.9210162654238343
2024-02,1227,Маркетплейсы,28.31332631710702,1.3603809994848866
2024-02,1227,Здоровье,17.77516968234719,-5.213854303365761
2024-02,1228,Здоровье,18.556911214287876,-2.649160678677529
2024-02,1229,Общественное питание,6.701010075031718,8.733636564629423
2024-02,1230,Здоровье,39.519304003422796,-0.38195578776935624
2024-02,1234,Общественное питание,8.485435072863057,-4.605620008688223
2024-02,1244,Общественное питание,16.242106362665808,-17.298033154087562
2024-02,1246,Здоровье,20.772968906800145,4.4663701943775225
2024-02,1261,Все категории,13.191525455069257,2.8153177513448204
2024-02,1261,Здоровье,34.71524920238516,-3.132168252677731
2024-02,1266,Маркетплейсы,15.80312593506384,-11.013597556038526
2024-02,1270,Все категории,11.390897981883777,5.0032015354092705
2024-02,1270,Маркетплейсы,29.4235071128917,2.7219185428958577
2024-02,1274,Общественное питание,43.44221947971686,7.823387791392548
2024-02,1276,Продовольствие,8.307929983149315,-3.2559226001098973
2024-02,1279,Продовольствие,6.700611689994821,-0.6329646675820267
2024-02,1280,Здоровье,7.4481197321826516,2.8081807860697685
2024-02,1281,Продовольствие,13.826069575988646,-0.18880996394603455
2024-02,1286,Общественное питание,8.480159813801345,-5.111740017261706
2024-02,1288,Транспорт,7.641598277754317,-2.703874337864445
2024-02,1291,Все категории,17.512232784235493,0.5623241338211651
2024-02,1291,Транспорт,9.157910943569075,7.104047852340951
2024-02,1301,Транспорт,8.306093277602319,-9.423969716466804
2024-02,1303,Маркетплейсы,20.76130381271581,-4.347889966547799
2024-02,1311,Транспорт,27.996490684433024,-3.2055958452907416
2024-02,1315,Общественное питание,15.256115648540982,5.785230998764447
2024-02,1317,Все категории,10.664733247591716,0.19599264845585712
2024-02,1317,Общественное питание,9.576125215856427,-6.054226574392167
2024-02,1321,Все категории,8.53912866558685,6.083405052956768
2024-02,1325,Все категории,6.764480321641754,4.078367816266464
2024-02,1326,Продовольствие,6.8729682145588935,-5.236307787950636
2024-02,1328,Маркетплейсы,11.524385181026153,-9.650192232944308
2024-02,1328,Общественное питание,17.017735788594006,-13.851213797682796
2024-02,1333,Здоровье,20.90132387418074,2.4674486223245724
2024-02,1336,Все категории,8.283669609119862,-0.6791329163165635
2024-02,1337,Транспорт,15.428237335048424,-14.913043731855367
2024-02,1347,Общественное питание,89.31447398820505,-16.909655212624266
2024-02,1348,Здоровье,44.6687209204056,1.89933753308042
2024-02,1392,Продовольствие,9.26580226549775,1.5708741167049887
2024-02,1395,Здоровье,8.02876926202464,-4.875887877805282
2024-02,1396,Маркетплейсы,21.151005556762602,-12.203408008729022
2024-02,1397,Здоровье,14.969645569565744,-2.3308131963033665
2024-02,1400,Маркетплейсы,13.41305813741432,-12.99334313446806
2024-02,1404,Маркетплейсы,34.29216410462765,-13.877025900687121
2024-02,1410,Все категории,11.766320833636035,5.53384594336124
2024-02,1410,Маркетплейсы,12.988338832562285,8.84599795949456
2024-02,1410,Общественное питание,33.543936910991434,10.81581783770393
2024-02,1411,Все категории,37.11359785092377,11.546810531836018
2024-02,1411,Маркетплейсы,12.012909102879163,5.067278792077465
2024-02,1411,Общественное питание,34.99080773786744,11.05980569527624
2024-02,1419,Все категории,11.834909127256337,3.3188646890606393
2024-02,1420,Общественное питание,8.936586742501495,-5.746523683446606
2024-02,1423,Все категории,11.890262250740227,1.598191167320965
2024-02,1426,Все категории,11.538555064825037,5.706692578367265
2024-02,1438,Маркетплейсы,15.756485019108025,-3.038651093448146
2024-02,1439,Здоровье,11.981148887221392,-4.075512467287427
2024-02,1443,Здоровье,7.254736684755014,-3.606660850522269
2024-02,1444,Маркетплейсы,13.024397987587177,-6.064008302855693
2024-02,1444,Здоровье,15.264922330861555,-2.1138433543457564
2024-02,1447,Здоровье,8.679197996092501,-3.1663693482679873
2024-02,1448,Маркетплейсы,9.160166194151266,-6.53895894141709
2024-02,1461,Здоровье,6.899466511177251,-1.7574475144974422
2024-02,1463,Здоровье,18.389982572831215,-3.0141838226481035
2024-02,1465,Здоровье,8.88647774803487,-4.122822287624451
2024-02,1467,Здоровье,12.34056248907265,-5.222697206034191
2024-02,1468,Здоровье,18.50938323454769,-0.5774171160411116
2024-02,1472,Здоровье,23.350518755060158,-2.094809175869748
2024-02,1473,Общественное питание,17.960799728991415,10.744470135724036
2024-02,1483,Все категории,17.632253214590737,-8.027013731156394
2024-02,1489,Здоровье,48.782626970234425,-7.140481154006911
2024-02,1492,Здоровье,31.78698389371912,-1.452407922389847
2024-02,1495,Здоровье,12.470094381101786,1.396148857250463
2024-02,1496,Здоровье,8.717821555112403,-1.9755340856569301
2024-02,1501,Здоровье,9.806009542154264,-0.9702100014180918
2024-02,1526,Маркетплейсы,21.466143984789724,-4.423916454239217
2024-02,1537,Маркетплейсы,43.56489148889236,12.205855687853228
2024-02,1549,Продовольствие,12.20646793942845,-1.6073295624257005
2024-02,1558,Продовольствие,7.981475074447543,2.7963744675961006
2024-02,1559,Общественное питание,118.96553298706793,12.027279738342704
2024-02,1566,Общественное питание,7.589417768268986,-3.4176151167123416
2024-02,1570,Транспорт,7.505985520291485,13.29136069937904
2024-02,1575,Маркетплейсы,9.02176919573159,-5.003789251918855
2024-02,1582,Маркетплейсы,10.103649678801471,-1.5780578519531017
2024-02,1586,Маркетплейсы,7.18937323111341,-2.3105544230297577
2024-02,1610,Транспорт,26.916193924965913,1.547688723437377
2024-02,1614,Маркетплейсы,6.760425774229969,12.116816325900192
2024-02,1615,Здоровье,53.14279117613741,6.500614217729181
2024-02,1622,Общественное питание,13.692995942463574,-10.409310268553416
2024-02,1623,Общественное питание,7.836622542085048,-3.549989442258716
2024-02,1633,Маркетплейсы,29.662242865444412,11.4538467311135
2024-02,1638,Здоровье,7.49699568535104,1.050945952014306
2024-02,1638,Общественное питание,135.1639483790413,-3.0542430080974343
2024-02,1640,Общественное питание,200.8735700591253,2.4124184157015693
2024-02,1643,Маркетплейсы,8.285935944228637,3.0134020347610395
2024-02,1644,Здоровье,15.89557488328177,3.5648220944537345
2024-02,1645,Здоровье,12.864256019468572,0.761501751367859
2024-02,1649,Общественное питание,24.526644151154525,-2.9511478547443004
2024-02,1651,Продовольствие,6.957799949080473,-4.755750426310493
2024-02,1651,Транспорт,12.70875928365844,-0.9952865456999636
2024-02,1653,Маркетплейсы,29.812798613108914,7.771016419344646
2024-02,1657,Здоровье,52.15395679876702,4.368341199979671
2024-02,1659,Здоровье,7.364134747987386,3.3294637737396946
2024-02,1666,Здоровье,16.630480431568248,-3.6696809163769366
2024-02,1676,Транспорт,71.0561586746163,-20.03470328697933
2024-02,1678,Здоровье,7.446023908467697,2.2989444133181554
2024-02,1678,Транспорт,13.188713177360354,4.411556954719572
2024-02,1687,Общественное питание,10.264816285192484,-5.768105933477636
2024-02,1690,Транспорт,9.914212943067248,-3.285252540807142
2024-02,1693,Транспорт,41.035955427029464,0.9647254511249083
2024-02,1700,Маркетплейсы,7.121594054897549,6.612058819553859
2024-02,1707,Здоровье,13.618559872624663,-0.8150258228316172
2024-02,1710,Общественное питание,32.944981263489964,-10.586363948035292
2024-02,1732,Общественное питание,6.797434329538936,6.7676084066751825
2024-02,1750,Общественное питание,12.672301203654975,-1.0008500983558744
2024-02,1760,Продовольствие,25.614057199275088,-0.00489591905649478
2024-02,1764,Маркетплейсы,18.906180447498464,-4.845584742691995
2024-02,1775,Здоровье,22.093474651279962,-2.379034122944605
2024-02,1783,Маркетплейсы,16.34532263304798,-5.350312963273209
2024-02,1857,Транспорт,9.556951641652155,3.56808266146387
2024-02,1858,Общественное питание,31.86038005112619,-7.021133576943129
2024-02,1860,Транспорт,20.125057562582437,7.830294289966513
2024-02,1871,Все категории,18.44083557451626,4.575042082569196
2024-02,1894,Маркетплейсы,8.172486105515508,-3.3896336646204377
2024-02,1906,Общественное питание,19.809544059017625,6.8180919655216154
2024-02,1912,Все категории,11.056431018655196,1.3988492731441498
2024-02,1928,Транспорт,16.67880212745664,-8.883984705738895
2024-02,1948,Маркетплейсы,13.526713321944664,9.35486975552351
2024-02,1955,Общественное питание,23.722176851036867,11.330856286650453
2024-02,1956,Все категории,14.609670164190126,-19.776423094575605
2024-02,1956,Здоровье,111.86501104408774,-20.53525328531813
2024-02,1956,Общественное питание,27.187304902549073,-11.489041781517136
2024-02,1956,Транспорт,48.35907646973272,-6.118862720707761
2024-02,1957,Транспорт,27.988135780230984,5.801622760393709
2024-02,1959,Маркетплейсы,12.142947173155813,4.300085451363827
2024-02,1959,Общественное питание,27.694372964384165,-6.891787388577043
2024-02,1963,Продовольствие,6.910462176488446,-8.127682125788173
2024-02,1968,Все категории,14.019532084639579,-3.346563891276463
2024-02,1970,Маркетплейсы,13.474226984308238,-0.11901278587948495
2024-02,1977,Здоровье,12.749711612112769,-1.3131252138992953
2024-02,1985,Здоровье,6.828905760464723,3.537632515734343
2024-02,1991,Все категории,8.168899131490198,2.4975206428385026
2024-02,1991,Маркетплейсы,6.695308695949024,3.037840593986898
2024-02,1992,Транспорт,11.951579059559728,-0.42518030848125277
2024-02,1994,Маркетплейсы,21.613177077250935,0.7849652502950284
2024-02,1999,Общественное питание,26.954903176176206,-6.155161936201794
2024-02,2001,Все категории,8.140174077188432,1.9265263733572557
2024-02,2008,Маркетплейсы,8.906440137533604,3.72654175971788
2024-02,2028,Общественное питание,8.118430331490659,-4.278494128403924
2024-02,2030,Маркетплейсы,17.211809615756103,8.695662113426183
2024-02,2035,Маркетплейсы,21.88226824882372,5.315255995946224
2024-02,2036,Здоровье,64.0696182670771,12.222770807003199
2024-02,2036,Общественное питание,14.569667418072122,0.9901567559636414
2024-02,2037,Здоровье,11.762498072660138,0.5421079451065642
2024-02,2037,Транспорт,12.437433386335814,4.358546946376007
2024-02,2043,Общественное питание,6.978389452744627,-8.856753570896284
2024-02,2043,Транспорт,14.60386549530873,8.613459775659331
2024-02,2046,Все категории,12.39464516788492,-2.4751242548047996
2024-02,2058,Продовольствие,7.372818436250684,1.6111965846906042
2024-02,2067,Общественное питание,9.455182215933823,-2.1766106383716863
2024-02,2087,Маркетплейсы,29.448456606517468,0.9406876666062741
2024-02,2114,Здоровье,22.82958304758975,8.073065540665404
2024-02,2119,Маркетплейсы,10.150497525172987,-7.212209945297698
2024-02,2120,Общественное питание,11.908986502599113,-3.5421947920245476
2024-02,2122,Маркетплейсы,6.965416621994606,-7.958782208029617
2024-02,2129,Общественное питание,7.427630872661909,9.688387888536264
2024-02,2132,Транспорт,17.71461138463079,-1.827312127811403
2024-02,2156,Продовольствие,7.3007668277584585,-5.973304078024157
2024-02,2160,Маркетплейсы,26.426087727123203,9.812729605472313
2024-02,2171,Маркетплейсы,10.865258375536117,-4.617297669528899
2024-02,2176,Продовольствие,17.73246427058114,-2.4526168496627827
2024-02,2185,Маркетплейсы,11.595865040587878,1.8617615126106457
2024-02,2198,Продовольствие,7.67817378235106,-3.9444645681285504
2024-02,2199,Продовольствие,8.457385788312813,-6.206249652889931
2024-02,2204,Маркетплейсы,8.868288146710347,-6.503381974388449
2024-02,2204,Транспорт,17.25923084059231,-5.005882460870293
2024-02,2205,Продовольствие,9.44438349382319,0.02726931761896667
2024-02,2206,Продовольствие,20.295364083701404,-3.202537412930708
2024-02,2220,Здоровье,10.107229778810481,-4.932492737690221
2024-02,2222,Здоровье,12.323494322658116,-5.88727976736266
2024-02,2222,Общественное питание,18.638273964265952,-2.3868688294360982
2024-02,2229,Продовольствие,15.401152914535269,-3.9971767382025525
2024-02,2229,Общественное питание,21.623779728865784,-2.0834263529899792
2024-02,2233,Все категории,8.433603349503517,-3.5170668056467362
2024-02,2235,Здоровье,17.666852269379252,-1.6045872136230552
2024-02,2242,Маркетплейсы,26.054698477822708,-10.856954088987194
2024-02,2256,Общественное питание,10.11410028138966,3.3071570031064765
2024-02,2276,Маркетплейсы,28.59500437235252,1.443140768927692
2024-02,2281,Здоровье,13.697658783082243,2.061897860529357
2024-02,2292,Здоровье,6.677760758214329,1.0674484975931544
2024-02,2297,Транспорт,11.443722632962274,-13.075486783304468
2024-02,2299,Общественное питание,13.692849700187303,0.7251733154687221
2024-02,2311,Здоровье,8.619845944269425,3.648488083338015
2024-02,2333,Маркетплейсы,12.941756174208258,-8.73515458156409
2024-02,2335,Маркетплейсы,7.624847425390038,-0.9784042961895234
2024-02,2341,Здоровье,8.775842815259045,-7.1816466204672125
2024-02,2345,Продовольствие,10.2757229628238,-0.0349295360636899
2024-02,2349,Продовольствие,44.74038517754074,-3.709390975901564
2024-02,2354,Здоровье,7.906026053236587,-5.002365378585819
2024-02,2361,Здоровье,9.191091278340794,-4.386243384457046
2024-02,2362,Маркетплейсы,20.986814208225557,-4.069753351256674
2024-02,2362,Здоровье,14.999563612358108,-8.36803554078181
2024-02,2375,Здоровье,11.659693062810511,-7.6585506686321185
2024-02,2377,Здоровье,9.096530098265204,-6.022468220978666
2024-02,2398,Здоровье,9.537220664163504,-4.39139650653097
2024-02,2402,Маркетплейсы,6.8074416617033275,-0.9689127528889412
2024-02,2403,Маркетплейсы,10.430162710628766,-3.6999965344942387
2024-02,2403,Здоровье,10.37084627893485,-4.386752719021888
2024-02,2410,Общественное питание,7.513318490241966,2.445251802323572
2024-02,2412,Маркетплейсы,12.592561549535404,-7.44397227147622
2024-02,2416,Маркетплейсы,28.47210245721111,-8.421870944456597
2024-02,2439,Маркетплейсы,15.042672933023125,1.7400561415897875
2024-02,2445,Маркетплейсы,13.680523435711814,-5.579805528237555
2024-02,2456,Маркетплейсы,10.299482891137645,-3.0651853227400636
2024-02,2458,Все категории,14.645761170143263,-0.5106403356857954
2024-02,2464,Маркетплейсы,12.851952658964557,-5.750942301168035
2024-02,2466,Маркетплейсы,8.623290397052227,-4.0484275760133634
2024-02,2470,Маркетплейсы,10.752170340165977,-5.161587267857707
2024-02,2484,Здоровье,7.238288541963121,-2.516461127888235
2024-02,2485,Маркетплейсы,23.72209653141422,-6.376354381024441
2024-02,2488,Маркетплейсы,21.186470522730197,-5.9803447451813385
2024-02,2491,Здоровье,12.319128722505456,-3.111699028058939
2024-02,2496,Маркетплейсы,23.323305809359912,-4.402347811959062
2024-02,2497,Здоровье,13.36525621581991,-6.121151536421083
2024-02,2500,Маркетплейсы,8.541062965550223,-4.101770198475089
2024-02,2501,Маркетплейсы,45.562168556599694,-7.58167527226992
2024-02,2502,Здоровье,8.666803338538802,-3.4550688597135064
2024-02,2507,Маркетплейсы,13.691836946954838,-4.473961669192833
2024-02,2511,Здоровье,7.197801860446859,-4.408877161108137
2024-02,2514,Здоровье,10.848477303724527,-5.524899868699163
2024-02,2515,Здоровье,8.062969898252874,-3.2324202224643424
2024-02,2516,Маркетплейсы,7.160559488693051,-4.036298523238286
2024-02,2516,Здоровье,6.831925462333703,-5.862237048453148
2024-02,2528,Здоровье,8.945871676494436,-6.71803767439064
2024-02,2531,Здоровье,12.269998682065387,-4.81998464899284
2024-02,2533,Здоровье,8.293777088096311,-3.9890822740537946
2024-02,2537,Здоровье,11.844452666974417,-3.2095603511443227
2024-02,2538,Маркетплейсы,9.18151471647138,-4.5455048227732835
2024-02,2538,Здоровье,12.772509783560082,-6.106735702807557
2024-02,2545,Здоровье,10.134959388084358,-6.245896463760344
2024-02,2546,Здоровье,11.32791230503256,-2.95118722547375
2024-02,2549,Здоровье,8.077635211116142,-3.934072216811444
2024-02,2551,Здоровье,13.142476459039159,-5.221114538823896
2024-02,2555,Маркетплейсы,15.524908982232631,-4.2079657342785115
2024-02,2556,Здоровье,12.298356099055226,-1.9883072825975898
2024-02,2559,Маркетплейсы,10.344973557375774,-4.851452611615514
2024-02,2563,Маркетплейсы,41.22990440438986,-11.028759903454016
2024-02,2568,Здоровье,21.571572145393176,-8.689787641953917
2024-02,2574,Здоровье,9.151878655568657,-6.194090901359725
2024-02,2581,Здоровье,13.765593469002622,-4.804764799044738
2024-02,2582,Маркетплейсы,8.316324206296661,-4.495600833951561
2024-02,2585,Маркетплейсы,13.482897597637844,-4.870427606082895
2024-02,2588,Маркетплейсы,16.962355800797564,-7.918521945226948
2024-02,2589,Маркетплейсы,27.05391588274369,-8.250675515986376
2024-02,2590,Маркетплейсы,7.576033140887609,-5.527605550431805
2024-02,2592,Маркетплейсы,10.023439640513182,-6.335311329273174
2024-02,2593,Здоровье,75.74193009362696,7.403943781911568
2024-02,2600,Маркетплейсы,8.444923668963405,-2.6667931967220815
2024-02,2601,Здоровье,11.273955011686514,-9.184470303856758
2024-02,2602,Здоровье,15.205146432847359,-3.3142611621845175
2024-02,2604,Здоровье,18.677353240795693,-4.241371359212164
2024-02,2605,Маркетплейсы,9.942725741378522,-5.917395013965483
2024-02,2606,Маркетплейсы,55.493679849289904,-7.159196054890143
2024-02,2649,Здоровье,18.400396516352387,-3.0882405244637914
2024-02,2652,Здоровье,7.464082974032086,-1.556228809014632
2024-02,2808,Здоровье,22.067597604351786,-2.6446194299654104
2024-02,2813,Здоровье,19.686077734994424,-3.254223321813686
2024-02,2814,Здоровье,15.028875896506301,-3.3652491211976416
2024-02,2883,Здоровье,22.325968016553006,6.134523738032597
2024-02,3013,Здоровье,28.376013432993513,-2.1497093643941367
2024-03,3,Транспорт,8.23573352039959,-0.28856205104976834
2024-03,19,Все категории,13.292700995478596,-1.1420340501359683
2024-03,26,Общественное питание,11.063822155836917,0.46053619343592134
2024-03,33,Общественное питание,9.972064125890334,4.123644844012601
2024-03,44,Общественное питание,7.057275886751332,3.0093724485376216
2024-03,55,Общественное питание,24.551345103372686,5.213787506433142
2024-03,77,Общественное питание,8.384774636394837,2.2906315229344436
2024-03,78,Здоровье,8.513661723569305,1.3929349003658928
2024-03,82,Здоровье,7.5541850181566215,3.216849565705388
2024-03,167,Общественное питание,13.937425305025037,-7.066274814757728
2024-03,185,Маркетплейсы,17.150987121205503,-2.4060449715121335
2024-03,194,Общественное питание,8.586704167603488,-3.889374698675102
2024-03,204,Продовольствие,9.169673253092004,6.378462794049607
2024-03,204,Маркетплейсы,7.247319199625546,1.783501956030962
2024-03,212,Здоровье,42.74382377724494,-5.103135588362622
2024-03,218,Транспорт,17.386955383360796,4.523607541382119
2024-03,222,Общественное питание,10.023973141247188,-4.529309646823092
2024-03,276,Транспорт,67.05332390536013,-6.759751670247151
2024-03,297,Общественное питание,17.355771909675262,-0.4321962620696116
2024-03,298,Общественное питание,7.957395025207133,-9.081089367080496
2024-03,298,Транспорт,10.478498525287444,-5.794831057966277
2024-03,306,Продовольствие,17.413097984075428,-11.003101121407065
2024-03,327,Общественное питание,7.140494083837256,-0.6583445752658744
2024-03,332,Все категории,16.09998674233089,-10.669576626776545
2024-03,341,Транспорт,7.0911781615516025,5.966683194363936
2024-03,351,Общественное питание,7.3819484045473045,-5.8134791922833635
2024-03,359,Маркетплейсы,16.07344914315729,6.236983920495387
2024-03,361,Общественное питание,11.83721155999779,-4.974359758367614
2024-03,372,Общественное питание,22.548856101420505,-4.069871470966947
2024-03,376,Все категории,8.144825252669392,1.6574250831985746
2024-03,380,Все категории,11.933563633359103,2.9092642345848483
2024-03,403,Продовольствие,40.00617808778732,0.17610505514049052
2024-03,404,Продовольствие,12.677867018175911,3.150212781813502
2024-03,410,Общественное питание,45.40932899738684,17.222867546072376
2024-03,424,Продовольствие,8.625364718692987,5.447945201915813
2024-03,434,Маркетплейсы,33.499560983173915,7.235399979329452
2024-03,435,Продовольствие,27.659026337621064,4.775316788818493
2024-03,453,Транспорт,29.678114198701042,-6.431662184291602
2024-03,458,Транспорт,24.854347652802602,1.385206884864787
2024-03,480,Транспорт,19.489644572920852,-2.894257233686071
2024-03,497,Общественное питание,21.863291131817363,-6.365087585646607
2024-03,508,Здоровье,17.72347660944895,-0.389897574326449
2024-03,516,Общественное питание,7.181283755837942,-1.6547572465616758
2024-03,517,Маркетплейсы,56.21863950130744,7.036723888807874
2024-03,517,Общественное питание,13.350661429183418,-3.4580729453340946
2024-03,547,Здоровье,20.650620014702536,-6.208119633977919
2024-03,580,Транспорт,57.1385894044027,13.886790810871354
2024-03,582,Продовольствие,7.780407662981777,-5.496876250968368
2024-03,671,Продовольствие,12.27062888054799,4.078061507492509
2024-03,678,Общественное питание,20.724559240937822,-4.7843925156531215
2024-03,690,Общественное питание,50.170336084391685,7.850468168813009
2024-03,693,Транспорт,27.846894348818793,8.738590081504329
2024-03,698,Общественное питание,6.772628718190057,2.429449437044072
2024-03,699,Общественное питание,18.56592758905391,-2.1912221687954996
2024-03,702,Маркетплейсы,9.26034788997199,8.575800160347049
2024-03,706,Общественное питание,31.521621842636662,-1.2587998968986465
2024-03,708,Транспорт,30.333182848724974,7.7391564813019675
2024-03,711,Транспорт,18.689028427431488,3.232544623603056
2024-03,716,Здоровье,9.303130500926398,3.3495008856928568
2024-03,736,Общественное питание,12.050444662244093,5.752283768893459
2024-03,739,Общественное питание,15.865465060095657,8.806523000447969
2024-03,741,Маркетплейсы,9.809354172001813,-2.589038553362723
2024-03,741,Общественное питание,7.557873685407678,-4.970321782057329
2024-03,764,Общественное питание,8.001680261321777,-5.343840970056967
2024-03,770,Здоровье,10.303619662037253,-0.01085712639006653
2024-03,792,Продовольствие,14.890210452118533,-1.0725365137263099
2024-03,797,Маркетплейсы,7.883476056409133,3.99748175995943
2024-03,806,Транспорт,23.528283407057778,3.5599722908805296
2024-03,824,Маркетплейсы,21.307654859776772,-0.3775454219694348
2024-03,829,Общественное питание,22.778781011046306,-10.526435322519006
2024-03,835,Маркетплейсы,56.32646676627437,-4.796085778429302
2024-03,852,Все категории,16.20442500028883,-5.080782954160629
2024-03,854,Общественное питание,12.386161480794133,-7.418302839957733
2024-03,879,Транспорт,10.980094339385802,6.991997945010118
2024-03,883,Здоровье,35.33812337519693,-1.8485736032964346
2024-03,895,Общественное питание,8.346874584822984,4.169476686151693
2024-03,904,Все категории,6.766595960402781,-0.9519811439578492
2024-03,907,Маркетплейсы,7.717054078769403,4.257592763363679
2024-03,918,Маркетплейсы,7.025600886125907,1.6808713418117511
2024-03,925,Общественное питание,9.30191437544068,-5.72787977379576
2024-03,998,Здоровье,7.962693298176048,6.707196819495773
2024-03,1003,Общественное питание,10.5519820646558,-8.286075605819526
2024-03,1021,Маркетплейсы,7.257620792455948,0.17779191949472128
2024-03,1021,Общественное питание,65.85602381388642,-15.649338540937112
2024-03,1037,Все категории,9.697620356474571,-1.9747010178301263
2024-03,1044,Общественное питание,60.263753236615095,8.086197018848202
2024-03,1047,Здоровье,29.775759283241687,-7.7282593732826115
2024-03,1052,Все категории,9.66922238017502,1.1826090331191401
2024-03,1055,Общественное питание,10.769758123692794,-3.821649443694863
2024-03,1059,Общественное питание,116.48445208545182,17.63892110464335
2024-03,1059,Транспорт,7.439182482853238,-2.9288794012068644
2024-03,1070,Транспорт,22.221185538729646,-10.476585367016781
2024-03,1115,Общественное питание,7.025669916036477,-2.5448183026364117
2024-03,1116,Общественное питание,20.048673503166505,4.982851828477284
2024-03,1124,Транспорт,8.538887291922718,-15.981291192184257
2024-03,1127,Общественное питание,9.310781834807207,3.316781052611897
2024-03,1143,Маркетплейсы,22.82528777688071,1.5214983941499045
2024-03,1143,Общественное питание,8.702856194362642,1.2853007676551336
2024-03,1146,Транспорт,19.83882005345582,0.6344571394181429
2024-03,1152,Транспорт,12.90042565277698,5.689431071185325
2024-03,1159,Здоровье,10.336537369609287,0.952608333324967
2024-03,1179,Все категории,14.020151462640044,-2.5226041334873504
2024-03,1179,Продовольствие,12.81508213149164,-5.5293539477883655
2024-03,1179,Транспорт,55.29265129874549,-7.835551272188353
2024-03,1184,Здоровье,80.26399474064446,-19.019408411601923
2024-03,1184,Транспорт,17.231318732155497,-5.120769663946325
2024-03,1190,Все категории,8.306637477366232,-2.473262616497187
2024-03,1190,Общественное питание,14.558134636596039,-3.5903317818766296
2024-03,1206,Общественное питание,7.739716857877307,-4.4327163256437965
2024-03,1212,Все категории,11.02044625497777,0.8282150236051915
2024-03,1212,Здоровье,12.488402153926435,-1.5329499475025719
2024-03,1228,Здоровье,9.807869241729174,-4.493206490506543
2024-03,1261,Здоровье,43.055174354640684,-2.7487944443863013
2024-03,1264,Здоровье,7.9560876442764545,1.8240188064648506
2024-03,1266,Маркетплейсы,8.652305273702419,-2.6403303882114906
2024-03,1270,Маркетплейсы,9.734135802426835,5.457874826820904
2024-03,1271,Общественное питание,8.140554265698771,4.221549604787761
2024-03,1274,Общественное питание,73.41951174466566,9.701038248136141
2024-03,1282,Здоровье,16.73593772555865,4.519558382672186
2024-03,1287,Здоровье,18.75562610473978,-5.8511434395225095
2024-03,1291,Транспорт,9.758247490529541,5.296051491791585
2024-03,1303,Маркетплейсы,8.654160948146018,-0.833859952868117
2024-03,1311,Транспорт,9.49713929934664,-3.2967713099108265
2024-03,1315,Общественное питание,10.531674209175645,6.182152995394993
2024-03,1328,Общественное питание,17.47233883761806,-4.2197856711638
2024-03,1329,Все категории,9.116621851127128,-3.402247826015796
2024-03,1338,Маркетплейсы,10.830525682832244,5.47845144678992
2024-03,1347,Общественное питание,262.81443737760463,17.755420221105663
2024-03,1348,Здоровье,39.569008460249975,0.32975584675018493
2024-03,1350,Общественное питание,10.563743695439067,-4.831328919947917
2024-03,1396,Маркетплейсы,23.674030473395387,-13.208477591324236
2024-03,1430,Транспорт,22.96624059777265,5.268392413470264
2024-03,1438,Маркетплейсы,15.994790150508425,-1.1293773378714473
2024-03,1438,Общественное питание,19.433850405677628,-7.13066855303258
2024-03,1444,Здоровье,15.919069247021874,2.8410762867699084
2024-03,1468,Здоровье,12.495571837098584,2.6333768248734226
2024-03,1472,Здоровье,17.443568145660755,-0.02351817059695692
2024-03,1492,Здоровье,10.349643771459634,3.423748368524128
2024-03,1495,Здоровье,8.981329306543877,1.5393557424554911
2024-03,1504,Общественное питание,20.772362963231327,-5.755958658397257
2024-03,1532,Транспорт,9.704093699393022,-5.529503079564013
2024-03,1537,Маркетплейсы,8.556055024921626,10.119453609513082
2024-03,1559,Общественное питание,97.2372914116164,-6.465619130839375
2024-03,1566,Общественное питание,17.060506605868213,-4.740665395011389
2024-03,1570,Транспорт,44.153132929955255,-2.7375156980506357
2024-03,1571,Транспорт,12.552168523928271,-3.7211615062427015
2024-03,1582,Маркетплейсы,16.42542726706691,-4.878002294772168
2024-03,1582,Здоровье,15.388945176873603,6.21888156268309
2024-03,1608,Общественное питание,23.007345740078218,18.187142751217095
2024-03,1610,Общественное питание,16.006599093969964,8.564276755027628
2024-03,1615,Здоровье,12.184437738555136,2.8552374883631337
2024-03,1622,Общественное питание,49.00792484368773,-2.472741379875175
2024-03,1623,Здоровье,7.535903464819125,-1.1885177753396514
2024-03,1623,Общественное питание,15.434666745588245,5.457706821897261
2024-03,1630,Общественное питание,7.330175005990612,4.67363497374479
2024-03,1633,Маркетплейсы,22.478166085952164,3.1273533297060654
2024-03,1638,Общественное питание,41.61896955452549,-3.939805650808214
2024-03,1640,Общественное питание,154.26376518349593,6.297930972043085
2024-03,1649,Общественное питание,55.4848932960001,13.573971265263275
2024-03,1657,Все категории,15.988443996475473,2.750025507057078
2024-03,1657,Здоровье,6.857830905648515,6.3632838886499545
2024-03,1659,Транспорт,8.55762846202087,-0.9897749611588658
2024-03,1665,Общественное питание,7.572041100288071,-1.8234869072095412
2024-03,1666,Здоровье,112.89185225816458,16.148342997470262
2024-03,1667,Общественное питание,20.2225131347031,-3.8713031364597126
2024-03,1674,Общественное питание,13.491394235377888,-7.721667156728747
2024-03,1678,Транспорт,11.405021746708229,1.1217189410019694
2024-03,1686,Здоровье,14.090130408045145,-5.637425022549985
2024-03,1690,Транспорт,7.558689986441865,-3.478538014114076
2024-03,1699,Общественное питание,13.224587284481096,2.5009431597030303
2024-03,1710,Общественное питание,10.521733398748047,-12.136312311978537
2024-03,1714,Все категории,12.925627099160351,6.705406613375535
2024-03,1732,Все категории,28.768050342478137,16.086309661802055
2024-03,1732,Продовольствие,8.861858041154463,1.6685965070609212
2024-03,1732,Общественное питание,8.82002832904393,7.768825930667804
2024-03,1744,Общественное питание,11.023722505944978,11.315934810884032
2024-03,1750,Общественное питание,9.405364178588837,-3.207398710939111
2024-03,1760,Продовольствие,16.11430316783578,10.222660158945299
2024-03,1860,Транспорт,12.040705614193344,0.10619172889312822
2024-03,1868,Транспорт,9.191475349198987,-6.373306204547765
2024-03,1871,Все категории,23.742554630375547,4.7119069424688345
2024-03,1879,Общественное питание,8.573742319604388,-0.8156808611951598
2024-03,1887,Общественное питание,8.901213522236253,-6.1848460920309485
2024-03,1896,Все категории,10.461298577455416,6.599161768027829
2024-03,1898,Здоровье,8.23276748346866,-5.35062349250494
2024-03,1898,Общественное питание,9.921683257846032,-11.225653554146882
2024-03,1902,Маркетплейсы,11.84506940259458,6.92236170886773
2024-03,1908,Здоровье,7.319672871709787,6.135077373000034
2024-03,1941,Маркетплейсы,6.6673493419359895,-5.425141899437786
2024-03,1942,Все категории,8.574744654966192,-2.8202403464008263
2024-03,1945,Все категории,17.215341125466942,-1.3022266359030028
2024-03,1948,Маркетплейсы,14.242622013998814,0.20445728111754713
2024-03,1955,Общественное питание,19.737990374872957,5.420451774012916
2024-03,1956,Здоровье,23.550997813669003,-27.5254522637848
2024-03,1956,Транспорт,40.90635994943123,-15.131265718683284
2024-03,1957,Транспорт,24.068986820729005,-1.7965592518855933
2024-03,1959,Маркетплейсы,14.36653993194865,3.4670868264191177
2024-03,1981,Общественное питание,13.349143603152774,-4.591941156983432
2024-03,1992,Транспорт,24.117634175809783,-9.289009711918162
2024-03,1994,Маркетплейсы,31.32252701968112,-2.610623800013924
2024-03,2008,Маркетплейсы,13.77634842266459,2.8273015185429187
2024-03,2018,Маркетплейсы,19.733747970309444,6.197899170465652
2024-03,2019,Общественное питание,6.731751725570868,3.3850343797657994
2024-03,2023,Маркетплейсы,8.138785654642414,-9.11454968429429
2024-03,2035,Маркетплейсы,6.980063275161477,7.3877864692602575
2024-03,2036,Общественное питание,20.663733458169734,5.463145549867853
2024-03,2037,Здоровье,9.2919068659241,-2.3968051787858604
2024-03,2037,Транспорт,11.688416112164031,-3.1604835317713724
2024-03,2043,Транспорт,10.423136178393465,-0.43846160300948256
2024-03,2045,Общественное питание,17.93378838544511,6.571363471492203
2024-03,2046,Все категории,15.37765364365608,-1.2418144791645567
2024-03,2050,Общественное питание,8.330750791130182,8.08805026600762
2024-03,2051,Транспорт,8.53924973708139,-0.8770674395100944
2024-03,2054,Общественное питание,11.810723523945983,5.661646536443119
2024-03,2077,Здоровье,8.847659678778012,-4.402513698063974
2024-03,2081,Общественное питание,10.7946469810566,-6.667831002099229
2024-03,2087,Маркетплейсы,38.46037335067288,0.0892401573286441
2024-03,2090,Транспорт,7.231604145803055,4.238269873197325
2024-03,2114,Здоровье,7.1245597205574525,5.372306262412815
2024-03,2119,Маркетплейсы,8.859552590893243,-4.701969053528781
2024-03,2120,Общественное питание,18.23960147074942,-4.668143553563778
2024-03,2127,Здоровье,10.727917884126057,-2.4628553975712757
2024-03,2130,Транспорт,12.647535674909117,-7.193564805985147
2024-03,2132,Транспорт,15.076547370265244,-9.246266931342294
2024-03,2136,Все категории,7.713301914557256,-6.1460465329758325
2024-03,2137,Маркетплейсы,12.029869530364142,-12.988115381739082
2024-03,2171,Все категории,51.770687515467685,-6.151756802395745
2024-03,2173,Все категории,8.268094538907103,-1.8997665107463202
2024-03,2185,Маркетплейсы,16.95160130794302,0.8616953441368558
2024-03,2204,Маркетплейсы,8.120191605014027,-3.8654175679005043
2024-03,2204,Транспорт,19.094375356519908,-2.4170540260867286
2024-03,2216,Маркетплейсы,15.92871507605788,-5.273373016690576
2024-03,2222,Здоровье,11.986526558473019,0.8775932202589094
2024-03,2222,Общественное питание,26.289955647687364,-3.7024925196803595
2024-03,2256,Общественное питание,23.790226131260397,5.823687635973431
2024-03,2270,Здоровье,7.22091588711207,4.939482929620234
2024-03,2299,Общественное питание,89.63887563076878,-19.020229008362573
2024-03,2321,Продовольствие,11.47011402804584,1.9150416995868345
2024-03,2333,Маркетплейсы,6.79878820103439,-4.269953537305833
2024-03,2341,Транспорт,10.180240633308738,-4.423106206426832
2024-03,2355,Продовольствие,7.206454952088424,-0.4825100507017319
2024-03,2362,Маркетплейсы,8.17119719592339,-0.04693134163959646
2024-03,2362,Здоровье,12.249996918093307,1.4910536281755107
2024-03,2375,Здоровье,7.756602534658347,-1.5390950541291453
2024-03,2377,Здоровье,8.457692096623225,-0.1841259624497904
2024-03,2402,Маркетплейсы,8.750738741433356,-1.7316045698151166
2024-03,2403,Здоровье,17.573388903314754,2.2988198586912327
2024-03,2410,Общественное питание,9.732003759968183,3.827516220738312
2024-03,2412,Маркетплейсы,11.28132474508222,-6.877237541612573
2024-03,2416,Маркетплейсы,29.34895837660022,-8.083383392429925
2024-03,2439,Маркетплейсы,31.95552031711767,-0.10372917748416499
2024-03,2458,Все категории,9.040647554891713,0.569381056281375
2024-03,2470,Маркетплейсы,10.243311896908303,-4.937376589803876
2024-03,2480,Маркетплейсы,6.704866010080658,-3.7390933567560403
2024-03,2485,Маркетплейсы,14.63062881532271,-2.9480352222871335
2024-03,2486,Здоровье,6.787499833124655,-0.07987850534743002
2024-03,2488,Маркетплейсы,20.92527133546325,-5.148802034296317
2024-03,2488,Здоровье,8.220647223320535,0.40569310916979817
2024-03,2490,Общественное питание,6.667121460717165,-0.36573271543749897
2024-03,2496,Маркетплейсы,11.577928950193275,-0.4675020337258859
2024-03,2497,Здоровье,25.576478290656375,1.83003237428096
2024-03,2497,Общественное питание,7.776932675483926,-1.3926239993300982
2024-03,2506,Здоровье,8.920325715214439,3.0533078959604136
2024-03,2507,Маркетплейсы,8.478283216776035,-2.4190090169884777
2024-03,2514,Здоровье,15.293215848593768,1.7470723393369612
2024-03,2516,Здоровье,21.235816668150004,3.2911879619181934
2024-03,2531,Здоровье,13.57627980167962,0.9082177706877762
2024-03,2533,Здоровье,12.108263591748468,2.035633954873483
2024-03,2537,Здоровье,21.544875278880816,6.3118250578534045
2024-03,2538,Маркетплейсы,13.016416950800897,-3.9652001472834595
2024-03,2538,Здоровье,12.994661448935064,1.1140666444004328
2024-03,2545,Здоровье,12.41263425639903,1.40435245628626
2024-03,2546,Здоровье,22.231860095463656,3.975152533961448
2024-03,2550,Здоровье,7.174531950774436,2.2464614864399706
2024-03,2551,Здоровье,14.023554546453553,1.08198527893194
2024-03,2556,Здоровье,12.154614351448195,1.8916652651785224
2024-03,2559,Маркетплейсы,10.562738902118756,-4.081780092535654
2024-03,2563,Маркетплейсы,25.47745679990578,-8.271905657368231
2024-03,2568,Здоровье,9.302430443791469,-2.389000432127964
2024-03,2574,Здоровье,45.140066292961976,5.581330334319452
2024-03,2581,Здоровье,25.595311076822405,3.2338160057550454
2024-03,2593,Здоровье,31.257701877534906,5.5472754802948625
2024-03,2600,Маркетплейсы,7.611646886598412,-1.164452078951732
2024-03,2601,Продовольствие,7.886490077556218,-5.944328793921651
2024-03,2604,Здоровье,7.127590946752508,0.990221969225439
2024-03,2606,Маркетплейсы,67.95118168303063,-8.640777037406695
2024-03,2649,Здоровье,10.574746026496886,1.4279007690216166
2024-03,2710,Транспорт,7.821302250107607,1.2353880664441843
2024-03,2813,Здоровье,7.886800454863652,2.279210085125214
2024-03,2876,Все категории,8.650310160397938,-0.4616756797222754
2024-03,3013,Здоровье,15.051197262090207,3.5891375167763386
2024-04,3,Транспорт,11.801998498715697,-0.6839344893170527
2024-04,22,Здоровье,19.691023155069193,4.036607573356554
2024-04,22,Транспорт,83.08505578494935,-29.941651679397406
2024-04,31,Маркетплейсы,17.952261372284443,2.05126115129169
2024-04,31,Общественное питание,11.009278991468307,-7.059205883276819
2024-04,32,Здоровье,19.51127438891715,-4.563653168316135
2024-04,33,Общественное питание,13.95083868953035,4.884537611749243
2024-04,39,Маркетплейсы,6.970375977887138,0.12534046360015277
2024-04,44,Общественное питание,7.974937988638598,0.28664495822768676
2024-04,55,Здоровье,10.636589667351348,-5.270767323693253
2024-04,55,Общественное питание,6.655850643628458,-1.7345238399731018
2024-04,61,Здоровье,53.878382133919665,-2.560580926365139
2024-04,167,Общественное питание,11.975131804383112,2.409935841399216
2024-04,184,Общественное питание,8.921815130822472,0.5414259789866904
2024-04,198,Маркетплейсы,29.931633027546066,-6.080774089261964
2024-04,212,Общественное питание,7.975296074494873,2.3620319386707638
2024-04,223,Маркетплейсы,7.299924235443581,-1.3592082442130362
2024-04,276,Транспорт,49.693549112417045,3.25489380634919
2024-04,285,Транспорт,17.65395208292797,5.591033376111578
2024-04,287,Общественное питание,7.940509810179104,-7.271864253277863
2024-04,295,Маркетплейсы,14.558780181380325,1.5489204238160572
2024-04,297,Общественное питание,8.95065261396406,2.6049764425466027
2024-04,306,Продовольствие,12.630037272062214,-6.590728590527886
2024-04,320,Продовольствие,6.874528884719229,-4.25921018819076
2024-04,329,Транспорт,8.564189253982299,-2.107936273352574
2024-04,332,Все категории,8.485312378905599,-11.570563646298222
2024-04,336,Продовольствие,7.528079025008991,-1.248735477066945
2024-04,354,Здоровье,15.742477202788839,3.4186164610696936
2024-04,365,Маркетплейсы,11.673885698162767,13.726254839735283
2024-04,376,Все категории,20.33948416282977,-7.107018224309449
2024-04,392,Транспорт,15.969768205853315,5.708539715665968
2024-04,395,Здоровье,8.282869365511417,4.975064202717015
2024-04,405,Транспорт,16.51328111395539,2.1628023757353425
2024-04,410,Общественное питание,37.48188834626674,15.916754595099745
2024-04,414,Маркетплейсы,11.792805807487335,-3.992789140579194
2024-04,423,Все категории,9.392880572588988,8.250806838526087
2024-04,435,Продовольствие,6.860822134050843,4.454792614281532
2024-04,437,Все категории,12.04506709924349,3.9912192881962167
2024-04,452,Транспорт,11.461308484938765,0.06544381569733643
2024-04,453,Транспорт,21.8180205180621,-7.409345194070205
2024-04,458,Транспорт,57.47956638406255,-2.697416302907122
2024-04,480,Транспорт,10.206945803197522,-0.841319430935546
2024-04,496,Здоровье,7.243686512914183,4.393435083221975
2024-04,508,Здоровье,14.179960142461068,9.240569324868488
2024-04,517,Маркетплейсы,37.16471395750048,14.209961488380104
2024-04,517,Общественное питание,12.756639070270197,-2.639347090620936
2024-04,523,Транспорт,10.975695355817152,1.6296515320155884
2024-04,540,Все категории,17.32250197611149,1.554499978669371
2024-04,541,Транспорт,10.026552843762703,-0.23264936059206454
2024-04,544,Здоровье,18.074783274116726,-2.2531376426653007
2024-04,548,Все категории,10.979119847807096,2.593345762954157
2024-04,559,Транспорт,7.831984970502526,-1.5744623988112458
2024-04,580,Транспорт,66.03045563919838,18.538918457836598
2024-04,582,Продовольствие,10.342282850840746,-5.450790000955822
2024-04,585,Общественное питание,20.426972321553446,8.604843734000506
2024-04,586,Транспорт,9.336659193310906,-0.436213195549805
2024-04,587,Транспорт,9.882396295621705,-1.9703369873911332
2024-04,588,Транспорт,7.290477088513805,5.929584774910627
2024-04,599,Здоровье,7.23540868318921,2.7549797882694365
2024-04,600,Здоровье,9.894949197285582,2.9913660458668168
2024-04,601,Транспорт,8.193005020836067,1.8271308974063696
2024-04,602,Продовольствие,6.663828829224151,1.515798137927026
2024-04,607,Транспорт,8.261412622825079,-1.8030898512550801
2024-04,667,Транспорт,7.335965476644898,-1.1996349195881966
2024-04,693,Транспорт,53.985518190601866,5.726069098107207
2024-04,708,Продовольствие,12.524498568228553,-7.277989340800138
2024-04,708,Транспорт,43.66422691047428,-3.136959259212995
2024-04,711,Транспорт,11.94271468556831,-2.119759488911947
2024-04,715,Общественное питание,7.845452824423709,0.9921181816217418
2024-04,716,Здоровье,17.25066517111406,3.549470591425868
2024-04,719,Здоровье,32.442009877295405,-4.913532404773875
2024-04,736,Общественное питание,8.243000525466604,1.7695745772022615
2024-04,738,Общественное питание,7.2777590030850625,-5.707161369459136
2024-04,741,Маркетплейсы,9.900841245590309,3.844957341040355
2024-04,744,Транспорт,19.466425284098477,0.5308682920899783
2024-04,755,Транспорт,7.71446234168096,-7.874587057372969
2024-04,756,Транспорт,7.907583547485267,-6.801059226438122
2024-04,764,Общественное питание,6.919501047867829,-3.0040854974631146
2024-04,792,Продовольствие,11.587302402357384,2.165119332647277
2024-04,798,Общественное питание,7.760713699578493,5.840594892201664
2024-04,822,Маркетплейсы,7.890762462395575,-4.5228390938454055
2024-04,827,Продовольствие,6.8627014697752555,1.4268499731553734
2024-04,835,Маркетплейсы,35.05057688803462,-11.661945968588423
2024-04,840,Транспорт,8.979453583541492,-1.1905994495593957
2024-04,851,Транспорт,8.083341756579873,-2.0064105120656452
2024-04,872,Здоровье,8.271196176593255,6.942756644713338
2024-04,879,Транспорт,34.21300729416874,2.864149673083816
2024-04,883,Здоровье,27.8009893732827,4.3441023658146625
2024-04,899,Общественное питание,16.98522774891197,1.5056697229368907
2024-04,903,Маркетплейсы,14.789362673545897,3.543929091535278
2024-04,929,Общественное питание,9.713675393988261,-6.3355257135328
2024-04,986,Здоровье,8.263226386313328,4.814358803831361
2024-04,1003,Общественное питание,14.581702098394272,-9.670297730141009
2024-04,1011,Маркетплейсы,9.309281810534317,-6.669635705332799
2024-04,1014,Общественное питание,8.8974809210424,1.6393850149494442
2024-04,1021,Общественное питание,30.628790839260514,-13.666529255545006
2024-04,1035,Маркетплейсы,7.596673875456196,-5.2801556006571095
2024-04,1040,Общественное питание,9.780094014067414,3.1435954190591184
2024-04,1047,Здоровье,29.84779119755116,4.745746516083825
2024-04,1052,Все категории,17.922673126869025,3.1013915184191423
2024-04,1055,Общественное питание,14.063062277714295,4.0803149107781636
2024-04,1058,Общественное питание,8.642429707858698,-0.11832994519465834
2024-04,1059,Маркетплейсы,9.962123318842716,5.100071800342578
2024-04,1059,Общественное питание,68.01837628756094,20.539224616080414
2024-04,1059,Транспорт,14.875750674093673,-6.835529409150383
2024-04,1070,Транспорт,22.027635932384722,-0.563452349361267
2024-04,1112,Здоровье,8.565982658677486,4.366723984275493
2024-04,1112,Транспорт,26.108406241355876,9.05493429112651
2024-04,1116,Общественное питание,31.818345140525903,-0.6178008045763177
2024-04,1122,Здоровье,9.344005409202545,5.728536600006385
2024-04,1140,Здоровье,7.914277317623343,6.587500091222178
2024-04,1153,Общественное питание,89.01076976036858,-13.15259710187358
2024-04,1159,Здоровье,26.59894684403056,4.524939757694636
2024-04,1161,Здоровье,22.265148024212458,9.919308398663667
2024-04,1179,Транспорт,40.284125040414736,-9.717195909098258
2024-04,1184,Здоровье,44.04590041746403,-6.500883608643702
2024-04,1204,Транспорт,40.395610474295545,5.419984383047087
2024-04,1206,Общественное питание,9.093550701331093,-2.5840683041220402
2024-04,1217,Маркетплейсы,18.864757819754075,-6.032361939351477
2024-04,1223,Здоровье,12.874267420550536,4.452631816165097
2024-04,1227,Маркетплейсы,10.024450851584442,7.9329817748663585
2024-04,1241,Все категории,7.1912012669227625,-0.0013516655488294838
2024-04,1241,Общественное питание,15.048117816664815,4.865987510871629
2024-04,1243,Здоровье,9.311734067107064,5.85016969094496
2024-04,1244,Общественное питание,9.780210792843361,-9.403520056121602
2024-04,1259,Общественное питание,7.4933154162660065,-1.2247038414088407
2024-04,1261,Здоровье,13.399902427701582,3.2245282314597343
2024-04,1265,Маркетплейсы,25.68659987807351,12.659565650922321
2024-04,1265,Транспорт,9.58054884311959,-9.753234718844778
2024-04,1266,Маркетплейсы,17.816109548727972,0.7763172797216162
2024-04,1270,Общественное питание,11.075272626478204,1.1442893283637798
2024-04,1274,Общественное питание,15.377388996571803,0.7714196884035825
2024-04,1282,Здоровье,13.339843009221141,2.6729474595445377
2024-04,1284,Все категории,6.72270178555156,3.06718597141419
2024-04,1285,Общественное питание,7.282020017410628,-10.758107773558772
2024-04,1287,Здоровье,8.920267327450969,1.8268361795728683
2024-04,1315,Общественное питание,7.3750580799238366,6.224214922853809
2024-04,1328,Общественное питание,17.405808175373487,-3.982429518180254
2024-04,1336,Транспорт,8.251424132122729,-0.5280983539532399
2024-04,1337,Транспорт,14.383131194851202,-23.945458111681347
2024-04,1347,Общественное питание,340.09589314233745,17.259487040722533
2024-04,1348,Здоровье,11.169655402283015,8.822981386439613
2024-04,1355,Транспорт,7.146831008301269,-2.52942195407769
2024-04,1395,Здоровье,13.414984472378622,3.5892859408195994
2024-04,1397,Здоровье,10.017818827387327,5.12725390372689
2024-04,1398,Общественное питание,12.72171869151408,-2.8795894001079305
2024-04,1404,Маркетплейсы,10.645531996268902,-7.183156054932733
2024-04,1404,Здоровье,22.76944612491718,11.923600598803187
2024-04,1414,Маркетплейсы,7.407650081678417,-9.789419836005374
2024-04,1427,Общественное питание,9.82556528540037,-7.504904353896829
2024-04,1430,Транспорт,44.05625303084419,0.9338534530815876
2024-04,1439,Здоровье,8.603369343910936,3.453855825349101
2024-04,1444,Здоровье,8.384682500960324,5.554333346830374
2024-04,1467,Здоровье,9.602615954166106,2.42274445658622
2024-04,1473,Общественное питание,17.010240987516376,1.9831209129733915
2024-04,1489,Здоровье,11.458885950609083,-0.19079732391389465
2024-04,1504,Общественное питание,15.200834768279615,-7.2965007599615666
2024-04,1506,Здоровье,29.84386713935481,7.291202948316882
2024-04,1507,Здоровье,9.125630732398905,5.113626523179343
2024-04,1519,Здоровье,29.204534527172452,-2.3267150036342947
2024-04,1526,Маркетплейсы,10.359103532064605,-0.12028845180963277
2024-04,1532,Транспорт,10.426772249045664,-5.854218067414755
2024-04,1542,Общественное питание,38.58336755613894,-14.334358721037415
2024-04,1545,Все категории,7.390350807744103,6.032666951968493
2024-04,1559,Продовольствие,7.545692559422295,6.213047392833369
2024-04,1559,Общественное питание,58.24536324514576,0.4906592496846235
2024-04,1570,Транспорт,40.84481311088624,6.546923138660704
2024-04,1571,Транспорт,7.206487042851716,0.36281449282446476
2024-04,1608,Общественное питание,48.695430594380475,20.7050774189793
2024-04,1615,Здоровье,9.526806805876202,12.640182754846949
2024-04,1623,Здоровье,14.289330791289286,-2.2449662622863853
2024-04,1623,Общественное питание,133.32629059989972,19.10742266122591
2024-04,1629,Общественное питание,8.088562305252395,3.682848525067103
2024-04,1633,Маркетплейсы,39.00064113063627,-2.946456752710696
2024-04,1640,Общественное питание,9.107441497810736,-3.203476615093941
2024-04,1649,Все категории,13.38838852793815,11.071642180440229
2024-04,1649,Общественное питание,62.7395541692582,10.858702740560537
2024-04,1666,Здоровье,106.20705140610212,-0.9714262552107288
2024-04,1667,Общественное питание,16.945715894246995,-3.498271133508963
2024-04,1673,Продовольствие,6.88355735428273,8.241650628875796
2024-04,1673,Маркетплейсы,14.947163224631023,-3.8234942312021425
2024-04,1674,Общественное питание,14.518170469037054,-9.631643261807241
2024-04,1676,Транспорт,13.276617002003059,-7.694401811968312
2024-04,1678,Здоровье,10.492198154064125,-9.387230501298713
2024-04,1686,Здоровье,11.582642652419395,-1.6523637562503477
2024-04,1687,Маркетплейсы,10.694527483976817,-5.658537755472823
2024-04,1688,Транспорт,27.674511207720617,11.85000384304671
2024-04,1700,Маркетплейсы,67.78261311853528,-12.53281568273725
2024-04,1709,Транспорт,10.530760816985019,-0.9930528643036585
2024-04,1710,Общественное питание,11.60772692600348,-19.392811857231116
2024-04,1715,Общественное питание,20.319317560714822,-4.860931171673108
2024-04,1715,Транспорт,35.12308692429318,5.8462026925721275
2024-04,1732,Все категории,34.144003823254444,2.7069526630917813
2024-04,1733,Транспорт,11.147942913502373,4.814611046981196
2024-04,1744,Общественное питание,24.503270558680576,-1.8436318751504928
2024-04,1760,Продовольствие,11.606863583570867,5.548293603069921
2024-04,1775,Здоровье,9.631636334531485,3.2253004408648462
2024-04,1786,Транспорт,6.881316143565008,0.5539303222424038
2024-04,1858,Общественное питание,9.392952282731528,0.04845379826428811
2024-04,1860,Транспорт,11.11216437151995,1.4326899503285049
2024-04,1865,Продовольствие,17.46203420493322,-8.641753743429398
2024-04,1885,Транспорт,12.369128855764917,7.94146523807543
2024-04,1896,Все категории,14.524720626104534,7.932752396327355
2024-04,1898,Здоровье,8.441524214008364,-2.8874500797702263
2024-04,1907,Транспорт,8.848063747363627,-2.308326976402631
2024-04,1908,Здоровье,12.307698223586408,6.646569210682027
2024-04,1928,Общественное питание,7.156909540824907,1.2482570588050579
2024-04,1928,Транспорт,14.041740706416187,0.11950255983145097
2024-04,1934,Здоровье,6.972544547702352,-4.6586402478675515
2024-04,1937,Все категории,7.525085923326967,-0.46517589907895407
2024-04,1938,Маркетплейсы,11.437719765247698,-4.350021625819465
2024-04,1941,Здоровье,32.69541466921197,-12.30413908339725
2024-04,1942,Все категории,15.738262093910139,-5.0530031362745875
2024-04,1945,Все категории,30.568950035144347,-3.9400798496776988
2024-04,1948,Маркетплейсы,11.316419219270664,2.701792582553382
2024-04,1956,Транспорт,20.633362079053146,-12.498155437923899
2024-04,1957,Транспорт,44.06410919158601,-9.469924291752312
2024-04,1959,Продовольствие,8.537825634241832,-11.62847600463723
2024-04,1961,Транспорт,7.132220977317228,-4.6046052029853275
2024-04,1967,Здоровье,6.955897674416382,0.42191811565071546
2024-04,1977,Здоровье,7.370451114173042,5.348343306096288
2024-04,1990,Общественное питание,11.195290798944189,8.860651942916533
2024-04,1992,Транспорт,62.91168402101691,8.806977815110258
2024-04,1993,Здоровье,28.954832391625768,11.68650160762285
2024-04,2019,Общественное питание,28.28863279348365,-3.5647708941926104
2024-04,2019,Транспорт,11.716730744516912,1.0401536614753555
2024-04,2023,Маркетплейсы,7.919074237704525,-5.9162127698043365
2024-04,2037,Транспорт,42.084233553186465,-11.553711310441177
2024-04,2043,Общественное питание,14.259902747245938,2.883928452500714
2024-04,2043,Транспорт,8.131670884821435,-3.154656979163227
2024-04,2045,Общественное питание,24.574357258255947,6.047621224327858
2024-04,2046,Маркетплейсы,49.39519782821055,-16.46705579454365
2024-04,2047,Транспорт,16.628957187444392,9.971601355658464
2024-04,2051,Транспорт,19.651527689510033,0.2039155820173565
2024-04,2054,Общественное питание,14.876802304392445,-4.233829056942595
2024-04,2060,Транспорт,7.219974366515728,0.7189240858973571
2024-04,2062,Транспорт,9.94374800388407,4.572089705283152
2024-04,2068,Здоровье,11.2956715144436,0.7560382662078262
2024-04,2069,Общественное питание,8.149135149246623,-6.64551959345307
2024-04,2080,Транспорт,29.12066276268281,6.375632959873187
2024-04,2081,Общественное питание,23.235208376748314,-8.019853383444948
2024-04,2127,Здоровье,25.852313791274433,9.536480655334094
2024-04,2129,Транспорт,13.266228362453361,1.9811570772878535
2024-04,2130,Транспорт,14.39289635850175,2.0976072120107347
2024-04,2134,Маркетплейсы,24.817673605157356,4.730512396192358
2024-04,2144,Здоровье,10.663213204203934,4.068540801787751
2024-04,2155,Транспорт,15.81059280330706,-2.360038010927927
2024-04,2171,Все категории,60.1478775380762,-4.6226247703841725
2024-04,2197,Здоровье,9.823450607465077,4.812495126570402
2024-04,2199,Здоровье,10.58740134410318,-5.560327076781807
2024-04,2205,Транспорт,7.1455985435168285,-5.09448882804794
2024-04,2211,Транспорт,13.440723191273346,-9.851437800680522
2024-04,2220,Здоровье,16.1596946542346,4.76542804498645
2024-04,2222,Здоровье,21.748537244235184,5.7530781438386445
2024-04,2229,Продовольствие,27.010413182239038,-9.796889022921507
2024-04,2231,Транспорт,14.007468012698247,-0.6703364498192568
2024-04,2243,Здоровье,18.67813953949984,5.425666504161677
2024-04,2272,Транспорт,8.849053450466686,4.351407552176613
2024-04,2275,Здоровье,11.443032469890785,5.64240829462688
2024-04,2299,Общественное питание,121.11049305815314,-17.494927427204043
2024-04,2321,Все категории,7.106863261239107,5.133879789742888
2024-04,2321,Продовольствие,12.282899733235022,-0.04369093215681104
2024-04,2354,Здоровье,15.764790136846893,4.269259984097833
2024-04,2359,Здоровье,12.011937620994718,5.988233475064087
2024-04,2361,Здоровье,11.53533115829334,4.310371873080464
2024-04,2362,Здоровье,24.939100635286856,3.9452048164239457
2024-04,2366,Здоровье,15.133545405608746,5.302685029578212
2024-04,2372,Здоровье,11.292660481560647,4.412036537178041
2024-04,2374,Здоровье,6.864080043820902,3.964398672651374
2024-04,2375,Здоровье,17.11107011271512,4.585646973282531
2024-04,2377,Здоровье,17.0918492644386,3.9629734883588803
2024-04,2383,Здоровье,8.237249399893999,4.405694062656882
2024-04,2389,Здоровье,7.39707436017467,4.001285092812015
2024-04,2398,Здоровье,11.008084075660385,3.1513268222698363
2024-04,2401,Здоровье,18.80247181641313,7.137185293034433
2024-04,2403,Здоровье,17.01769126609962,4.321021540081523
2024-04,2424,Здоровье,20.606948004573486,5.691961982296661
2024-04,2427,Здоровье,27.622671279112414,5.4730584247000555
2024-04,2428,Здоровье,9.92662888501496,4.796369867123973
2024-04,2436,Здоровье,14.868794364911771,5.990476572465177
2024-04,2449,Здоровье,6.948899364617566,5.058952960754094
2024-04,2456,Здоровье,8.726276018664638,4.159130118110505
2024-04,2456,Транспорт,13.66574352738413,8.955065579033858
2024-04,2457,Транспорт,15.387859606218065,10.536177812889996
2024-04,2458,Транспорт,11.62343661907231,6.620695752877973
2024-04,2464,Здоровье,10.0763971834822,3.9576613103953697
2024-04,2480,Здоровье,11.552313900737293,3.751558895121758
2024-04,2484,Здоровье,6.91844826540183,4.132499840559912
2024-04,2486,Здоровье,17.30917267117756,5.9774477719303825
2024-04,2488,Здоровье,17.02036438290634,5.175393343588794
2024-04,2489,Здоровье,12.764144321014468,4.10309720758735
2024-04,2495,Здоровье,14.814800966479092,5.152796951011632
2024-04,2497,Здоровье,28.55757593005029,6.037844932450456
2024-04,2499,Здоровье,7.434824011784303,3.748021157096801
2024-04,2503,Здоровье,11.258340934901737,3.991674123380754
2024-04,2506,Здоровье,18.800274828547565,6.625482958109591
2024-04,2507,Здоровье,13.112153552069795,4.571923879670976
2024-04,2510,Здоровье,8.683607450553692,3.5305912209293058
2024-04,2511,Здоровье,9.802796319571202,3.301806662683242
2024-04,2511,Транспорт,11.842465312338977,6.348176952423997
2024-04,2514,Здоровье,17.5593836607611,1.9545356649391876
2024-04,2516,Здоровье,47.246792521026876,9.548120513370094
2024-04,2528,Здоровье,16.322639532285184,3.4436965651682074
2024-04,2529,Здоровье,8.93204652823181,5.464128650410517
2024-04,2531,Здоровье,18.76608485044263,5.978685334070022
2024-04,2532,Здоровье,15.899798079900913,5.494898953843945
2024-04,2533,Здоровье,32.438905572276475,8.435986588150797
2024-04,2537,Здоровье,40.63189912903919,9.494282543868602
2024-04,2538,Здоровье,44.77638405322818,8.640354708097064
2024-04,2543,Здоровье,10.590345841652232,4.472998492073472
2024-04,2544,Здоровье,7.6232884334765325,4.470570787779522
2024-04,2545,Здоровье,28.80620225368901,6.185761169026405
2024-04,2545,Транспорт,6.880602845836775,9.502914819209085
2024-04,2546,Здоровье,13.277964659194879,5.497324688541758
2024-04,2549,Здоровье,13.8236105799035,4.336950454369775
2024-04,2550,Здоровье,8.937943028945105,4.880802425067594
2024-04,2551,Здоровье,18.666198230873068,3.4301708912256585
2024-04,2556,Здоровье,8.006980085394563,4.6109112304118565
2024-04,2558,Здоровье,7.123584196492004,3.8459198663620007
2024-04,2567,Здоровье,6.6774918810361,3.585645192016412
2024-04,2568,Здоровье,21.951641612782463,3.804981105968814
2024-04,2573,Здоровье,27.71665994954301,8.835120218793971
2024-04,2574,Здоровье,65.4090604694001,10.209624842500103
2024-04,2578,Транспорт,19.162630624833117,11.657552625220008
2024-04,2580,Здоровье,12.24701696916121,5.3447954706354635
2024-04,2581,Здоровье,32.43986250404263,7.735355345753745
2024-04,2583,Здоровье,11.697688286242771,3.7021659075218007
2024-04,2599,Здоровье,7.239107497365961,3.846445337881386
2024-04,2602,Здоровье,21.475434003205887,4.971000115424251
2024-04,2604,Здоровье,22.331941847405595,5.040512247756439
2024-04,2607,Все категории,8.317944335046208,5.00116809354882
2024-04,2651,Здоровье,7.3904189526776705,5.2194163978589385
2024-04,2813,Здоровье,8.975694466042476,1.8076257836628522
2024-04,2883,Общественное питание,10.90766833135926,6.6509104522838385
2024-04,3013,Здоровье,17.630426002610392,7.417245239097715
2024-05,2,Все категории,7.688824225011609,-5.927445278078908
2024-05,11,Все категории,28.10312040189698,2.0151643129873373
2024-05,12,Маркетплейсы,8.457941882111376,1.5458016694760053
2024-05,22,Здоровье,12.493976235721863,0.5325940439237137
2024-05,22,Транспорт,73.05104745348413,-17.57707034448099
2024-05,31,Маркетплейсы,11.863789972028089,7.508365931978609
2024-05,31,Общественное питание,8.575351920865957,-7.216737051058476
2024-05,32,Здоровье,13.917448134247326,2.4301348998003127
2024-05,34,Все категории,16.848280466665503,-12.13078975404459
2024-05,35,Общественное питание,15.790129936604455,-4.688996424712383
2024-05,47,Общественное питание,9.036143536484785,0.860507730607783
2024-05,61,Здоровье,35.73393003660282,-5.941332269102314
2024-05,71,Маркетплейсы,12.70645504582307,16.164466982671904
2024-05,167,Общественное питание,18.309907028099513,3.3917219121786757
2024-05,198,Маркетплейсы,17.85673253239308,-4.275600600142742
2024-05,198,Транспорт,6.664713908751644,-2.1227613885174796
2024-05,209,Все категории,9.391090532690967,2.844697419511621
2024-05,211,Транспорт,7.965497995696274,-2.045899077748414
2024-05,212,Транспорт,14.71510743309024,2.2757087635214424
2024-05,214,Транспорт,29.087967383088504,-5.564073801568712
2024-05,217,Маркетплейсы,10.403311250608494,-0.8842579684535443
2024-05,220,Маркетплейсы,6.7442207612463205,4.92727310830307
2024-05,225,Все категории,9.460589153935617,3.993586293728326
2024-05,226,Продовольствие,14.913999478517987,-10.326511225369872
2024-05,230,Транспорт,13.567563325422585,-3.2157225096220645
2024-05,236,Маркетплейсы,12.4307760999397,9.94197571633173
2024-05,243,Все категории,21.875245936841573,-6.645594997141405
2024-05,243,Маркетплейсы,23.449395235960534,-9.285881081136802
2024-05,243,Транспорт,67.91121277687228,-5.1778216879285015
2024-05,276,Транспорт,15.067139847057778,-1.6564526744351622
2024-05,285,Транспорт,8.392811368310346,1.6102408683529097
2024-05,295,Маркетплейсы,10.640300196866669,5.559497503131888
2024-05,298,Общественное питание,9.687585391924998,1.428290508854648
2024-05,298,Транспорт,9.220165697272549,1.1934829229556336
2024-05,300,Общественное питание,15.863679815920712,5.103982868012139
2024-05,309,Транспорт,7.64839534851343,-1.7167430508822963
2024-05,319,Транспорт,15.115223097015969,-1.604119244265688
2024-05,320,Продовольствие,10.770271145239626,-4.312340578283533
2024-05,326,Продовольствие,8.914590825572594,0.8287507959488388
2024-05,326,Здоровье,7.514441822999792,-4.133335747737599
2024-05,329,Транспорт,15.157592879549217,-5.6958081617470055
2024-05,336,Транспорт,7.871416347730348,-4.491387164095585
2024-05,337,Маркетплейсы,9.550060759429057,8.794998358569792
2024-05,342,Здоровье,10.936025685676265,-5.779992167271715
2024-05,359,Маркетплейсы,7.305453181627957,-0.8250631971671993
2024-05,365,Маркетплейсы,11.295743964691791,9.053037255222241
2024-05,376,Все категории,12.853285728308752,-0.6220137725278905
2024-05,376,Здоровье,8.73400050371243,7.0987729587049895
2024-05,383,Здоровье,8.439870755190448,-0.9093997423417135
2024-05,420,Транспорт,25.047764919478965,7.424473954462311
2024-05,434,Маркетплейсы,54.35514477906885,-6.637870013412252
2024-05,455,Транспорт,11.523848747171543,8.824707257680839
2024-05,458,Здоровье,7.971863573012011,3.41082933280597
2024-05,508,Здоровье,16.350172240701585,6.764116150220329
2024-05,508,Транспорт,15.725772875330915,5.725346224065627
2024-05,516,Транспорт,7.126708740070841,-0.3162711680811575
2024-05,517,Маркетплейсы,29.876257955786162,15.614626470516702
2024-05,523,Транспорт,12.281812643966658,1.0763532450832463
2024-05,525,Все категории,7.1882358056678,-8.41733278500639
2024-05,538,Все категории,7.817289417424289,1.2166754125974477
2024-05,540,Все категории,25.71085004490922,2.8818213239712476
2024-05,544,Здоровье,13.141148108366849,5.156326885053523
2024-05,561,Здоровье,6.949311748012369,-6.611974841515715
2024-05,563,Общественное питание,9.651292703706684,-4.884406224711598
2024-05,570,Транспорт,7.653389853735291,0.8614491925170158
2024-05,580,Транспорт,38.83025379660752,4.261148505721816
2024-05,585,Общественное питание,51.59931476918943,19.25004414585108
2024-05,587,Транспорт,7.067082269436785,-1.1619023250786256
2024-05,593,Общественное питание,6.965409382561337,5.748471637840922
2024-05,600,Здоровье,7.84187641965963,1.1184238994234648
2024-05,607,Транспорт,10.49437413354876,-2.5826189606476486
2024-05,613,Маркетплейсы,33.02000020630971,2.567742235466241
2024-05,706,Общественное питание,34.82000024400035,13.5121401023859
2024-05,708,Транспорт,24.81770170467766,5.0351274800286125
2024-05,715,Общественное питание,10.488112664101642,0.10174003835865217
2024-05,719,Здоровье,45.8227596852898,-9.060136652237741
2024-05,739,Общественное питание,8.507220634010956,1.2487411780272777
2024-05,741,Маркетплейсы,7.573383665344369,0.9678579745436499
2024-05,742,Транспорт,36.66486422142516,8.610318553230663
2024-05,743,Маркетплейсы,6.974449721848096,5.9709461646730135
2024-05,744,Транспорт,24.576497503924013,11.913184973554385
2024-05,746,Общественное питание,12.3597587502325,5.790780287678786
2024-05,755,Транспорт,7.536274965871968,1.4523374537539453
2024-05,760,Здоровье,11.3105716155273,5.827191323324429
2024-05,764,Продовольствие,13.432342455155455,-7.1720733268494445
2024-05,774,Общественное питание,49.791339908709915,-11.951905466574848
2024-05,782,Здоровье,9.734866327079327,0.15262300091765124
2024-05,790,Продовольствие,18.80348916137169,-9.753559867822416
2024-05,794,Все категории,7.986724108335358,-2.387842738618448
2024-05,806,Транспорт,7.393347246236764,-3.139287605188809
2024-05,815,Продовольствие,8.099483601696283,3.20686811120268
2024-05,819,Маркетплейсы,9.217423712461162,-5.878864791356934
2024-05,846,Общественное питание,14.495629071883409,9.668645223073588
2024-05,884,Общественное питание,10.837944062083087,-7.223326471945103
2024-05,891,Продовольствие,41.61075922495674,-14.262226623374103
2024-05,895,Транспорт,33.066538031796,-1.0256891987009196
2024-05,899,Общественное питание,50.877760029349865,-13.851361853503622
2024-05,901,Общественное питание,9.38703948532938,8.64893830262815
2024-05,905,Все категории,12.693881190226243,5.571337078818056
2024-05,907,Здоровье,15.134716301328341,-4.115721595335688
2024-05,907,Транспорт,7.028096334040105,-3.7814393133830198
2024-05,909,Транспорт,12.559234042638874,-5.047120813396248
2024-05,1014,Общественное питание,8.789307378878247,-0.7323505377408055
2024-05,1017,Здоровье,11.170941181635017,5.614469172755109
2024-05,1021,Общественное питание,30.326989001806652,-4.218570644989631
2024-05,1026,Транспорт,7.102952357858756,2.5213450374595796
2024-05,1034,Продовольствие,9.147235832162032,1.8347412388399345
2024-05,1047,Здоровье,37.35754617626676,4.240651833030199
2024-05,1051,Общественное питание,10.060577811832337,8.075754491950091
2024-05,1054,Транспорт,7.937250425080493,2.6173824515352693
2024-05,1055,Общественное питание,47.48898811909946,12.41915793876134
2024-05,1058,Общественное питание,14.524184390381784,8.146921413538779
2024-05,1059,Транспорт,72.8642042455128,11.259229440135698
2024-05,1062,Продовольствие,6.897958021930743,-7.931521720128956
2024-05,1062,Здоровье,8.044411913644925,-5.001015028049519
2024-05,1065,Общественное питание,7.542326603478333,6.957730390866399
2024-05,1066,Общественное питание,40.978244959162666,10.670351310978713
2024-05,1068,Общественное питание,17.82606899559696,10.572661014238658
2024-05,1070,Все категории,8.510448709107514,4.255999873823729
2024-05,1070,Транспорт,21.868400368022428,-0.7277248362943911
2024-05,1072,Транспорт,9.854068010737457,2.2503510629902563
2024-05,1112,Транспорт,17.776172524199605,4.529332417079411
2024-05,1121,Общественное питание,8.037112713099633,-8.640953731937772
2024-05,1124,Транспорт,69.28414956287202,3.29735326014559
2024-05,1153,Общественное питание,133.27001222034028,-20.000062967594516
2024-05,1161,Здоровье,10.263561663620207,2.5669787521784118
2024-05,1184,Здоровье,25.604410470898486,-15.676037466734451
2024-05,1193,Транспорт,15.999983710146461,9.132464304322173
2024-05,1204,Транспорт,33.699219072059066,9.060255657965168
2024-05,1207,Транспорт,41.16516700744135,7.367087050023703
2024-05,1219,Транспорт,7.070018100236647,0.880890514483093
2024-05,1223,Транспорт,8.699401326684942,1.6614235675336677
2024-05,1227,Маркетплейсы,22.36212274577778,8.924188838535045
2024-05,1227,Здоровье,9.018530361041158,3.8156725816076094
2024-05,1227,Общественное питание,7.215632594013564,4.165500801588333
2024-05,1227,Транспорт,7.842676581005273,1.2511578595743356
2024-05,1241,Общественное питание,17.676892325954178,11.660281302121728
2024-05,1249,Здоровье,15.650130253533877,7.460655478739993
2024-05,1253,Продовольствие,18.719421829505915,-6.448061522202144
2024-05,1261,Здоровье,26.345618355337187,7.534652843680593
2024-05,1270,Общественное питание,10.732187945839547,0.45852571388184193
2024-05,1274,Общественное питание,49.39380464193976,-4.100141798769568
2024-05,1287,Здоровье,11.338174869252997,2.1021825801132037
2024-05,1292,Общественное питание,7.96490056490253,7.2444296511718775
2024-05,1305,Продовольствие,8.312335390037788,-6.164549499445578
2024-05,1309,Продовольствие,9.934646069485323,-8.741034953166015
2024-05,1319,Все категории,11.004067074756184,5.144516139024567
2024-05,1321,Общественное питание,15.76817122145942,4.019241896028699
2024-05,1336,Транспорт,14.61365936225097,-9.832657418188978
2024-05,1337,Транспорт,34.28889167786182,-5.852848329399421
2024-05,1339,Общественное питание,9.303891015145604,9.341500029709556
2024-05,1347,Общественное питание,22.743186004103116,8.362446119766977
2024-05,1348,Продовольствие,23.82704431338327,-7.765468524991978
2024-05,1355,Транспорт,10.016262968860701,6.417260829183917
2024-05,1392,Транспорт,16.31902670535356,5.526318183514401
2024-05,1393,Маркетплейсы,8.238107294803845,0.9926521855090922
2024-05,1395,Здоровье,8.173467030934072,5.664792716792371
2024-05,1396,Маркетплейсы,16.19330646588819,-3.572192378188094
2024-05,1404,Маркетплейсы,31.306016004132665,2.575958604920944
2024-05,1404,Транспорт,13.105405627849414,5.018009114327375
2024-05,1406,Все категории,9.624521618116868,5.995489716526763
2024-05,1407,Транспорт,10.32918803011749,4.439065238273069
2024-05,1414,Маркетплейсы,8.11039245187435,-7.2904200274311
2024-05,1427,Общественное питание,14.385128533466416,2.554006825452022
2024-05,1431,Общественное питание,13.626039804781614,-10.460473454658487
2024-05,1449,Маркетплейсы,13.360285558177226,-7.175420432504506
2024-05,1454,Все категории,7.617278662415793,7.9339447361408215
2024-05,1454,Транспорт,8.961610373692404,8.833756697895312
2024-05,1473,Транспорт,7.489644867296213,2.2097546098908163
2024-05,1483,Транспорт,8.483138102784343,-1.4704817233153933
2024-05,1506,Здоровье,27.52593895682336,10.204618683894816
2024-05,1507,Транспорт,10.960479260518838,6.972367086465512
2024-05,1518,Здоровье,9.147979076803107,3.95890706608287
2024-05,1519,Здоровье,63.6650805815604,8.019388824851912
2024-05,1542,Общественное питание,28.008550538620824,-4.119095544707468
2024-05,1545,Все категории,7.557189734132072,-2.3896531234910072
2024-05,1559,Общественное питание,11.341076496112672,-1.7130184561719861
2024-05,1568,Общественное питание,12.749643731491098,-4.7006910976909495
2024-05,1570,Транспорт,28.881075988281825,5.8481466025732995
2024-05,1610,Общественное питание,8.118454052589172,16.249997860288495
2024-05,1619,Общественное питание,13.96208922478532,8.195099513737974
2024-05,1623,Общественное питание,49.67715720595523,18.382098697498606
2024-05,1633,Маркетплейсы,8.188338874734185,5.318527729658144
2024-05,1634,Все категории,10.710187824422636,4.9039834647351705
2024-05,1640,Общественное питание,22.31464618149574,-1.5425974428611653
2024-05,1641,Общественное питание,7.721134896217697,-6.599938593500566
2024-05,1653,Маркетплейсы,40.00673298749773,-5.614391573820565
2024-05,1662,Общественное питание,54.248864848782645,9.457394179208272
2024-05,1666,Здоровье,74.6460009460613,1.3864168429362256
2024-05,1673,Продовольствие,11.938378302111094,8.666775288115073
2024-05,1673,Маркетплейсы,40.06755341526492,6.809584648448578
2024-05,1673,Общественное питание,10.426401735362678,6.620369385462137
2024-05,1676,Транспорт,36.62544575474087,-0.5585247810311893
2024-05,1678,Здоровье,11.920601463362829,-0.3020267439997996
2024-05,1686,Продовольствие,21.512243380616976,-10.039395335406242
2024-05,1687,Маркетплейсы,6.668242896851253,-0.04186132106975815
2024-05,1688,Транспорт,8.34787162200095,6.343544110462996
2024-05,1693,Транспорт,8.821804975149035,-4.030448356574579
2024-05,1699,Продовольствие,8.737063370155132,-3.74709519454359
2024-05,1700,Маркетплейсы,32.80247707299174,-2.452412670863125
2024-05,1704,Маркетплейсы,10.767777469660754,5.873092226110449
2024-05,1708,Общественное питание,9.45475662948345,0.6281435401935576
2024-05,1709,Транспорт,19.262193936247836,2.1867982975390694
2024-05,1710,Общественное питание,10.725390750025847,-5.5889876288152385
2024-05,1714,Все категории,9.280100945098287,-2.263149234403897
2024-05,1715,Общественное питание,24.688951694590543,-4.115945277435678
2024-05,1715,Транспорт,29.21067348746233,2.142661098011633
2024-05,1732,Все категории,43.08634807051742,3.0390819449512696
2024-05,1739,Продовольствие,8.131035584227615,-10.774438991518588
2024-05,1739,Маркетплейсы,6.985155631734353,-5.107941343947578
2024-05,1743,Здоровье,15.348719290314454,-2.2084914553914503
2024-05,1744,Общественное питание,19.24278703775249,2.5348484162324945
2024-05,1755,Продовольствие,8.66676123942255,-5.446308816153417
2024-05,1755,Общественное питание,11.056766719601963,6.242626299687991
2024-05,1759,Все категории,6.801767717614795,-4.571478290372409
2024-05,1760,Продовольствие,7.48704670184577,2.0254428995651725
2024-05,1766,Транспорт,15.50912491488605,-0.16112015937895796
2024-05,1769,Продовольствие,6.807497239343322,-7.4476186907278645
2024-05,1774,Продовольствие,55.3704306963818,-14.080032600708405
2024-05,1775,Транспорт,12.472917403291294,-0.30976915953610906
2024-05,1776,Транспорт,10.060898444261888,6.255223169074199
2024-05,1894,Маркетплейсы,28.336905436102025,-12.40965314094983
2024-05,1895,Общественное питание,13.049200144226528,-12.272031271491509
2024-05,1903,Транспорт,19.55439226200084,-6.6433006103294625
2024-05,1907,Транспорт,20.570661671588127,-10.309959560414086
2024-05,1908,Здоровье,8.229690867349502,-0.3933573814492307
2024-05,1928,Транспорт,17.426924133770278,-0.46707392694924366
2024-05,1929,Маркетплейсы,10.805960627053341,-11.540978575208216
2024-05,1935,Общественное питание,8.063756601530844,-5.2396249971547215
2024-05,1935,Транспорт,23.095550262346883,7.740605010895157
2024-05,1941,Здоровье,26.833587440089012,-4.669514249535001
2024-05,1955,Все категории,31.437346714905434,-10.9205044766753
2024-05,1955,Продовольствие,32.20638943496936,-14.074537441281473
2024-05,1955,Общественное питание,28.09857982799876,-6.800237369919767
2024-05,1955,Транспорт,28.22008257075063,-6.793840733824882
2024-05,1959,Все категории,8.041523663108151,-12.279721239777913
2024-05,1959,Продовольствие,27.928856750152914,-16.08961243826299
2024-05,1959,Маркетплейсы,10.433868540651131,11.33594946068516
2024-05,1959,Транспорт,21.375841738827074,-9.496341086545577
2024-05,1992,Транспорт,75.51855339537643,6.577885413870497
2024-05,1993,Здоровье,25.1634953407416,8.1450303921764
2024-05,2018,Маркетплейсы,16.284785331960368,-1.568096617991082
2024-05,2021,Маркетплейсы,9.964808159337359,-3.9439117364132334
2024-05,2037,Транспорт,22.91877126047871,-13.880087709649269
2024-05,2043,Транспорт,47.30712531975474,-16.062200774403244
2024-05,2045,Общественное питание,12.758828827877785,17.17896014816325
2024-05,2046,Маркетплейсы,18.926200884090985,-8.241873512506235
2024-05,2047,Транспорт,14.143911759823489,10.481855455926015
2024-05,2054,Общественное питание,23.429802581517926,-4.677822366287285
2024-05,2060,Транспорт,9.39619593548887,4.364351820491832
2024-05,2061,Все категории,8.581829906453084,4.128690760723836
2024-05,2068,Здоровье,7.233263155094634,4.8456926427511835
2024-05,2080,Транспорт,18.50203929023428,0.45455460252747304
2024-05,2087,Маркетплейсы,18.93074223156563,-9.213375566626015
2024-05,2113,Здоровье,7.0790014744993055,0.10328642882636917
2024-05,2127,Здоровье,23.47005938052793,5.276610818596378
2024-05,2130,Транспорт,15.395396386920106,0.31095871925646656
2024-05,2132,Транспорт,35.7078119123278,2.85465847701001
2024-05,2134,Маркетплейсы,17.629151232228466,-4.903491844957348
2024-05,2137,Маркетплейсы,7.932329733211041,-2.468235813710269
2024-05,2155,Транспорт,6.726672311942691,1.574118169329046
2024-05,2167,Общественное питание,18.62203946614925,6.20137332839775
2024-05,2200,Здоровье,7.4304671787461825,-2.656986164742183
2024-05,2200,Транспорт,31.30092303839832,-5.431523145098383
2024-05,2202,Продовольствие,10.417317601453309,-9.417318473428617
2024-05,2211,Транспорт,11.16737468893003,-5.592090922456559
2024-05,2220,Здоровье,13.834075670588081,4.689146401429736
2024-05,2229,Продовольствие,37.79118232586376,-8.556205460367034
2024-05,2230,Транспорт,7.953667689805008,-3.99967773039392
2024-05,2231,Транспорт,21.760249446816395,-2.944661816729396
2024-05,2235,Здоровье,7.4714832848484996,2.2972308106316888
2024-05,2242,Маркетплейсы,10.981831812297632,2.1112711092411134
2024-05,2243,Здоровье,12.331513827612383,11.598496738488025
2024-05,2269,Общественное питание,33.44334900184658,5.4814770138090045
2024-05,2299,Общественное питание,26.397518632257615,-2.974283927217882
2024-05,2329,Транспорт,29.15304264788372,5.927760585254724
2024-05,2361,Здоровье,7.635929674334623,5.731257600151172
2024-05,2366,Здоровье,11.008316577080087,5.666274459752911
2024-05,2398,Здоровье,12.413352001609539,4.412005469835187
2024-05,2427,Здоровье,11.960388947043823,6.246285198296393
2024-05,2436,Здоровье,8.297434922431938,5.177091676707461
2024-05,2456,Транспорт,19.188943015881495,15.163672259232065
2024-05,2458,Транспорт,8.77390090315238,7.605048042735255
2024-05,2461,Здоровье,11.223251685336551,6.038594338505859
2024-05,2496,Транспорт,8.34002866237909,8.527613080769356
2024-05,2511,Транспорт,16.82996324785677,5.915990052157377
2024-05,2515,Транспорт,11.09181004937885,5.071537718538115
2024-05,2517,Здоровье,7.848955972255931,4.774832856642714
2024-05,2538,Здоровье,11.218235527177818,8.34519797879392
2024-05,2547,Транспорт,7.364997979052972,5.815307204269693
2024-05,2573,Здоровье,7.089397591778231,5.0987215539647925
2024-05,2578,Транспорт,12.81287647137292,10.779455934290427
2024-05,2580,Транспорт,7.0582694970228195,5.007885799400906
2024-05,2593,Общественное питание,17.115729263798514,7.911146793452744
2024-05,2607,Все категории,22.492295621346003,8.868928849153788
2024-06,5,Общественное питание,11.789154671359151,4.417612330014617
2024-06,11,Все категории,36.82289244951978,7.004737336666603
2024-06,21,Общественное питание,19.161234356204552,-6.810189297621442
2024-06,22,Все категории,10.35191300544529,-3.3075840588793666
2024-06,26,Общественное питание,7.10977402445935,-5.286372802265508
2024-06,35,Общественное питание,20.712866184503373,-7.457929570919582
2024-06,41,Все категории,10.467724627456098,-2.6561945195770127
2024-06,47,Общественное питание,13.992099117558014,-0.7897099841516393
2024-06,54,Общественное питание,11.983223782987103,-0.8327986181865039
2024-06,68,Здоровье,9.946254747517099,-2.558825193269383
2024-06,71,Маркетплейсы,12.82182455831763,14.73675685510404
2024-06,78,Транспорт,35.78211902849092,3.519585128815983
2024-06,198,Транспорт,18.770409904133206,-6.080486730861046
2024-06,209,Все категории,11.628112345583736,1.2700129273262633
2024-06,211,Транспорт,7.203520100710328,1.5267362699864897
2024-06,212,Транспорт,9.618199416219978,0.3707160397093009
2024-06,214,Транспорт,51.67689266782452,1.642539574393881
2024-06,215,Транспорт,12.081437720329752,3.9235908088871327
2024-06,216,Здоровье,9.279600908202509,-5.261166006025775
2024-06,222,Маркетплейсы,10.591441764835245,-3.9230780833837278
2024-06,225,Маркетплейсы,7.951405372973939,4.064716144251924
2024-06,226,Продовольствие,29.618052989690387,-10.870498390855667
2024-06,226,Маркетплейсы,36.89630812328024,10.586464190219841
2024-06,230,Транспорт,12.100794020095044,-1.0863208043779895
2024-06,243,Все категории,8.935285842593164,-1.3842380357363102
2024-06,243,Маркетплейсы,19.487901695840005,1.3882201059570227
2024-06,243,Транспорт,39.59117143256821,-1.6765915042123547
2024-06,276,Транспорт,17.998112348486003,9.071250271833506
2024-06,278,Общественное питание,11.271420420881226,-6.555063788394311
2024-06,297,Общественное питание,11.040995435369284,-7.933586185596259
2024-06,298,Общественное питание,9.11764423458375,2.835645648697583
2024-06,300,Общественное питание,32.98251984823784,9.825011857668711
2024-06,306,Продовольствие,11.940344704068128,2.0966419072206137
2024-06,317,Все категории,8.385697173139251,4.941333719219951
2024-06,319,Транспорт,14.6328191169003,0.878174731448899
2024-06,330,Все категории,9.491503960612855,4.510300501563754
2024-06,332,Все категории,31.842921652563785,0.16559368218325562
2024-06,342,Здоровье,7.412690514999654,-1.8858892626403352
2024-06,376,Здоровье,7.4054759945069595,-2.1684611712713426
2024-06,405,Все категории,8.20416054019108,6.894877354312512
2024-06,418,Общественное питание,18.23904974877076,-6.332596523185795
2024-06,420,Транспорт,20.059992725847895,10.434507894330363
2024-06,430,Общественное питание,26.758454629154954,-8.091952966188128
2024-06,433,Продовольствие,17.72638179392721,-9.609613202177991
2024-06,434,Маркетплейсы,46.733020893318184,6.041478007407935
2024-06,435,Транспорт,8.449179023519136,5.841840660958596
2024-06,447,Здоровье,12.429846211356816,-1.5287734851891996
2024-06,455,Транспорт,13.03589596872741,-1.0902604338479374
2024-06,480,Транспорт,9.112849241055798,2.690937823716024
2024-06,486,Здоровье,8.921435935497238,-6.4314219685978875
2024-06,497,Общественное питание,18.967003406034877,-13.264917919298286
2024-06,517,Общественное питание,7.984336422509182,-0.3169828926562319
2024-06,519,Транспорт,22.972869176846043,-7.8006643703125285
2024-06,524,Все категории,7.322795256908052,2.5755329682564017
2024-06,525,Все категории,19.739451112156477,-11.835057654153703
2024-06,538,Общественное питание,25.447809840417875,7.23968581223594
2024-06,563,Общественное питание,13.38429408294755,-3.43896776853867
2024-06,578,Все категории,6.655857749715147,1.5267496042460809
2024-06,578,Продовольствие,22.254341490973633,13.22127392100245
2024-06,579,Общественное питание,15.236743776434615,-2.4062548516143747
2024-06,580,Транспорт,84.5093421969027,-0.15543467067085226
2024-06,581,Здоровье,7.772673883510864,5.644175949521491
2024-06,582,Продовольствие,14.257003041938663,1.735907345673479
2024-06,585,Общественное питание,25.50080221167089,17.695803594500582
2024-06,612,Маркетплейсы,7.434987822684299,4.070996625237755
2024-06,613,Маркетплейсы,8.38328078740529,4.028538226550104
2024-06,689,Здоровье,8.906194073556328,10.791099695020353
2024-06,697,Общественное питание,9.85825601590889,-6.793121352895887
2024-06,706,Общественное питание,10.170734299842007,10.880045444322235
2024-06,708,Транспорт,49.41086334825985,11.606333700754485
2024-06,722,Здоровье,18.2076659511126,-10.279779794485282
2024-06,727,Общественное питание,27.881725575875425,-7.608251247027012
2024-06,739,Общественное питание,15.250497272767205,-0.6285781853773356
2024-06,741,Транспорт,12.593152844227824,4.181885572662798
2024-06,742,Транспорт,10.521079916100271,8.13725070289353
2024-06,743,Маркетплейсы,13.737819086118076,5.018796051310485
2024-06,744,Транспорт,19.26221355974781,6.907223979795117
2024-06,753,Здоровье,8.73264507898408,-5.792257412164001
2024-06,754,Общественное питание,23.545571245874694,-6.107179470668852
2024-06,766,Здоровье,8.430251817932229,-3.749574291112114
2024-06,767,Общественное питание,22.752626980393526,3.274445138823456
2024-06,770,Здоровье,17.909631123274544,-7.43455519469035
2024-06,774,Общественное питание,32.299523308226625,-3.3698563417095593
2024-06,781,Все категории,6.747867692993531,-6.274716551785878
2024-06,783,Продовольствие,7.151384001701217,-11.092367172141481
2024-06,790,Продовольствие,18.99733439674884,-10.301017782836961
2024-06,791,Общественное питание,9.909372517428672,-0.019497358105883045
2024-06,794,Здоровье,16.547461399674493,9.893806701140589
2024-06,798,Общественное питание,6.981771524291082,1.3268380887220013
2024-06,804,Здоровье,28.2333194039086,9.142036852613222
2024-06,805,Продовольствие,9.284865288447323,-4.4334991505967505
2024-06,806,Транспорт,14.579225121080272,-9.82162032796018
2024-06,808,Транспорт,9.489849840425459,-12.900452156326402
2024-06,818,Здоровье,8.784219279573419,4.092175441394669
2024-06,847,Продовольствие,7.401837919295591,-5.65214008484666
2024-06,891,Продовольствие,41.88244310717454,-18.54898993616099
2024-06,891,Общественное питание,6.855856644947942,-3.894870974894772
2024-06,895,Транспорт,32.661030956626576,5.431014306498543
2024-06,899,Общественное питание,47.979682958573065,-2.8076418393759393
2024-06,901,Общественное питание,9.633916965179822,8.891148844261478
2024-06,902,Все категории,6.7065185715296725,2.993009507034983
2024-06,903,Маркетплейсы,7.287005754839404,7.575392036139833
2024-06,905,Все категории,13.79270952877609,3.9067890266393976
2024-06,907,Транспорт,7.638065511592931,-3.305130239733677
2024-06,908,Общественное питание,10.82586935750459,8.999910476656524
2024-06,908,Транспорт,20.920419988093013,8.552867278463145
2024-06,917,Транспорт,9.821831022755532,-3.1634735099590663
2024-06,920,Продовольствие,7.428948449397948,-7.726076132134502
2024-06,930,Продовольствие,10.6480481649955,-9.024515813592924
2024-06,930,Транспорт,11.674961220173032,-6.313060343229616
2024-06,1003,Транспорт,10.675092634046333,4.015036754902891
2024-06,1019,Общественное питание,33.996038327438924,7.958125091711966
2024-06,1020,Общественное питание,25.326635137211863,-8.147922112491042
2024-06,1021,Общественное питание,16.118323999943687,-8.93194423846398
2024-06,1036,Общественное питание,36.076560240852814,8.50275156396178
2024-06,1037,Маркетплейсы,21.127838618706484,-8.799808011292388
2024-06,1040,Общественное питание,7.204635529814306,-4.303862393355972
2024-06,1051,Общественное питание,8.701762085697501,6.253215905490462
2024-06,1055,Маркетплейсы,17.89881583104147,9.450285757555786
2024-06,1055,Общественное питание,17.047066322554613,15.596504086999953
2024-06,1058,Общественное питание,17.151148509360553,9.459829731499216
2024-06,1059,Общественное питание,7.78207496831061,29.836860677835393
2024-06,1059,Транспорт,71.62535040637273,5.504551454151691
2024-06,1062,Здоровье,11.63320514751999,-3.549739665736021
2024-06,1064,Все категории,7.785756748076043,3.9204551521998203
2024-06,1065,Общественное питание,14.991466644505367,9.70670063063587
2024-06,1066,Общественное питание,45.29205716509948,12.439775339251298
2024-06,1066,Транспорт,12.448112128415618,6.171265766001614
2024-06,1068,Общественное питание,112.93076079162485,24.89360625824395
2024-06,1070,Транспорт,7.777680935885171,5.871065488770595
2024-06,1072,Транспорт,7.201626793665904,4.4701332978111665
2024-06,1116,Общественное питание,20.149643632382418,5.231233003979589
2024-06,1122,Здоровье,18.421876994336024,-6.301648335695948
2024-06,1124,Транспорт,88.82205915903113,-16.532083395452766
2024-06,1147,Все категории,10.77559542641084,7.080490263293289
2024-06,1153,Общественное питание,6.80320382574119,-21.416302413499054
2024-06,1161,Здоровье,12.159694067259139,11.87909362910456
2024-06,1179,Транспорт,32.065177964539046,-28.08699555585069
2024-06,1184,Здоровье,9.778666775708091,-11.655010564361747
2024-06,1193,Транспорт,9.283368504406365,0.7346197045670964
2024-06,1194,Здоровье,8.6272885437438,-7.267762662514596
2024-06,1207,Транспорт,24.437987151118023,8.338738431425133
2024-06,1209,Маркетплейсы,6.929276424584793,-4.288478913385172
2024-06,1212,Здоровье,15.779085417056828,3.8732711792184897
2024-06,1227,Здоровье,8.65396044903094,6.863606161897076
2024-06,1241,Общественное питание,20.44305993470476,16.628039571579002
2024-06,1249,Все категории,8.429416950357663,4.06996365701587
2024-06,1249,Маркетплейсы,19.15280951620634,15.41401135783059
2024-06,1249,Здоровье,15.061391318065395,7.173962221668993
2024-06,1253,Продовольствие,19.20139815309783,-3.2038580787973263
2024-06,1261,Здоровье,14.231140383690022,-0.3719629954933561
2024-06,1270,Маркетплейсы,19.954531422438766,8.351151448117323
2024-06,1272,Транспорт,9.397713675272662,1.5991912175203615
2024-06,1279,Общественное питание,19.061176225823594,5.4926141914026445
2024-06,1285,Общественное питание,8.127377040806604,-2.2967691985602228
2024-06,1287,Здоровье,17.47883399772975,-6.93747772654482
2024-06,1291,Транспорт,33.76726198927763,18.322074044753716
2024-06,1305,Все категории,41.08465665191606,-12.78115171691937
2024-06,1305,Продовольствие,20.859807493072672,-11.376580618719023
2024-06,1305,Здоровье,47.518289009083404,-19.678941917553868
2024-06,1309,Здоровье,8.947979865955036,-5.6344110221430075
2024-06,1313,Общественное питание,22.339373522212846,5.808473065964207
2024-06,1328,Продовольствие,7.329686228079063,-8.529916797144178
2024-06,1328,Общественное питание,15.5048411910139,-11.35902548762957
2024-06,1336,Транспорт,12.086973574885587,-4.858323993840142
2024-06,1337,Транспорт,24.166452572107413,-15.112962067008151
2024-06,1339,Маркетплейсы,10.121886610260196,-9.534819978829866
2024-06,1339,Общественное питание,11.058176089373452,7.844314361625219
2024-06,1347,Общественное питание,14.514276101284466,16.93429926853331
2024-06,1348,Продовольствие,16.16671057736618,-8.749008068404349
2024-06,1348,Здоровье,25.38786117630866,-3.9937403229635953
2024-06,1350,Транспорт,15.647491945941864,-5.616175411833434
2024-06,1351,Здоровье,8.742899038159376,-6.342734123781283
2024-06,1355,Транспорт,29.66887805695054,-8.646323033242158
2024-06,1392,Транспорт,22.209594280929092,11.238564224028824
2024-06,1393,Маркетплейсы,9.343418251747563,6.5191826112616855
2024-06,1396,Маркетплейсы,7.522210335710059,-7.5834881837521895
2024-06,1404,Маркетплейсы,35.68143297831672,4.610743494732124
2024-06,1406,Все категории,7.5538995573844945,2.927523497963379
2024-06,1407,Транспорт,7.998996876157953,5.267613192976826
2024-06,1427,Общественное питание,12.358490555192816,-0.4613419214849623
2024-06,1431,Общественное питание,8.613541313294228,-5.630490762717882
2024-06,1472,Здоровье,8.07267242343708,7.48265940860203
2024-06,1507,Транспорт,8.059771272631613,7.410135423934107
2024-06,1519,Здоровье,12.096867381135109,9.316829011613411
2024-06,1522,Маркетплейсы,11.025098654460535,3.134932059720673
2024-06,1529,Общественное питание,10.174625815809492,5.776666897888559
2024-06,1530,Общественное питание,17.543860680947972,-6.350248910585317
2024-06,1539,Здоровье,8.18254408284483,-0.8438215270979741
2024-06,1542,Общественное питание,27.895730020878766,-3.0079427644513888
2024-06,1545,Все категории,8.407139982918222,4.871092133294972
2024-06,1568,Транспорт,16.510682789395503,16.557710086904542
2024-06,1583,Маркетплейсы,14.553821649304362,-5.374811179382893
2024-06,1593,Продовольствие,16.43558679132696,-8.457163167560692
2024-06,1599,Общественное питание,6.694754088252169,-2.965610128010388
2024-06,1600,Общественное питание,23.97507782648272,-7.284008963317611
2024-06,1608,Общественное питание,13.257149739999386,11.051061419785457
2024-06,1609,Общественное питание,14.682698994726161,-5.386265117605719
2024-06,1610,Общественное питание,40.71799628759751,-0.22619964242792107
2024-06,1622,Здоровье,8.737351945734137,-9.501453870002608
2024-06,1622,Общественное питание,7.216466393944251,7.312006877342561
2024-06,1623,Здоровье,14.717021594061299,6.106747567679613
2024-06,1623,Общественное питание,16.382887996542955,30.23432857261115
2024-06,1633,Маркетплейсы,16.325163937712432,6.206802588398671
2024-06,1644,Здоровье,9.134830640414862,-6.16333570073207
2024-06,1653,Маркетплейсы,22.193515657777187,2.895987538469645
2024-06,1658,Общественное питание,20.739411662867692,-7.927380344315641
2024-06,1662,Общественное питание,63.06675849712701,7.368343605217512
2024-06,1669,Продовольствие,7.071248913347262,-7.334457268008572
2024-06,1673,Маркетплейсы,44.75178563445856,3.891164131509653
2024-06,1673,Здоровье,11.442095254604252,4.477299132061255
2024-06,1673,Общественное питание,9.543173323560417,2.923100411656297
2024-06,1676,Транспорт,23.28852608005148,4.22946898282718
2024-06,1678,Здоровье,14.214818026830484,-1.0471313449352588
2024-06,1679,Все категории,9.93464150036198,-1.32104676254551
2024-06,1686,Продовольствие,22.183909920440303,-10.306267066619114
2024-06,1686,Общественное питание,17.420791773312992,7.964903453179057
2024-06,1687,Маркетплейсы,7.163037518334884,0.6817766286691814
2024-06,1688,Транспорт,9.400222739188424,2.9424011088246433
2024-06,1700,Маркетплейсы,20.223056101589602,-4.291991486901811
2024-06,1704,Маркетплейсы,7.157319052332756,-1.4487100764631564
2024-06,1707,Здоровье,8.392918459474751,7.186191959179569
2024-06,1708,Общественное питание,22.589325122786065,5.782201860847284
2024-06,1710,Продовольствие,11.879101213218844,-5.5564612540243035
2024-06,1714,Все категории,6.693367812061023,-5.896997466946628
2024-06,1715,Все категории,29.824747902611914,-10.011213782650264
2024-06,1719,Продовольствие,16.84866960477123,-9.312957066765465
2024-06,1739,Продовольствие,7.000115180313606,-8.659674964283413
2024-06,1743,Здоровье,18.388842996974102,6.103447908535237
2024-06,1743,Общественное питание,19.653061979342425,-3.7100110202150027
2024-06,1744,Общественное питание,11.06247739101931,4.302004045204328
2024-06,1752,Общественное питание,9.798288795460348,0.9762358925209207
2024-06,1755,Продовольствие,19.42007262217761,-9.570236493957907
2024-06,1755,Общественное питание,11.942761726638894,7.036052308508388
2024-06,1765,Транспорт,8.491139844991862,6.4655210215485335
2024-06,1766,Транспорт,28.816851904434948,1.4925903818599469
2024-06,1774,Все категории,7.571970038250245,-7.917315719256455
2024-06,1774,Продовольствие,55.93753080412733,-19.191903522497828
2024-06,1774,Здоровье,21.61338857035067,-9.541690523306569
2024-06,1775,Здоровье,24.97167732993092,-4.785125578895963
2024-06,1775,Транспорт,10.41247388900819,0.08501786669346185
2024-06,1785,Общественное питание,12.046732708283072,3.8579125260801512
2024-06,1857,Маркетплейсы,8.456313067572802,-2.968616198265738
2024-06,1865,Продовольствие,7.0439839649992795,-0.5747522013921694
2024-06,1865,Маркетплейсы,8.285742357468914,-9.497994281307703
2024-06,1874,Общественное питание,8.371968692569167,-4.951421447414931
2024-06,1879,Общественное питание,9.142120286071139,-12.105261749784582
2024-06,1885,Общественное питание,11.549823557759634,-5.511281747627884
2024-06,1886,Продовольствие,9.342311281875892,-2.800656773588106
2024-06,1886,Общественное питание,8.472090301370105,-6.329929946052991
2024-06,1889,Продовольствие,10.431302183628599,-6.597988599853814
2024-06,1894,Маркетплейсы,10.890760277540567,-6.559052873360969
2024-06,1895,Все категории,10.388637396685606,-6.763513773034724
2024-06,1895,Общественное питание,17.271736563720996,-13.739454665765765
2024-06,1896,Все категории,6.736926299900653,2.6116320426100383
2024-06,1906,Общественное питание,13.018052623306515,-1.906657713474798
2024-06,1907,Транспорт,26.815069901544675,-13.76689090273684
2024-06,1908,Здоровье,11.480069165070859,0.5378540686586828
2024-06,1937,Здоровье,6.900757037335126,4.218406560966443
2024-06,1941,Здоровье,30.110445881306667,0.7535886386653763
2024-06,1942,Все категории,8.106354092802535,-1.5077527202615115
2024-06,1955,Все категории,30.974812557947196,-11.035368459705142
2024-06,1955,Продовольствие,26.89660063090308,-12.288658746413104
2024-06,1955,Общественное питание,31.01873350083432,-11.103998248635428
2024-06,1955,Транспорт,26.702842001343733,-6.399354790405574
2024-06,1956,Здоровье,33.74516885162064,0.619091913639986
2024-06,1957,Транспорт,13.459621650810659,-16.506856753074693
2024-06,1959,Транспорт,7.4329497890448675,-8.242367665691466
2024-06,1965,Транспорт,9.289397113612894,-8.104629163376138
2024-06,1967,Здоровье,9.212718419505563,-5.778376851601215
2024-06,1969,Маркетплейсы,6.82202632307186,6.568038896622667
2024-06,1970,Маркетплейсы,8.284142925367131,12.316107312652983
2024-06,1971,Общественное питание,7.2862960153187455,-5.654406460117443
2024-06,1982,Транспорт,7.878506741041626,-1.4048169239527626
2024-06,1990,Общественное питание,13.769641447567315,0.30508311996957627
2024-06,1993,Общественное питание,7.469287208566331,-4.010275383612139
2024-06,2012,Общественное питание,47.821552443985375,-12.928547771143313
2024-06,2021,Маркетплейсы,8.653028505445413,-1.0317082937283177
2024-06,2027,Маркетплейсы,14.001672042772082,6.360457750745871
2024-06,2037,Здоровье,11.868823721771616,-7.880484278307232
2024-06,2041,Маркетплейсы,15.874283426771067,7.415704043341668
2024-06,2043,Общественное питание,17.48441777072418,-7.965329885164348
2024-06,2043,Транспорт,34.03862632123208,-6.996578031123953
2024-06,2045,Общественное питание,14.48790175849197,14.699399151667004
2024-06,2046,Маркетплейсы,62.36435107155233,2.2402848757215033
2024-06,2048,Здоровье,13.149293607036443,9.87728407597881
2024-06,2056,Транспорт,8.133993117802252,-8.17218558782359
2024-06,2057,Все категории,10.495842632667536,-5.247374947055326
2024-06,2058,Продовольствие,21.791461741000713,-6.718026643203451
2024-06,2061,Все категории,10.994900514944744,-4.38299514299438
2024-06,2070,Общественное питание,8.795848954898986,10.68425854254155
2024-06,2087,Маркетплейсы,9.328604660413555,-6.103240982394537
2024-06,2114,Здоровье,13.303171124429339,1.029157016547674
2024-06,2116,Общественное питание,7.028347302782217,2.785595594433527
2024-06,2127,Здоровье,28.45756830166458,-2.7890199275325367
2024-06,2132,Транспорт,10.678047126008648,-2.8200694707822596
2024-06,2134,Маркетплейсы,17.135301329259715,-1.719918262896293
2024-06,2137,Маркетплейсы,7.659656661631693,-0.14330055884677018
2024-06,2144,Общественное питание,8.711048293119186,-5.009028165826883
2024-06,2153,Общественное питание,32.690430009616826,-10.632436373202603
2024-06,2161,Общественное питание,16.82483670312226,-8.012983973525959
2024-06,2167,Общественное питание,35.37855444607298,7.975118752467846
2024-06,2169,Общественное питание,11.894231930000013,6.093210308865348
2024-06,2197,Здоровье,7.017101124961148,-1.3995532115621574
2024-06,2200,Транспорт,22.853754289770464,2.3946591516322635
2024-06,2202,Продовольствие,10.054217449693855,-7.887445105361327
2024-06,2202,Транспорт,9.111910341034521,-9.56980235244108
2024-06,2206,Маркетплейсы,12.331574670452728,8.474524149529978
2024-06,2228,Все категории,6.924216116450637,2.6102608605807798
2024-06,2229,Продовольствие,19.03864268749601,-0.44671304015407015
2024-06,2233,Все категории,10.411799930674032,4.595010923934663
2024-06,2241,Транспорт,8.712243635357916,7.8829395148326595
2024-06,2243,Здоровье,7.642531705127901,18.314477534779893
2024-06,2244,Все категории,12.673347620346386,-0.8828325837556645
2024-06,2245,Все категории,6.710213786464243,7.22658797539595
2024-06,2250,Маркетплейсы,7.0367887364892665,4.929799867157319
2024-06,2264,Общественное питание,9.398441203861935,1.9766543069086662
2024-06,2269,Общественное питание,30.70483722268736,-5.134053073042343
2024-06,2276,Маркетплейсы,11.597108240002319,7.798637045200062
2024-06,2282,Общественное питание,10.895261931676101,-6.278417410924561
2024-06,2292,Транспорт,10.574072746089687,-4.017676902964981
2024-06,2296,Транспорт,10.61451066842128,-7.0376756176253705
2024-06,2297,Транспорт,8.434350766993033,-1.5430488799353088
2024-06,2299,Общественное питание,17.22846284910227,-9.269081854459728
2024-06,2305,Маркетплейсы,7.149092662861707,6.6414051151917395
2024-06,2310,Транспорт,14.546943049269307,-9.480641363038195
2024-06,2318,Общественное питание,7.253513368881212,-5.149442423466038
2024-06,2329,Транспорт,12.328635672169957,-3.5461165727274686
2024-06,2336,Здоровье,27.03424827509143,7.148806138187236
2024-06,2339,Транспорт,7.190088591310202,-6.691700473740153
2024-06,2348,Здоровье,7.384058622992454,3.9681352996569217
2024-06,2348,Общественное питание,8.30392062728588,4.414988804782624
2024-06,2355,Общественное питание,7.937758311031901,-3.97432027495267
2024-06,2359,Общественное питание,11.171006575069256,-1.6215090217059043
2024-06,2368,Общественное питание,27.24618456934101,-4.403389146522917
2024-06,2369,Общественное питание,7.089914636792364,-2.189624077323725
2024-06,2372,Общественное питание,16.357091443193937,-2.954355147842561
2024-06,2375,Общественное питание,24.87823938359458,-7.49628275704803
2024-06,2380,Общественное питание,8.192808636459553,-3.5466500417907283
2024-06,2381,Общественное питание,20.35343073568574,-3.799523437169487
2024-06,2383,Общественное питание,7.154032340607285,-6.069764317458671
2024-06,2384,Общественное питание,28.404815208797245,-3.033182788891885
2024-06,2385,Общественное питание,17.55790350998658,-3.587959772031989
2024-06,2387,Общественное питание,24.985850648975262,-6.58997881756366
2024-06,2389,Общественное питание,7.838692610510383,-2.356685334112015
2024-06,2392,Общественное питание,9.503119577442098,-1.8002487557557787
2024-06,2398,Общественное питание,10.65302838401816,-1.8619985626690996
2024-06,2401,Общественное питание,13.523719790150137,-3.180210043825973
2024-06,2425,Общественное питание,21.855842920343296,-3.103338363640833
2024-06,2428,Общественное питание,21.502492244675683,-2.7061352507065735
2024-06,2431,Общественное питание,16.215429103374426,-5.291525929877871
2024-06,2436,Общественное питание,9.45615270668696,-2.6470321093726126
2024-06,2440,Общественное питание,10.843395494181479,-0.9673085333776186
2024-06,2450,Общественное питание,15.741957057968683,-2.210077845561135
2024-06,2453,Общественное питание,27.89481710862026,-5.291564330323547
2024-06,2454,Общественное питание,37.95501140262728,-5.970534653573144
2024-06,2455,Общественное питание,24.30861007776073,-5.112142400086391
2024-06,2456,Транспорт,9.865124768523282,10.847340840389034
2024-06,2459,Общественное питание,19.014714331604132,-3.1779003358562123
2024-06,2463,Общественное питание,11.665809184948625,-3.413314358546967
2024-06,2467,Общественное питание,15.589600571507606,-7.766588283413265
2024-06,2468,Общественное питание,12.235278416786475,-5.295856544752758
2024-06,2470,Общественное питание,6.7880051477521155,-4.410370784357903
2024-06,2475,Общественное питание,8.309488771207388,-4.888684316982843
2024-06,2477,Общественное питание,8.44619583656699,-3.4053994118602615
2024-06,2480,Общественное питание,10.75617140373888,-2.898985687287258
2024-06,2485,Общественное питание,9.839067329583909,-2.870147602345596
2024-06,2486,Общественное питание,15.066355410912973,-2.436820768569903
2024-06,2490,Общественное питание,18.849302032428948,-6.9319890734843606
2024-06,2497,Общественное питание,12.718091765288928,-7.659168919319233
2024-06,2513,Общественное питание,7.950036171195432,-4.565267427252514
2024-06,2514,Общественное питание,10.439636651559526,-4.757149654775179
2024-06,2519,Общественное питание,14.715594421939658,-7.298683442535102
2024-06,2533,Общественное питание,19.813750446855664,-3.1078193258806834
2024-06,2547,Общественное питание,12.41139117228766,-6.720787872494305
2024-06,2566,Общественное питание,12.020893137537328,-4.083681433377117
2024-06,2569,Общественное питание,17.765082846939325,-3.1055067277764072
2024-06,2584,Общественное питание,16.535205178712285,-5.484272419329275
2024-06,2593,Здоровье,22.19557756527172,17.888655366957718
2024-06,2601,Здоровье,18.556110627191956,1.2128598667230035
2024-06,2604,Здоровье,36.90353496556549,15.27676797664424
2024-06,2619,Транспорт,9.228423171987984,1.9377869038142346
2024-06,2621,Общественное питание,24.241553559567944,-7.79549660241182
2024-07,15,Общественное питание,15.902609287316212,4.252706691601084
2024-07,21,Общественное питание,43.58968580602091,-12.49226210922865
2024-07,22,Все категории,13.749790955366597,-3.67751284034102
2024-07,25,Общественное питание,7.009310675845862,-6.853863701882716
2024-07,26,Общественное питание,14.725210315599009,-8.579463890347927
2024-07,29,Общественное питание,7.176789698677189,-5.4650687190707945
2024-07,36,Здоровье,12.439330054178425,-4.495299477286915
2024-07,47,Транспорт,7.438574946423643,-6.801655735560637
2024-07,57,Общественное питание,8.262199869133296,-7.0192447770825
2024-07,60,Все категории,7.0993863726897874,-8.408137093310199
2024-07,60,Транспорт,8.834348697579673,-4.831902737810952
2024-07,67,Общественное питание,11.235498257471003,6.859396473630408
2024-07,71,Здоровье,8.239099114136161,1.190497960090806
2024-07,77,Здоровье,7.628264151019982,-3.749084197238417
2024-07,78,Транспорт,36.058596195131514,5.799761846811742
2024-07,173,Общественное питание,10.914720586056955,4.67763299701064
2024-07,184,Общественное питание,14.618524527140352,9.533241595679595
2024-07,196,Продовольствие,7.111303823612347,5.221590930363553
2024-07,222,Общественное питание,8.174515368743856,1.9758418492340386
2024-07,222,Транспорт,7.490864010929797,1.5066981739264125
2024-07,224,Общественное питание,12.101049530262797,-3.8409035561734965
2024-07,226,Маркетплейсы,13.900356800514297,8.389512621651253
2024-07,239,Общественное питание,8.259061853959723,2.6803458620346925
2024-07,243,Все категории,13.387739275912,1.2002026843232834
2024-07,243,Маркетплейсы,24.834967122126866,0.5054981660067326
2024-07,269,Общественное питание,38.398712525828586,-9.546851633775601
2024-07,276,Транспорт,21.689500143859693,-1.4946612198744127
2024-07,278,Общественное питание,19.387380290538758,-9.166510314962249
2024-07,302,Здоровье,6.784845371091051,5.606004268408595
2024-07,306,Продовольствие,9.04410703576181,1.417459912674691
2024-07,312,Здоровье,9.787542776558281,6.8335363260853175
2024-07,316,Транспорт,9.907740203210274,4.975219794962972
2024-07,318,Все категории,8.071641093975737,4.39956656546087
2024-07,318,Маркетплейсы,9.937854819437735,5.608751344007811
2024-07,325,Продовольствие,9.183640682504105,5.638210537377892
2024-07,327,Здоровье,11.287150225003675,6.815270379976396
2024-07,332,Все категории,40.09683950661348,5.584445192113304
2024-07,335,Маркетплейсы,7.337782380040381,4.856438421067788
2024-07,341,Здоровье,12.73759483253996,4.627481314108177
2024-07,348,Транспорт,8.293685246529355,-7.075968328305055
2024-07,365,Маркетплейсы,10.026305115044947,15.39900881915679
2024-07,374,Транспорт,9.105836296925833,5.132951892744858
2024-07,383,Здоровье,11.51393499340505,-6.901734158616904
2024-07,392,Общественное питание,7.146985761542779,1.2651192994456673
2024-07,398,Продовольствие,12.217221181435,-13.06670176109128
2024-07,414,Маркетплейсы,9.220943757963301,-8.287674131057088
2024-07,418,Общественное питание,22.553889798753524,-8.92224012134883
2024-07,420,Общественное питание,7.399125902535861,-3.8519685049514316
2024-07,430,Общественное питание,26.215323191270045,-10.557608731428797
2024-07,433,Продовольствие,16.191155215109315,1.2680394718360462
2024-07,434,Маркетплейсы,45.78133565714222,5.2195685269851655
2024-07,435,Транспорт,12.705491438015088,7.270793682338113
2024-07,447,Здоровье,18.98449291479855,-4.291412910571175
2024-07,448,Общественное питание,8.316838350564838,-5.297728595754541
2024-07,455,Транспорт,12.43154855053618,6.197605014333623
2024-07,458,Транспорт,33.98495839014008,9.00510008885259
2024-07,459,Общественное питание,8.551188771703087,-5.6016854911077845
2024-07,478,Общественное питание,8.431331560139279,-7.072520914912392
2024-07,486,Здоровье,7.148791075199655,-3.1696835140315285
2024-07,494,Общественное питание,7.979416471882894,-5.663486122675292
2024-07,497,Общественное питание,11.489285720232887,1.5842157793714327
2024-07,517,Маркетплейсы,51.5329252785332,31.752873691214266
2024-07,517,Общественное питание,24.520990371706546,3.311922241569096
2024-07,519,Транспорт,16.670342655736338,-4.924478724043286
2024-07,538,Общественное питание,39.8548667981756,12.040021985949801
2024-07,543,Транспорт,22.167037861150423,7.353411686735239
2024-07,569,Все категории,12.513147596149668,4.789298926874238
2024-07,578,Продовольствие,8.517884986232417,8.90786117859657
2024-07,579,Общественное питание,10.708356921207082,-4.2829355538998755
2024-07,581,Здоровье,9.497521875400526,4.662173316075762
2024-07,588,Транспорт,7.340594906166409,-8.458284057635774
2024-07,618,Общественное питание,7.904555474519981,1.0402435298148167
2024-07,619,Все категории,7.987465295170707,2.420672927305401
2024-07,667,Транспорт,7.142557239990696,6.887258825995546
2024-07,670,Продовольствие,6.8985429728501675,5.753669762471879
2024-07,670,Транспорт,23.369228146171533,6.780534633738884
2024-07,694,Маркетплейсы,13.550368453541386,-5.995629308336551
2024-07,702,Маркетплейсы,16.01944370522692,2.8233555933653873
2024-07,706,Общественное питание,18.9492653733132,2.8150940090013936
2024-07,708,Транспорт,24.314071778925317,15.020370751856552
2024-07,720,Здоровье,13.0250733134812,5.576988407753866
2024-07,726,Здоровье,7.260064692764897,4.870404298314393
2024-07,727,Общественное питание,48.87851031821869,-14.762403171786481
2024-07,741,Транспорт,15.20811766418351,7.458605377266677
2024-07,744,Транспорт,32.50023172992256,-1.3554176002011644
2024-07,754,Общественное питание,14.240432730830229,-7.590105455448206
2024-07,767,Общественное питание,7.320711726517228,6.277632901094444
2024-07,770,Здоровье,7.609195875729095,-0.11856882326776552
2024-07,789,Общественное питание,10.384577851486165,-6.948892758228594
2024-07,791,Продовольствие,10.091792040447936,2.47555011432886
2024-07,794,Здоровье,20.642399064033924,-1.4797084663916
2024-07,804,Здоровье,7.195970597244482,1.7579711064238017
2024-07,808,Транспорт,11.695706675557117,-1.9955753598547936
2024-07,815,Общественное питание,15.577651384401626,3.377000351583971
2024-07,819,Здоровье,6.698232099361507,4.423135439347985
2024-07,822,Общественное питание,8.039974441005407,5.477355304772356
2024-07,829,Общественное питание,18.491709579297066,3.6680387487187884
2024-07,834,Транспорт,17.602212705082355,-4.897214468380774
2024-07,846,Общественное питание,42.54225886997195,-4.453844001455089
2024-07,848,Здоровье,9.992404028961635,6.730844048195614
2024-07,854,Общественное питание,15.77336710380153,-1.3166780853308877
2024-07,870,Транспорт,9.370612734905773,5.556615057077952
2024-07,883,Здоровье,8.418654511009695,0.8416953539603789
2024-07,891,Общественное питание,9.28732558581791,-11.013579399072094
2024-07,899,Общественное питание,36.033538340025075,0.4229207901632108
2024-07,904,Здоровье,6.86442784707219,-3.768686729744849
2024-07,1003,Общественное питание,13.607653688970387,-3.7055322251913907
2024-07,1003,Транспорт,40.59474000164548,10.009958991118674
2024-07,1015,Транспорт,7.0845952392761316,-6.274335558498343
2024-07,1019,Общественное питание,12.336102248297127,8.851477252772558
2024-07,1020,Маркетплейсы,6.660128159293527,-7.647576024335741
2024-07,1020,Общественное питание,44.11995750503475,-12.258164648241635
2024-07,1024,Транспорт,14.549457780527112,-7.222403585638236
2024-07,1036,Общественное питание,30.733175637166948,8.424362251023584
2024-07,1036,Транспорт,30.936514163836264,-5.859706296895641
2024-07,1047,Здоровье,12.959373863555365,-3.9236232160542768
2024-07,1054,Транспорт,8.403819173580398,-3.5118194872729553
2024-07,1058,Продовольствие,7.519974990416382,-7.449831389883179
2024-07,1060,Здоровье,13.687188489490389,0.3435487901316915
2024-07,1068,Общественное питание,41.06824960158217,22.09859650854366
2024-07,1070,Транспорт,11.472427082729492,5.078843036315858
2024-07,1116,Общественное питание,34.878504651725635,5.216016031673694
2024-07,1121,Продовольствие,7.628457296682698,-6.619601464674305
2024-07,1124,Транспорт,95.89096273870355,-12.351984316086567
2024-07,1128,Все категории,18.311398078106777,-8.161706242483472
2024-07,1130,Маркетплейсы,9.608296205118412,9.504284772311216
2024-07,1151,Продовольствие,7.560337834458165,5.63349320770312
2024-07,1157,Общественное питание,13.050549938355916,5.686181453473566
2024-07,1161,Здоровье,8.345290028346414,5.673750267704127
2024-07,1165,Здоровье,6.814881028060627,5.771249838250447
2024-07,1167,Общественное питание,10.17910019226134,4.683528453930164
2024-07,1184,Здоровье,15.996736111152343,-5.235433935792234
2024-07,1193,Транспорт,31.19266385479767,-3.5751223857999936
2024-07,1194,Продовольствие,27.524462147899825,-11.407744484189104
2024-07,1194,Здоровье,11.559275928305219,-6.057293200984634
2024-07,1212,Здоровье,11.309139564198029,-0.9937954462843674
2024-07,1225,Маркетплейсы,9.917758930975005,-3.3333288833292087
2024-07,1227,Маркетплейсы,6.791261035811525,1.902917906815058
2024-07,1229,Маркетплейсы,8.409467061786048,-2.155270827088955
2024-07,1236,Общественное питание,10.14255864461008,-6.690429670352177
2024-07,1244,Общественное питание,15.81123315902862,6.205145947182478
2024-07,1249,Все категории,13.665562394669768,5.6825686595470986
2024-07,1249,Здоровье,16.746761322474487,17.2121693092887
2024-07,1258,Общественное питание,12.655594404616608,-8.321949511544124
2024-07,1261,Здоровье,31.012194288322476,-1.3797506488215245
2024-07,1270,Маркетплейсы,63.7412831094716,17.353255343668696
2024-07,1273,Продовольствие,9.397596533515475,5.452024578591147
2024-07,1276,Продовольствие,9.414964423144832,-6.060189298591739
2024-07,1279,Общественное питание,22.268435338016406,4.331497644764737
2024-07,1285,Общественное питание,18.324275973285623,0.5368225869535916
2024-07,1287,Здоровье,21.002536230438796,-5.907082622678728
2024-07,1291,Транспорт,15.341843485566212,15.73771800961459
2024-07,1294,Общественное питание,8.439860320796942,-5.458638659325013
2024-07,1294,Транспорт,8.071578095217781,-5.098722341132624
2024-07,1305,Все категории,31.177363180791637,-17.332759184669854
2024-07,1305,Здоровье,35.63766692409745,-18.31495592107042
2024-07,1313,Общественное питание,15.878644126958608,3.0243101678056563
2024-07,1321,Общественное питание,92.422509186766,-15.23922081741967
2024-07,1337,Транспорт,19.872968999729515,-0.8669074824115519
2024-07,1347,Общественное питание,18.66761643868723,19.22913837848962
2024-07,1348,Здоровье,19.92179860902827,-5.787824726960763
2024-07,1351,Здоровье,11.128915694154736,3.236911171365175
2024-07,1355,Транспорт,50.62877697485141,-13.980577824061712
2024-07,1395,Общественное питание,31.53081561497831,-13.429802400421412
2024-07,1397,Общественное питание,8.33057755328079,-9.427958326463862
2024-07,1398,Общественное питание,9.951115405085158,-13.383234617874448
2024-07,1399,Общественное питание,23.161915281246362,-11.992499068751655
2024-07,1402,Общественное питание,11.597451643821872,-10.662532108086102
2024-07,1426,Здоровье,19.058773191710102,-5.047000874253191
2024-07,1430,Здоровье,16.426230476337057,11.275729112151975
2024-07,1438,Общественное питание,13.122191227837762,-0.8773492847510767
2024-07,1443,Общественное питание,11.138772145129872,-6.1253338858893365
2024-07,1444,Общественное питание,7.947015599463297,-4.674799475135636
2024-07,1475,Общественное питание,16.591019073918893,-11.916561373774464
2024-07,1480,Общественное питание,6.798088544080991,-4.473917963597994
2024-07,1483,Все категории,9.388669721384522,2.8433249400545746
2024-07,1483,Общественное питание,11.669960473305485,7.260073200360181
2024-07,1493,Общественное питание,7.451174554956253,-5.087579389737934
2024-07,1510,Транспорт,9.659063777281332,11.005252734757276
2024-07,1528,Общественное питание,6.696927087670351,3.3294374378270164
2024-07,1534,Продовольствие,9.770552848290498,-6.0493881632185555
2024-07,1539,Здоровье,10.015377074206155,-0.9781139080587593
2024-07,1541,Общественное питание,15.228484384901085,9.07009426486186
2024-07,1545,Все категории,11.620791853314614,5.212664026055259
2024-07,1545,Транспорт,16.268864233924898,-7.227223196338757
2024-07,1546,Общественное питание,9.068348129438942,7.299733935058498
2024-07,1559,Общественное питание,51.70920010038685,9.90830685631048
2024-07,1568,Продовольствие,9.952581812998925,-4.256363461978694
2024-07,1568,Транспорт,26.610916406462444,2.626646561962148
2024-07,1570,Транспорт,17.61357317153296,-4.548006560271648
2024-07,1583,Маркетплейсы,15.579161439205269,3.831890707408873
2024-07,1585,Общественное питание,9.021839155172142,-6.869616350561187
2024-07,1587,Общественное питание,7.343274124425696,8.526489445805815
2024-07,1597,Общественное питание,7.62819501391664,-5.836602181877867
2024-07,1600,Общественное питание,24.09443684633184,-11.07651882874549
2024-07,1608,Общественное питание,31.103438294864993,6.699677935723654
2024-07,1610,Общественное питание,38.3023458642981,1.3331374138356962
2024-07,1610,Транспорт,29.461328076974755,6.805465484878678
2024-07,1623,Общественное питание,121.52528629554453,42.68868762498684
2024-07,1629,Общественное питание,6.938894026038328,12.488054907579308
2024-07,1630,Общественное питание,11.081045674086743,-1.348499417522041
2024-07,1631,Транспорт,7.413637603586289,2.932487687404951
2024-07,1648,Общественное питание,12.150808237490743,8.92280348268637
2024-07,1653,Маркетплейсы,66.94379443767524,12.425357383584068
2024-07,1657,Здоровье,28.314094548532136,13.50835754779329
2024-07,1658,Общественное питание,14.279113760211647,-7.615283867526753
2024-07,1662,Общественное питание,13.126811444651448,1.5280533950835367
2024-07,1665,Общественное питание,12.37538083589299,-5.873414333315264
2024-07,1667,Здоровье,12.834903053515317,6.881672530215797
2024-07,1676,Транспорт,20.075849266149767,12.064451340692244
2024-07,1686,Общественное питание,12.557540710771805,1.0021943188756917
2024-07,1692,Транспорт,7.304580345552435,4.75495070874058
2024-07,1696,Общественное питание,10.095845758507178,5.314195418540333
2024-07,1699,Общественное питание,9.287889794031802,3.37047682281814
2024-07,1702,Все категории,7.878354129985156,-4.749895744718687
2024-07,1704,Маркетплейсы,17.857488324730166,-5.619188291943041
2024-07,1705,Все категории,8.937614735097805,-5.34744294050425
2024-07,1710,Здоровье,22.538950721894494,-12.117659338948657
2024-07,1719,Продовольствие,14.85831843857539,-14.161447464210003
2024-07,1726,Общественное питание,11.111471850499269,-7.22406801683363
2024-07,1728,Все категории,8.843825052451407,-5.447854882038758
2024-07,1732,Все категории,7.627317773934967,9.621655315884023
2024-07,1732,Продовольствие,14.23038334920536,7.137400237805609
2024-07,1742,Общественное питание,9.617134596340362,-5.663332317578909
2024-07,1743,Здоровье,14.111644185336743,0.289747149654181
2024-07,1743,Общественное питание,89.7458420934639,11.291065881306343
2024-07,1751,Транспорт,25.628742414986753,-10.079374182800906
2024-07,1760,Продовольствие,11.659892561461135,-6.717521572982887
2024-07,1774,Здоровье,8.172633504315208,-11.887632323963823
2024-07,1775,Здоровье,32.46614954651001,-3.5121062633785676
2024-07,1788,Продовольствие,11.020498468885275,-4.548280303210478
2024-07,1845,Общественное питание,11.007413745347044,-7.375111619952948
2024-07,1857,Все категории,8.960350818722171,-4.734187907377523
2024-07,1857,Маркетплейсы,8.671416969484163,-0.9199082406609602
2024-07,1858,Общественное питание,21.63535230787245,7.459611367106535
2024-07,1874,Общественное питание,14.433094304758145,-6.69966584976648
2024-07,1885,Общественное питание,9.121993489114194,-5.790418096835415
2024-07,1890,Общественное питание,7.467527295319143,-5.355991520516223
2024-07,1892,Здоровье,24.755707868302824,-11.653133652952608
2024-07,1894,Маркетплейсы,9.183762073977705,-4.148927074869498
2024-07,1895,Здоровье,10.192207701834048,-11.650658232045842
2024-07,1898,Здоровье,8.196805210045156,2.3709043002113046
2024-07,1899,Здоровье,7.23407519933421,5.199797835367702
2024-07,1906,Общественное питание,7.620203188932764,3.169178396374493
2024-07,1906,Транспорт,10.529478627112574,3.905780291129416
2024-07,1907,Транспорт,29.707468616915424,-24.00304853265313
2024-07,1912,Здоровье,10.571593974473389,-3.4425910220587244
2024-07,1926,Транспорт,24.861040127814395,-8.53165253318182
2024-07,1928,Общественное питание,19.72677850008181,8.644734519199778
2024-07,1941,Здоровье,7.09426287377835,2.2686270183007866
2024-07,1956,Здоровье,21.24646449666358,-4.119289499960043
2024-07,1957,Транспорт,22.38910874486253,-14.538830405958716
2024-07,1959,Маркетплейсы,12.460258541212891,18.851227877840223
2024-07,1960,Общественное питание,8.008074404362732,4.296115516699648
2024-07,1965,Здоровье,10.467665385196863,-6.272792520109687
2024-07,1970,Маркетплейсы,8.892771081037251,15.8120911503296
2024-07,1971,Общественное питание,18.459302770430465,-10.802968768739383
2024-07,1977,Общественное питание,13.695035079058572,-7.702354272150198
2024-07,1981,Общественное питание,22.47511208934428,-13.131779815675197
2024-07,1982,Транспорт,6.878437551012625,-6.466138450703869
2024-07,1987,Маркетплейсы,10.90212430373249,6.751906772685804
2024-07,1990,Общественное питание,27.357819451656557,-3.8287309023344243
2024-07,1993,Общественное питание,16.959492540308187,-6.293481448189289
2024-07,1996,Общественное питание,9.30868593539418,-6.096311312638987
2024-07,2008,Общественное питание,9.914055999283326,-7.5057999952722305
2024-07,2012,Общественное питание,37.37709840591123,-13.050322774910514
2024-07,2015,Транспорт,37.07825820888317,-10.068992977292899
2024-07,2018,Маркетплейсы,11.646846145612102,7.749217402502701
2024-07,2023,Маркетплейсы,13.339050514241169,1.6292040814116897
2024-07,2027,Маркетплейсы,14.48988475539076,4.205605436840825
2024-07,2035,Маркетплейсы,14.079139071123054,16.093647610159124
2024-07,2041,Маркетплейсы,30.26917019439238,7.984007441489994
2024-07,2043,Транспорт,35.117041177989755,-3.4053406961595973
2024-07,2046,Маркетплейсы,13.45491945590235,-4.731427466083032
2024-07,2056,Транспорт,14.516404168907018,2.968860939502732
2024-07,2061,Все категории,19.502907070308837,-5.236528943067857
2024-07,2067,Общественное питание,8.15730767558389,-0.18255450893143488
2024-07,2087,Продовольствие,15.272411999325298,7.682562611951862
2024-07,2095,Маркетплейсы,6.728907570791271,-5.511572389405334
2024-07,2114,Здоровье,28.12211790810596,-1.218769077691255
2024-07,2116,Общественное питание,10.059975732058305,4.31292245424719
2024-07,2122,Общественное питание,8.69931939598005,4.113167042650671
2024-07,2127,Здоровье,10.176995795536737,0.4188400280515248
2024-07,2129,Транспорт,12.004588030599733,2.8579662395249317
2024-07,2132,Транспорт,22.89430212643414,9.553385169489236
2024-07,2142,Здоровье,7.418452688455688,-3.735713436334077
2024-07,2144,Общественное питание,11.778781012519328,-8.576260940146009
2024-07,2146,Маркетплейсы,18.342612412816127,-8.095799870270639
2024-07,2153,Общественное питание,11.80228903304959,-5.163368645871529
2024-07,2161,Общественное питание,16.822115960175825,-10.637867583353566
2024-07,2171,Все категории,15.968317060571652,2.2504289395315458
2024-07,2193,Общественное питание,18.237531661846717,-8.074432050947266
2024-07,2200,Транспорт,10.066090477533768,0.2415771198484609
2024-07,2206,Маркетплейсы,17.720329090302407,6.921856259556928
2024-07,2227,Здоровье,6.87351678498021,3.6886394110142153
2024-07,2228,Все категории,7.464096467068351,3.303032202332584
2024-07,2229,Продовольствие,21.731276565566425,-0.5213636263013319
2024-07,2234,Здоровье,9.530381442657955,5.412523393278484
2024-07,2234,Общественное питание,28.33059549663987,6.115703061473546
2024-07,2241,Транспорт,30.804434629728927,15.196039439399286
2024-07,2244,Все категории,65.13693740252512,9.929790975905876
2024-07,2244,Маркетплейсы,15.785436766881913,5.996451537372915
2024-07,2248,Здоровье,11.810025811447725,8.254427716729518
2024-07,2249,Транспорт,7.101998533750473,2.495879407367212
2024-07,2250,Маркетплейсы,26.98362277488446,9.714495455910521
2024-07,2250,Здоровье,6.824142851911956,6.708932018018934
2024-07,2259,Транспорт,12.841481379784005,-1.8716049324752686
2024-07,2265,Здоровье,8.765747250804882,-2.5449779343403227
2024-07,2269,Общественное питание,22.85223030849527,-2.0664585233226176
2024-07,2274,Транспорт,11.929435056356995,-2.807121297662791
2024-07,2275,Общественное питание,8.71389627736131,-6.488945635731657
2024-07,2276,Маркетплейсы,7.573287497108352,3.2639125773063333
2024-07,2282,Общественное питание,9.985339480280262,-4.875290703732473
2024-07,2301,Общественное питание,7.1085478559772,-5.734301816956714
2024-07,2318,Общественное питание,14.888101620241246,-7.405514227746159
2024-07,2321,Продовольствие,7.627652250507332,-2.7695356946006826
2024-07,2329,Транспорт,11.439781065551077,6.269754230397655
2024-07,2336,Здоровье,24.161381055903888,3.4340627506999444
2024-07,2341,Здоровье,80.71899995418512,8.605694483053563
2024-07,2348,Общественное питание,8.281536290208885,6.598795497456256
2024-07,2349,Здоровье,7.925425213372285,3.674976849045908
2024-07,2351,Общественное питание,10.169193333183468,-5.165643094876461
2024-07,2352,Общественное питание,15.594066232088853,-7.920989782781351
2024-07,2354,Общественное питание,7.671190707734562,-5.26433409311643
2024-07,2355,Общественное питание,21.493416792359103,-8.969051398635198
2024-07,2356,Общественное питание,13.905638042228013,-6.666535912582152
2024-07,2357,Общественное питание,8.497875285831586,-5.614408497231235
2024-07,2358,Общественное питание,15.779584551158583,-6.713404962595988
2024-07,2359,Общественное питание,62.63385200047967,-13.196976320665241
2024-07,2360,Общественное питание,15.104455273569254,-7.386614266355238
2024-07,2361,Общественное питание,15.099533820136324,-6.039333811889023
2024-07,2362,Маркетплейсы,12.186157931227186,3.9872486105519944
2024-07,2363,Общественное питание,20.1508642236504,-7.441262004842834
2024-07,2364,Общественное питание,16.321423256670275,-5.38392514704325
2024-07,2365,Общественное питание,31.53239497860707,-7.467992474049372
2024-07,2366,Общественное питание,23.113171070702183,-10.003725744308774
2024-07,2367,Общественное питание,12.352021049947012,-5.464378989835982
2024-07,2368,Общественное питание,71.74821462668883,-14.053511116570935
2024-07,2369,Общественное питание,27.121423756131147,-9.767277744750727
2024-07,2371,Общественное питание,26.608723891235964,-7.487232489139009
2024-07,2372,Общественное питание,59.926366849518395,-11.501189281563722
2024-07,2373,Общественное питание,23.185275735845874,-6.296464079257793
2024-07,2374,Общественное питание,12.070759159724545,-5.564807362751981
2024-07,2375,Общественное питание,70.78392304707381,-18.875812674549856
2024-07,2376,Общественное питание,28.659121813168376,-7.42497365288629
2024-07,2377,Общественное питание,12.335687351240441,-5.438690676072691
2024-07,2378,Общественное питание,13.952428457265613,-8.457144070056623
2024-07,2379,Общественное питание,16.356357849009914,-8.395277833665247
2024-07,2380,Общественное питание,35.482824495571485,-10.33144687040878
2024-07,2381,Общественное питание,79.35146590035615,-14.51342961598962
2024-07,2382,Общественное питание,16.691275644422202,-3.1126653646223734
2024-07,2383,Общественное питание,26.030265112129566,-11.603095606727592
2024-07,2384,Общественное питание,92.30391568884178,-13.700883844546757
2024-07,2385,Общественное питание,48.21449103016838,-11.664997555460655
2024-07,2386,Общественное питание,23.905310030791675,-9.511195725101508
2024-07,2387,Общественное питание,61.523938453211876,-14.869546874065982
2024-07,2388,Общественное питание,10.22830847142696,-6.382206800681281
2024-07,2389,Общественное питание,21.019376172737626,-9.20195733301989
2024-07,2390,Общественное питание,8.324013088379374,-6.361214098648231
2024-07,2392,Общественное питание,34.440986397484885,-10.9458477936995
2024-07,2398,Общественное питание,59.62276690026182,-12.380358231698722
2024-07,2399,Общественное питание,34.839958557440816,-8.40173878680239
2024-07,2400,Общественное питание,21.015551272058598,-8.58507619486018
2024-07,2401,Здоровье,7.535621231671553,1.5971713442305737
2024-07,2401,Общественное питание,49.62090111680526,-11.915037814196445
2024-07,2402,Общественное питание,9.580456632152133,-6.147946436742373
2024-07,2404,Общественное питание,22.37858548676311,-7.3753462076427585
2024-07,2405,Общественное питание,13.866355452359528,-6.790856733720494
2024-07,2406,Общественное питание,10.068108543462994,-3.958507076724081
2024-07,2407,Общественное питание,11.975287704408453,-5.445098414200426
2024-07,2409,Общественное питание,8.058496817640306,-6.204092545198135
2024-07,2410,Общественное питание,26.620514863366534,-9.008763113605346
2024-07,2412,Общественное питание,13.00533487897518,-7.979812035567482
2024-07,2422,Общественное питание,30.5799036274682,-14.173964809751084
2024-07,2423,Общественное питание,14.253898170504241,-6.8805404643014345
2024-07,2424,Общественное питание,11.859435158392477,-5.618399384168942
2024-07,2425,Общественное питание,94.70227696541849,-16.203707462152835
2024-07,2426,Продовольствие,7.461217494821035,-6.573164143531617
2024-07,2426,Общественное питание,18.932563137153206,-7.346377813945683
2024-07,2427,Общественное питание,20.492902022351817,-8.013682024430755
2024-07,2428,Общественное питание,72.47910141562708,-13.919317490248064
2024-07,2429,Общественное питание,14.87055498309855,-6.164461745615156
2024-07,2430,Общественное питание,30.904521854777176,-8.881845890944208
2024-07,2431,Общественное питание,67.04816493773696,-15.45017815022651
2024-07,2432,Общественное питание,11.313419310538517,-7.281653883940982
2024-07,2433,Общественное питание,30.302946202596537,-7.881124978158697
2024-07,2434,Общественное питание,28.415291582137986,-9.144248864504316
2024-07,2435,Общественное питание,19.566045451845987,-6.743353712661234
2024-07,2436,Общественное питание,76.230266437341,-12.727449684565233
2024-07,2437,Общественное питание,14.952815160968152,-9.100373529100114
2024-07,2440,Общественное питание,82.44860696114426,-14.89195699505336
2024-07,2442,Общественное питание,40.66622147275114,-8.592404366495872
2024-07,2443,Общественное питание,20.79070057147004,-8.037517164686955
2024-07,2444,Общественное питание,12.032399114070376,-4.9136147139989035
2024-07,2445,Общественное питание,10.498216752401838,-8.14265363104903
2024-07,2447,Общественное питание,40.59511029497993,-9.204166752110059
2024-07,2449,Общественное питание,11.394449903822702,-4.403215099132572
2024-07,2450,Общественное питание,51.59880775091268,-10.709555205157548
2024-07,2453,Общественное питание,79.02894205032246,-17.252600274737944
2024-07,2454,Общественное питание,103.65066957534917,-16.304693856995733
2024-07,2455,Общественное питание,79.00145136950297,-14.194673928306878
2024-07,2458,Общественное питание,10.223519761173966,-5.434543615025456
2024-07,2459,Общественное питание,70.88193756098427,-12.800154708560811
2024-07,2460,Продовольствие,6.911191307574636,-8.208324092584068
2024-07,2460,Общественное питание,46.875394936536495,-10.254520406549162
2024-07,2461,Общественное питание,7.74166181289046,-3.0677201342600218
2024-07,2462,Общественное питание,14.385328700095865,-6.774667021203187
2024-07,2463,Общественное питание,25.906270769560294,-8.952501468097683
2024-07,2464,Общественное питание,11.873372586863502,-6.91977076176472
2024-07,2467,Общественное питание,36.70892308243286,-14.518209413610649
2024-07,2468,Общественное питание,36.746024023016794,-12.055039577036759
2024-07,2470,Общественное питание,11.448352613147541,-6.92461888653162
2024-07,2471,Общественное питание,9.318819575162948,-6.4434379424454935
2024-07,2472,Общественное питание,11.756372243370697,-7.122595298105363
2024-07,2473,Общественное питание,8.17232596092056,-5.635855699858082
2024-07,2474,Общественное питание,10.200959235394151,-7.278501683182509
2024-07,2475,Общественное питание,40.96161405313449,-12.045704618554968
2024-07,2476,Общественное питание,9.934400650795645,-5.835800106164688
2024-07,2477,Общественное питание,27.746678586461822,-9.956700939970386
2024-07,2480,Общественное питание,26.796036580691922,-9.224171808369725
2024-07,2485,Общественное питание,36.50097196122909,-11.14157633485644
2024-07,2486,Общественное питание,55.300647008656185,-13.444424463634348
2024-07,2487,Общественное питание,8.696287360586247,-5.088029363690356
2024-07,2488,Общественное питание,25.31673074330439,-8.839240034882156
2024-07,2489,Общественное питание,9.125413718571203,-6.3823931265088785
2024-07,2490,Общественное питание,79.47851933356216,-15.296240010062403
2024-07,2491,Общественное питание,8.110295107029325,-4.271726138751056
2024-07,2494,Общественное питание,17.818749606347875,-7.664130591511371
2024-07,2495,Общественное питание,19.865560413073577,-5.448482579378996
2024-07,2497,Общественное питание,72.98733698247696,-18.283291309388524
2024-07,2498,Общественное питание,14.01219854275895,-5.206746333589452
2024-07,2499,Общественное питание,7.658762838484271,-4.918344069715128
2024-07,2500,Общественное питание,9.35544076051433,-4.953731350059662
2024-07,2501,Общественное питание,10.715004525736656,-5.46503250521638
2024-07,2506,Общественное питание,33.694611711103676,-6.856544007294269
2024-07,2507,Общественное питание,16.812467723727874,-10.208073093587936
2024-07,2508,Общественное питание,15.251017929569386,-5.46827417621831
2024-07,2509,Общественное питание,7.420671882187592,-5.7371092082175235
2024-07,2513,Общественное питание,25.72869615259839,-10.7516818597557
2024-07,2514,Общественное питание,21.10043875139504,-9.790359922742024
2024-07,2516,Здоровье,11.643924585660155,2.561396018033702
2024-07,2518,Общественное питание,7.892222098016443,-4.569552465301098
2024-07,2519,Общественное питание,73.24683556081143,-16.574580058447605
2024-07,2520,Общественное питание,13.713808171819004,-6.530519878386724
2024-07,2522,Общественное питание,16.104660600787557,-8.241898161032308
2024-07,2523,Общественное питание,10.772907772635724,-5.576958141948306
2024-07,2526,Общественное питание,11.439207637365772,-6.133161697592094
2024-07,2529,Общественное питание,13.612763136645158,-3.32023684693086
2024-07,2530,Общественное питание,9.789660052924226,-5.802760550350901
2024-07,2531,Общественное питание,11.790029523568187,-6.107289042115333
2024-07,2532,Общественное питание,12.242779787611543,-5.441066113329342
2024-07,2533,Общественное питание,73.33321008604236,-14.656444342718116
2024-07,2534,Общественное питание,7.656222233940214,-5.56135373549799
2024-07,2537,Общественное питание,21.54940285552205,-8.545017039505613
2024-07,2538,Общественное питание,14.340924541476062,-6.408751232882504
2024-07,2539,Общественное питание,7.661681938983518,-4.464576841373869
2024-07,2542,Общественное питание,38.630090924410005,-10.78533721767926
2024-07,2546,Общественное питание,12.334390984156675,-7.462711096630625
2024-07,2547,Общественное питание,19.738550661231024,-8.908697915548832
2024-07,2549,Общественное питание,17.978562763379113,-7.892242624919494
2024-07,2550,Общественное питание,17.075504891167846,-6.353543700396942
2024-07,2551,Общественное питание,14.403684203168112,-6.264608754275348
2024-07,2552,Общественное питание,13.34055245443331,-6.607710999057205
2024-07,2555,Общественное питание,9.445745834489168,-4.432283155381143
2024-07,2556,Общественное питание,9.265650699331164,-5.203577956212228
2024-07,2558,Общественное питание,82.66504038218713,-12.798574914037163
2024-07,2559,Общественное питание,24.381295696995178,-8.518737190258264
2024-07,2560,Общественное питание,10.959555529675642,-6.265766548582883
2024-07,2561,Общественное питание,25.7154630620367,-9.26983067528731
2024-07,2563,Общественное питание,11.164208045872575,-5.595727684654015
2024-07,2564,Общественное питание,19.357456652699792,-7.373734730227423
2024-07,2565,Общественное питание,6.702759588673299,-4.375939752582184
2024-07,2566,Общественное питание,28.884546529231596,-8.926188433298865
2024-07,2567,Общественное питание,16.587356314185108,-6.87478423476789
2024-07,2568,Общественное питание,9.81365094896904,-5.47187923721701
2024-07,2569,Общественное питание,33.593543565959195,-10.015716183768449
2024-07,2570,Общественное питание,9.786763751497661,-5.7164905801785935
2024-07,2571,Общественное питание,7.684250654005792,-5.386026051898266
2024-07,2572,Общественное питание,8.285785825818245,-5.407575371067403
2024-07,2573,Общественное питание,9.359195221331378,-5.237343359123628
2024-07,2574,Общественное питание,16.36669225233213,-5.710803863305991
2024-07,2575,Общественное питание,8.840519200498628,-5.507972972424991
2024-07,2576,Общественное питание,13.245947648289027,-5.941449841579659
2024-07,2579,Общественное питание,29.41672493462401,-8.796655094642858
2024-07,2581,Общественное питание,11.397767792117971,-5.9667836193970905
2024-07,2583,Общественное питание,18.51979965943318,-6.930913758562212
2024-07,2584,Общественное питание,42.387571531337585,-11.270471138470889
2024-07,2593,Здоровье,7.815431554149373,10.665568369849966
2024-07,2595,Здоровье,10.333190374049813,7.974498131137425
2024-07,2599,Общественное питание,9.568961625138048,-5.774416458386732
2024-07,2601,Здоровье,11.603244969799734,1.497652869558315
2024-07,2604,Здоровье,34.71738737538653,10.1001190709495
2024-07,2605,Общественное питание,8.62922557065215,-5.118696418183646
2024-07,2606,Маркетплейсы,7.48437373961808,-19.24482547274411
2024-07,2621,Общественное питание,29.841508190371176,-11.213855620794071
2024-07,2814,Общественное питание,13.176263256802399,-7.21270131137943
2024-07,2883,Здоровье,7.022006813357344,8.30362381074109
2024-07,3012,Все категории,8.886621427889459,-4.059403452125249
2024-08,3,Транспорт,13.740957707649153,-4.490631341510785
2024-08,8,Продовольствие,19.40368434906875,5.0039156337104025
2024-08,21,Общественное питание,7.795955724904896,-14.90018388704513
2024-08,26,Общественное питание,6.823218751208534,-14.06629780145909
2024-08,29,Здоровье,7.020305978423232,5.16246661116285
2024-08,34,Транспорт,6.715795658706067,-5.509744499180883
2024-08,43,Транспорт,8.455576241804035,-8.062219797851217
2024-08,45,Продовольствие,8.484097698999832,-6.815456692327743
2024-08,46,Общественное питание,6.960378758789624,3.0708368710623066
2024-08,55,Здоровье,14.65535420300449,2.6761051511211713
2024-08,57,Общественное питание,12.451901036112288,-10.820695391679124
2024-08,61,Здоровье,26.083761292794232,-23.599578859083532
2024-08,65,Транспорт,8.63747361597218,-6.247519160096575
2024-08,67,Общественное питание,7.5673442813454175,3.2837377109797647
2024-08,70,Здоровье,7.311971227482441,6.186159651075561
2024-08,71,Здоровье,14.45496996511367,1.6588767223368461
2024-08,75,Здоровье,8.110329900035376,5.710781932664116
2024-08,78,Здоровье,32.84896127280656,-7.867293754276372
2024-08,78,Транспорт,16.732935467846115,-1.6849872593790831
2024-08,198,Маркетплейсы,19.651763862008675,0.5627311478093346
2024-08,212,Общественное питание,20.688014301781177,14.578552434609424
2024-08,224,Общественное питание,14.407632764772746,-8.06349105318217
2024-08,227,Маркетплейсы,11.184025180948387,1.566053464036096
2024-08,269,Общественное питание,7.695187067709611,-10.329817987554982
2024-08,276,Транспорт,21.579641245689032,0.3019658337411693
2024-08,297,Общественное питание,12.535482929580475,-1.7644901836432947
2024-08,306,Продовольствие,22.056851543204296,-6.805361366146994
2024-08,318,Маркетплейсы,8.772712382275135,4.355054981845867
2024-08,325,Продовольствие,9.537748845989713,12.517077991425733
2024-08,342,Транспорт,11.46486461420207,-8.969100785020643
2024-08,348,Транспорт,11.350065091049768,-8.592036011783067
2024-08,365,Маркетплейсы,7.975556852034953,5.482215296138608
2024-08,373,Маркетплейсы,9.614393012444099,-8.818692265851611
2024-08,386,Продовольствие,8.250184700020254,-6.9345073106236015
2024-08,390,Маркетплейсы,10.119232390161486,-3.2016303974379676
2024-08,393,Здоровье,25.023200065487803,7.8080844634216415
2024-08,396,Продовольствие,34.106695534786354,-9.579453420445866
2024-08,398,Продовольствие,24.117573970128827,-14.888469151876455
2024-08,414,Маркетплейсы,21.999155347968166,2.886219796810682
2024-08,422,Здоровье,9.5744747293066,12.853230380935276
2024-08,425,Общественное питание,11.326169430735815,-7.511396735782266
2024-08,428,Все категории,7.239796145962347,-0.31511405021965405
2024-08,433,Продовольствие,12.271631481924429,-1.1058382256476431
2024-08,455,Транспорт,10.656311182421208,4.089498216659194
2024-08,458,Транспорт,7.574431410032343,6.801861483021975
2024-08,486,Здоровье,7.738315331155438,1.7919265920977954
2024-08,497,Общественное питание,30.14473957308686,4.794127241094428
2024-08,517,Маркетплейсы,7.460022803797587,14.575047823542302
2024-08,543,Транспорт,21.94098625971291,6.296468481060184
2024-08,585,Общественное питание,8.433563666346288,11.085531098236885
2024-08,595,Маркетплейсы,11.41903312298132,-2.1664180678218328
2024-08,618,Маркетплейсы,17.225665528504564,5.938325365374076
2024-08,670,Продовольствие,7.425568862120438,10.262432849304517
2024-08,670,Транспорт,9.499427938527381,6.714914117506391
2024-08,696,Все категории,6.698525748334522,-4.850223053153361
2024-08,702,Маркетплейсы,9.394545129785017,3.9396307773022228
2024-08,706,Общественное питание,12.570967529372782,5.117489786903089
2024-08,716,Продовольствие,10.823632614992741,3.687483891187086
2024-08,716,Общественное питание,9.396103257824413,5.026671419375698
2024-08,719,Здоровье,16.199665128318557,-2.540606174509648
2024-08,727,Общественное питание,6.826810013321268,-15.289908734559635
2024-08,744,Транспорт,17.707430752836714,-1.3463074048021153
2024-08,760,Транспорт,6.85524380152514,1.0843255541219599
2024-08,770,Общественное питание,8.004288100569996,4.5037386236571635
2024-08,774,Общественное питание,12.373159852485404,-16.02987332462019
2024-08,778,Маркетплейсы,13.096491618906041,-6.803808112182378
2024-08,780,Продовольствие,16.8461073117535,6.129787231730172
2024-08,791,Продовольствие,25.183701946680397,4.17491139585546
2024-08,791,Общественное питание,15.671933371529624,10.511501130822108
2024-08,794,Здоровье,34.326569286365896,-5.313697795046101
2024-08,804,Здоровье,15.89090237282154,-0.7401963241445038
2024-08,806,Маркетплейсы,13.353950713941009,-5.779001062360141
2024-08,806,Транспорт,36.432593373195004,3.3177479691202425
2024-08,807,Маркетплейсы,7.274676380261337,-4.523978888629979
2024-08,808,Транспорт,25.72840348787382,0.963891246085776
2024-08,815,Общественное питание,12.890756260336415,1.911007640863891
2024-08,824,Маркетплейсы,13.988793808857935,-12.820538331058287
2024-08,826,Общественное питание,17.56278173977198,8.704499304504592
2024-08,829,Общественное питание,16.65576993127296,7.10307850700529
2024-08,830,Продовольствие,7.884540190206002,4.44233008069411
2024-08,834,Транспорт,18.457872063523176,-4.386219888148845
2024-08,846,Общественное питание,15.786343629297537,-3.5507335215409865
2024-08,849,Общественное питание,10.38893484366268,10.788721274085546
2024-08,852,Все категории,7.506182551807138,4.865014781743658
2024-08,853,Продовольствие,19.389137549475077,7.195754314687155
2024-08,854,Все категории,8.68416015237478,2.2038200769689205
2024-08,854,Продовольствие,11.925991461818048,7.234753080957113
2024-08,854,Общественное питание,18.41366082007992,-1.017712979471698
2024-08,855,Продовольствие,7.671179860209033,4.915622153498257
2024-08,870,Транспорт,14.641897413500581,4.836876710362186
2024-08,873,Общественное питание,10.145297524254621,-12.678143699002678
2024-08,883,Здоровье,73.66882132798756,-10.585478353757301
2024-08,891,Общественное питание,12.550680984539525,-10.456019941097201
2024-08,903,Маркетплейсы,28.845703919286926,-6.089820005208883
2024-08,913,Все категории,8.613377651483342,-2.8778240766231944
2024-08,928,Все категории,19.65933459536606,5.664477080111773
2024-08,993,Общественное питание,6.712590212567153,1.245347870089136
2024-08,1003,Общественное питание,13.572220596234585,-0.4661515015274582
2024-08,1003,Транспорт,8.862191793763403,11.547879619174445
2024-08,1005,Здоровье,18.939966451002032,10.593061629655109
2024-08,1020,Маркетплейсы,9.632951989514892,3.2255104488106783
2024-08,1021,Общественное питание,21.211176220081253,3.0016065453755374
2024-08,1024,Общественное питание,12.524299719479846,2.3457389198086034
2024-08,1025,Все категории,6.845756205750121,2.302502199301015
2024-08,1036,Транспорт,51.60061784635632,-6.705873689784479
2024-08,1039,Общественное питание,7.556543751568547,-5.081753536096717
2024-08,1040,Общественное питание,7.390892931464742,2.8278657211241494
2024-08,1054,Общественное питание,9.706240762909813,-7.954851223506331
2024-08,1054,Транспорт,72.4675379743776,-13.565551444725077
2024-08,1058,Общественное питание,14.323336225972707,2.852802195042924
2024-08,1065,Общественное питание,24.406502721802006,-0.9675734921838349
2024-08,1066,Общественное питание,32.61164927094063,2.3767104352006925
2024-08,1068,Общественное питание,159.38589578781114,0.22355683316033303
2024-08,1121,Продовольствие,16.256154015597406,-7.009086196558064
2024-08,1124,Транспорт,18.794741669951637,-5.44123983724844
2024-08,1130,Маркетплейсы,7.967157768313461,1.6967625504743233
2024-08,1131,Маркетплейсы,10.768340456038299,5.146637928102713
2024-08,1143,Здоровье,7.932631089449951,6.140904642133172
2024-08,1151,Продовольствие,21.59629626384554,9.90419911568378
2024-08,1167,Общественное питание,8.721753547369127,9.332915986836271
2024-08,1179,Общественное питание,7.361102071655545,-1.5917496912398337
2024-08,1179,Транспорт,94.94617638435547,-6.595578725158255
2024-08,1184,Здоровье,129.97677885315153,12.130116590771179
2024-08,1214,Общественное питание,10.898689191516182,3.5876535485803522
2024-08,1244,Общественное питание,15.36316372946465,10.77218682793372
2024-08,1249,Здоровье,20.165856275408398,14.596452952392218
2024-08,1277,Общественное питание,10.843816603750723,5.812845532736639
2024-08,1285,Общественное питание,41.90605581790831,-11.084455389714567
2024-08,1288,Здоровье,8.118553147436444,-7.370433530710565
2024-08,1291,Все категории,9.770385678547553,-3.45106793847709
2024-08,1291,Транспорт,13.46905877205154,8.620776642843282
2024-08,1301,Все категории,60.44416759445692,-12.993323008769488
2024-08,1305,Общественное питание,6.856761242732325,-11.340940388866688
2024-08,1317,Транспорт,16.562631157900856,6.722377985968968
2024-08,1321,Общественное питание,53.16403904505835,-15.75493774886541
2024-08,1328,Общественное питание,16.424315066808376,-0.43959491472770784
2024-08,1337,Транспорт,23.044585498440817,-10.11056470678246
2024-08,1339,Маркетплейсы,33.266042274978886,4.573592766399763
2024-08,1348,Продовольствие,11.12654571575888,-15.644600298673058
2024-08,1351,Здоровье,7.459081412203428,-0.7453311780701932
2024-08,1393,Маркетплейсы,9.560870572977498,0.7312919249539656
2024-08,1395,Общественное питание,16.571453512963355,-15.39464613671589
2024-08,1404,Маркетплейсы,10.007240299410125,0.8186367196415312
2024-08,1408,Маркетплейсы,11.733011543968296,-10.949932469956948
2024-08,1426,Здоровье,17.64932078881264,-1.8931932747534301
2024-08,1427,Общественное питание,11.614655934725526,-5.030649805330471
2024-08,1431,Общественное питание,8.746705776469181,-14.586001367663583
2024-08,1444,Маркетплейсы,10.924067603943618,-14.46166018840629
2024-08,1449,Здоровье,14.67611471679075,3.956834451969999
2024-08,1483,Общественное питание,7.814242493161364,8.897372184104828
2024-08,1483,Транспорт,10.138794954931413,6.92066746381008
2024-08,1492,Маркетплейсы,7.901043363911495,-8.821554647873404
2024-08,1511,Маркетплейсы,8.24197104104048,-6.517732655370684
2024-08,1519,Маркетплейсы,8.70863218106227,-5.81916456054811
2024-08,1519,Здоровье,19.03486257091583,0.9702542997521553
2024-08,1525,Маркетплейсы,7.48900251617308,-8.23430773212063
2024-08,1526,Маркетплейсы,10.206266526752781,-8.331042552162492
2024-08,1534,Продовольствие,9.454826869314926,-5.178180982750314
2024-08,1545,Транспорт,18.808511134924924,-5.372668111377605
2024-08,1549,Продовольствие,13.93366620732375,-9.517331829621762
2024-08,1559,Общественное питание,48.33571804665448,5.645586270911772
2024-08,1566,Общественное питание,18.0622390090584,0.8952354089602135
2024-08,1568,Продовольствие,18.61322892961306,-6.114288447069816
2024-08,1568,Транспорт,34.8017847195073,0.6692668841312415
2024-08,1570,Транспорт,8.37874430257619,-0.145144650330709
2024-08,1582,Маркетплейсы,14.657656093424361,-5.271253905721555
2024-08,1583,Маркетплейсы,7.2619059695068024,-1.3943474817656591
2024-08,1585,Общественное питание,10.90832003201412,-7.108201773890421
2024-08,1610,Транспорт,22.91500119088681,2.2684013088826878
2024-08,1618,Общественное питание,21.426687453871047,6.704025500261501
2024-08,1622,Все категории,7.640951132434032,-7.06088508593626
2024-08,1623,Здоровье,7.808097660466575,14.678257283472137
2024-08,1623,Общественное питание,21.392795020917003,39.89957240271176
2024-08,1633,Маркетплейсы,10.160078615990336,10.221306325406138
2024-08,1640,Продовольствие,6.920337531190011,-2.807242307976674
2024-08,1653,Маркетплейсы,29.51546006748285,10.845758162847634
2024-08,1657,Здоровье,23.051814031102403,7.411150670816371
2024-08,1662,Общественное питание,16.08413361408339,1.1391190325940472
2024-08,1665,Общественное питание,22.696473640161468,-10.211035034334701
2024-08,1667,Здоровье,15.924854270539639,7.873905965640111
2024-08,1667,Общественное питание,12.576216945199624,-10.464009844260007
2024-08,1676,Общественное питание,9.124863870510776,-5.834703945468154
2024-08,1676,Транспорт,17.455316088458268,1.6144209006458576
2024-08,1686,Общественное питание,9.522583931577064,1.3632040861969443
2024-08,1691,Все категории,7.857634246690152,-5.794164114476391
2024-08,1697,Транспорт,8.013176879535989,-5.086349081818644
2024-08,1699,Общественное питание,13.691613420793043,3.357661726412964
2024-08,1702,Транспорт,11.367882421778829,-7.356009396292081
2024-08,1705,Все категории,10.873132542455888,-4.210909043868726
2024-08,1708,Общественное питание,7.462238526759979,2.4899646917384413
2024-08,1710,Здоровье,17.146824318215586,-6.54391932089062
2024-08,1710,Общественное питание,10.280105712156027,-10.210700903139658
2024-08,1715,Все категории,6.834220585683834,-0.9871336223366534
2024-08,1715,Транспорт,20.558960726973652,-5.437088539868397
2024-08,1728,Все категории,24.60564660043856,-8.221072595648321
2024-08,1731,Все категории,10.094759485524818,-7.164214922068778
2024-08,1732,Все категории,26.856398927171835,-4.674778148525762
2024-08,1732,Продовольствие,13.175718518862363,-1.9162054547611467
2024-08,1743,Общественное питание,20.289970200781845,11.369292346754523
2024-08,1751,Транспорт,34.40729734333108,-17.41559652194578
2024-08,1760,Продовольствие,28.853800118683232,-13.264630925279983
2024-08,1766,Транспорт,15.920944270723137,-6.70317601294082
2024-08,1774,Здоровье,26.84133445520531,-1.2956596416246478
2024-08,1785,Все категории,7.664026941959259,1.3687078639760446
2024-08,1858,Общественное питание,16.20258654241097,1.0235865756950635
2024-08,1864,Здоровье,20.330400779967015,-7.534572764759261
2024-08,1884,Продовольствие,9.121552933690376,-3.9587235907797127
2024-08,1892,Здоровье,20.396917980138877,-9.022945857221673
2024-08,1907,Транспорт,34.942295490179134,-26.087348744135646
2024-08,1912,Здоровье,11.498044803130343,-1.5048594758553293
2024-08,1919,Маркетплейсы,7.754670132147174,-7.461256052704709
2024-08,1926,Транспорт,23.155989335449913,-4.956119790950008
2024-08,1928,Общественное питание,14.641861879033618,1.4005514280874896
2024-08,1928,Транспорт,7.632796721655642,-9.487721024808502
2024-08,1941,Общественное питание,9.470294411167279,2.56974196759601
2024-08,1956,Здоровье,19.828229014817516,-9.107083172846641
2024-08,1961,Продовольствие,14.279037279327252,6.726675095652526
2024-08,1965,Здоровье,17.706811546834647,4.325196051492474
2024-08,1968,Продовольствие,12.732240646929306,6.102800021150061
2024-08,1969,Маркетплейсы,7.015606334259015,-1.436013878707186
2024-08,1973,Все категории,6.8021472691870555,-3.906896373392354
2024-08,1982,Транспорт,7.228268685133302,-7.547357506019241
2024-08,1996,Все категории,7.096762932867936,-2.5905756894345453
2024-08,2001,Здоровье,9.270259187859772,-1.1867645551304973
2024-08,2008,Здоровье,7.07401610741317,8.294456062468795
2024-08,2015,Транспорт,17.131499125275493,-7.990920200010271
2024-08,2030,Маркетплейсы,18.35614094450797,12.29755021088029
2024-08,2037,Здоровье,7.10250670206223,-0.45929326755627375
2024-08,2043,Общественное питание,49.7513378376451,7.739232219254176
2024-08,2056,Транспорт,9.981234177921595,-1.2339008720389906
2024-08,2067,Общественное питание,12.812402519563069,-0.07840693550595557
2024-08,2105,Транспорт,9.348759451288869,4.7127079449801625
2024-08,2125,Общественное питание,10.375788379003028,-5.400764640763422
2024-08,2129,Транспорт,15.542160327148133,4.274920544635187
2024-08,2132,Транспорт,29.120646922502047,7.747598060681119
2024-08,2146,Здоровье,17.99896046535066,-5.711214548519048
2024-08,2168,Маркетплейсы,7.396357536321062,-7.137892142693412
2024-08,2171,Все категории,14.269936635118771,-0.8845956857004277
2024-08,2180,Общественное питание,7.542947876684267,5.476463867300988
2024-08,2220,Маркетплейсы,9.588615146071882,-8.303986839455309
2024-08,2234,Общественное питание,7.988375457141475,4.6164123632103475
2024-08,2236,Общественное питание,6.670578635672749,-8.726720158570268
2024-08,2241,Маркетплейсы,12.187753871403032,-8.360302488376043
2024-08,2242,Маркетплейсы,8.75474229419922,-3.2424482252785634
2024-08,2244,Все категории,10.921889155313025,8.392164186072396
2024-08,2244,Общественное питание,7.376326278771652,3.439362309770382
2024-08,2260,Транспорт,8.10269566305518,9.233103741014471
2024-08,2265,Продовольствие,6.889579671544219,-2.6981396255008474
2024-08,2270,Здоровье,10.826012727477572,-3.775182073698781
2024-08,2274,Транспорт,12.75015089325013,-2.6298504604728716
2024-08,2293,Транспорт,7.282520214254254,-4.957890304296939
2024-08,2329,Транспорт,11.870982723211265,5.460899718731795
2024-08,2341,Здоровье,24.36892898650555,2.4078182640003956
2024-08,2351,Общественное питание,7.460314520929069,-8.814051875144493
2024-08,2352,Общественное питание,9.40908075245554,-9.930753609322242
2024-08,2352,Транспорт,22.385210800574942,-6.6319118026962425
2024-08,2354,Общественное питание,7.992631773097566,-8.330896730377011
2024-08,2358,Общественное питание,7.320846154335969,-9.102014071263408
2024-08,2359,Общественное питание,39.90562372783129,-20.240343727015798
2024-08,2361,Здоровье,7.818856521664404,0.711699415510959
2024-08,2361,Общественное питание,8.567302439464248,-9.460255769703865
2024-08,2362,Маркетплейсы,10.046345688069502,-4.084500961400298
2024-08,2363,Маркетплейсы,7.4135333792830505,-8.825080497081409
2024-08,2363,Общественное питание,13.389085643804679,-11.079879559647598
2024-08,2364,Общественное питание,6.7246586328140205,-8.617420490021496
2024-08,2365,Общественное питание,17.341000300848343,-12.76258743079158
2024-08,2366,Общественное питание,11.308701543612825,-11.871041847756018
2024-08,2368,Общественное питание,23.00853910008154,-18.771402351697347
2024-08,2369,Общественное питание,13.151062104183046,-13.495576853422653
2024-08,2371,Общественное питание,16.086812491314962,-10.080709445461935
2024-08,2372,Общественное питание,24.591513507832058,-16.843786258399447
2024-08,2373,Общественное питание,11.879204898095198,-10.686156987237002
2024-08,2374,Общественное питание,8.375707903084198,-10.032033758331227
2024-08,2375,Общественное питание,28.227807421250034,-21.363650698843763
2024-08,2376,Общественное питание,13.379111237234591,-12.400987619873174
2024-08,2378,Общественное питание,8.326546399678726,-11.129707460253394
2024-08,2380,Общественное питание,18.100374008103184,-15.144020348028423
2024-08,2381,Общественное питание,32.740989525596774,-18.724982829243118
2024-08,2382,Общественное питание,14.436501527919868,-8.526891736898648
2024-08,2384,Общественное питание,28.075868097211075,-18.17116292805596
2024-08,2385,Общественное питание,10.005710318397115,-13.778032530037368
2024-08,2386,Общественное питание,7.218843887526662,-10.306891018455548
2024-08,2387,Общественное питание,12.77364441796106,-16.431191087075355
2024-08,2392,Общественное питание,13.315699761354638,-13.478447557463882
2024-08,2398,Общественное питание,23.430134218634624,-14.336232341354266
2024-08,2399,Общественное питание,14.256025364628917,-12.10415495691904
2024-08,2400,Общественное питание,12.854258795368937,-11.34796869051778
2024-08,2401,Общественное питание,16.13861309059407,-14.177981425962853
2024-08,2402,Маркетплейсы,14.514871088394646,-13.608115366176952
2024-08,2404,Общественное питание,18.096864679913104,-11.517347713204682
2024-08,2406,Общественное питание,8.455162546200624,-7.263166138179378
2024-08,2410,Общественное питание,17.62169444069908,-12.799048270550262
2024-08,2416,Маркетплейсы,10.41423216059817,-14.66734996279436
2024-08,2422,Общественное питание,13.529218658928794,-17.12240792995771
2024-08,2425,Общественное питание,46.63893448455189,-20.927723639522988
2024-08,2427,Общественное питание,12.300788429287945,-11.831846095861682
2024-08,2428,Общественное питание,31.324387011635903,-19.679789342372985
2024-08,2430,Общественное питание,13.479517204386562,-11.571442093821195
2024-08,2431,Общественное питание,23.38475720217063,-17.163217484027367
2024-08,2433,Общественное питание,7.096318992130823,-9.429728818173494
2024-08,2434,Общественное питание,10.599070017179582,-11.483938985854735
2024-08,2436,Общественное питание,34.95488848699877,-16.74265251509733
2024-08,2439,Маркетплейсы,15.02150327792526,-9.993740373631208
2024-08,2440,Общественное питание,64.08192815237805,-22.537537175743985
2024-08,2442,Общественное питание,32.56852056839504,-11.530379371594053
2024-08,2444,Общественное питание,8.055996762459433,-6.626467933219696
2024-08,2445,Общественное питание,7.536827870547346,-10.27679796405919
2024-08,2447,Общественное питание,26.36414881839548,-13.034158439017864
2024-08,2450,Общественное питание,19.128899026602248,-16.90313362459559
2024-08,2453,Общественное питание,27.7105222219725,-19.29660243209378
2024-08,2454,Общественное питание,33.89553633686222,-20.753495433926723
2024-08,2455,Общественное питание,25.18622457008656,-17.94953386913924
2024-08,2456,Транспорт,15.887920230375933,0.6411590310547015
2024-08,2459,Общественное питание,27.850452518236693,-17.994814012190744
2024-08,2460,Общественное питание,15.570954708117421,-11.367941846440713
2024-08,2466,Маркетплейсы,17.661270031855366,-13.212387591809021
2024-08,2467,Маркетплейсы,7.870592512107957,-9.80992815796476
2024-08,2467,Общественное питание,11.439329233689023,-16.45841414949593
2024-08,2468,Общественное питание,13.983906675329225,-15.847995157095589
2024-08,2470,Маркетплейсы,8.748043020141221,-13.187460342385004
2024-08,2472,Маркетплейсы,12.197927769311402,-11.052703549836336
2024-08,2475,Общественное питание,18.243920511842166,-15.987365092737756
2024-08,2480,Общественное питание,9.635485460584556,-13.905201384359867
2024-08,2485,Маркетплейсы,31.135050577511038,-19.60318860960505
2024-08,2485,Общественное питание,16.589167681148837,-14.906638167090405
2024-08,2486,Общественное питание,26.827123503524238,-17.12075335073112
2024-08,2488,Маркетплейсы,17.733363238201246,-17.407554806984635
2024-08,2490,Общественное питание,23.304916272982805,-18.750189643402134
2024-08,2494,Общественное питание,10.268719908482648,-9.489946204523452
2024-08,2495,Общественное питание,8.12036365467471,-8.664399121890124
2024-08,2496,Маркетплейсы,40.89745170679738,-20.238724258626068
2024-08,2497,Общественное питание,28.65297481351439,-17.886334245436725
2024-08,2499,Маркетплейсы,15.479217029129964,-10.943631796533587
2024-08,2501,Маркетплейсы,18.677945246357805,-21.09963636363109
2024-08,2506,Общественное питание,9.098789976249103,-11.366575214230656
2024-08,2507,Маркетплейсы,16.962964805492323,-14.677178644663282
2024-08,2511,Маркетплейсы,7.794573087488162,-9.499949344259065
2024-08,2513,Маркетплейсы,14.676214886021485,-14.776996312158614
2024-08,2516,Маркетплейсы,12.3879847829426,-12.501268128065107
2024-08,2516,Здоровье,12.819860584604452,3.8398777821835623
2024-08,2517,Маркетплейсы,10.7550653378607,-9.497385020953194
2024-08,2519,Общественное питание,34.462081652265084,-21.024846102087423
2024-08,2523,Маркетплейсы,11.538559059260836,-11.540850775252268
2024-08,2525,Маркетплейсы,8.414618268577016,-9.149235014884784
2024-08,2532,Маркетплейсы,8.90447807044354,-10.249427445904471
2024-08,2533,Общественное питание,34.849451292359575,-19.12849110712771
2024-08,2537,Маркетплейсы,10.445861426505676,-10.802560347830347
2024-08,2537,Общественное питание,8.470359261674586,-9.840486481711848
2024-08,2537,Транспорт,7.908845044794667,-4.555518472002408
2024-08,2538,Маркетплейсы,18.519400195139067,-13.315723906830177
2024-08,2538,Здоровье,23.200217250139957,1.613268060804082
2024-08,2542,Маркетплейсы,9.203673408142008,-12.522287896403123
2024-08,2542,Общественное питание,14.908278525493277,-12.83472065216327
2024-08,2543,Маркетплейсы,11.455567644677041,-9.345723165701664
2024-08,2545,Общественное питание,9.540268536370267,-5.895713584858873
2024-08,2546,Здоровье,11.028029281944564,-0.8289216413393612
2024-08,2551,Маркетплейсы,6.801906235033843,-11.34561239983014
2024-08,2552,Общественное питание,7.2397195364745475,-10.310896685679566
2024-08,2554,Маркетплейсы,10.837252694852122,-13.267886016076078
2024-08,2555,Маркетплейсы,13.19426257603162,-15.885217524206567
2024-08,2558,Общественное питание,36.56592125176616,-16.152563793724664
2024-08,2559,Маркетплейсы,15.178907594524892,-14.00035576084825
2024-08,2559,Общественное питание,9.988746694373189,-12.42887359964568
2024-08,2561,Общественное питание,11.828060439361153,-12.838345070661351
2024-08,2563,Маркетплейсы,50.029102784738505,-23.129997750067776
2024-08,2563,Общественное питание,6.897802169993784,-7.637448196576626
2024-08,2564,Маркетплейсы,9.98879895756962,-10.072241797608568
2024-08,2564,Общественное питание,11.537218871890573,-10.71015853814688
2024-08,2570,Маркетплейсы,8.865234038055418,-10.884616742224196
2024-08,2574,Общественное питание,11.537053524542136,-7.554877444042277
2024-08,2578,Транспорт,7.639785276765652,0.5595755394865467
2024-08,2579,Маркетплейсы,18.615793458584623,-12.206551937120548
2024-08,2579,Общественное питание,9.710616714582619,-11.907067998483482
2024-08,2582,Маркетплейсы,20.434126715962904,-13.691853196056678
2024-08,2585,Маркетплейсы,17.404970304986385,-14.098107677980144
2024-08,2588,Маркетплейсы,10.75565863237289,-15.043929340875719
2024-08,2589,Маркетплейсы,12.598953171201385,-16.366785140851817
2024-08,2592,Маркетплейсы,7.7530903997068075,-13.179868703788493
2024-08,2593,Здоровье,11.020615809467428,3.105436244673452
2024-08,2597,Маркетплейсы,16.943011345180043,-9.633475154287545
2024-08,2619,Транспорт,13.862094450039773,11.010494866391001
2024-08,2883,Здоровье,10.993309018101519,8.26902482521775
2024-09,8,Продовольствие,10.58360292622933,4.828154375462446
2024-09,21,Общественное питание,9.675642308374833,-7.622535822046807
2024-09,22,Все категории,18.214838926532632,-11.421955038525043
2024-09,34,Все категории,11.396542516872188,-9.61165003881136
2024-09,39,Общественное питание,10.362994238815787,-7.482892607980956
2024-09,44,Общественное питание,13.367033546223226,3.550550563241492
2024-09,55,Здоровье,13.389456455754816,0.06367490448164792
2024-09,61,Здоровье,84.4083238325771,-1.7342864432979743
2024-09,68,Здоровье,7.618923448263706,3.9794550338954116
2024-09,70,Транспорт,20.41669088196103,-8.13684630763737
2024-09,75,Здоровье,7.695847049822521,3.682985947187613
2024-09,78,Транспорт,11.499867738428737,6.84193911089828
2024-09,181,Маркетплейсы,7.090971406241225,4.5845469256614635
2024-09,209,Все категории,8.723478436013622,-3.0845434157532834
2024-09,212,Здоровье,28.72274600274544,-0.4952353158245284
2024-09,215,Продовольствие,8.88334432591698,-5.3833290997957715
2024-09,215,Здоровье,10.893177439214695,-2.3714173908360303
2024-09,218,Продовольствие,8.766774001559963,-4.228874768054211
2024-09,218,Транспорт,17.72265931337138,-5.283824721076309
2024-09,227,Маркетплейсы,7.26771829135232,7.157024583603623
2024-09,238,Все категории,20.459747858697977,-3.7450453447465124
2024-09,269,Общественное питание,42.314344314748126,1.8553278587835056
2024-09,278,Общественное питание,23.123603293965882,0.5598932690259719
2024-09,281,Здоровье,13.678908416206095,7.57338831714827
2024-09,297,Общественное питание,15.493549187498262,6.178945647045003
2024-09,302,Здоровье,12.829691621731607,-4.728430293412708
2024-09,303,Общественное питание,25.51186827057478,7.322657091611941
2024-09,306,Продовольствие,28.3942307439999,-9.541364820500934
2024-09,361,Общественное питание,7.366994674067002,3.974199917291961
2024-09,365,Маркетплейсы,14.348368905808877,17.48150684624282
2024-09,383,Здоровье,10.247390088970304,3.697567905769107
2024-09,390,Маркетплейсы,7.182303771875133,3.3345275130252063
2024-09,393,Здоровье,14.81103991877123,2.073060857886737
2024-09,396,Продовольствие,30.64212919359527,-5.6004062649420305
2024-09,414,Маркетплейсы,28.547474675568402,1.8284891810378263
2024-09,418,Общественное питание,20.269534688645514,-0.960695104438761
2024-09,421,Общественное питание,9.140412054504615,4.528558431130759
2024-09,430,Общественное питание,7.401044518494642,-5.240108531291982
2024-09,437,Все категории,7.686402841233295,2.5112898843252527
2024-09,450,Продовольствие,14.280342299961445,-7.729324250424244
2024-09,497,Общественное питание,100.22313774093703,21.745358060930013
2024-09,547,Продовольствие,7.6615621958103475,-5.6944465943112625
2024-09,559,Транспорт,9.203941311279237,3.7923109432402518
2024-09,569,Все категории,13.902919584002966,-1.0642155597580496
2024-09,578,Все категории,9.143156137240764,-4.972851846000769
2024-09,584,Продовольствие,7.016376292208541,-4.565997079799463
2024-09,595,Маркетплейсы,7.895421265909476,-1.0340784713150204
2024-09,692,Все категории,7.760922537271028,-6.304683959109356
2024-09,693,Транспорт,11.038627198033998,-8.670999676073071
2024-09,696,Продовольствие,7.457328737800352,-5.102959083252699
2024-09,698,Все категории,10.481318745839355,-5.535383497137545
2024-09,716,Продовольствие,12.28375564679753,-2.9580038586962427
2024-09,716,Здоровье,7.051614436430915,0.13277697587477166
2024-09,719,Здоровье,17.16878863880284,-3.128766305354274
2024-09,722,Здоровье,9.481661093938811,1.153910930791627
2024-09,726,Общественное питание,12.80264647382877,-3.598779180705155
2024-09,727,Общественное питание,23.467180003417493,-5.235403496651969
2024-09,741,Общественное питание,8.515741566549274,8.59865121205203
2024-09,742,Транспорт,13.270692193392806,1.9617641024878893
2024-09,751,Транспорт,13.666748998466003,8.906894895382855
2024-09,755,Продовольствие,7.554188115644216,3.2474565649440454
2024-09,756,Транспорт,13.341017292010601,6.872998866583188
2024-09,766,Здоровье,9.417506565800398,1.3105757284380095
2024-09,782,Здоровье,6.999635493806391,-0.8209339472380236
2024-09,792,Продовольствие,8.435130595813655,-6.625795718955596
2024-09,806,Транспорт,38.10246365559601,4.21353184303849
2024-09,807,Маркетплейсы,7.332364009444507,-2.456305064310386
2024-09,818,Все категории,14.008714075612513,7.36678135493532
2024-09,824,Маркетплейсы,10.50290974976927,-4.602203264743096
2024-09,827,Общественное питание,9.760337190453226,-5.1454390707967885
2024-09,830,Продовольствие,7.458141180243954,5.458178275160813
2024-09,853,Продовольствие,9.223923135643394,4.141838997519255
2024-09,873,Общественное питание,15.699106077866299,-2.5400337932901857
2024-09,883,Здоровье,46.938366342047665,-13.899782649207237
2024-09,904,Все категории,8.717243034873524,-4.466672530235494
2024-09,918,Маркетплейсы,9.087931752313972,-2.5595279296866416
2024-09,923,Маркетплейсы,8.903852007070359,4.599360517910832
2024-09,926,Все категории,7.8106938644234285,4.145065976257816
2024-09,928,Все категории,7.428183980770786,2.6746026766826594
2024-09,989,Общественное питание,15.297964158626394,8.532134011239734
2024-09,1005,Здоровье,8.324208990095805,5.366086335813579
2024-09,1006,Общественное питание,24.70297979944785,3.2519266584536157
2024-09,1010,Маркетплейсы,7.2123870401900305,-0.021725849072202763
2024-09,1013,Продовольствие,13.335388212880238,-6.502029675530548
2024-09,1014,Маркетплейсы,8.2163592789155,2.912057376886973
2024-09,1015,Все категории,14.233983311518157,5.121661227850831
2024-09,1015,Транспорт,10.40513273227774,1.9283587163959224
2024-09,1020,Маркетплейсы,9.843949033124966,1.3201944644058212
2024-09,1021,Общественное питание,46.51792198293236,10.850049547314875
2024-09,1025,Все категории,9.659401110731299,1.6879854172827704
2024-09,1025,Здоровье,17.08800108446372,-7.3049703614780395
2024-09,1027,Продовольствие,6.910208549903886,-5.342942348492328
2024-09,1037,Все категории,13.448322851539245,2.4143823183764663
2024-09,1037,Маркетплейсы,26.52325570420277,-3.8847605423806013
2024-09,1054,Транспорт,31.005447316108913,-0.9075732144083138
2024-09,1058,Общественное питание,8.324113480451492,8.752351073981778
2024-09,1059,Общественное питание,15.216051990041821,16.68772796857713
2024-09,1065,Общественное питание,21.337324115191294,-0.14599485438465643
2024-09,1066,Общественное питание,39.79366321205928,2.196558364076708
2024-09,1068,Общественное питание,180.11259304014703,-4.140876720996667
2024-09,1121,Здоровье,7.328935728822918,-3.7591222927111376
2024-09,1141,Общественное питание,16.574603471645574,-10.514918290526913
2024-09,1143,Здоровье,10.508380856443166,5.3658333731287735
2024-09,1146,Продовольствие,18.898250822872257,-7.666923581568835
2024-09,1179,Продовольствие,14.118864276170727,-1.157171601719621
2024-09,1179,Транспорт,115.37332383257063,0.25668067093005836
2024-09,1184,Здоровье,55.26627109883262,9.837313454294907
2024-09,1204,Продовольствие,7.855400039086308,-0.6323042941977048
2024-09,1204,Транспорт,24.062547940889512,18.486996402151185
2024-09,1208,Маркетплейсы,14.194803330830194,-7.371535692273097
2024-09,1212,Продовольствие,7.23545982417657,2.9203173014693142
2024-09,1241,Общественное питание,13.666945181556034,24.99745691759587
2024-09,1258,Общественное питание,11.784733313351206,-1.7825637797905491
2024-09,1273,Продовольствие,7.85368309057034,-1.7348450608747195
2024-09,1278,Продовольствие,21.12816824314809,-11.336406970511982
2024-09,1285,Общественное питание,43.6523182242873,-7.564947538180277
2024-09,1291,Транспорт,104.2432812540227,-6.911233428222535
2024-09,1301,Все категории,30.862253521419245,-5.1390069133612215
2024-09,1315,Общественное питание,15.222517572777095,8.579086124932328
2024-09,1328,Общественное питание,8.265150663147283,4.245342003209175
2024-09,1337,Транспорт,108.72990938797712,13.063001591701177
2024-09,1339,Маркетплейсы,7.755713263542246,4.312941762867355
2024-09,1348,Здоровье,8.440150850220531,-1.8480445702964996
2024-09,1351,Продовольствие,21.107626360454137,-9.644627843062493
2024-09,1355,Транспорт,10.881426009889037,-6.109500670542244
2024-09,1393,Маркетплейсы,10.200808263072378,1.1072877503734149
2024-09,1395,Общественное питание,17.212408713367942,-6.067139241691649
2024-09,1397,Общественное питание,17.60654892186741,-2.0096933572999705
2024-09,1398,Общественное питание,7.074945410346062,-6.683428930094129
2024-09,1402,Общественное питание,9.335717890005125,-3.80838363735198
2024-09,1430,Здоровье,23.679966745542792,-0.1397601025291053
2024-09,1431,Общественное питание,16.54927315500655,-3.5383524370284825
2024-09,1444,Здоровье,11.693945194163156,-1.0367104103266978
2024-09,1449,Здоровье,9.331436419442111,-0.9030232794529409
2024-09,1473,Общественное питание,9.567857882894847,2.362225620713647
2024-09,1504,Общественное питание,11.093985463657472,5.0532550662851285
2024-09,1506,Здоровье,9.167912800371159,2.844444387779785
2024-09,1519,Здоровье,24.096054855430207,-6.216103534162622
2024-09,1526,Маркетплейсы,19.36453186377155,-8.809385345804637
2024-09,1530,Общественное питание,22.374425511001423,1.7553856280530948
2024-09,1532,Общественное питание,17.359187746648097,8.39088187349644
2024-09,1537,Маркетплейсы,13.786560884482908,0.33490348440864626
2024-09,1557,Общественное питание,42.565647294175335,15.702774305685603
2024-09,1580,Общественное питание,9.49616681436451,4.707607377492891
2024-09,1582,Маркетплейсы,9.582633713435568,0.9553381861217576
2024-09,1582,Здоровье,7.168169618631546,-2.1604798584814784
2024-09,1589,Транспорт,11.384536036548415,-5.874681466758573
2024-09,1604,Транспорт,7.068441612036385,3.21517119904761
2024-09,1610,Общественное питание,7.888291006282759,-13.946531171294613
2024-09,1621,Общественное питание,17.528138630999706,2.6193740894806385
2024-09,1625,Здоровье,9.74802375843381,4.384560119753753
2024-09,1625,Общественное питание,11.875807506934478,2.35963510557556
2024-09,1633,Маркетплейсы,18.920387724177694,9.84801704449518
2024-09,1649,Все категории,27.429152910047073,-5.279946682043127
2024-09,1657,Все категории,8.68865319177852,-1.3400481561798143
2024-09,1657,Здоровье,14.91664146631085,3.485685436945529
2024-09,1660,Транспорт,12.191204572886312,5.049034906370483
2024-09,1667,Общественное питание,15.814247245018315,-0.22669090089091504
2024-09,1676,Транспорт,79.81421278430868,-7.509416471235175
2024-09,1704,Маркетплейсы,9.920428187999478,3.428466794134935
2024-09,1708,Общественное питание,12.826912978003657,3.070628253923469
2024-09,1710,Общественное питание,17.237828448013534,-12.985674480766447
2024-09,1715,Транспорт,17.720735963042248,-1.827962352733988
2024-09,1726,Общественное питание,6.685971762922592,-0.4611383225001582
2024-09,1731,Транспорт,12.51909907600766,-5.580201865848286
2024-09,1732,Все категории,21.381560088615586,0.8374133330748403
2024-09,1732,Продовольствие,16.34617155684156,-1.9364131119054786
2024-09,1751,Транспорт,54.92868284116358,-0.5850317471136574
2024-09,1774,Здоровье,29.29876608668776,-12.202681612756061
2024-09,1775,Здоровье,7.710727867917427,-0.06975222163786055
2024-09,1776,Транспорт,29.939316732136234,-5.76455307820573
2024-09,1780,Транспорт,17.7448375148347,-7.234499259794666
2024-09,1864,Здоровье,15.572828223909012,-1.1383215879865023
2024-09,1892,Здоровье,13.791451855612054,-2.5355825466201103
2024-09,1906,Общественное питание,17.818667316449694,8.51414508854134
2024-09,1920,Общественное питание,8.545089026824964,5.379079477299298
2024-09,1928,Общественное питание,8.968606751851624,3.3850719395609277
2024-09,1928,Транспорт,11.833390417183143,-9.63805788810643
2024-09,1931,Продовольствие,6.829643398028086,-2.65816671913397
2024-09,1956,Общественное питание,7.300507306478305,1.847820079013598
2024-09,1957,Транспорт,38.22866209098651,-2.823069858238082
2024-09,1965,Здоровье,15.189519698410926,-3.22437340693824
2024-09,1968,Продовольствие,6.670407081134912,4.031977837962683
2024-09,1969,Маркетплейсы,7.025445987446082,-1.5200504323616033
2024-09,1975,Транспорт,11.64880164683833,-6.155481733462662
2024-09,1993,Здоровье,7.59641544005929,1.7510013899526156
2024-09,1999,Общественное питание,17.775838454909124,-1.103336863299612
2024-09,2008,Транспорт,13.207048094417763,-1.1768583212682708
2024-09,2015,Транспорт,75.24141739778597,7.009461031664322
2024-09,2030,Маркетплейсы,28.457970344234393,-2.443400595621008
2024-09,2035,Маркетплейсы,13.390245089320038,7.697141242287556
2024-09,2041,Все категории,7.3899585173536035,-2.7094441584489104
2024-09,2043,Общественное питание,32.4793024949413,11.560905552858555
2024-09,2046,Все категории,12.559656073189101,6.284192489657239
2024-09,2056,Транспорт,19.298218577079,-6.6315476473618755
2024-09,2062,Транспорт,6.688685949694148,-0.7548475730299651
2024-09,2068,Здоровье,11.986564303507047,-2.6817278006932783
2024-09,2087,Маркетплейсы,32.44671308816237,1.9947726775316466
2024-09,2114,Здоровье,12.890896145375228,5.17440276903436
2024-09,2129,Транспорт,10.276686084820083,10.500775775793144
2024-09,2137,Маркетплейсы,16.46116601872743,-10.277467083515734
2024-09,2142,Маркетплейсы,82.12908735736366,-19.460142328770484
2024-09,2142,Транспорт,13.920978755962464,9.28841233568322
2024-09,2151,Общественное питание,123.31916810412567,-18.31538821511794
2024-09,2160,Все категории,10.823791824659157,-3.6978939902513543
2024-09,2176,Транспорт,14.674692793377275,-3.790575390169969
2024-09,2198,Здоровье,7.161961543452012,0.6140499597479707
2024-09,2204,Транспорт,9.185185129818008,1.5784165585432905
2024-09,2206,Продовольствие,12.116059924272337,0.4750360167343153
2024-09,2220,Здоровье,8.696201053228878,2.1125244330828297
2024-09,2222,Здоровье,27.221606228006927,1.8032491887325584
2024-09,2222,Общественное питание,9.683195791884254,-15.113334041124187
2024-09,2231,Общественное питание,12.68623921895532,-8.37540854663393
2024-09,2233,Все категории,6.831007536830337,-3.104107457668386
2024-09,2236,Общественное питание,10.742696324874728,-9.721989793865184
2024-09,2241,Транспорт,73.36635334884339,-4.079234989973409
2024-09,2243,Здоровье,14.23660706750655,6.907278000316784
2024-09,2244,Все категории,25.46623112433908,1.673494097053624
2024-09,2250,Здоровье,11.518340223150016,-1.5809711474405859
2024-09,2265,Продовольствие,19.809800747411813,-4.840698607666592
2024-09,2269,Транспорт,17.08963092337589,5.441264295929306
2024-09,2278,Общественное питание,11.322596012575856,7.267358754296604
2024-09,2292,Здоровье,20.02338543684702,7.134587292103153
2024-09,2292,Общественное питание,7.761284116316353,6.471656938150785
2024-09,2297,Транспорт,9.940281930716955,7.362681268122737
2024-09,2301,Маркетплейсы,17.964956816082626,-7.260517803152932
2024-09,2303,Все категории,6.949409451530213,4.600142525819741
2024-09,2305,Общественное питание,7.14711230680633,4.370756032972286
2024-09,2335,Общественное питание,12.347329949589557,8.68895305821912
2024-09,2338,Здоровье,8.485391475324052,-0.7645264852990692
2024-09,2341,Здоровье,39.393494737442936,-1.2196934707985294
2024-09,2349,Продовольствие,8.639499441946501,1.7438252570719486
2024-09,2352,Транспорт,10.492138150608255,-4.927508518080593
2024-09,2358,Общественное питание,7.864239418549328,-1.9510832632063932
2024-09,2359,Общественное питание,40.1417915448388,-6.326022328145275
2024-09,2361,Здоровье,10.965533463873172,-2.4129466138010427
2024-09,2362,Маркетплейсы,11.940755692296646,-4.054281569233913
2024-09,2363,Общественное питание,9.607592522400164,-3.5681177338455834
2024-09,2364,Общественное питание,10.037897630154063,-1.316313646378231
2024-09,2365,Общественное питание,15.880781349182929,-3.8639560164124163
2024-09,2366,Общественное питание,7.2021019596381874,-5.130456498059401
2024-09,2367,Общественное питание,7.6729545158684775,-1.5772824611022749
2024-09,2368,Общественное питание,50.07772961910242,-4.306323602450105
2024-09,2369,Общественное питание,12.497126699890387,-5.355001727293514
2024-09,2371,Общественное питание,8.158571314241458,-3.245548545317392
2024-09,2372,Общественное питание,31.920304196247084,-5.383984439693321
2024-09,2373,Общественное питание,11.199218206454901,-2.817138751934703
2024-09,2375,Общественное питание,27.42814508285224,-10.05495614148957
2024-09,2376,Общественное питание,12.968745906014181,-3.725365173099254
2024-09,2380,Общественное питание,19.69722830289599,-5.071168378392839
2024-09,2381,Общественное питание,27.99979131827137,-7.854640881862395
2024-09,2382,Общественное питание,9.190002419415823,-1.44237256382708
2024-09,2383,Общественное питание,23.08827640002353,-2.7973422952714238
2024-09,2384,Общественное питание,47.92305399213969,-5.235639339459256
2024-09,2385,Общественное питание,29.329840394981858,-2.8025684412831744
2024-09,2386,Общественное питание,12.942592231315087,-3.3251479363539884
2024-09,2387,Общественное питание,32.23947124933219,-5.829551586804189
2024-09,2389,Общественное питание,10.35568465646258,-2.7606384078610784
2024-09,2392,Общественное питание,13.916471643433763,-6.016804704401217
2024-09,2393,Общественное питание,14.177313258107265,0.8714748404008761
2024-09,2398,Общественное питание,28.683767264137817,-4.73790419741246
2024-09,2399,Общественное питание,13.257347604937658,-4.084144797834237
2024-09,2400,Общественное питание,7.25981825592452,-4.961067675807643
2024-09,2401,Общественное питание,19.170993530592316,-5.968943375915295
2024-09,2402,Маркетплейсы,13.339534732444621,-4.408364253313859
2024-09,2404,Общественное питание,11.663646276711532,-3.5649134922125043
2024-09,2410,Общественное питание,11.519393529536936,-4.247186358768898
2024-09,2416,Маркетплейсы,15.26067372151158,-12.424997468661624
2024-09,2416,Здоровье,15.793228479094887,-5.563052772492877
2024-09,2425,Общественное питание,64.83930787827236,-6.066405843374598
2024-09,2427,Общественное питание,7.802981902662588,-4.4492042745824545
2024-09,2428,Общественное питание,41.38175428392236,-6.0985613661154865
2024-09,2430,Общественное питание,13.75026667310661,-4.186649915292647
2024-09,2431,Общественное питание,43.87424359339244,-5.4396999911203014
2024-09,2433,Общественное питание,9.28008525232839,-3.488294871796712
2024-09,2434,Общественное питание,6.808915617468609,-5.52214974000559
2024-09,2436,Общественное питание,24.01127177103722,-6.400407853717201
2024-09,2439,Маркетплейсы,16.530023312397592,-0.64297934350631
2024-09,2440,Общественное питание,65.52634115246336,-5.659731413477608
2024-09,2442,Общественное питание,14.455225739953622,-3.0796703282091666
2024-09,2447,Общественное питание,13.506966006861544,-5.631947715634914
2024-09,2450,Общественное питание,29.448714276710557,-5.131482756674027
2024-09,2453,Общественное питание,38.67783733054083,-7.4246670037403275
2024-09,2454,Общественное питание,33.04294925725859,-9.18191742652332
2024-09,2455,Общественное питание,74.12625813904134,-2.359217077565285
2024-09,2456,Транспорт,7.907375007438361,-0.342354000865964
2024-09,2459,Общественное питание,37.93260424535585,-5.328883786937161
2024-09,2460,Общественное питание,11.787079974134482,-4.032411424550815
2024-09,2463,Общественное питание,6.9247151983418656,-4.2767150876638516
2024-09,2467,Общественное питание,10.716499566806908,-8.934649794436298
2024-09,2468,Общественное питание,25.122481794303134,-5.160368620251435
2024-09,2475,Общественное питание,20.189063076180187,-6.08146633673653
2024-09,2477,Общественное питание,10.121754037714679,-4.409287973348138
2024-09,2480,Общественное питание,10.010657163966352,-5.808334239299804
2024-09,2485,Маркетплейсы,10.45215060350582,-12.34985410651389
2024-09,2485,Общественное питание,17.767756870232848,-5.9762053808084605
2024-09,2486,Здоровье,17.338808688607507,-1.999137382884532
2024-09,2486,Общественное питание,32.54268157173035,-5.9992144745095715
2024-09,2488,Продовольствие,6.973221914200403,-1.7325490328920488
2024-09,2488,Маркетплейсы,6.7606294564596885,-11.957321590415448
2024-09,2488,Здоровье,17.496595001811013,-1.0096695593480396
2024-09,2489,Здоровье,8.96618382027001,-3.492277314452414
2024-09,2490,Общественное питание,35.23551698312504,-6.941569575172789
2024-09,2495,Общественное питание,7.58148048850937,-1.9671070602519318
2024-09,2496,Маркетплейсы,11.006573453449139,-13.710807744448356
2024-09,2497,Здоровье,22.075133743182658,-3.720504191464698
2024-09,2497,Общественное питание,34.70155409687611,-7.131024966644913
2024-09,2499,Продовольствие,7.459518670100781,2.4659975320144003
2024-09,2499,Маркетплейсы,6.749397026205238,-6.5630760745821695
2024-09,2506,Общественное питание,14.246975971949732,-3.3291985421730086
2024-09,2507,Маркетплейсы,10.216212668415922,-9.524444631017964
2024-09,2507,Общественное питание,11.81115827590242,-3.4199168857162254
2024-09,2513,Общественное питание,9.76409918410031,-4.240325477954781
2024-09,2514,Здоровье,8.431000762633941,-3.088867599374045
2024-09,2517,Маркетплейсы,6.783681181926975,-6.706156374235951
2024-09,2519,Общественное питание,36.80922489726549,-8.227178553076747
2024-09,2524,Здоровье,7.585531056526913,-3.0982262457008343
2024-09,2533,Общественное питание,19.65428832640783,-10.333530557438635
2024-09,2537,Здоровье,30.54234710113613,-6.0988365842076435
2024-09,2538,Маркетплейсы,7.845009281346312,-10.028186620109066
2024-09,2542,Общественное питание,15.099048870676283,-5.571383942939825
2024-09,2543,Маркетплейсы,6.845421902595935,-6.9111379511182065
2024-09,2545,Здоровье,18.95177360396834,-2.411512726344997
2024-09,2554,Маркетплейсы,7.995812133576752,-10.546568165198536
2024-09,2558,Общественное питание,43.34021142497443,-3.9553368442768058
2024-09,2559,Продовольствие,8.24460975299227,1.1092601390779069
2024-09,2559,Маркетплейсы,8.348695804377245,-11.443257143569669
2024-09,2559,Общественное питание,9.131676013703231,-4.977584934163922
2024-09,2561,Общественное питание,18.630616846318265,-3.8827243163833085
2024-09,2563,Маркетплейсы,9.94511007942362,-15.413961628292
2024-09,2564,Маркетплейсы,6.909920941678704,-6.958020598168029
2024-09,2564,Общественное питание,7.6971321371990165,-3.5019354525628597
2024-09,2566,Общественное питание,9.989432171202555,-4.284152743133039
2024-09,2569,Общественное питание,10.89561593880486,-5.711092319180242
2024-09,2573,Здоровье,8.001829097977534,-4.02425578027857
2024-09,2574,Здоровье,9.359321267192596,3.1739673109090174
2024-09,2574,Общественное питание,7.62778750387629,-1.4202598540775986
2024-09,2579,Маркетплейсы,11.703582385239352,-9.69818983911301
2024-09,2579,Общественное питание,12.063387367585214,-4.580882571607849
2024-09,2582,Маркетплейсы,10.169602896466907,-10.27060115509182
2024-09,2584,Общественное питание,10.099748173307258,-7.211042949658641
2024-09,2601,Здоровье,7.896222353301832,0.4096786418540592
2024-09,2883,Общественное питание,11.499838521630885,5.129137948806786
2024-10,21,Общественное питание,14.887847136952303,-7.824347015399606
2024-10,22,Все категории,13.385210964544239,-2.9931575285211247
2024-10,43,Транспорт,11.187584852790122,-1.1635169767682463
2024-10,55,Общественное питание,9.725368207312847,2.790420529322013
2024-10,61,Здоровье,117.71505575046794,-2.0595393776208213
2024-10,70,Здоровье,14.53300033830124,-5.227155578358266
2024-10,71,Здоровье,23.05645030017052,4.564178627632934
2024-10,76,Транспорт,8.163209838302878,1.0337838777551323
2024-10,78,Здоровье,9.59476502163451,0.4535355052660043
2024-10,78,Общественное питание,6.980196622504292,0.9912444855176834
2024-10,184,Здоровье,9.087828672450057,-3.680610228428549
2024-10,209,Все категории,11.832412363487125,-2.23305733285894
2024-10,211,Транспорт,7.6498660608428075,-3.2390610685243018
2024-10,212,Здоровье,25.529458934842175,8.90014342370388
2024-10,215,Все категории,9.154775257139487,-3.495648672625158
2024-10,215,Продовольствие,12.921452572793836,-6.829770216281664
2024-10,215,Здоровье,9.867274745355765,0.3973587992283987
2024-10,218,Все категории,16.130069728867266,-7.950521956443248
2024-10,218,Продовольствие,27.628565188549214,-8.740337442528782
2024-10,218,Здоровье,8.934177334942802,-2.4629072331867317
2024-10,218,Транспорт,24.92275467370537,-12.243859508364897
2024-10,228,Транспорт,12.635821289928298,-3.5987341790776277
2024-10,235,Продовольствие,8.372928641906197,-3.2055248982833966
2024-10,269,Общественное питание,53.74921792991285,1.4763344864068895
2024-10,276,Транспорт,37.07887987284861,-13.190941498516256
2024-10,278,Общественное питание,29.677680569351168,-0.15327301057347675
2024-10,281,Здоровье,11.088187023683313,-0.10425804308084846
2024-10,292,Общественное питание,8.111404116367224,-3.1311771805439195
2024-10,297,Общественное питание,16.721868661884216,7.152719561150778
2024-10,303,Общественное питание,13.013068208203032,1.6385242692792443
2024-10,306,Продовольствие,19.15780236972706,0.35044843370863
2024-10,318,Все категории,10.243754010354813,-3.083466240696694
2024-10,318,Маркетплейсы,7.537285180875476,-0.4849672143626816
2024-10,330,Общественное питание,9.85799090052068,-2.3799299255873763
2024-10,365,Маркетплейсы,7.095702571354762,9.464539679611601
2024-10,380,Здоровье,10.273194619526565,8.442657008112567
2024-10,383,Здоровье,30.42149844448765,-10.40817343999497
2024-10,393,Здоровье,38.943576239052504,-5.818241881329289
2024-10,414,Маркетплейсы,24.074509048007958,-6.271968173073659
2024-10,418,Общественное питание,31.69090889149899,-1.0659876021349834
2024-10,420,Общественное питание,10.719598493755381,0.8849514108833052
2024-10,421,Общественное питание,24.05073254167557,6.855205744499872
2024-10,430,Общественное питание,24.55006220428028,-3.2617418147725097
2024-10,437,Все категории,7.485700950945625,3.354537714473845
2024-10,443,Все категории,6.730287413078104,10.317068902790501
2024-10,486,Транспорт,8.028750018632238,0.42780322400227
2024-10,497,Общественное питание,72.03865815437703,18.93614270619022
2024-10,506,Здоровье,11.124285931351018,7.273469312732932
2024-10,515,Маркетплейсы,7.664166271512946,-0.004358247081353628
2024-10,517,Общественное питание,10.671965461834194,8.641898121031604
2024-10,538,Общественное питание,12.184794776958753,5.067434940533202
2024-10,548,Все категории,15.024542211094046,-4.395651824147285
2024-10,548,Продовольствие,10.056598332121524,-2.330181896497011
2024-10,548,Общественное питание,8.85813511743669,-3.615744255469284
2024-10,549,Транспорт,7.146264807502308,-4.6886524286878775
2024-10,559,Продовольствие,7.46468916198203,4.5481525735769655
2024-10,559,Транспорт,13.435311716961616,9.308663238314756
2024-10,569,Все категории,6.704337547401971,1.7219948312342637
2024-10,578,Все категории,9.650422998080757,3.464942075419206
2024-10,581,Здоровье,7.865077014562833,-0.18513213246470606
2024-10,585,Общественное питание,13.11512839569967,0.12088407259526601
2024-10,586,Транспорт,7.00694520881203,-4.30338190671901
2024-10,595,Здоровье,9.490121937291674,-4.0475494332970285
2024-10,602,Общественное питание,17.36127148121416,-8.246378123550663
2024-10,613,Маркетплейсы,11.636945460015648,-2.363082970434823
2024-10,615,Все категории,7.850466981227874,8.622484712011799
2024-10,692,Все категории,10.252250651001283,-4.810634786770429
2024-10,693,Транспорт,21.828897949810028,-5.856555767527453
2024-10,708,Транспорт,12.407559461140687,8.95985710641928
2024-10,716,Продовольствие,12.289509207032149,6.270058365891454
2024-10,720,Здоровье,14.585920617403286,-0.4709821289995153
2024-10,725,Транспорт,7.458344656365203,4.37676611623651
2024-10,726,Общественное питание,22.889158795974705,-5.008914696898311
2024-10,727,Общественное питание,32.48297888776017,-5.351180418515165
2024-10,741,Общественное питание,17.31101682879586,9.806580110010623
2024-10,742,Транспорт,64.53577913315439,-7.301380505123931
2024-10,746,Общественное питание,10.36316918594093,-0.8385560486556897
2024-10,751,Транспорт,16.825011260626212,8.763542651292838
2024-10,760,Все категории,8.025329940536238,-2.572208908685076
2024-10,791,Общественное питание,7.98720487337442,3.2899007020120545
2024-10,792,Продовольствие,16.61433019410731,-6.646100853447191
2024-10,818,Все категории,9.871643508562542,6.782950110359003
2024-10,824,Маркетплейсы,9.639252642727342,-3.9510646156718696
2024-10,829,Здоровье,6.762909938590272,-1.37608022925889
2024-10,848,Здоровье,11.144886987531882,-0.40078476484881786
2024-10,852,Все категории,8.883456231418759,-3.419030702163706
2024-10,873,Общественное питание,9.064767873383325,-9.988835133359162
2024-10,878,Продовольствие,9.697044138398422,-5.114618233320774
2024-10,883,Продовольствие,10.956685927840624,-10.197970401530272
2024-10,895,Общественное питание,17.456914995531324,-12.8251487330169
2024-10,895,Транспорт,18.573911976845793,2.3698804190770506
2024-10,899,Общественное питание,7.700329859855984,5.778167949200368
2024-10,904,Все категории,17.46123018411637,-7.902320420974309
2024-10,908,Транспорт,9.408318303573314,1.8902853162051945
2024-10,918,Маркетплейсы,18.97455175638457,1.9806479923982283
2024-10,994,Продовольствие,10.08281283946635,-6.688463497670878
2024-10,1003,Все категории,17.647681648917064,8.122403381725059
2024-10,1003,Транспорт,6.997528551317436,17.380368311181833
2024-10,1006,Общественное питание,19.05866757922538,-5.455457241894148
2024-10,1013,Продовольствие,16.69613870300959,-4.032708450048927
2024-10,1015,Все категории,48.205202387134776,11.880732464722652
2024-10,1015,Общественное питание,10.415027475085989,5.106981016573782
2024-10,1015,Транспорт,21.92291252316371,6.635849906358667
2024-10,1021,Общественное питание,9.960897311119615,12.401297064521358
2024-10,1025,Здоровье,10.259332288478396,-2.865991877708888
2024-10,1037,Все категории,14.870186522443984,6.126956346315259
2024-10,1037,Маркетплейсы,71.80069284976886,2.125651108833668
2024-10,1037,Транспорт,9.169645763424779,3.6443903208303596
2024-10,1039,Здоровье,8.139580247838172,3.63447739517529
2024-10,1039,Транспорт,8.909568940927024,1.880058573665706
2024-10,1047,Здоровье,14.396835006477271,3.34016262691851
2024-10,1054,Все категории,12.709876747633489,2.387732158083548
2024-10,1054,Транспорт,32.65579315389237,-3.000596048268341
2024-10,1055,Общественное питание,17.94649677064353,8.396131010637973
2024-10,1058,Общественное питание,11.122180579418082,9.833724377103758
2024-10,1121,Здоровье,11.937545253281417,-3.7957629694261747
2024-10,1124,Транспорт,10.268160862790348,-8.905055405704097
2024-10,1128,Продовольствие,10.214467639608978,0.402329907164065
2024-10,1146,Продовольствие,8.85940617451706,-3.583540784253713
2024-10,1157,Общественное питание,12.321474816126907,0.2543710369905994
2024-10,1160,Маркетплейсы,9.12901118381508,-3.16832556826738
2024-10,1179,Транспорт,35.616963068343225,9.946037097712743
2024-10,1184,Здоровье,47.82192142013247,26.425333297601252
2024-10,1184,Транспорт,13.525291955818288,6.020881142035495
2024-10,1189,Продовольствие,7.737177309841638,-4.202894270730474
2024-10,1204,Транспорт,8.61264436475882,8.18548078881191
2024-10,1206,Транспорт,8.829289537663707,16.782384387413124
2024-10,1212,Продовольствие,8.22269637288054,4.18106575903284
2024-10,1218,Общественное питание,8.155700837188965,-3.440267833508247
2024-10,1222,Все категории,8.974827922799456,6.649970736178722
2024-10,1244,Здоровье,15.435564129574985,11.209403502168932
2024-10,1251,Транспорт,14.910988265694064,10.19242497481792
2024-10,1253,Маркетплейсы,10.13165053830664,-2.3155802652093938
2024-10,1258,Общественное питание,13.645616027481154,-3.82185207579533
2024-10,1261,Здоровье,13.531065123240136,2.214617342826781
2024-10,1265,Маркетплейсы,23.154928983699115,-3.526634860504174
2024-10,1266,Маркетплейсы,10.929736884021638,5.391293549219839
2024-10,1269,Маркетплейсы,10.338990981405566,9.56512825993518
2024-10,1273,Продовольствие,9.61180753160704,-0.48907435437036717
2024-10,1278,Продовольствие,17.558683977263865,-0.365674271087884
2024-10,1279,Общественное питание,7.385790389251174,2.3977186861615296
2024-10,1291,Все категории,7.551172837295808,-11.362683744084748
2024-10,1291,Транспорт,73.1000532092552,-13.60455266042702
2024-10,1292,Общественное питание,11.120671299253132,-0.6590568549919392
2024-10,1301,Все категории,10.211533036230275,-6.289600338098821
2024-10,1315,Общественное питание,9.096528582496626,-0.20130551119831086
2024-10,1329,Все категории,8.055941182954397,1.2379840989805697
2024-10,1337,Транспорт,103.54915811954338,4.319922166633001
2024-10,1339,Маркетплейсы,9.668949298447743,-1.3206307586342805
2024-10,1339,Транспорт,9.380862153680015,-7.045423394717006
2024-10,1351,Продовольствие,15.504219539516258,-2.1056554598719366
2024-10,1355,Транспорт,15.471279826693445,-6.611150147820942
2024-10,1395,Общественное питание,27.427490460816127,-5.979186574169789
2024-10,1397,Общественное питание,29.391959327736696,-2.186169190600003
2024-10,1398,Общественное питание,13.176494673942099,-6.7582847465162175
2024-10,1402,Общественное питание,18.520513946736433,-3.098884797109136
2024-10,1404,Здоровье,9.489151794112061,10.71424289812689
2024-10,1408,Общественное питание,10.404240473151274,-3.2135534431480135
2024-10,1430,Здоровье,27.057846980128804,-0.7879226682339295
2024-10,1431,Общественное питание,19.476946579517502,-3.5276176400689647
2024-10,1507,Транспорт,9.934270836343325,2.3840702415185877
2024-10,1508,Здоровье,11.253122091759463,-0.26633618908173595
2024-10,1510,Транспорт,21.589637550165893,-2.2932080782113156
2024-10,1519,Здоровье,10.294600894481187,-6.51531346269782
2024-10,1530,Общественное питание,7.906654609400729,-1.512118983352861
2024-10,1533,Общественное питание,17.691226941038106,-8.54705279759019
2024-10,1541,Общественное питание,7.725610994176142,-0.1335397857413514
2024-10,1557,Общественное питание,38.954463060291424,11.809364553147178
2024-10,1568,Транспорт,7.981427532923302,3.1434568093408064
2024-10,1570,Транспорт,12.128458267225431,-13.504858576348216
2024-10,1580,Общественное питание,9.837512630603333,3.22477519438766
2024-10,1582,Маркетплейсы,10.407423233644199,3.2247080418750222
2024-10,1589,Транспорт,7.431266356434685,-2.9356038057210814
2024-10,1593,Общественное питание,8.973391804214025,7.383620419580762
2024-10,1608,Общественное питание,8.046616927534355,4.450189602315493
2024-10,1614,Маркетплейсы,8.35806747963124,-5.467494892374006
2024-10,1625,Общественное питание,15.824718635392028,2.4312132840767906
2024-10,1640,Общественное питание,45.2648771991294,11.241962194650386
2024-10,1645,Здоровье,18.6963985194206,-6.393209366759783
2024-10,1649,Все категории,12.48942380180836,-2.3875893065093843
2024-10,1649,Общественное питание,17.509362505705024,16.41381087936469
2024-10,1653,Маркетплейсы,9.892276186138226,4.411577990745702
2024-10,1660,Транспорт,22.05621823913727,8.07666945620456
2024-10,1667,Общественное питание,18.829802445335623,-1.2278800185114143
2024-10,1674,Транспорт,8.47673759304771,1.9340844685273293
2024-10,1676,Транспорт,60.73194144215704,-16.027168047999353
2024-10,1710,Общественное питание,17.270739366018184,-23.817978632176093
2024-10,1739,Продовольствие,24.497864616889398,-1.2652461369185417
2024-10,1742,Общественное питание,8.515075724410622,-12.804452829952794
2024-10,1751,Транспорт,52.08077596691315,-6.089776465015246
2024-10,1768,Все категории,7.488778554546947,5.740498769561924
2024-10,1774,Здоровье,22.65554124539016,-3.8414093507142675
2024-10,1775,Здоровье,18.35451139142767,3.011166824969706
2024-10,1776,Транспорт,37.427436781621495,-4.936814937696689
2024-10,1852,Здоровье,29.97425043689455,-10.249608697459733
2024-10,1864,Здоровье,16.926130789597888,2.741429690012954
2024-10,1872,Все категории,12.080422692921617,6.402792530244049
2024-10,1876,Общественное питание,8.32253941795612,2.9162274471589162
2024-10,1889,Продовольствие,15.685310690335676,-0.518843036058044
2024-10,1892,Здоровье,10.356437856008297,-2.0127761194708746
2024-10,1906,Общественное питание,28.17125864587177,7.548774316902564
2024-10,1906,Транспорт,7.9636385108570344,5.318830874843547
2024-10,1907,Транспорт,45.93342856750205,-10.630780494042964
2024-10,1920,Общественное питание,9.688561844477809,4.447997200911345
2024-10,1928,Общественное питание,17.24080535866567,-5.5772294621172644
2024-10,1931,Продовольствие,7.730721819536029,-4.816566260796817
2024-10,1957,Транспорт,54.781802233966616,1.304355728862282
2024-10,1965,Здоровье,20.048333179659515,-5.8270074860309125
2024-10,1971,Общественное питание,7.584408934501542,-6.5747067458840105
2024-10,1975,Транспорт,21.841289553936583,-8.976401385829002
2024-10,1981,Общественное питание,14.62139374856542,-5.679493894200736
2024-10,1993,Здоровье,12.224839928409143,1.8353698234258888
2024-10,1999,Общественное питание,15.214461257594795,1.236569814232789
2024-10,1999,Транспорт,7.7541713837256,4.5190886018801235
2024-10,2001,Все категории,7.642664824380936,-5.025797753529337
2024-10,2015,Транспорт,51.61372297152894,0.8421273423314943
2024-10,2019,Транспорт,6.983945919249855,-2.5539133645543073
2024-10,2023,Транспорт,6.964273959887576,2.8273443453436817
2024-10,2030,Маркетплейсы,22.699113468524533,1.3813111142138736
2024-10,2043,Транспорт,22.66010005283923,5.4000653124696925
2024-10,2046,Все категории,14.263958491133623,-3.5217993851276477
2024-10,2046,Маркетплейсы,18.286458338497912,-3.7979142683601124
2024-10,2050,Общественное питание,6.661850981201541,4.57307526574349
2024-10,2068,Здоровье,26.215660608062258,9.435097737003609
2024-10,2077,Здоровье,8.469243214136945,3.6990648941321123
2024-10,2079,Все категории,9.33166089596927,4.991066697138966
2024-10,2081,Общественное питание,16.44382202340931,-9.31500795236348
2024-10,2087,Маркетплейсы,27.238898720637856,-0.7174134240067116
2024-10,2095,Маркетплейсы,7.5086335329532705,0.8461694147451829
2024-10,2114,Здоровье,11.039133702131398,1.649105134684738
2024-10,2129,Транспорт,27.43015617909305,-2.169476119865278
2024-10,2137,Маркетплейсы,10.54103415900396,-5.483125031537248
2024-10,2142,Маркетплейсы,54.66686902780225,-5.297588210068004
2024-10,2142,Транспорт,20.773901604085182,-1.9340878466647209
2024-10,2151,Общественное питание,94.03941550511611,-14.98488797942039
2024-10,2158,Все категории,6.677086193230546,0.7249694088059657
2024-10,2160,Все категории,9.463246371570985,-2.301297940144163
2024-10,2169,Общественное питание,8.723207477401095,-0.30769350370728527
2024-10,2172,Продовольствие,7.983108535618329,3.22328360821136
2024-10,2195,Общественное питание,9.828288327524822,-6.127398669628942
2024-10,2204,Транспорт,13.956674509092558,0.8290311591387654
2024-10,2205,Продовольствие,8.564534593511675,-3.3826140115509995
2024-10,2206,Продовольствие,14.525771851101892,1.4952412486908713
2024-10,2222,Здоровье,34.86620262517103,0.36041014402294236
2024-10,2223,Общественное питание,9.913952792477131,-5.811419824732777
2024-10,2225,Все категории,12.987442428866085,-4.564156351697321
2024-10,2227,Здоровье,11.630274259778968,-2.5320080221082844
2024-10,2231,Общественное питание,14.248963611607229,-7.326368903171866
2024-10,2232,Общественное питание,8.282265945068133,-2.657416302070791
2024-10,2233,Маркетплейсы,7.231842759213759,-5.3748931949834615
2024-10,2234,Общественное питание,8.839749491756683,-0.736619218400392
2024-10,2241,Транспорт,80.86234225738619,-10.957752963897878
2024-10,2242,Здоровье,7.173187219069074,0.9451716214479721
2024-10,2244,Все категории,25.00583277086506,0.5657558695747302
2024-10,2245,Все категории,9.605596040345075,1.4290668859389761
2024-10,2248,Здоровье,8.266511732497696,-0.9610964206323378
2024-10,2250,Здоровье,14.471138036845728,-0.5847806628014289
2024-10,2255,Общественное питание,10.75210230431401,-4.146041579990466
2024-10,2270,Здоровье,25.392976267397852,3.977766242841878
2024-10,2292,Здоровье,16.845784990833405,-1.30821458305123
2024-10,2292,Общественное питание,19.58195827564985,13.339995194257494
2024-10,2297,Транспорт,16.507024097204162,6.884117105397164
2024-10,2301,Маркетплейсы,11.961171079851253,-2.861727818288838
2024-10,2301,Общественное питание,11.131237049739473,-5.775559277966285
2024-10,2309,Общественное питание,12.026631436436691,1.4911737114089934
2024-10,2314,Общественное питание,8.4877109551197,-5.99596088655383
2024-10,2316,Все категории,10.848152582853837,8.807123896058053
2024-10,2316,Общественное питание,10.174908478556707,10.035868966738816
2024-10,2326,Общественное питание,12.104466195051097,4.956953508892415
2024-10,2327,Все категории,7.042312406061507,4.854637546901105
2024-10,2341,Здоровье,12.130923245968527,-0.2107049629667257
2024-10,2351,Общественное питание,12.044864272233058,-1.1897519996920796
2024-10,2352,Общественное питание,8.993365958171138,-3.210738097771569
2024-10,2354,Общественное питание,8.940602622365635,-0.9092579947067341
2024-10,2355,Общественное питание,9.422683092177213,-5.390334163351371
2024-10,2356,Общественное питание,14.130753303355085,-1.8712441953695045
2024-10,2358,Общественное питание,17.36507732595978,-0.65056874692152
2024-10,2359,Общественное питание,56.71786660872133,-6.930877082125285
2024-10,2361,Общественное питание,7.791896364230077,-3.048701038264688
2024-10,2363,Общественное питание,14.623035784173691,-4.305127742695346
2024-10,2364,Общественное питание,14.45292799112671,-2.047645107291504
2024-10,2365,Общественное питание,34.420987326082916,-1.7022828126116902
2024-10,2366,Общественное питание,12.116832108200093,-5.431868260876367
2024-10,2367,Общественное питание,14.885703405090746,-1.0104742577788839
2024-10,2368,Общественное питание,73.78259080930661,-3.6099340152495856
2024-10,2369,Общественное питание,19.998073360608153,-5.590017055176141
2024-10,2371,Общественное питание,16.582848251010674,-2.586533399446636
2024-10,2372,Общественное питание,49.54734104941661,-4.794171136131506
2024-10,2373,Общественное питание,20.037525845612922,-2.333917061046396
2024-10,2374,Общественное питание,10.091048230024457,-2.812410246954048
2024-10,2375,Общественное питание,43.610156552563296,-9.210090888968033
2024-10,2376,Общественное питание,22.355006863809376,-3.4574751448470176
2024-10,2378,Общественное питание,8.831943936705589,-4.301299991339217
2024-10,2379,Общественное питание,8.613137011816542,-3.067569186954734
2024-10,2380,Общественное питание,39.26776420323898,-3.206440619226915
2024-10,2381,Общественное питание,42.89000796174927,-7.716197840399084
2024-10,2382,Общественное питание,14.909412182627765,-2.1306460742820743
2024-10,2383,Общественное питание,37.93470669121863,-2.3145169297611305
2024-10,2384,Общественное питание,61.44217932838728,-4.656738765024819
2024-10,2385,Общественное питание,46.80060283178977,-1.466027687382221
2024-10,2386,Общественное питание,23.648256305076284,-2.2308745346682404
2024-10,2387,Общественное питание,47.45760440016271,-4.870235423683619
2024-10,2389,Общественное питание,19.287816573496634,-2.402678756501124
2024-10,2390,Общественное питание,8.097194429172228,-1.0528472553343038
2024-10,2392,Общественное питание,28.011239870241347,-4.438230209561448
2024-10,2393,Общественное питание,23.986276332927364,2.2968891213447833
2024-10,2398,Общественное питание,38.48627964060557,-4.507423324733869
2024-10,2399,Общественное питание,22.787545589998963,-3.719765164276043
2024-10,2400,Общественное питание,15.672892723418618,-4.174209135315007
2024-10,2401,Общественное питание,27.83181784042043,-5.9307584892680465
2024-10,2402,Маркетплейсы,14.509461332087966,-4.724442959187448
2024-10,2404,Общественное питание,20.447244110995964,-3.4834349207316393
2024-10,2406,Общественное питание,13.434055847409576,-0.2238546680498068
2024-10,2410,Общественное питание,21.220569155852072,-3.922197419143215
2024-10,2416,Здоровье,15.47748862345332,-2.3495105216050547
2024-10,2422,Общественное питание,21.31629037467077,-6.6391932217591405
2024-10,2423,Общественное питание,7.287648101453277,-3.639308709987414
2024-10,2424,Общественное питание,8.982804694355696,-1.4725786047738136
2024-10,2425,Общественное питание,81.41553730504113,-5.6179246842698625
2024-10,2427,Общественное питание,12.863881732833164,-4.85915844429895
2024-10,2428,Общественное питание,71.64867504460594,-3.2580279032321666
2024-10,2429,Общественное питание,10.072334511716686,-1.1601754110371578
2024-10,2430,Общественное питание,16.735090143115784,-5.78425245285886
2024-10,2431,Общественное питание,53.64666583266375,-5.713062561641979
2024-10,2432,Общественное питание,7.596855774311335,-2.144360211012825
2024-10,2433,Общественное питание,16.934632008904288,-2.623959918883208
2024-10,2434,Общественное питание,11.364004633131106,-5.871696426389697
2024-10,2435,Общественное питание,7.671586093639488,-3.22278855580425
2024-10,2436,Общественное питание,35.4241587078737,-6.474370298413197
2024-10,2439,Продовольствие,7.676141543704595,2.144313180484483
2024-10,2439,Маркетплейсы,19.684373148985923,-0.9145336237870914
2024-10,2440,Общественное питание,92.62056551577818,-5.035745826162602
2024-10,2442,Общественное питание,21.58211275697213,-3.630479240721278
2024-10,2443,Общественное питание,7.311814396129359,-4.777291853198235
2024-10,2445,Общественное питание,8.771428188168246,-3.6243479918997945
2024-10,2447,Общественное питание,21.074629828011776,-6.099696763174163
2024-10,2450,Общественное питание,39.3720769978997,-6.110295082860351
2024-10,2453,Общественное питание,57.96066286720061,-5.768332615215351
2024-10,2454,Общественное питание,57.8467268187041,-6.93031314648265
2024-10,2455,Общественное питание,95.40077000899234,-1.9010704254874593
2024-10,2459,Общественное питание,53.197067622866996,-5.498856531845695
2024-10,2460,Общественное питание,14.518510287019787,-5.2780023369767175
2024-10,2461,Общественное питание,9.36897060796383,-1.30984208271812
2024-10,2463,Общественное питание,10.06225699722898,-5.285623477060837
2024-10,2464,Общественное питание,8.103998454880625,-2.3697981840452753
2024-10,2467,Общественное питание,21.1973384535022,-7.6666356229651225
2024-10,2468,Общественное питание,35.43792132956366,-5.357393588693942
2024-10,2475,Общественное питание,27.850537858538594,-7.179161815330003
2024-10,2477,Общественное питание,12.373324150696089,-5.779280630199697
2024-10,2480,Общественное питание,13.413755653157464,-6.9062352407884635
2024-10,2485,Общественное питание,26.258137225831366,-6.6958315202434875
2024-10,2486,Здоровье,13.336369491069398,-1.9171817365187036
2024-10,2486,Общественное питание,47.861338612563465,-5.681322969432022
2024-10,2488,Продовольствие,14.074122817492722,-1.1932739372896584
2024-10,2488,Общественное питание,8.839270965912352,-5.003681905194941
2024-10,2490,Общественное питание,40.432023373127926,-8.878400869245048
2024-10,2494,Общественное питание,11.386854206976306,-3.8022164765658877
2024-10,2495,Общественное питание,8.493238551643614,-4.042151210182699
2024-10,2496,Маркетплейсы,9.129329856628736,-9.794984660064264
2024-10,2497,Здоровье,9.0142222738598,-1.986344140822705
2024-10,2497,Общественное питание,30.444790265332426,-9.475258997010771
2024-10,2499,Продовольствие,6.726582764787397,1.9559129245670266
2024-10,2503,Продовольствие,7.274531069821779,1.0750228437635232
2024-10,2506,Общественное питание,20.22274888781754,-3.9933078129533595
2024-10,2507,Общественное питание,19.137255211578495,-3.591732442761354
2024-10,2513,Общественное питание,15.156342611296017,-4.477747604590887
2024-10,2514,Общественное питание,11.38150896798736,-4.35992350954003
2024-10,2519,Общественное питание,47.273517807550796,-9.78527247922035
2024-10,2524,Здоровье,9.35997760656931,-4.006132858662494
2024-10,2533,Общественное питание,25.90109358816805,-11.862689605906347
2024-10,2537,Здоровье,25.811304477866095,-0.8472232853712534
2024-10,2537,Общественное питание,7.820046439284148,-5.4102341109017615
2024-10,2542,Общественное питание,22.49759514421975,-5.866997136707674
2024-10,2544,Продовольствие,9.79677370934684,-0.6547900848419859
2024-10,2547,Общественное питание,9.573210207124918,-4.907945527748354
2024-10,2550,Общественное питание,7.231394413297495,-3.0894009059404066
2024-10,2558,Общественное питание,53.3704089898329,-4.256725211744763
2024-10,2559,Продовольствие,12.77051760265332,1.2893389019767314
2024-10,2559,Общественное питание,11.310983516856602,-6.443459087987247
2024-10,2561,Общественное питание,27.05919112007006,-4.3567294089837345
2024-10,2563,Маркетплейсы,10.033110883992993,-5.692175475304769
2024-10,2564,Общественное питание,10.846922677526125,-4.634147511130025
2024-10,2566,Общественное питание,17.3422859375935,-4.190436733597166
2024-10,2569,Общественное питание,15.9897546522102,-6.423413047724003
2024-10,2574,Здоровье,7.228046127898661,2.066692203161719
2024-10,2574,Общественное питание,11.54213071268811,-2.3171293108750763
2024-10,2576,Общественное питание,10.046957923469494,-2.554042881576126
2024-10,2579,Общественное питание,15.304713990418252,-5.919819581050255
2024-10,2584,Общественное питание,14.371528339445048,-7.858326587686268
2024-10,2593,Здоровье,11.360434192346235,10.668539942641944
2024-10,2880,Здоровье,8.742276764773768,-0.6126827744018348
2024-10,2882,Общественное питание,6.857467598449165,-6.09760834227123
2024-11,3,Транспорт,8.095605973008052,2.469241954779359
2024-11,11,Все категории,13.381786425627084,4.672280540171444
2024-11,12,Маркетплейсы,8.620173475795578,-1.3213495701183267
2024-11,15,Все категории,10.176387096318605,-1.8267217603886015
2024-11,22,Транспорт,10.013185468989173,-16.002459760522022
2024-11,26,Общественное питание,15.705308061254406,0.5960581101452322
2024-11,32,Продовольствие,7.2054869834431585,-5.472344839228773
2024-11,61,Здоровье,13.062588267467161,7.081396037709593
2024-11,62,Здоровье,17.121637275997966,6.635425264285469
2024-11,71,Здоровье,33.58954355301928,3.5502884602768905
2024-11,74,Все категории,13.59326292420565,-8.865182737188928
2024-11,74,Продовольствие,10.317264910514353,-6.9735221350183565
2024-11,78,Общественное питание,11.473101082365833,0.14207947247693686
2024-11,78,Транспорт,14.008366662711317,-4.6264183190204315
2024-11,82,Здоровье,7.810141959471024,4.016878189964886
2024-11,188,Транспорт,7.209890855973716,4.651076472529198
2024-11,203,Продовольствие,17.030291820039235,-8.926142768424302
2024-11,212,Здоровье,14.578758417978571,3.97578158822638
2024-11,214,Транспорт,31.794268399405038,-5.37469029886214
2024-11,215,Транспорт,9.13905155237168,-2.3302799248371207
2024-11,226,Маркетплейсы,53.0651627818789,-10.255379390013761
2024-11,243,Маркетплейсы,14.646488009300716,-7.528305821534044
2024-11,269,Здоровье,9.24199033951062,11.678948034542756
2024-11,276,Транспорт,7.5087048926358575,-9.960695568530156
2024-11,281,Здоровье,9.790436012665877,0.9376560782545613
2024-11,292,Общественное питание,16.666207703963714,-4.52104028864587
2024-11,306,Продовольствие,30.89440832885242,-1.21048080199319
2024-11,329,Транспорт,7.6217553027951555,-4.795495513306902
2024-11,336,Продовольствие,9.024832393151735,-7.011350698740697
2024-11,358,Маркетплейсы,7.89721194676293,8.018339459224148
2024-11,367,Общественное питание,9.855493266960636,4.963646919311742
2024-11,380,Здоровье,6.922600896082952,4.931797067730943
2024-11,383,Здоровье,27.392438047980995,-5.699932910356793
2024-11,391,Продовольствие,10.109062312410712,-6.588754180734462
2024-11,392,Общественное питание,7.64897987448809,-4.614143228113042
2024-11,393,Здоровье,8.73950791460451,-0.8765723175607865
2024-11,401,Продовольствие,9.76602522687817,-4.9310198983485245
2024-11,414,Маркетплейсы,39.10506902918381,-5.3954536274948275
2024-11,425,Общественное питание,7.210270619739141,3.593521069376402
2024-11,430,Общественное питание,15.51629389820198,5.680441410234245
2024-11,434,Маркетплейсы,26.04169004616804,11.000916135308834
2024-11,447,Здоровье,8.155614679845408,3.8271909968643545
2024-11,486,Транспорт,9.845379279889649,0.6965964303711827
2024-11,506,Здоровье,19.24798543166442,7.232681552756465
2024-11,508,Транспорт,8.688053138675775,4.137587922307713
2024-11,515,Маркетплейсы,8.862556562074872,-0.8562202103196146
2024-11,525,Здоровье,6.751826091086034,2.3638515968306417
2024-11,528,Общественное питание,33.19653182944269,8.431775695852995
2024-11,538,Общественное питание,7.527477341120381,3.934516490708667
2024-11,549,Транспорт,11.83702173369598,-6.289450833964258
2024-11,554,Здоровье,10.119127157106998,4.417717319630232
2024-11,555,Здоровье,12.013903025407677,5.627465928922792
2024-11,559,Все категории,9.404339191680775,7.240461125600128
2024-11,559,Продовольствие,7.904811934486224,3.778614994636183
2024-11,578,Все категории,12.665490999954836,-4.836273073071815
2024-11,602,Продовольствие,84.60661037760387,-17.70285896859687
2024-11,602,Общественное питание,7.244778737794288,-0.6307115564266237
2024-11,613,Маркетплейсы,14.639333737007592,6.348986061230315
2024-11,680,Все категории,8.58014907295282,4.518421796505894
2024-11,680,Общественное питание,10.227216547539202,2.2452654655175284
2024-11,715,Здоровье,7.7049792133442905,0.1703351823448569
2024-11,716,Продовольствие,11.615178722439024,4.600044667512622
2024-11,742,Транспорт,20.47332147668119,-9.750003182500567
2024-11,744,Транспорт,20.86965421678211,2.285913436359297
2024-11,746,Общественное питание,18.403896398566044,7.031931896870315
2024-11,751,Транспорт,21.017913680520802,-0.19077750866606102
2024-11,756,Транспорт,25.988826177708802,-3.3942490032077437
2024-11,770,Здоровье,9.389400718035981,5.728643601138669
2024-11,773,Продовольствие,18.53725402736028,-11.123623290816566
2024-11,774,Общественное питание,21.49969138662908,-5.61520521575812
2024-11,783,Маркетплейсы,7.200771493113851,5.243821414950758
2024-11,789,Маркетплейсы,10.336179500862285,4.210845585985802
2024-11,791,Продовольствие,19.8145919535495,-3.7635136569042826
2024-11,791,Общественное питание,14.633241563318547,1.9204131734067875
2024-11,810,Продовольствие,9.138101234254968,-2.8387576439413467
2024-11,823,Общественное питание,7.959175103698799,-1.70181928234493
2024-11,831,Продовольствие,7.383269868686258,-4.505316399077715
2024-11,873,Общественное питание,7.671821155697175,-6.799390729618667
2024-11,878,Продовольствие,10.117341381104596,-10.901172471079342
2024-11,883,Здоровье,49.641691370098044,-0.7744094496149927
2024-11,891,Продовольствие,23.73295677980249,-9.08602127007968
2024-11,891,Общественное питание,11.42733678870543,-3.9644145986518065
2024-11,895,Общественное питание,40.05477416477872,1.6377683329149813
2024-11,895,Транспорт,37.2151969464882,-2.1874137849747086
2024-11,903,Маркетплейсы,12.83785627378444,0.5462220615167033
2024-11,991,Здоровье,9.776160306418602,6.706654097621193
2024-11,994,Все категории,7.9983995212737025,-6.746102539823974
2024-11,994,Продовольствие,23.581136996144977,-11.830078767431512
2024-11,1006,Общественное питание,10.91885371531008,1.651526080412542
2024-11,1014,Общественное питание,7.3512071567261925,0.8743122308629117
2024-11,1015,Все категории,12.154659313063005,11.723685693057824
2024-11,1025,Здоровье,9.873775976953235,1.5396777843813019
2024-11,1037,Маркетплейсы,16.48596934460721,8.096078532865764
2024-11,1037,Транспорт,22.565232453739817,6.665694948073849
2024-11,1054,Все категории,23.174034058606285,6.698432358235871
2024-11,1054,Транспорт,9.789726087655103,-8.93213236877753
2024-11,1055,Общественное питание,9.454603896505708,13.863382446400546
2024-11,1057,Транспорт,9.135101132852274,-3.990391998183533
2024-11,1068,Все категории,7.87515987148773,4.5180964290904555
2024-11,1070,Транспорт,107.05749321544877,-11.429200718155624
2024-11,1071,Транспорт,10.259662892730669,-8.022245525532131
2024-11,1117,Все категории,22.86943419163327,8.930270828518612
2024-11,1120,Общественное питание,10.036683882078837,4.6633143184827945
2024-11,1130,Все категории,12.61114628534343,3.4254371218317545
2024-11,1147,Все категории,11.299625762812372,-2.551978545468036
2024-11,1166,Маркетплейсы,9.601294528801766,-6.495283049447852
2024-11,1179,Транспорт,6.721166538596983,19.420793789075983
2024-11,1184,Здоровье,38.942767619974816,17.442823750244287
2024-11,1204,Транспорт,19.773332734142333,3.990220673086183
2024-11,1206,Транспорт,8.519093377466936,15.491156185929448
2024-11,1218,Общественное питание,8.107697487917777,-1.7556410282166999
2024-11,1222,Все категории,17.639746052507665,-4.454947177911357
2024-11,1232,Продовольствие,9.375512652381026,4.414790181995741
2024-11,1232,Общественное питание,17.280736810852318,7.927083867741715
2024-11,1244,Здоровье,12.32922522275774,14.652668476680034
2024-11,1249,Здоровье,23.42041451352399,5.825668736648486
2024-11,1251,Транспорт,10.360699664572536,3.3594006604514535
2024-11,1253,Маркетплейсы,7.268583089328782,-2.2862030663558084
2024-11,1265,Все категории,21.39948430039933,-9.579985348753834
2024-11,1265,Транспорт,22.254853273989188,-7.895068874864573
2024-11,1266,Маркетплейсы,13.786584168042587,3.7049836642840113
2024-11,1269,Маркетплейсы,9.990238944184377,5.726649358047878
2024-11,1270,Маркетплейсы,12.272636382550854,1.7866408184174107
2024-11,1276,Продовольствие,27.322902772619805,-10.919212784865191
2024-11,1278,Продовольствие,11.824665146287922,-3.10493851196909
2024-11,1279,Общественное питание,23.07613722720435,-0.47982589713513146
2024-11,1279,Транспорт,12.543233789101084,-4.679173498714729
2024-11,1282,Здоровье,7.774303705986998,5.823171210986262
2024-11,1291,Все категории,42.53527285961401,-19.730155247871537
2024-11,1291,Транспорт,25.423004574765496,-23.045391930390682
2024-11,1301,Транспорт,13.144944725115286,-5.394845312735304
2024-11,1305,Все категории,19.281731731196633,-2.959473398242248
2024-11,1305,Продовольствие,16.43541341212648,-4.087994414164871
2024-11,1305,Здоровье,14.643798047171046,0.5683527726381561
2024-11,1315,Общественное питание,15.107242898040115,-0.09558861074960667
2024-11,1319,Здоровье,8.650754714069752,-2.701285836819927
2024-11,1325,Все категории,7.764476034650857,-6.178826887186069
2024-11,1331,Общественное питание,7.327469908497233,-3.3129449309240173
2024-11,1337,Транспорт,33.17696549999973,11.816277957861537
2024-11,1339,Транспорт,8.773072553368264,-4.331838553282956
2024-11,1348,Здоровье,21.173410608096535,4.784021165611324
2024-11,1357,Продовольствие,7.61314832777409,2.4779267666598592
2024-11,1404,Здоровье,17.875699348216077,10.33190878379693
2024-11,1425,Общественное питание,67.21121344900402,-13.968013484250069
2024-11,1430,Транспорт,12.510073067366786,1.095694624403281
2024-11,1489,Здоровье,6.768168698632411,8.481735891329798
2024-11,1507,Транспорт,16.470047868623908,-3.3355280112673658
2024-11,1510,Транспорт,17.38638229802249,-7.3605526693830114
2024-11,1519,Здоровье,58.171005568610354,8.159232355542827
2024-11,1529,Общественное питание,7.9445385112999425,-0.06653894406964356
2024-11,1539,Здоровье,9.332428859568774,6.49947425343667
2024-11,1540,Здоровье,9.218711730366266,11.767180408505537
2024-11,1546,Общественное питание,7.879165378772018,-1.1714365448820365
2024-11,1568,Здоровье,10.596341815765141,5.8528237688506195
2024-11,1580,Общественное питание,8.002974812006405,-2.3509886109888662
2024-11,1582,Здоровье,10.39630792512951,5.534327667256402
2024-11,1592,Транспорт,11.95212032936818,-0.2934864719319501
2024-11,1594,Общественное питание,18.36988568243419,6.002227114147328
2024-11,1608,Общественное питание,43.712451530562845,14.279218897920913
2024-11,1622,Здоровье,12.49973519987693,0.5703453093966355
2024-11,1640,Общественное питание,19.496414325141583,2.4477317374894447
2024-11,1645,Здоровье,7.176699349597843,-4.2535903400638055
2024-11,1653,Маркетплейсы,16.44236913561465,12.703356560793674
2024-11,1658,Общественное питание,8.697192147255121,-1.4181185235823555
2024-11,1658,Транспорт,9.19543166436932,5.219172693056125
2024-11,1676,Транспорт,24.863316541420158,-19.330020281257042
2024-11,1692,Транспорт,8.102267761933115,-3.565692704171038
2024-11,1710,Общественное питание,37.41040106884399,-25.510825590569432
2024-11,1719,Продовольствие,12.504175635920127,-2.810756926408614
2024-11,1724,Общественное питание,28.920059285160644,-12.285956792467681
2024-11,1739,Продовольствие,21.679339429422356,0.7926349224619185
2024-11,1743,Общественное питание,9.94668525596976,11.762802049060424
2024-11,1744,Общественное питание,25.370567320288373,-2.1076569978434074
2024-11,1774,Здоровье,28.18975981127773,0.921400123117158
2024-11,1780,Транспорт,8.584710448313535,1.1868504865450895
2024-11,1852,Здоровье,32.07717121837657,1.7159476194165446
2024-11,1854,Здоровье,7.085280863642825,5.431115575325501
2024-11,1860,Транспорт,18.205067412528148,-4.69146343005778
2024-11,1872,Все категории,6.812810818055732,5.798891824369878
2024-11,1889,Продовольствие,7.914580962416397,-1.4297371198431212
2024-11,1896,Все категории,7.319921859474454,-7.125174765939988
2024-11,1903,Транспорт,7.951582094405875,1.4401945708667732
2024-11,1904,Продовольствие,9.295533853057293,3.4309820396781308
2024-11,1907,Транспорт,18.15826982068988,-5.340779588295731
2024-11,1928,Общественное питание,15.979365330043708,-2.1759742398382347
2024-11,1928,Транспорт,20.966235377635495,2.779770825744171
2024-11,1929,Маркетплейсы,18.816680254031485,3.108184897382361
2024-11,1955,Общественное питание,26.634285059456342,-1.6300777855739625
2024-11,1956,Транспорт,13.53856214104069,-1.2053891190216905
2024-11,1965,Здоровье,7.914177861683034,1.8513690404106808
2024-11,1970,Транспорт,14.790234936926685,-3.7503270863182694
2024-11,2008,Транспорт,7.5427413631981395,10.087659080521178
2024-11,2015,Транспорт,16.491315459322067,-3.53683355054984
2024-11,2019,Общественное питание,7.7801168109015535,5.070288660147897
2024-11,2037,Транспорт,13.298395996361442,-2.12343007351659
2024-11,2041,Маркетплейсы,25.006831042300238,-2.5890822049992375
2024-11,2043,Транспорт,19.88415748944203,0.9989280464463408
2024-11,2045,Общественное питание,17.34581681496087,0.5266978989791529
2024-11,2046,Все категории,10.900106872755124,0.2299899409190458
2024-11,2046,Маркетплейсы,8.321328499865292,0.9952757917718635
2024-11,2056,Транспорт,9.332016059312258,3.9131439322461183
2024-11,2068,Здоровье,39.01439490652886,-4.753272876731319
2024-11,2077,Здоровье,13.827900838539218,5.2971843974956325
2024-11,2081,Общественное питание,10.981245859786412,-1.251295072112141
2024-11,2118,Транспорт,12.92967339349963,7.486384019211917
2024-11,2120,Здоровье,14.032719591221523,8.221710313818072
2024-11,2129,Общественное питание,7.21664866220191,-7.905447760403135
2024-11,2129,Транспорт,39.857101710424864,-4.53878568179734
2024-11,2132,Транспорт,6.941451134912438,-2.650595373580644
2024-11,2142,Маркетплейсы,47.49224249320776,-1.1729450472278398
2024-11,2142,Транспорт,22.236966321542933,-0.3825235125878307
2024-11,2150,Маркетплейсы,7.588803205164982,10.138637589520435
2024-11,2202,Транспорт,11.661042171657133,-1.6918309414220198
2024-11,2208,Продовольствие,22.4708068655011,-8.594023472552607
2024-11,2211,Маркетплейсы,6.891336242121399,-6.571142870416007
2024-11,2229,Продовольствие,41.824694629295664,-5.692532834142146
2024-11,2234,Все категории,6.974292836550522,-3.849964299233914
2024-11,2234,Продовольствие,13.201283770920865,-5.5049582075751715
2024-11,2255,Общественное питание,8.995722521264414,-2.7964701626914525
2024-11,2270,Здоровье,16.632894575261158,0.5970035950535939
2024-11,2292,Здоровье,16.58114824410372,-1.1986097350313427
2024-11,2292,Общественное питание,8.739022330495837,13.472809929859032
2024-11,2301,Общественное питание,21.39671788988873,-6.210601350253992
2024-11,2321,Все категории,8.321841258298164,5.351656472130328
2024-11,2321,Продовольствие,9.555851332253134,8.129589191913658
2024-11,2340,Общественное питание,7.0617121907999545,-5.695014759144576
2024-11,2341,Здоровье,25.548229892446113,-10.999974375083077
2024-11,2375,Здоровье,6.858875121596787,4.146526612018939
2024-11,2381,Общественное питание,7.883382562181392,-0.929492199159208
2024-11,2401,Здоровье,7.932692200288961,5.535743474953206
2024-11,2416,Маркетплейсы,10.110812874858325,1.7731412410184806
2024-11,2453,Общественное питание,12.87595137335633,1.3342244075992582
2024-11,2454,Общественное питание,6.85841082197175,-1.2104370802016717
2024-11,2497,Здоровье,7.790528965334453,-0.2632457395603578
2024-11,2497,Общественное питание,10.016620332175085,-1.2179179652027656
2024-11,2516,Здоровье,9.848048349490027,7.016123367565038
2024-11,2524,Здоровье,10.749291537110429,3.123425055633693
2024-11,2533,Общественное питание,10.288057883979386,-3.617538553816601
2024-11,2537,Здоровье,8.21380653585489,0.08012775295211672
2024-11,2538,Здоровье,8.924691396150049,6.642539385247464
2024-11,2573,Здоровье,8.307061942222656,4.216666823774496
2024-11,2581,Здоровье,14.390469031159924,5.609172176755459
2024-11,2593,Здоровье,10.302740488147462,6.620349237844666
2024-12,11,Все категории,18.359584996468893,-0.9619144897411238
2024-12,15,Все категории,8.322494742273474,-2.091279627290202
2024-12,15,Маркетплейсы,7.468599052292073,-2.7883506705957974
2024-12,22,Транспорт,211.0182883233129,-41.52347469263596
2024-12,26,Общественное питание,23.700482478863233,1.9266983777558424
2024-12,56,Продовольствие,9.699746512661308,-6.309617052934981
2024-12,61,Здоровье,24.497585521177616,-3.553694126885946
2024-12,62,Все категории,20.551791302868796,-8.360494359873432
2024-12,62,Здоровье,15.132849568476459,-2.3108985977656524
2024-12,71,Транспорт,9.11345042415814,-4.611329294687456
2024-12,74,Все категории,9.14607679939414,-3.2368451965912453
2024-12,74,Продовольствие,6.782156407780782,-2.7065548912766983
2024-12,184,Общественное питание,7.629444915620447,-6.94274609823022
2024-12,188,Все категории,10.838719121871266,-6.596582669380902
2024-12,203,Продовольствие,8.044917153204546,-5.252412309784727
2024-12,204,Продовольствие,10.437916103454139,-5.564425644320625
2024-12,212,Здоровье,32.05036354212658,-7.837963553309113
2024-12,212,Общественное питание,14.205838018597722,-0.7008930283189434
2024-12,214,Транспорт,23.4494094543661,-6.269019760566863
2024-12,217,Общественное питание,14.28214698704658,9.940931369216278
2024-12,225,Маркетплейсы,17.244210826181032,-7.25333045936951
2024-12,226,Маркетплейсы,36.175301699216284,0.9790671118972265
2024-12,227,Маркетплейсы,159.25197577778886,-20.802530483272555
2024-12,236,Все категории,7.938922569727004,-6.2977617283737946
2024-12,241,Все категории,17.546209340667552,-11.390349444651628
2024-12,243,Маркетплейсы,10.323507659538073,-5.574812030093542
2024-12,276,Транспорт,50.66988311930334,2.2045090376680263
2024-12,281,Здоровье,23.745569126252125,-9.08822131273004
2024-12,295,Маркетплейсы,15.347095735236392,-5.602426496004167
2024-12,303,Общественное питание,14.32699138384122,11.015002810185322
2024-12,320,Продовольствие,6.6852039878001035,5.203150042211225
2024-12,329,Общественное питание,8.644582217909951,3.042581457027821
2024-12,329,Транспорт,15.35403854433449,2.5367402480514727
2024-12,335,Транспорт,8.487208434270794,6.636274930787474
2024-12,342,Транспорт,11.39537677398214,1.2772058208450299
2024-12,356,Все категории,8.613753545060874,-1.19361938191883
2024-12,358,Маркетплейсы,6.902530582190095,-0.7875916825106426
2024-12,359,Продовольствие,16.52414210924808,-12.182571600007154
2024-12,365,Маркетплейсы,7.741758302361682,2.9889746296697517
2024-12,367,Общественное питание,10.446698664879296,5.407758576003351
2024-12,377,Продовольствие,8.005436416447148,-7.79797832282294
2024-12,380,Все категории,10.360773741245989,-6.403233066159694
2024-12,383,Здоровье,16.23730664664035,0.22901512121102918
2024-12,388,Все категории,10.895845465581166,-11.206279228660353
2024-12,388,Продовольствие,24.155965074216233,-15.44134618814574
2024-12,396,Транспорт,21.660122612722166,-7.146928583509605
2024-12,402,Здоровье,17.91918580193334,-9.612497788200063
2024-12,410,Общественное питание,7.111300290984789,-5.286935824409708
2024-12,430,Общественное питание,24.382281673238143,7.867373606607714
2024-12,433,Продовольствие,8.90084599115017,-5.791061129922195
2024-12,434,Маркетплейсы,35.34121629216211,-5.212396834878813
2024-12,448,Транспорт,7.920909386802792,4.813717347346222
2024-12,452,Транспорт,15.656700800797989,8.124468279593245
2024-12,453,Транспорт,12.282321703779033,7.318415725522452
2024-12,455,Транспорт,25.960745755153226,11.587680456599346
2024-12,458,Транспорт,17.885605786121616,14.08272885918918
2024-12,486,Транспорт,20.099093175455454,-7.395269797257123
2024-12,494,Продовольствие,7.30652052424214,-5.426034140373288
2024-12,497,Все категории,12.114998278068652,-2.871104139180063
2024-12,497,Продовольствие,8.370447967043322,-3.4064761900918175
2024-12,497,Общественное питание,25.24192176334858,12.722790721719218
2024-12,517,Маркетплейсы,9.334427488290057,-0.6719556906528332
2024-12,548,Общественное питание,8.670267736034926,-11.21057947794491
2024-12,562,Общественное питание,22.893871057857805,-8.424642440248725
2024-12,578,Все категории,9.055199147284652,1.2083589648756496
2024-12,598,Маркетплейсы,17.13101513574849,7.663504063976484
2024-12,602,Продовольствие,74.80455530524448,-2.1963169953648225
2024-12,602,Общественное питание,12.915518223389551,0.8572377320296336
2024-12,603,Маркетплейсы,24.395379260736284,2.5077044990832156
2024-12,608,Маркетплейсы,8.410368712000704,-5.264137607817034
2024-12,612,Маркетплейсы,30.41628110317395,-7.424450847774488
2024-12,613,Маркетплейсы,67.03204974633786,-11.84543022289254
2024-12,699,Общественное питание,98.93630707135488,18.76486046930356
2024-12,714,Общественное питание,8.644581512100238,3.3469716982543645
2024-12,736,Общественное питание,17.278920244603533,-6.72825684054882
2024-12,741,Транспорт,7.004337486288317,5.544066066807977
2024-12,744,Транспорт,11.46703783125571,-4.2230130718165695
2024-12,746,Общественное питание,13.772465756187492,1.5370888092688615
2024-12,751,Транспорт,40.300573749982874,-4.760327266624584
2024-12,756,Транспорт,22.082130993728274,5.667426660079386
2024-12,770,Здоровье,8.725152988476358,10.406988139936516
2024-12,781,Все категории,12.817786142242525,1.8832267603799162
2024-12,781,Транспорт,14.863787486048171,8.181009668588784
2024-12,790,Продовольствие,16.627925577102832,2.0299915153678545
2024-12,791,Продовольствие,14.503407372210832,-0.9492519556690933
2024-12,791,Общественное питание,41.92603148051687,-9.884289373284403
2024-12,794,Здоровье,8.352455595548552,-7.151456243828531
2024-12,806,Транспорт,13.665540919192358,10.59702355590803
2024-12,808,Транспорт,13.87515894488558,8.173300529638217
2024-12,840,Общественное питание,12.81770539177356,-5.207419356595869
2024-12,852,Все категории,18.414248330213667,6.423692290827496
2024-12,852,Транспорт,11.170058244126423,4.252536049763292
2024-12,860,Маркетплейсы,20.231718880548165,22.250569618784006
2024-12,871,Продовольствие,8.637944068580431,7.240850912079648
2024-12,876,Все категории,21.447331357677772,2.8414715348598847
2024-12,883,Продовольствие,7.607866619213841,-0.7256068785727972
2024-12,883,Здоровье,40.3532856990731,-14.014846322633277
2024-12,884,Все категории,23.553366140751617,4.5546617042980975
2024-12,891,Продовольствие,50.25066694676869,0.6900074630926785
2024-12,891,Общественное питание,12.669586092822538,-0.6907383639241887
2024-12,895,Общественное питание,110.2127506645765,9.421786197833004
2024-12,899,Общественное питание,42.150260627471305,-8.631783669626373
2024-12,903,Маркетплейсы,8.229156864322464,-6.652310846461015
2024-12,907,Продовольствие,17.53726754486399,-8.800982000867602
2024-12,993,Общественное питание,13.679422700831365,-3.4673781638524024
2024-12,994,Продовольствие,6.684452653922175,-15.080002134822523
2024-12,1002,Продовольствие,8.900380021286132,-7.7541994769554705
2024-12,1020,Общественное питание,21.719197116718092,-3.0321275122127322
2024-12,1034,Продовольствие,17.330083820479498,-9.375222471844705
2024-12,1039,Общественное питание,16.277213691056712,4.9864220487294535
2024-12,1040,Общественное питание,10.19876878561808,-3.8982968282912327
2024-12,1054,Транспорт,8.47144303055062,-4.861931091895116
2024-12,1058,Общественное питание,12.806743833796691,1.203536054788604
2024-12,1062,Общественное питание,16.90755160163002,3.571127381481462
2024-12,1070,Транспорт,106.75886976254804,-4.998853465610866
2024-12,1071,Транспорт,6.877687605573268,-3.8864870017764677
2024-12,1117,Все категории,22.753974861918987,-1.2563380847280867
2024-12,1118,Все категории,7.464831896400017,-5.348663541828197
2024-12,1121,Общественное питание,7.152437950644316,-5.835883484778887
2024-12,1128,Продовольствие,14.334312453202902,-7.510758998363627
2024-12,1128,Транспорт,7.346838283903924,-5.536502914071705
2024-12,1130,Все категории,8.71823878672531,0.20818828696916136
2024-12,1130,Общественное питание,10.538460099665516,-14.29930038879678
2024-12,1166,Общественное питание,13.503434946661532,-4.234137305125657
2024-12,1170,Общественное питание,13.408696607877358,6.5594002096416455
2024-12,1208,Маркетплейсы,6.777333366177988,0.43586820128001413
2024-12,1222,Все категории,13.090393549627258,0.15940119985394863
2024-12,1232,Общественное питание,13.761359338411255,6.956164591962123
2024-12,1249,Здоровье,14.514676907661256,15.311965543304696
2024-12,1253,Продовольствие,23.246085862764936,9.120869603011808
2024-12,1265,Все категории,18.483716846379302,-9.53705420818656
2024-12,1265,Транспорт,15.82538840283562,-1.5535708263417094
2024-12,1266,Маркетплейсы,14.680955722603464,-2.874873694535296
2024-12,1269,Маркетплейсы,10.097948419737083,-0.8665843335072976
2024-12,1274,Общественное питание,15.19012908560106,-13.58161065454168
2024-12,1276,Продовольствие,9.302911695661898,-4.816297523847427
2024-12,1277,Продовольствие,12.565709143397637,-9.471909840432819
2024-12,1279,Транспорт,7.080656983374515,0.45473114175590856
2024-12,1281,Продовольствие,11.302342864106906,-9.8766879222733
2024-12,1287,Продовольствие,13.472771641668144,-8.961564955203016
2024-12,1291,Все категории,10.883824869585133,-18.063074231490848
2024-12,1296,Все категории,7.785033147463801,-6.597853430995059
2024-12,1301,Транспорт,6.9441911710517905,-1.3842285420775524
2024-12,1305,Все категории,14.748146609779624,-3.088605582861783
2024-12,1305,Продовольствие,20.840915289385034,-1.1644984259372153
2024-12,1305,Здоровье,21.911328889017632,2.5080981661741406
2024-12,1305,Общественное питание,9.725685788925581,1.958222627020463
2024-12,1313,Все категории,7.426717972495096,-4.853362478581056
2024-12,1313,Продовольствие,9.73544784487077,-5.441303559860307
2024-12,1313,Общественное питание,8.670334009987933,-1.1500961331633945
2024-12,1319,Здоровье,12.338830524492204,-2.7156582645268292
2024-12,1329,Все категории,35.500306871307636,-7.91269548271318
2024-12,1331,Общественное питание,6.759747914988433,-0.8156029767417001
2024-12,1336,Транспорт,8.524148412018228,6.256045900683596
2024-12,1339,Маркетплейсы,8.83695310508309,5.5085885954476685
2024-12,1339,Общественное питание,11.155500644814017,-2.657992604195639
2024-12,1346,Здоровье,7.612507394535339,2.81090801373864
2024-12,1347,Общественное питание,304.88698247715587,-26.59679539960198
2024-12,1348,Все категории,8.42828021641284,1.8952820370659316
2024-12,1348,Продовольствие,27.188162188342925,-0.242382780518267
2024-12,1348,Здоровье,29.57160470942862,4.1857364246818936
2024-12,1357,Продовольствие,14.52931668561324,4.095752079821513
2024-12,1425,Общественное питание,49.56199828410828,-5.875130518948141
2024-12,1430,Транспорт,17.67551647975302,8.479529072289642
2024-12,1463,Здоровье,17.095867977661623,10.069062471981967
2024-12,1474,Маркетплейсы,6.96567653229482,-12.062539381381
2024-12,1475,Общественное питание,7.788651776905124,1.6296454854252476
2024-12,1519,Здоровье,49.924705120877306,1.637000554512034
2024-12,1537,Маркетплейсы,16.69472467017922,-11.289583865222362
2024-12,1540,Здоровье,7.576249837538738,8.925288535371743
2024-12,1545,Общественное питание,7.961534509160816,-4.474155520411058
2024-12,1545,Транспорт,8.992870904506034,3.403851149769442
2024-12,1546,Общественное питание,7.996400623411921,1.2686134535065414
2024-12,1557,Общественное питание,35.40458345555815,-0.30344426973389815
2024-12,1568,Продовольствие,8.90901543624216,-2.2493913502008196
2024-12,1568,Общественное питание,191.44204310861926,-24.636550047530605
2024-12,1580,Общественное питание,8.187166493600536,-1.5701996745600193
2024-12,1586,Маркетплейсы,8.954314237839466,4.998279419447777
2024-12,1592,Транспорт,17.106667002465002,-2.988854441649433
2024-12,1593,Продовольствие,8.991374227605695,-4.393824744455774
2024-12,1608,Общественное питание,18.98662600505919,14.511733693148997
2024-12,1610,Общественное питание,12.824305560255812,-18.363576295128563
2024-12,1622,Здоровье,7.874093445188228,2.470650495609139
2024-12,1625,Общественное питание,6.908698616000342,-2.770384312676438
2024-12,1629,Общественное питание,13.260822835497422,-1.9028911463354072
2024-12,1640,Общественное питание,56.92297024223612,-4.596877773962854
2024-12,1641,Общественное питание,54.64795277059565,-9.164965935216843
2024-12,1653,Маркетплейсы,9.811959565182798,4.8572244655955386
2024-12,1679,Все категории,7.587996756947875,-6.829201688909573
2024-12,1690,Общественное питание,7.836587114168746,-4.107757032285273
2024-12,1719,Продовольствие,47.90147146132953,4.58148789517674
2024-12,1724,Общественное питание,19.32583305434509,-1.8120312231578453
2024-12,1732,Все категории,7.332411487600342,-9.642813905361708
2024-12,1744,Общественное питание,30.544003324858767,-0.47893107747536817
2024-12,1755,Продовольствие,17.0681517203075,-3.5166840244698436
2024-12,1764,Маркетплейсы,15.028777249445305,9.579366760484483
2024-12,1768,Общественное питание,8.259228332639404,9.539338880048502
2024-12,1774,Продовольствие,32.69655885176394,-0.7269183145127611
2024-12,1776,Транспорт,19.74145521630847,-1.1732625926966642
2024-12,1783,Маркетплейсы,8.103954312639916,8.602207927524995
2024-12,1785,Общественное питание,30.24889999445712,-6.5950515443821836
2024-12,1852,Здоровье,42.639802645786716,4.1325231150387305
2024-12,1858,Общественное питание,9.888719295724666,12.984910442040189
2024-12,1860,Транспорт,31.07867721257535,-5.801448209536107
2024-12,1869,Продовольствие,13.531485298148773,-6.644102221825706
2024-12,1873,Здоровье,12.99455019554917,5.152377024992067
2024-12,1885,Общественное питание,7.844980446276298,5.556111828394016
2024-12,1892,Здоровье,10.62311059148657,-5.012489023831935
2024-12,1903,Транспорт,12.789124075996694,6.917673146142533
2024-12,1906,Транспорт,8.60935927673227,13.052715841403261
2024-12,1912,Все категории,12.174414971163865,5.512357901688466
2024-12,1928,Транспорт,8.21813174251702,0.6519852451667876
2024-12,1929,Транспорт,7.047295426765758,2.468653555354312
2024-12,1932,Общественное питание,11.875528015254933,-5.8689075245285895
2024-12,1936,Общественное питание,9.41656879775138,1.8882264217727922
2024-12,1943,Транспорт,6.711444776893284,6.136565665478505
2024-12,1955,Все категории,15.718454753693134,-0.543452538619277
2024-12,1955,Продовольствие,12.636596191868787,-0.9476232976659635
2024-12,1955,Общественное питание,18.520335083046984,4.019015502120077
2024-12,1955,Транспорт,15.777326335579676,2.1622947877776313
2024-12,1957,Транспорт,8.52926891492297,13.935430475397693
2024-12,1965,Здоровье,13.350705442311893,1.5346462700051848
2024-12,1970,Транспорт,19.28171015956214,-6.489070232236294
2024-12,1992,Транспорт,31.65694674257028,-10.990949131429705
2024-12,2012,Общественное питание,60.774448609328125,-0.4763998372391629
2024-12,2018,Все категории,7.174075911430876,-5.137614852512627
2024-12,2030,Маркетплейсы,8.303136292727133,4.937819560506938
2024-12,2034,Общественное питание,7.51557707214656,3.2341073700374383
2024-12,2036,Здоровье,14.687103115136987,-8.161720784292923
2024-12,2037,Транспорт,9.500274510588993,5.304796495256463
2024-12,2040,Общественное питание,11.195472289161772,7.013125176828638
2024-12,2041,Маркетплейсы,24.448708150035095,6.814969836386949
2024-12,2043,Общественное питание,7.887085792277027,16.99212326037216
2024-12,2045,Общественное питание,17.889798071695225,-3.417919666306096
2024-12,2068,Здоровье,37.566912448119446,7.166990827738197
2024-12,2077,Здоровье,11.07963516980254,-1.9685635528019274
2024-12,2081,Общественное питание,13.593308585419868,-0.386965492725194
2024-12,2087,Маркетплейсы,6.787388107906292,-6.748961075886928
2024-12,2114,Здоровье,6.754966581831236,8.008879940792852
2024-12,2120,Здоровье,10.448760591685696,-0.22188629940710092
2024-12,2126,Общественное питание,8.064054676784945,-4.295583379628491
2024-12,2132,Транспорт,62.80718065354551,-12.292465775354202
2024-12,2134,Общественное питание,9.62850238308871,-5.89434833923457
2024-12,2142,Маркетплейсы,9.016166013941566,3.559021935058043
2024-12,2160,Все категории,18.779898281086968,3.3830294386195257
2024-12,2160,Продовольствие,7.357991518038552,4.523030400169277
2024-12,2171,Маркетплейсы,7.807903615581337,-6.4170117572026495
2024-12,2175,Продовольствие,8.960472525307306,-2.3270414136992743
2024-12,2176,Продовольствие,22.28785974392015,-6.73565043472262
2024-12,2187,Здоровье,8.22131076744521,5.3118657630099735
2024-12,2202,Продовольствие,6.672144896416961,1.1035241899641774
2024-12,2208,Продовольствие,26.425599160278658,-7.487374144543065
2024-12,2216,Маркетплейсы,12.91243425573021,2.5852265508586143
2024-12,2222,Общественное питание,12.55904745391284,1.0551783283554572
2024-12,2228,Все категории,7.750584176883558,-8.183358632458342
2024-12,2229,Продовольствие,98.09448164953321,-13.154066369862738
2024-12,2229,Общественное питание,14.958750534726756,4.379874484375502
2024-12,2230,Продовольствие,10.422778350650919,-5.407307852234344
2024-12,2234,Продовольствие,14.528250870089087,-4.928229519543898
2024-12,2234,Здоровье,7.246793985708695,-3.61214879816465
2024-12,2259,Все категории,6.8844177646282185,-4.800550394321657
2024-12,2259,Продовольствие,10.758810045479281,-6.523047509770921
2024-12,2260,Транспорт,14.997137098813004,-1.0030889397311449
2024-12,2269,Общественное питание,13.073668801684349,11.307884559402407
2024-12,2274,Транспорт,24.814373614369988,4.24633938719617
2024-12,2297,Транспорт,7.486431149070223,1.8104161739017037
2024-12,2321,Продовольствие,8.104774681225027,-0.0942338595736727
2024-12,2341,Здоровье,23.10984329253109,-0.932132908153843
2024-12,2381,Общественное питание,14.14627513796707,-0.819005980904274
2024-12,2387,Общественное питание,8.601332740671007,1.321799905582358
2024-12,2392,Общественное питание,6.894237343413064,1.2243390155426308
2024-12,2400,Общественное питание,8.663526986010147,1.624600040613017
2024-12,2425,Общественное питание,8.557035401551747,0.0626177529933436
2024-12,2431,Общественное питание,16.323643996800342,3.1189454937688517
2024-12,2436,Общественное питание,8.286454253893465,-0.8532027476509843
2024-12,2440,Общественное питание,10.924237376313764,2.524533777150406
2024-12,2453,Общественное питание,14.601372215564368,1.351774872279936
2024-12,2454,Общественное питание,11.554888202315503,0.6526947956720885
2024-12,2467,Общественное питание,10.455871598931642,1.4759448926090801
2024-12,2468,Общественное питание,10.47996754889869,2.9268711297989594
2024-12,2475,Общественное питание,12.798142829870994,1.6098487719490482
2024-12,2480,Общественное питание,10.442441615855856,0.5604845000423513
2024-12,2485,Общественное питание,6.684543951881959,0.29466756838325203
2024-12,2486,Здоровье,11.013260005170558,0.8572967178350703
2024-12,2486,Общественное питание,13.061248173756024,2.844946037987377
2024-12,2490,Общественное питание,24.774003810195012,2.719737790482604
2024-12,2495,Общественное питание,22.31842454767676,7.034028112484135
2024-12,2497,Здоровье,36.35753522381752,8.081169099813742
2024-12,2497,Общественное питание,30.13217641717929,3.0412870677988
2024-12,2498,Общественное питание,7.243849920631613,4.287239502204763
2024-12,2511,Здоровье,9.041460985094467,7.0300624800971505
2024-12,2513,Общественное питание,10.85836142562971,2.9712338822702353
2024-12,2514,Здоровье,8.014465606625542,1.7689468059377562
2024-12,2519,Общественное питание,23.571904153176384,1.849567344242546
2024-12,2524,Здоровье,6.911051383004211,-2.0425223217308934
2024-12,2533,Общественное питание,38.329645508940196,2.1540853596351432
2024-12,2542,Общественное питание,8.272475676931627,1.0904074783407598
2024-12,2558,Общественное питание,26.007900870396735,6.92744182489821
2024-12,2559,Общественное питание,8.09284098818758,0.29342636947593004
2024-12,2569,Общественное питание,18.80985487629357,4.140287420847013
2024-12,2574,Здоровье,12.46169712887123,3.65248013111154
2024-12,2579,Общественное питание,18.12208437710951,3.857784762293244
2024-12,2581,Здоровье,11.930909965904988,3.7307888443880186
2024-12,2584,Общественное питание,11.304769697450702,0.1156670615361719
2024-12,2593,Здоровье,11.025582351600136,0.25364054267856595
2024-12,2649,Здоровье,6.727202162143442,5.838750256716859
