scope,shape,magnitude,seed,detector,far,recall,recall_at_onset,delay,precision,F1,far_per100
series,step,0.03,0,z-score (инновация),0.01,0.01990049751243781,0.004975124378109453,1.0,0.0027491408934707906,0.004830917874396136,1.0004203446826399
series,step,0.03,0,z-score (инновация),0.03,0.11442786069651742,0.05472636815920398,0.7391304347826086,0.005716899153898925,0.010889739025036932,3.000560459576853
series,step,0.03,0,z-score (инновация),0.05,0.16417910447761194,0.05970149253731343,0.9090909090909091,0.005357878829509548,0.01037710747200116,5.0
series,step,0.03,0,EWMA,0.01,0.009950248756218905,0.0,1.5,0.0013651877133105802,0.0024009603841536613,1.0004203446826399
series,step,0.03,0,EWMA,0.03,0.07462686567164178,0.03482587064676617,0.7333333333333333,0.005696058327637275,0.010584250635055038,3.000560459576853
series,step,0.03,0,EWMA,0.05,0.12935323383084577,0.06467661691542288,0.8076923076923077,0.005749486652977412,0.01100961829290424,5.0
series,step,0.03,0,CUSUM классический,0.01,0.009950248756218905,0.009950248756218905,0.0,0.004120879120879121,0.005828071879553181,1.0004203446826399
series,step,0.03,0,CUSUM классический,0.03,0.029850746268656716,0.01990049751243781,0.5,0.0034419458467186783,0.006172204505709288,3.000560459576853
series,step,0.03,0,CUSUM классический,0.05,0.07960199004975124,0.04477611940298507,0.5625,0.0047984644913627635,0.009051309611359392,5.0
series,step,0.03,0,Page-Hinkley,0.01,0.014925373134328358,0.004975124378109453,1.3333333333333333,0.0034411562284927736,0.005592841163310962,1.0004203446826399
series,step,0.03,0,Page-Hinkley,0.03,0.05970149253731343,0.03482587064676617,0.5833333333333334,0.005929304446978335,0.010787262732081734,3.000560459576853
series,step,0.03,0,Page-Hinkley,0.05,0.0845771144278607,0.06467661691542288,0.35294117647058826,0.005745554035567715,0.010760142262945326,5.0
series,step,0.03,0,CUSUM оконный,0.01,0.014925373134328358,0.004975124378109453,1.0,0.004132231404958678,0.006472491909385112,1.0004203446826399
series,step,0.03,0,CUSUM оконный,0.03,0.0845771144278607,0.04975124378109453,0.5882352941176471,0.006628571428571429,0.012293651189466862,3.000560459576853
series,step,0.03,0,CUSUM оконный,0.05,0.11442786069651742,0.06965174129353234,0.6086956521739131,0.005627230304693934,0.010726940774319044,5.0
series,step,0.03,0,GLR (онлайн-разрыв),0.01,0.01990049751243781,0.0,1.75,0.0034602076124567475,0.005895357406042741,1.0004203446826399
series,step,0.03,0,GLR (онлайн-разрыв),0.03,0.07462686567164178,0.024875621890547265,0.8666666666666667,0.005720823798627002,0.010626992561105207,3.000560459576853
series,step,0.03,0,GLR (онлайн-разрыв),0.05,0.10945273631840796,0.03980099502487562,0.7727272727272727,0.005206192629127277,0.009939601464783373,5.0
series,step,0.03,0,BOCPD,0.01,0.024875621890547265,0.014925373134328358,0.4,0.004830917874396135,0.008090614886731391,1.0004203446826399
series,step,0.03,0,BOCPD,0.03,0.07960199004975124,0.05970149253731343,0.25,0.0061770761839396015,0.011464511763066757,3.000560459576853
series,step,0.03,0,BOCPD,0.05,0.13432835820895522,0.0845771144278607,0.5185185185185185,0.006034009873834339,0.011549230051329911,5.0
series,step,0.03,0,BOCPD + новости,0.01,0.029850746268656716,0.014925373134328358,0.5,0.004827586206896552,0.008311071534579995,1.0004203446826399
series,step,0.03,0,BOCPD + новости,0.03,0.08955223880597014,0.05970149253731343,0.3333333333333333,0.006857142857142857,0.012738853503184714,3.000560459576853
series,step,0.03,0,BOCPD + новости,0.05,0.14925373134328357,0.09950248756218906,0.43333333333333335,0.006442769019876628,0.012352330516826767,5.0
series,step,0.03,0,Stouffer-МО,0.01,0.009950248756218905,0.009950248756218905,0.0,0.004149377593360996,0.005856515373352855,0.9976180467983746
series,step,0.03,0,Stouffer-МО,0.03,0.04975124378109453,0.03980099502487562,0.4,0.003897294818890417,0.007228352148308779,2.9984587361636543
series,step,0.03,0,Stouffer-МО,0.05,0.0845771144278607,0.06467661691542288,0.29411764705882354,0.004125412541254125,0.007867092415197372,5.0
series,step,0.03,0,Пространственный,0.01,0.024875621890547265,0.014925373134328358,0.8,0.004814305364511692,0.00806730436786908,1.0004203446826399
series,step,0.03,0,Пространственный,0.03,0.06965174129353234,0.04477611940298507,0.6428571428571429,0.005274019720247649,0.009805563591516056,3.000560459576853
series,step,0.03,0,Пространственный,0.05,0.11940298507462686,0.06965174129353234,0.5416666666666666,0.005777961205117622,0.011022537151855132,5.0
series,step,0.03,0,Комбо: BOCPD ∨ Stouffer-МО,0.01,0.014925373134328358,0.004975124378109453,0.6666666666666666,0.0034674063800277394,0.005627462014631402,0.9997197702115735
series,step,0.03,0,Комбо: BOCPD ∨ Stouffer-МО,0.03,0.05970149253731343,0.03482587064676617,0.4166666666666667,0.004362801377726751,0.008131386080350935,2.9998598851057867
series,step,0.03,0,Комбо: BOCPD ∨ Stouffer-МО,0.05,0.1044776119402985,0.07960199004975124,0.2857142857142857,0.004674824694073972,0.008949218823440935,5.0
series,step,0.03,0,Комбо: оконный ∨ Stouffer ∨ пространств.,0.01,0.014925373134328358,0.004975124378109453,0.6666666666666666,0.00414651002073255,0.006489994591671174,1.0004203446826399
series,step,0.03,0,Комбо: оконный ∨ Stouffer ∨ пространств.,0.03,0.04477611940298507,0.03482587064676617,0.2222222222222222,0.004599816007359705,0.008342602892102336,3.000560459576853
series,step,0.03,0,Комбо: оконный ∨ Stouffer ∨ пространств.,0.05,0.1044776119402985,0.06965174129353234,0.5238095238095238,0.0049586776859504135,0.009467989179440937,4.995796553173602
series,step,0.03,1,z-score (инновация),0.01,0.029850746268656716,0.009950248756218905,1.0,0.004810996563573883,0.008286475288546907,1.0004203446826399
series,step,0.03,1,z-score (инновация),0.03,0.06467661691542288,0.01990049751243781,0.8461538461538461,0.004366812227074236,0.008181246066708621,3.000560459576853
series,step,0.03,1,z-score (инновация),0.05,0.11442786069651742,0.05472636815920398,0.5652173913043478,0.004415011037527594,0.00850198687736808,5.0
series,step,0.03,1,EWMA,0.01,0.03980099502487562,0.014925373134328358,1.0,0.0075445816186556925,0.012684684684684686,1.0004203446826399
series,step,0.03,1,EWMA,0.03,0.07960199004975124,0.04975124378109453,0.5,0.0068744271310724105,0.012655891581195455,3.000560459576853
series,step,0.03,1,EWMA,0.05,0.11940298507462686,0.05970149253731343,0.625,0.006055601431323975,0.01152662256860305,5.0
series,step,0.03,1,CUSUM классический,0.01,0.014925373134328358,0.009950248756218905,0.6666666666666666,0.004817618719889883,0.007284079084287201,1.0004203446826399
series,step,0.03,1,CUSUM классический,0.03,0.04975124378109453,0.03980099502487562,0.3,0.005732630130703967,0.010280662074637606,3.000560459576853
series,step,0.03,1,CUSUM классический,0.05,0.07462686567164178,0.05970149253731343,0.3333333333333333,0.004960044089280794,0.009301844865898403,5.0
series,step,0.03,1,Page-Hinkley,0.01,0.014925373134328358,0.009950248756218905,0.6666666666666666,0.0034554250172771253,0.0056116722783389455,1.0004203446826399
series,step,0.03,1,Page-Hinkley,0.03,0.03482587064676617,0.01990049751243781,0.8571428571428571,0.0029933225880727607,0.005512812746107712,3.000560459576853
series,step,0.03,1,Page-Hinkley,0.05,0.06965174129353234,0.04477611940298507,0.5714285714285714,0.0038620689655172414,0.007318348144276007,5.0
series,step,0.03,1,CUSUM оконный,0.01,0.029850746268656716,0.029850746268656716,0.0,0.008849557522123894,0.0136518771331058,1.0004203446826399
series,step,0.03,1,CUSUM оконный,0.03,0.04975124378109453,0.04477611940298507,0.1,0.005253540429419826,0.009503543168811851,3.000560459576853
series,step,0.03,1,CUSUM оконный,0.05,0.07960199004975124,0.06467661691542288,0.3125,0.004797806716929404,0.009050139388307543,5.0
series,step,0.03,1,GLR (онлайн-разрыв),0.01,0.009950248756218905,0.009950248756218905,0.0,0.0027303754266211604,0.004284949116229245,1.0004203446826399
series,step,0.03,1,GLR (онлайн-разрыв),0.03,0.06965174129353234,0.04975124378109453,0.5,0.005252340717058689,0.009768083847775636,3.000560459576853
series,step,0.03,1,GLR (онлайн-разрыв),0.05,0.1044776119402985,0.07462686567164178,0.42857142857142855,0.005758157389635317,0.010914760914760915,5.0
series,step,0.03,1,BOCPD,0.01,0.01990049751243781,0.014925373134328358,0.5,0.00410958904109589,0.006812375816065853,1.0004203446826399
series,step,0.03,1,BOCPD,0.03,0.0845771144278607,0.03980099502487562,0.8823529411764706,0.005498281786941581,0.010325323615381696,3.000560459576853
series,step,0.03,1,BOCPD,0.05,0.14427860696517414,0.05472636815920398,0.9310344827586207,0.005922049304503512,0.011377114391547908,5.0
series,step,0.03,1,BOCPD + новости,0.01,0.01990049751243781,0.014925373134328358,0.5,0.00411240575736806,0.0068162453848338534,1.0004203446826399
series,step,0.03,1,BOCPD + новости,0.03,0.0945273631840796,0.04975124378109453,0.7894736842105263,0.005949656750572082,0.011194706308919505,3.000560459576853
series,step,0.03,1,BOCPD + новости,0.05,0.15422885572139303,0.05970149253731343,0.9032258064516129,0.0057827344072697235,0.011147498876260193,5.0
series,step,0.03,1,Stouffer-МО,0.01,0.029850746268656716,0.014925373134328358,0.8333333333333334,0.006830601092896175,0.011117287381878822,0.9969174723273084
series,step,0.03,1,Stouffer-МО,0.03,0.06965174129353234,0.04975124378109453,0.35714285714285715,0.00594421582075903,0.010953627636845114,2.9991593106347203
series,step,0.03,1,Stouffer-МО,0.05,0.0845771144278607,0.06467661691542288,0.29411764705882354,0.005079626578802856,0.009583666628575781,4.997898276586801
series,step,0.03,1,Пространственный,0.01,0.01990049751243781,0.01990049751243781,0.0,0.004807692307692308,0.007744433688286544,1.0004203446826399
series,step,0.03,1,Пространственный,0.03,0.06467661691542288,0.04477611940298507,0.46153846153846156,0.005497022446174988,0.010132831022051899,3.000560459576853
series,step,0.03,1,Пространственный,0.05,0.0845771144278607,0.06467661691542288,0.29411764705882354,0.005083814234679857,0.009591119446795209,5.0
series,step,0.03,1,Комбо: BOCPD ∨ Stouffer-МО,0.01,0.01990049751243781,0.009950248756218905,0.5,0.00408997955010225,0.006785411365564038,0.9997197702115735
series,step,0.03,1,Комбо: BOCPD ∨ Stouffer-МО,0.03,0.0845771144278607,0.05472636815920398,0.47058823529411764,0.0066194932663775395,0.01227803651034792,2.9984587361636543
series,step,0.03,1,Комбо: BOCPD ∨ Stouffer-МО,0.05,0.13432835820895522,0.07960199004975124,0.6666666666666666,0.0061711464618760285,0.011800183558410908,5.0
series,step,0.03,1,Комбо: оконный ∨ Stouffer ∨ пространств.,0.01,0.029850746268656716,0.029850746268656716,0.0,0.006811989100817439,0.011092623405435386,1.0004203446826399
series,step,0.03,1,Комбо: оконный ∨ Stouffer ∨ пространств.,0.03,0.06467661691542288,0.04975124378109453,0.3076923076923077,0.005942857142857143,0.010885492987230481,3.000560459576853
series,step,0.03,1,Комбо: оконный ∨ Stouffer ∨ пространств.,0.05,0.09950248756218906,0.07462686567164178,0.45,0.005212620027434842,0.009906281364459911,5.0
series,step,0.03,2,z-score (инновация),0.01,0.024875621890547265,0.014925373134328358,0.8,0.004132231404958678,0.007087172218284905,1.0004203446826399
series,step,0.03,2,z-score (инновация),0.03,0.11940298507462686,0.06467661691542288,0.625,0.007764329755651975,0.0145805414098097,3.000560459576853
series,step,0.03,2,z-score (инновация),0.05,0.18407960199004975,0.0945273631840796,0.7027027027027027,0.006850253459377997,0.013208954957463595,5.0
series,step,0.03,2,EWMA,0.01,0.029850746268656716,0.01990049751243781,0.5,0.006194081211286993,0.010259333143345681,1.0004203446826399
series,step,0.03,2,EWMA,0.03,0.09950248756218906,0.05472636815920398,0.5,0.008893956670467502,0.016328410387381066,3.000560459576853
series,step,0.03,2,EWMA,0.05,0.13930348258706468,0.07960199004975124,0.6428571428571429,0.007402330363262509,0.014057662448748105,5.0
series,step,0.03,2,CUSUM классический,0.01,0.014925373134328358,0.004975124378109453,1.0,0.00411240575736806,0.006448146157979581,1.0004203446826399
series,step,0.03,2,CUSUM классический,0.03,0.05472636815920398,0.03980099502487562,0.36363636363636365,0.006171428571428572,0.011092022706901704,3.000560459576853
series,step,0.03,2,CUSUM классический,0.05,0.07462686567164178,0.06467661691542288,0.2,0.00563573883161512,0.010480036807934153,5.0
series,step,0.03,2,Page-Hinkley,0.01,0.014925373134328358,0.004975124378109453,1.3333333333333333,0.003453038674033149,0.005608524957936062,1.0004203446826399
series,step,0.03,2,Page-Hinkley,0.03,0.04975124378109453,0.029850746268656716,0.6,0.0045840018336007335,0.008394543546694649,3.000560459576853
series,step,0.03,2,Page-Hinkley,0.05,0.0845771144278607,0.05472636815920398,0.5882352941176471,0.005221932114882507,0.009836539852451903,5.0
series,step,0.03,2,CUSUM оконный,0.01,0.01990049751243781,0.009950248756218905,0.75,0.0061433447098976105,0.00938844699439301,1.0004203446826399
series,step,0.03,2,CUSUM оконный,0.03,0.05472636815920398,0.03482587064676617,0.5454545454545454,0.004807692307692308,0.008838891120932103,3.000560459576853
series,step,0.03,2,CUSUM оконный,0.05,0.0945273631840796,0.04975124378109453,0.7368421052631579,0.004671613080516625,0.008903222249786378,5.0
series,step,0.03,2,GLR (онлайн-разрыв),0.01,0.03482587064676617,0.024875621890547265,0.2857142857142857,0.010921501706484642,0.01662831267166506,1.0004203446826399
series,step,0.03,2,GLR (онлайн-разрыв),0.03,0.05472636815920398,0.03482587064676617,0.5454545454545454,0.005265567765567766,0.009606804503426934,3.000560459576853
series,step,0.03,2,GLR (онлайн-разрыв),0.05,0.09950248756218906,0.06467661691542288,0.65,0.005219063315478643,0.009917916193608163,5.0
series,step,0.03,2,BOCPD,0.01,0.014925373134328358,0.009950248756218905,0.6666666666666666,0.002067539627842867,0.003631961259079903,1.0004203446826399
series,step,0.03,2,BOCPD,0.03,0.06467661691542288,0.04975124378109453,0.3076923076923077,0.00343957807842238,0.006531788035104174,3.000560459576853
series,step,0.03,2,BOCPD,0.05,0.13432835820895522,0.0845771144278607,0.5185185185185185,0.00495458298926507,0.009556676400318556,5.0
series,step,0.03,2,BOCPD + новости,0.01,0.014925373134328358,0.009950248756218905,0.6666666666666666,0.002067539627842867,0.003631961259079903,1.0004203446826399
series,step,0.03,2,BOCPD + новости,0.03,0.06965174129353234,0.04975124378109453,0.35714285714285715,0.0038964015585606234,0.007379959379215182,3.000560459576853
series,step,0.03,2,BOCPD + новости,0.05,0.12935323383084577,0.0845771144278607,0.46153846153846156,0.004677397166047599,0.00902833098433319,5.0
series,step,0.03,2,Stouffer-МО,0.01,0.009950248756218905,0.004975124378109453,1.0,0.0027548209366391185,0.004314994606256743,1.0004203446826399
series,step,0.03,2,Stouffer-МО,0.03,0.05970149253731343,0.024875621890547265,1.0833333333333333,0.0038866026520347507,0.007298094982559699,3.000560459576853
series,step,0.03,2,Stouffer-МО,0.05,0.07960199004975124,0.03482587064676617,0.875,0.0037128712871287127,0.007094819303820855,5.0
series,step,0.03,2,Пространственный,0.01,0.014925373134328358,0.004975124378109453,0.6666666666666666,0.00408997955010225,0.006420545746388444,1.0004203446826399
series,step,0.03,2,Пространственный,0.03,0.03482587064676617,0.024875621890547265,0.5714285714285714,0.0029741477922672157,0.005480277024992473,3.000560459576853
series,step,0.03,2,Пространственный,0.05,0.06965174129353234,0.04477611940298507,0.5714285714285714,0.0031645569620253164,0.006054054054054054,5.0
series,step,0.03,2,Комбо: BOCPD ∨ Stouffer-МО,0.01,0.009950248756218905,0.004975124378109453,1.0,0.0013774104683195593,0.0024198427102238356,1.0004203446826399
series,step,0.03,2,Комбо: BOCPD ∨ Stouffer-МО,0.03,0.04975124378109453,0.029850746268656716,0.7,0.0029850746268656717,0.005632216277105041,2.997758161692588
series,step,0.03,2,Комбо: BOCPD ∨ Stouffer-МО,0.05,0.0845771144278607,0.04975124378109453,0.6470588235294118,0.0035738831615120276,0.006857976276367135,5.0
series,step,0.03,2,Комбо: оконный ∨ Stouffer ∨ пространств.,0.01,0.01990049751243781,0.004975124378109453,1.25,0.004098360655737705,0.006796941376380629,1.0004203446826399
series,step,0.03,2,Комбо: оконный ∨ Stouffer ∨ пространств.,0.03,0.04975124378109453,0.024875621890547265,0.8,0.004347826086956522,0.007996801279488205,2.9984587361636543
series,step,0.03,2,Комбо: оконный ∨ Stouffer ∨ пространств.,0.05,0.08955223880597014,0.05472636815920398,0.6111111111111112,0.0038461538461538464,0.007375537799631223,5.0
series,step,0.05,0,z-score (инновация),0.01,0.01990049751243781,0.009950248756218905,0.75,0.0034602076124567475,0.005895357406042741,1.0004203446826399
series,step,0.05,0,z-score (инновация),0.03,0.0945273631840796,0.06965174129353234,0.42105263157894735,0.005518510002299379,0.010428220227545595,3.000560459576853
series,step,0.05,0,z-score (инновация),0.05,0.14925373134328357,0.1044776119402985,0.5,0.006060606060606061,0.011648223645894,5.0
series,step,0.05,0,EWMA,0.01,0.014925373134328358,0.004975124378109453,0.6666666666666666,0.0034698126301179735,0.00563063063063063,1.0004203446826399
series,step,0.05,0,EWMA,0.03,0.06467661691542288,0.03980099502487562,0.5384615384615384,0.005979760809567618,0.010947368421052631,3.000560459576853
series,step,0.05,0,EWMA,0.05,0.11940298507462686,0.06965174129353234,0.5833333333333334,0.006063111478572413,0.011540226870369158,5.0
series,step,0.05,0,CUSUM классический,0.01,0.009950248756218905,0.009950248756218905,0.0,0.004140786749482402,0.005847953216374269,1.0004203446826399
series,step,0.05,0,CUSUM классический,0.03,0.01990049751243781,0.014925373134328358,0.5,0.002312673450508788,0.004143789495493629,3.000560459576853
series,step,0.05,0,CUSUM классический,0.05,0.04477611940298507,0.029850746268656716,0.5555555555555556,0.002904162633107454,0.005454545454545454,5.0
series,step,0.05,0,Page-Hinkley,0.01,0.014925373134328358,0.009950248756218905,0.3333333333333333,0.0034674063800277394,0.005627462014631402,1.0004203446826399
series,step,0.05,0,Page-Hinkley,0.03,0.06467661691542288,0.03482587064676617,0.8461538461538461,0.005961935335932126,0.010917488977535165,3.000560459576853
series,step,0.05,0,Page-Hinkley,0.05,0.09950248756218906,0.04975124378109453,0.65,0.006304824561403508,0.011858267919518451,5.0
series,step,0.05,0,CUSUM оконный,0.01,0.01990049751243781,0.004975124378109453,1.25,0.004824259131633356,0.007765913188184718,1.0004203446826399
series,step,0.05,0,CUSUM оконный,0.03,0.0845771144278607,0.029850746268656716,1.0588235294117647,0.006838386140870754,0.01265367390738007,3.000560459576853
series,step,0.05,0,CUSUM оконный,0.05,0.13432835820895522,0.05970149253731343,0.8518518518518519,0.006420765027322404,0.012255718611018556,5.0
series,step,0.05,0,GLR (онлайн-разрыв),0.01,0.01990049751243781,0.004975124378109453,1.0,0.004817618719889883,0.007757307106247403,1.0004203446826399
series,step,0.05,0,GLR (онлайн-разрыв),0.03,0.1044776119402985,0.03980099502487562,0.9047619047619048,0.007990867579908675,0.014846235418875926,3.000560459576853
series,step,0.05,0,GLR (онлайн-разрыв),0.05,0.18407960199004975,0.07462686567164178,0.918918918918919,0.0087527352297593,0.016710890306554507,5.0
series,step,0.05,0,BOCPD,0.01,0.04477611940298507,0.029850746268656716,0.4444444444444444,0.008241758241758242,0.013921113689095129,1.0004203446826399
series,step,0.05,0,BOCPD,0.03,0.16417910447761194,0.11442786069651742,0.42424242424242425,0.011842404919152812,0.02209133919088539,3.000560459576853
series,step,0.05,0,BOCPD,0.05,0.22388059701492538,0.14427860696517414,0.5333333333333333,0.009444292362441828,0.018124031414987786,5.0
series,step,0.05,0,BOCPD + новости,0.01,0.05970149253731343,0.03980099502487562,0.4166666666666667,0.010951403148528405,0.018507807981492194,1.0004203446826399
series,step,0.05,0,BOCPD + новости,0.03,0.16417910447761194,0.12437810945273632,0.3333333333333333,0.01229788203142792,0.022881796644773588,3.000560459576853
series,step,0.05,0,BOCPD + новости,0.05,0.24378109452736318,0.15920398009950248,0.46938775510204084,0.010668855149774312,0.020443039498070425,5.0
series,step,0.05,0,Stouffer-МО,0.01,0.004975124378109453,0.0,1.0,0.001388888888888889,0.002171552660152009,0.9983186212694409
series,step,0.05,0,Stouffer-МО,0.03,0.04975124378109453,0.029850746268656716,0.5,0.0039026629935720843,0.007237584349788194,3.000560459576853
series,step,0.05,0,Stouffer-МО,0.05,0.0945273631840796,0.05472636815920398,0.5789473684210527,0.004269972451790634,0.008170852668012292,4.997898276586801
series,step,0.05,0,Пространственный,0.01,0.01990049751243781,0.004975124378109453,1.25,0.0034482758620689655,0.005878030859662013,1.0004203446826399
series,step,0.05,0,Пространственный,0.03,0.07462686567164178,0.04477611940298507,0.6,0.005025125628140704,0.009416195856873824,3.000560459576853
series,step,0.05,0,Пространственный,0.05,0.11940298507462686,0.05970149253731343,0.6666666666666666,0.005742411812961444,0.010957831914685454,5.0
series,step,0.05,0,Комбо: BOCPD ∨ Stouffer-МО,0.01,0.03482587064676617,0.014925373134328358,0.8571428571428571,0.006206896551724138,0.01053599799314324,1.0004203446826399
series,step,0.05,0,Комбо: BOCPD ∨ Stouffer-МО,0.03,0.0845771144278607,0.05472636815920398,0.4117647058823529,0.005510907003444317,0.010347582393892898,2.9991593106347203
series,step,0.05,0,Комбо: BOCPD ∨ Stouffer-МО,0.05,0.1691542288557214,0.11940298507462686,0.4411764705882353,0.007691251201758001,0.014713496387311155,5.0
series,step,0.05,0,Комбо: оконный ∨ Stouffer ∨ пространств.,0.01,0.009950248756218905,0.0,1.5,0.0020905923344947735,0.003455226029369421,0.9983186212694409
series,step,0.05,0,Комбо: оконный ∨ Stouffer ∨ пространств.,0.03,0.03980099502487562,0.014925373134328358,0.875,0.003443526170798898,0.006338641945963078,3.000560459576853
series,step,0.05,0,Комбо: оконный ∨ Stouffer ∨ пространств.,0.05,0.10945273631840796,0.06467661691542288,0.6818181818181818,0.004944375772558714,0.009461348242124502,5.0
series,step,0.05,1,z-score (инновация),0.01,0.04477611940298507,0.029850746268656716,0.6666666666666666,0.009589041095890411,0.015795411808950735,1.0004203446826399
series,step,0.05,1,z-score (инновация),0.03,0.11940298507462686,0.08955223880597014,0.375,0.00843978102189781,0.015765225959361938,3.000560459576853
series,step,0.05,1,z-score (инновация),0.05,0.1890547263681592,0.13930348258706468,0.39473684210526316,0.007949561403508772,0.015257557821575184,5.0
series,step,0.05,1,EWMA,0.01,0.03980099502487562,0.0,1.375,0.0068775790921595595,0.011728485559302155,1.0004203446826399
series,step,0.05,1,EWMA,0.03,0.07960199004975124,0.029850746268656716,0.8125,0.006852444038373686,0.012618628249953991,3.000560459576853
series,step,0.05,1,EWMA,0.05,0.11442786069651742,0.05472636815920398,0.6956521739130435,0.006041466428669504,0.011476980828225208,5.0
series,step,0.05,1,CUSUM классический,0.01,0.014925373134328358,0.009950248756218905,0.3333333333333333,0.003457814661134163,0.005614823133071308,1.0004203446826399
series,step,0.05,1,CUSUM классический,0.03,0.05970149253731343,0.024875621890547265,1.0,0.00548195523069895,0.0100418410041841,3.000560459576853
series,step,0.05,1,CUSUM классический,0.05,0.08955223880597014,0.05472636815920398,0.6111111111111112,0.005748699698877635,0.010803858520900322,5.0
series,step,0.05,1,Page-Hinkley,0.01,0.024875621890547265,0.009950248756218905,1.0,0.006858710562414266,0.01075268817204301,1.0004203446826399
series,step,0.05,1,Page-Hinkley,0.03,0.04975124378109453,0.014925373134328358,1.0,0.0036730945821854912,0.006841115101761587,3.000560459576853
series,step,0.05,1,Page-Hinkley,0.05,0.0945273631840796,0.04975124378109453,0.5789473684210527,0.0053388090349075976,0.010106796513768977,5.0
series,step,0.05,1,CUSUM оконный,0.01,0.014925373134328358,0.004975124378109453,1.3333333333333333,0.002061855670103093,0.0036231884057971015,1.0004203446826399
series,step,0.05,1,CUSUM оконный,0.03,0.07960199004975124,0.024875621890547265,1.3125,0.004988662131519274,0.009388920007468458,3.000560459576853
series,step,0.05,1,CUSUM оконный,0.05,0.15422885572139303,0.04975124378109453,1.032258064516129,0.0068092060465749695,0.013042581926347276,5.0
series,step,0.05,1,GLR (онлайн-разрыв),0.01,0.004975124378109453,0.0,1.0,0.0006934812760055479,0.0012172854534388314,1.0004203446826399
series,step,0.05,1,GLR (онлайн-разрыв),0.03,0.10945273631840796,0.03980099502487562,0.9090909090909091,0.008191126279863481,0.01524161422550661,3.000560459576853
series,step,0.05,1,GLR (онлайн-разрыв),0.05,0.16417910447761194,0.06467661691542288,0.8181818181818182,0.0084572363933979,0.016085854118757,5.0
series,step,0.05,1,BOCPD,0.01,0.03482587064676617,0.014925373134328358,0.5714285714285714,0.0061643835616438354,0.010474686175076896,1.0004203446826399
series,step,0.05,1,BOCPD,0.03,0.15422885572139303,0.0845771144278607,0.6774193548387096,0.010473588342440802,0.019615125379991473,3.000560459576853
series,step,0.05,1,BOCPD,0.05,0.22885572139303484,0.12935323383084577,0.5869565217391305,0.009449465899753493,0.018149536397711583,5.0
series,step,0.05,1,BOCPD + новости,0.01,0.04975124378109453,0.029850746268656716,0.4,0.008873720136518772,0.015061113363841742,1.0004203446826399
series,step,0.05,1,BOCPD + новости,0.03,0.16417910447761194,0.0945273631840796,0.5757575757575758,0.011151570323167955,0.02088459228548734,3.000560459576853
series,step,0.05,1,BOCPD + новости,0.05,0.263681592039801,0.17412935323383086,0.4716981132075472,0.010939422945439628,0.021007310444943753,5.0
series,step,0.05,1,Stouffer-МО,0.01,0.01990049751243781,0.014925373134328358,0.25,0.0048209366391184574,0.007761607761607762,0.9990191957405072
series,step,0.05,1,Stouffer-МО,0.03,0.05472636815920398,0.04975124378109453,0.09090909090909091,0.005494505494505495,0.009986382206082615,3.000560459576853
series,step,0.05,1,Stouffer-МО,0.05,0.08955223880597014,0.07462686567164178,0.16666666666666666,0.004675467546754675,0.008886952733609236,5.0
series,step,0.05,1,Пространственный,0.01,0.009950248756218905,0.004975124378109453,0.5,0.0013917884481558804,0.002442002442002442,1.0004203446826399
series,step,0.05,1,Пространственный,0.03,0.06467661691542288,0.029850746268656716,1.0,0.00457351932311914,0.008542936470124364,3.000560459576853
series,step,0.05,1,Пространственный,0.05,0.12935323383084577,0.04975124378109453,0.8461538461538461,0.006006825938566553,0.011480526257689644,5.0
series,step,0.05,1,Комбо: BOCPD ∨ Stouffer-МО,0.01,0.024875621890547265,0.004975124378109453,1.0,0.004814305364511692,0.00806730436786908,0.9997197702115735
series,step,0.05,1,Комбо: BOCPD ∨ Stouffer-МО,0.03,0.0945273631840796,0.07960199004975124,0.21052631578947367,0.007314285714285714,0.013577944772602922,3.000560459576853
series,step,0.05,1,Комбо: BOCPD ∨ Stouffer-МО,0.05,0.1791044776119403,0.12437810945273632,0.4444444444444444,0.008220304151253596,0.015719151165837043,5.0
series,step,0.05,1,Комбо: оконный ∨ Stouffer ∨ пространств.,0.01,0.009950248756218905,0.0,1.5,0.0020718232044198894,0.003429551300371535,1.0004203446826399
series,step,0.05,1,Комбо: оконный ∨ Stouffer ∨ пространств.,0.03,0.05472636815920398,0.03482587064676617,0.5454545454545454,0.004589261128958238,0.008468378305554487,2.9984587361636543
series,step,0.05,1,Комбо: оконный ∨ Stouffer ∨ пространств.,0.05,0.1044776119402985,0.05970149253731343,0.8095238095238095,0.005070576949431273,0.009671757720601965,5.0
series,step,0.05,2,z-score (инновация),0.01,0.03482587064676617,0.024875621890547265,0.2857142857142857,0.006147540983606557,0.010450360786265241,1.0004203446826399
series,step,0.05,2,z-score (инновация),0.03,0.12437810945273632,0.08955223880597014,0.4,0.00730093543235227,0.01379227115605093,3.000560459576853
series,step,0.05,2,z-score (инновация),0.05,0.17412935323383086,0.13432835820895522,0.37142857142857144,0.006850253459377997,0.013181929457846074,5.0
series,step,0.05,2,EWMA,0.01,0.029850746268656716,0.014925373134328358,0.6666666666666666,0.00819672131147541,0.012861736334405145,1.0004203446826399
series,step,0.05,2,EWMA,0.03,0.10945273631840796,0.06467661691542288,0.5909090909090909,0.009558488848429678,0.017581581200646942,3.000560459576853
series,step,0.05,2,EWMA,0.05,0.13432835820895522,0.0945273631840796,0.37037037037037035,0.008220304151253596,0.015492533459568789,5.0
series,step,0.05,2,CUSUM классический,0.01,0.01990049751243781,0.01990049751243781,0.0,0.006858710562414266,0.010201479214486102,1.0004203446826399
series,step,0.05,2,CUSUM классический,0.03,0.05970149253731343,0.05970149253731343,0.0,0.007716749886518384,0.013666968143905136,3.000560459576853
series,step,0.05,2,CUSUM классический,0.05,0.07462686567164178,0.05970149253731343,0.26666666666666666,0.005607221006564552,0.01043071208690564,5.0
series,step,0.05,2,Page-Hinkley,0.01,0.024875621890547265,0.009950248756218905,1.0,0.0068073519400953025,0.010689470871191875,1.0004203446826399
series,step,0.05,2,Page-Hinkley,0.03,0.05472636815920398,0.03980099502487562,0.5454545454545454,0.005716899153898925,0.0103523565728053,3.000560459576853
series,step,0.05,2,Page-Hinkley,0.05,0.0845771144278607,0.04477611940298507,0.6470588235294118,0.005356407086938607,0.010074762946754193,5.0
series,step,0.05,2,CUSUM оконный,0.01,0.04477611940298507,0.029850746268656716,0.3333333333333333,0.01208865010073875,0.019037546271813855,1.0004203446826399
series,step,0.05,2,CUSUM оконный,0.03,0.08955223880597014,0.06965174129353234,0.3333333333333333,0.0093139482053612,0.016873006618882677,3.000560459576853
series,step,0.05,2,CUSUM оконный,0.05,0.11940298507462686,0.0845771144278607,0.3333333333333333,0.00739017380593951,0.013918871024905756,5.0
series,step,0.05,2,GLR (онлайн-разрыв),0.01,0.029850746268656716,0.014925373134328358,0.6666666666666666,0.008174386920980926,0.012834224598930482,1.0004203446826399
series,step,0.05,2,GLR (онлайн-разрыв),0.03,0.08955223880597014,0.05472636815920398,0.5555555555555556,0.008181818181818182,0.01499375260308205,3.000560459576853
series,step,0.05,2,GLR (онлайн-разрыв),0.05,0.14925373134328357,0.1044776119402985,0.43333333333333335,0.007637752318603383,0.014531866306829976,5.0
series,step,0.05,2,BOCPD,0.01,0.05472636815920398,0.03482587064676617,0.36363636363636365,0.010876954452753228,0.018147136155075523,1.0004203446826399
series,step,0.05,2,BOCPD,0.03,0.10945273631840796,0.07960199004975124,0.3181818181818182,0.00840718018632129,0.015614958900430659,3.000560459576853
series,step,0.05,2,BOCPD,0.05,0.1691542288557214,0.12437810945273632,0.35294117647058826,0.0076575960618077395,0.014651901899976144,5.0
series,step,0.05,2,BOCPD + новости,0.01,0.05472636815920398,0.03980099502487562,0.2727272727272727,0.01154891304347826,0.019072874700392674,1.0004203446826399
series,step,0.05,2,BOCPD + новости,0.03,0.12437810945273632,0.0945273631840796,0.28,0.009309718437783833,0.017322821338335823,3.000560459576853
series,step,0.05,2,BOCPD + новости,0.05,0.18407960199004975,0.13432835820895522,0.32432432432432434,0.008736008736008737,0.01668040264012454,5.0
series,step,0.05,2,Stouffer-МО,0.01,0.009950248756218905,0.004975124378109453,1.0,0.0027662517289073307,0.004329004329004329,0.9997197702115735
series,step,0.05,2,Stouffer-МО,0.03,0.06467661691542288,0.029850746268656716,0.9230769230769231,0.004367816091954023,0.008183007835147178,2.9991593106347203
series,step,0.05,2,Stouffer-МО,0.05,0.10945273631840796,0.05472636815920398,0.7727272727272727,0.0049586776859504135,0.009487529648530153,5.0
series,step,0.05,2,Пространственный,0.01,0.04975124378109453,0.029850746268656716,0.5,0.012145748987854251,0.0195248942401562,1.0004203446826399
series,step,0.05,2,Пространственный,0.03,0.09950248756218906,0.06965174129353234,0.5,0.009092975676290065,0.016663195167673398,3.000560459576853
series,step,0.05,2,Пространственный,0.05,0.12437810945273632,0.07960199004975124,0.52,0.007126216253254762,0.013480093531110501,5.0
series,step,0.05,2,Комбо: BOCPD ∨ Stouffer-МО,0.01,0.03482587064676617,0.01990049751243781,0.7142857142857143,0.0055058499655884375,0.009508447236607522,1.0004203446826399
series,step,0.05,2,Комбо: BOCPD ∨ Stouffer-МО,0.03,0.07462686567164178,0.05472636815920398,0.3333333333333333,0.005948295584534431,0.011018349790227571,2.9963570127504555
series,step,0.05,2,Комбо: BOCPD ∨ Stouffer-МО,0.05,0.13930348258706468,0.08955223880597014,0.4642857142857143,0.006172839506172839,0.011821828161283512,4.999299425528934
series,step,0.05,2,Комбо: оконный ∨ Stouffer ∨ пространств.,0.01,0.03980099502487562,0.01990049751243781,0.625,0.008837525492861998,0.014463528266462692,0.9997197702115735
series,step,0.05,2,Комбо: оконный ∨ Stouffer ∨ пространств.,0.03,0.07462686567164178,0.05970149253731343,0.26666666666666666,0.006621004566210046,0.012162898964056534,2.9970575872215215
series,step,0.05,2,Комбо: оконный ∨ Stouffer ∨ пространств.,0.05,0.12437810945273632,0.0845771144278607,0.52,0.006861534239055853,0.013005592404734038,5.0
series,step,0.1,0,z-score (инновация),0.01,0.13930348258706468,0.12437810945273632,0.10714285714285714,0.025016903313049357,0.04241642612950111,1.0004203446826399
series,step,0.1,0,z-score (инновация),0.03,0.263681592039801,0.22885572139303484,0.1320754716981132,0.02006311992786294,0.03728897971122187,3.000560459576853
series,step,0.1,0,z-score (инновация),0.05,0.3880597014925373,0.3383084577114428,0.1794871794871795,0.018395779791694846,0.0351264093776387,5.0
series,step,0.1,0,EWMA,0.01,0.11442786069651742,0.05472636815920398,0.6086956521739131,0.027646662171274445,0.044533648170011805,1.0004203446826399
series,step,0.1,0,EWMA,0.03,0.22885572139303484,0.13930348258706468,0.45652173913043476,0.024001794526693584,0.043446982235462867,3.000560459576853
series,step,0.1,0,EWMA,0.05,0.31343283582089554,0.1890547263681592,0.49206349206349204,0.019191782673334233,0.036168909535274386,5.0
series,step,0.1,0,CUSUM классический,0.01,0.029850746268656716,0.009950248756218905,1.1666666666666667,0.0075445816186556925,0.012044894607172186,1.0004203446826399
series,step,0.1,0,CUSUM классический,0.03,0.04477611940298507,0.01990049751243781,0.6666666666666666,0.004803293687099725,0.008675893410452386,3.000560459576853
series,step,0.1,0,CUSUM классический,0.05,0.13432835820895522,0.05472636815920398,0.9259259259259259,0.00707386750102027,0.013439972430825784,5.0
series,step,0.1,0,Page-Hinkley,0.01,0.04477611940298507,0.014925373134328358,0.7777777777777778,0.012195121951219513,0.019169329073482427,1.0004203446826399
series,step,0.1,0,Page-Hinkley,0.03,0.15422885572139303,0.06965174129353234,0.8064516129032258,0.014567458538771852,0.026620515632121648,3.000560459576853
series,step,0.1,0,Page-Hinkley,0.05,0.23383084577114427,0.0845771144278607,0.8936170212765957,0.013342318059299191,0.025244209104299867,5.0
series,step,0.1,0,CUSUM оконный,0.01,0.11940298507462686,0.03482587064676617,1.1666666666666667,0.02797657774886142,0.045331751993147526,1.0004203446826399
series,step,0.1,0,CUSUM оконный,0.03,0.20398009950248755,0.06965174129353234,0.9024390243902439,0.018342541436464087,0.033658411141003326,3.000560459576853
series,step,0.1,0,CUSUM оконный,0.05,0.2835820895522388,0.08955223880597014,0.9298245614035088,0.014991299692142952,0.028477180116826022,5.0
series,step,0.1,0,GLR (онлайн-разрыв),0.01,0.13930348258706468,0.05472636815920398,0.9642857142857143,0.0328515111695138,0.053165229939619495,1.0004203446826399
series,step,0.1,0,GLR (онлайн-разрыв),0.03,0.26865671641791045,0.1791044776119403,0.5,0.027599911680282623,0.05005728778490939,3.000560459576853
series,step,0.1,0,GLR (онлайн-разрыв),0.05,0.34328358208955223,0.20398009950248755,0.5507246376811594,0.021381798743819323,0.04025619568011639,5.0
series,step,0.1,0,BOCPD,0.01,0.13432835820895522,0.09950248756218906,0.37037037037037035,0.028495692511597084,0.04701737334467258,1.0004203446826399
series,step,0.1,0,BOCPD,0.03,0.27860696517412936,0.21393034825870647,0.25,0.020623178659493386,0.0384036256839155,3.000560459576853
series,step,0.1,0,BOCPD,0.05,0.3880597014925373,0.2537313432835821,0.3717948717948718,0.01715520734837228,0.032857846527387345,5.0
series,step,0.1,0,BOCPD + новости,0.01,0.13432835820895522,0.09950248756218906,0.37037037037037035,0.028495692511597084,0.04701737334467258,1.0004203446826399
series,step,0.1,0,BOCPD + новости,0.03,0.30845771144278605,0.22388059701492538,0.2903225806451613,0.022808586762075134,0.04247630689870569,3.000560459576853
series,step,0.1,0,BOCPD + новости,0.05,0.4427860696517413,0.29850746268656714,0.3258426966292135,0.020051137128246535,0.038364954549925646,5.0
series,step,0.1,0,Stouffer-МО,0.01,0.01990049751243781,0.014925373134328358,0.5,0.004132231404958678,0.006843455945252353,0.9990191957405072
series,step,0.1,0,Stouffer-МО,0.03,0.05472636815920398,0.03980099502487562,0.36363636363636365,0.005258344764517604,0.009594781652350342,2.997758161692588
series,step,0.1,0,Stouffer-МО,0.05,0.11442786069651742,0.05472636815920398,0.782608695652174,0.006167763157894737,0.011704636053671695,4.999299425528934
series,step,0.1,0,Пространственный,0.01,0.06965174129353234,0.024875621890547265,1.0714285714285714,0.0166333998669328,0.026853876548893235,1.0004203446826399
series,step,0.1,0,Пространственный,0.03,0.13432835820895522,0.04477611940298507,1.0,0.011669658886894075,0.021473800128475724,3.000560459576853
series,step,0.1,0,Пространственный,0.05,0.21890547263681592,0.05970149253731343,1.0227272727272727,0.011488038924178942,0.021830428932906456,5.0
series,step,0.1,0,Комбо: BOCPD ∨ Stouffer-МО,0.01,0.08955223880597014,0.06965174129353234,0.2777777777777778,0.019450033534540577,0.03195885756267793,1.0004203446826399
series,step,0.1,0,Комбо: BOCPD ∨ Stouffer-МО,0.03,0.21890547263681592,0.13930348258706468,0.4318181818181818,0.015363759602349751,0.028712358213538566,3.000560459576853
series,step,0.1,0,Комбо: BOCPD ∨ Stouffer-МО,0.05,0.2885572139303483,0.208955223880597,0.3103448275862069,0.013302565494773991,0.02543267767973798,5.0
series,step,0.1,0,Комбо: оконный ∨ Stouffer ∨ пространств.,0.01,0.06965174129353234,0.024875621890547265,1.0714285714285714,0.01476510067114094,0.02436516098409936,0.9976180467983746
series,step,0.1,0,Комбо: оконный ∨ Stouffer ∨ пространств.,0.03,0.1791044776119403,0.06965174129353234,0.9444444444444444,0.014112903225806451,0.02616414888646628,2.9991593106347203
series,step,0.1,0,Комбо: оконный ∨ Stouffer ∨ пространств.,0.05,0.21890547263681592,0.09950248756218906,0.75,0.01227076591154261,0.02323887462093182,5.0
series,step,0.1,1,z-score (инновация),0.01,0.11940298507462686,0.1044776119402985,0.16666666666666666,0.01966101694915254,0.03376264279997089,1.0004203446826399
series,step,0.1,1,z-score (инновация),0.03,0.26865671641791045,0.23880597014925373,0.12962962962962962,0.019851116625310174,0.03697047496790757,3.000560459576853
series,step,0.1,1,z-score (инновация),0.05,0.3781094527363184,0.31840796019900497,0.19736842105263158,0.016718771238276472,0.03202164921084858,5.0
series,step,0.1,1,EWMA,0.01,0.08955223880597014,0.029850746268656716,0.8333333333333334,0.020960108181203516,0.03396950050223724,1.0004203446826399
series,step,0.1,1,EWMA,0.03,0.19402985074626866,0.11442786069651742,0.5384615384615384,0.01851015801354402,0.03379620823029611,3.000560459576853
series,step,0.1,1,EWMA,0.05,0.27860696517412936,0.17412935323383086,0.4642857142857143,0.01642905634758995,0.031028411419517767,5.0
series,step,0.1,1,CUSUM классический,0.01,0.01990049751243781,0.004975124378109453,0.75,0.005494505494505495,0.00861141011840689,1.0004203446826399
series,step,0.1,1,CUSUM классический,0.03,0.06467661691542288,0.03482587064676617,0.6153846153846154,0.007076010043369094,0.012756394023803495,3.000560459576853
series,step,0.1,1,CUSUM классический,0.05,0.1044776119402985,0.05472636815920398,0.7619047619047619,0.006298781322744078,0.011881261184805269,5.0
series,step,0.1,1,Page-Hinkley,0.01,0.029850746268656716,0.009950248756218905,1.0,0.008191126279863481,0.012854847348687734,1.0004203446826399
series,step,0.1,1,Page-Hinkley,0.03,0.08955223880597014,0.024875621890547265,0.9444444444444444,0.008384319057330614,0.015333080084262872,3.000560459576853
series,step,0.1,1,Page-Hinkley,0.05,0.16417910447761194,0.07462686567164178,0.7272727272727273,0.009913090711569799,0.01869724663833751,5.0
series,step,0.1,1,CUSUM оконный,0.01,0.11940298507462686,0.009950248756218905,1.625,0.021739130434782608,0.0367816091954023,1.0004203446826399
series,step,0.1,1,CUSUM оконный,0.03,0.21890547263681592,0.05472636815920398,1.0909090909090908,0.01788474276882314,0.03306781964863122,3.000560459576853
series,step,0.1,1,CUSUM оконный,0.05,0.26865671641791045,0.0845771144278607,1.0,0.014329717423329315,0.02720819353699452,5.0
series,step,0.1,1,GLR (онлайн-разрыв),0.01,0.14427860696517414,0.029850746268656716,1.1379310344827587,0.034323432343234324,0.0554544284479747,1.0004203446826399
series,step,0.1,1,GLR (онлайн-разрыв),0.03,0.25870646766169153,0.12437810945273632,0.6730769230769231,0.026040507456042732,0.047318133562509475,3.000560459576853
series,step,0.1,1,GLR (онлайн-разрыв),0.05,0.31343283582089554,0.17412935323383086,0.5873015873015873,0.019805982215036377,0.03725763528069953,5.0
series,step,0.1,1,BOCPD,0.01,0.18407960199004975,0.12437810945273632,0.32432432432432434,0.0398936170212766,0.06557570744963669,1.0004203446826399
series,step,0.1,1,BOCPD,0.03,0.31840796019900497,0.23383084577114427,0.28125,0.024291497975708502,0.04513929704948866,3.000560459576853
series,step,0.1,1,BOCPD,0.05,0.4079601990049751,0.3034825870646766,0.2804878048780488,0.019961977186311788,0.03806155716417086,5.0
series,step,0.1,1,BOCPD + новости,0.01,0.1890547263681592,0.12935323383084577,0.3157894736842105,0.04370860927152318,0.07100189678113411,1.0004203446826399
series,step,0.1,1,BOCPD + новости,0.03,0.36318407960199006,0.2537313432835821,0.3150684931506849,0.02736653207716465,0.05089782715541383,3.000560459576853
series,step,0.1,1,BOCPD + новости,0.05,0.47761194029850745,0.35323383084577115,0.28125,0.02313937753721245,0.04414024530425068,5.0
series,step,0.1,1,Stouffer-МО,0.01,0.009950248756218905,0.009950248756218905,0.0,0.0034153005464480873,0.005085176709890668,1.0004203446826399
series,step,0.1,1,Stouffer-МО,0.03,0.03482587064676617,0.01990049751243781,0.5714285714285714,0.0036529680365296802,0.006612350926909906,2.9998598851057867
series,step,0.1,1,Stouffer-МО,0.05,0.07960199004975124,0.024875621890547265,1.125,0.003968253968253968,0.007559650366170564,4.999299425528934
series,step,0.1,1,Пространственный,0.01,0.04477611940298507,0.009950248756218905,1.2222222222222223,0.010135135135135136,0.01652892561983471,1.0004203446826399
series,step,0.1,1,Пространственный,0.03,0.14427860696517414,0.03980099502487562,1.1724137931034482,0.010607086436470323,0.01976135589288562,3.000560459576853
series,step,0.1,1,Пространственный,0.05,0.21890547263681592,0.0845771144278607,0.9772727272727273,0.010826904858573556,0.020633301679972803,5.0
series,step,0.1,1,Комбо: BOCPD ∨ Stouffer-МО,0.01,0.12935323383084577,0.0845771144278607,0.38461538461538464,0.026899798251513115,0.04453770716457539,0.9976180467983746
series,step,0.1,1,Комбо: BOCPD ∨ Stouffer-МО,0.03,0.208955223880597,0.16417910447761194,0.21428571428571427,0.01782490974729242,0.032847745058730934,3.000560459576853
series,step,0.1,1,Комбо: BOCPD ∨ Stouffer-МО,0.05,0.29850746268656714,0.22388059701492538,0.26666666666666666,0.014943621790517593,0.02846238437156349,5.0
series,step,0.1,1,Комбо: оконный ∨ Stouffer ∨ пространств.,0.01,0.03980099502487562,0.009950248756218905,1.375,0.007407407407407408,0.01249024199843872,1.0004203446826399
series,step,0.1,1,Комбо: оконный ∨ Stouffer ∨ пространств.,0.03,0.14925373134328357,0.029850746268656716,1.2666666666666666,0.010105546822366944,0.018929435271847723,2.997758161692588
series,step,0.1,1,Комбо: оконный ∨ Stouffer ∨ пространств.,0.05,0.19900497512437812,0.05472636815920398,1.15,0.009453072248480757,0.018048796209752797,4.999299425528934
series,step,0.1,2,z-score (инновация),0.01,0.15920398009950248,0.13432835820895522,0.1875,0.03006012024048096,0.050571564030975076,1.0004203446826399
series,step,0.1,2,z-score (инновация),0.03,0.25870646766169153,0.22388059701492538,0.25,0.02027027027027027,0.037594890950716955,3.000560459576853
series,step,0.1,2,z-score (инновация),0.05,0.29850746268656714,0.263681592039801,0.2,0.014947683109118086,0.028469750889679714,5.0
series,step,0.1,2,EWMA,0.01,0.1044776119402985,0.04975124378109453,0.6190476190476191,0.0274247491638796,0.04344535270965788,1.0004203446826399
series,step,0.1,2,EWMA,0.03,0.19900497512437812,0.09950248756218906,0.525,0.019568151147098516,0.03563255463914359,3.000560459576853
series,step,0.1,2,EWMA,0.05,0.27860696517412936,0.1691542288557214,0.5,0.016905599134433326,0.03187693680852662,5.0
series,step,0.1,2,CUSUM классический,0.01,0.01990049751243781,0.004975124378109453,1.0,0.005498281786941581,0.008616047388260635,1.0004203446826399
series,step,0.1,2,CUSUM классический,0.03,0.07960199004975124,0.05472636815920398,0.375,0.008181818181818182,0.01483847699520841,3.000560459576853
series,step,0.1,2,CUSUM классический,0.05,0.12935323383084577,0.07462686567164178,0.6538461538461539,0.00789760348583878,0.014886328861511732,5.0
series,step,0.1,2,Page-Hinkley,0.01,0.04477611940298507,0.0,1.3333333333333333,0.010190217391304348,0.016602102933038185,1.0004203446826399
series,step,0.1,2,Page-Hinkley,0.03,0.14427860696517414,0.07462686567164178,0.7241379310344828,0.012840729894120297,0.02358261762775701,3.000560459576853
series,step,0.1,2,Page-Hinkley,0.05,0.1890547263681592,0.0945273631840796,0.6578947368421053,0.011872638963842417,0.022342188251643594,5.0
series,step,0.1,2,CUSUM оконный,0.01,0.09950248756218906,0.014925373134328358,1.3,0.02230971128608924,0.03644744599882082,1.0004203446826399
series,step,0.1,2,CUSUM оконный,0.03,0.19402985074626866,0.03980099502487562,1.205128205128205,0.014945349096587107,0.027752995156767782,3.000560459576853
series,step,0.1,2,CUSUM оконный,0.05,0.23383084577114427,0.07462686567164178,1.0425531914893618,0.012420683137572566,0.023588392372504575,5.0
series,step,0.1,2,GLR (онлайн-разрыв),0.01,0.12935323383084577,0.03980099502487562,0.9615384615384616,0.03462050599201065,0.054621848739495805,1.0004203446826399
series,step,0.1,2,GLR (онлайн-разрыв),0.03,0.20398009950248755,0.09950248756218906,0.6585365853658537,0.02128136200716846,0.038541651205477964,3.000560459576853
series,step,0.1,2,GLR (онлайн-разрыв),0.05,0.3034825870646766,0.15422885572139303,0.6885245901639344,0.01852603110209601,0.03492035634892778,5.0
series,step,0.1,2,BOCPD,0.01,0.15920398009950248,0.11940298507462686,0.25,0.036715620827770364,0.05967011917072096,1.0004203446826399
series,step,0.1,2,BOCPD,0.03,0.2736318407960199,0.21393034825870647,0.21818181818181817,0.021478634411033235,0.039830766885195906,3.000560459576853
series,step,0.1,2,BOCPD,0.05,0.3681592039800995,0.2835820895522388,0.24324324324324326,0.017813434865379386,0.033982616072508395,5.0
series,step,0.1,2,BOCPD + новости,0.01,0.16417910447761194,0.13432835820895522,0.18181818181818182,0.039280958721704395,0.0633943833943834,1.0004203446826399
series,step,0.1,2,BOCPD + новости,0.03,0.2935323383084577,0.22388059701492538,0.23728813559322035,0.023030029351998195,0.042709172394460156,3.000560459576853
series,step,0.1,2,BOCPD + новости,0.05,0.43781094527363185,0.3283582089552239,0.26136363636363635,0.020480130204801304,0.03912982662789413,5.0
series,step,0.1,2,Stouffer-МО,0.01,0.009950248756218905,0.009950248756218905,0.0,0.0027662517289073307,0.004329004329004329,0.9997197702115735
series,step,0.1,2,Stouffer-МО,0.03,0.04975124378109453,0.024875621890547265,0.8,0.003453038674033149,0.006457862447529868,2.997758161692588
series,step,0.1,2,Stouffer-МО,0.05,0.10945273631840796,0.05472636815920398,0.8181818181818182,0.004541701073492981,0.008721506442021805,4.997898276586801
series,step,0.1,2,Пространственный,0.01,0.04975124378109453,0.014925373134328358,1.0,0.01349527665317139,0.021231422505307858,1.0004203446826399
series,step,0.1,2,Пространственный,0.03,0.12437810945273632,0.03980099502487562,1.04,0.010633484162895928,0.019591986460686803,3.000560459576853
series,step,0.1,2,Пространственный,0.05,0.17412935323383086,0.05970149253731343,0.9714285714285714,0.008986928104575163,0.017091740471909613,5.0
series,step,0.1,2,Комбо: BOCPD ∨ Stouffer-МО,0.01,0.0845771144278607,0.05472636815920398,0.35294117647058826,0.017735334242837655,0.029322011410375482,0.9976180467983746
series,step,0.1,2,Комбо: BOCPD ∨ Stouffer-МО,0.03,0.208955223880597,0.16417910447761194,0.21428571428571427,0.01635620172648796,0.030337687353277555,2.9984587361636543
series,step,0.1,2,Комбо: BOCPD ∨ Stouffer-МО,0.05,0.26865671641791045,0.21890547263681592,0.18518518518518517,0.013260423786739577,0.025273397071702047,4.999299425528934
series,step,0.1,2,Комбо: оконный ∨ Stouffer ∨ пространств.,0.01,0.04975124378109453,0.004975124378109453,1.4,0.010803511141120865,0.0177521358038389,0.9997197702115735
series,step,0.1,2,Комбо: оконный ∨ Stouffer ∨ пространств.,0.03,0.11940298507462686,0.029850746268656716,1.0833333333333333,0.00993676603432701,0.018346711143542166,3.000560459576853
series,step,0.1,2,Комбо: оконный ∨ Stouffer ∨ пространств.,0.05,0.1890547263681592,0.05472636815920398,1.0526315789473684,0.009124336102410459,0.017408487492350452,4.998598851057867
series,step,0.2,0,z-score (инновация),0.01,0.2835820895522388,0.263681592039801,0.12280701754385964,0.06555269922879177,0.10648936754766744,1.0004203446826399
series,step,0.2,0,z-score (инновация),0.03,0.43781094527363185,0.42786069651741293,0.03409090909090909,0.037848605577689244,0.06967392436712158,3.000560459576853
series,step,0.2,0,z-score (инновация),0.05,0.5124378109452736,0.4975124378109453,0.038834951456310676,0.028950542822677925,0.05480484641562559,5.0
series,step,0.2,0,EWMA,0.01,0.23880597014925373,0.18407960199004975,0.3125,0.07317073170731707,0.11201866977829637,1.0004203446826399
series,step,0.2,0,EWMA,0.03,0.3880597014925373,0.2736318407960199,0.3333333333333333,0.04247020585048754,0.07656134973933684,3.000560459576853
series,step,0.2,0,EWMA,0.05,0.46766169154228854,0.34328358208955223,0.3191489361702128,0.03183199049002774,0.059606770028219416,5.0
series,step,0.2,0,CUSUM классический,0.01,0.06965174129353234,0.01990049751243781,1.1428571428571428,0.016916070266753416,0.027221058929105594,1.0004203446826399
series,step,0.2,0,CUSUM классический,0.03,0.19402985074626866,0.06467661691542288,0.8974358974358975,0.0176017601760176,0.03227558383117387,3.000560459576853
series,step,0.2,0,CUSUM классический,0.05,0.21393034825870647,0.10945273631840796,0.5581395348837209,0.014028056112224449,0.0263296011196641,5.0
series,step,0.2,0,Page-Hinkley,0.01,0.12935323383084577,0.03482587064676617,1.0769230769230769,0.031928480204342274,0.05121538037269038,1.0004203446826399
series,step,0.2,0,Page-Hinkley,0.03,0.23383084577114427,0.0945273631840796,0.6808510638297872,0.023689405571397235,0.043020412660341296,3.000560459576853
series,step,0.2,0,Page-Hinkley,0.05,0.2935323383084577,0.17412935323383086,0.5254237288135594,0.019131127939418093,0.035921080169204526,5.0
series,step,0.2,0,CUSUM оконный,0.01,0.2537313432835821,0.024875621890547265,1.3529411764705883,0.048838594401429423,0.08191086170931633,1.0004203446826399
series,step,0.2,0,CUSUM оконный,0.03,0.39800995024875624,0.09950248756218906,1.0625,0.03266864658464149,0.06038120536961433,3.000560459576853
series,step,0.2,0,CUSUM оконный,0.05,0.47761194029850745,0.14427860696517414,1.0208333333333333,0.02457417761019373,0.04674330982513766,5.0
series,step,0.2,0,GLR (онлайн-разрыв),0.01,0.2835820895522388,0.16417910447761194,0.5789473684210527,0.08383961117861483,0.12941757156959527,1.0004203446826399
series,step,0.2,0,GLR (онлайн-разрыв),0.03,0.472636815920398,0.25870646766169153,0.631578947368421,0.04792606920266495,0.08702742894231995,3.000560459576853
series,step,0.2,0,GLR (онлайн-разрыв),0.05,0.5671641791044776,0.36318407960199006,0.4824561403508772,0.03736234923964342,0.07010638952093967,5.0
series,step,0.2,0,BOCPD,0.01,0.3582089552238806,0.29850746268656714,0.16666666666666666,0.08109833971902937,0.1322543553251036,1.0004203446826399
series,step,0.2,0,BOCPD,0.03,0.5522388059701493,0.47761194029850745,0.14414414414414414,0.044439531284545655,0.08225950956210111,3.000560459576853
series,step,0.2,0,BOCPD,0.05,0.6716417910447762,0.5522388059701493,0.1925925925925926,0.03289473684210526,0.06271777003484319,5.0
series,step,0.2,0,BOCPD + новости,0.01,0.3781094527363184,0.3333333333333333,0.11842105263157894,0.08634920634920636,0.14059141978835116,1.0004203446826399
series,step,0.2,0,BOCPD + новости,0.03,0.582089552238806,0.5074626865671642,0.13675213675213677,0.047440423654015886,0.08773077063922617,3.000560459576853
series,step,0.2,0,BOCPD + новости,0.05,0.681592039800995,0.5671641791044776,0.17518248175182483,0.03381188783040386,0.06442769659414413,5.0
series,step,0.2,0,Stouffer-МО,0.01,0.04975124378109453,0.01990049751243781,1.2,0.011378848728246318,0.01852154491474642,1.0004203446826399
series,step,0.2,0,Stouffer-МО,0.03,0.10945273631840796,0.03482587064676617,0.9090909090909091,0.009485094850948509,0.01745734852349374,2.9991593106347203
series,step,0.2,0,Stouffer-МО,0.05,0.15920398009950248,0.07960199004975124,0.84375,0.008040337966748433,0.015307590959764873,4.997197702115735
series,step,0.2,0,Пространственный,0.01,0.19402985074626866,0.01990049751243781,1.5128205128205128,0.03418272218769422,0.05812535566214129,1.0004203446826399
series,step,0.2,0,Пространственный,0.03,0.31343283582089554,0.06467661691542288,1.1904761904761905,0.023881893182805036,0.04438210882262526,3.000560459576853
series,step,0.2,0,Пространственный,0.05,0.3681592039800995,0.0945273631840796,1.0405405405405406,0.018802966101694914,0.0357786138681285,5.0
series,step,0.2,0,Комбо: BOCPD ∨ Stouffer-МО,0.01,0.2537313432835821,0.21890547263681592,0.13725490196078433,0.062219371391917896,0.09993333737349251,1.0004203446826399
series,step,0.2,0,Комбо: BOCPD ∨ Stouffer-МО,0.03,0.46766169154228854,0.39303482587064675,0.18085106382978725,0.03832599118942731,0.07084598491772319,2.9984587361636543
series,step,0.2,0,Комбо: BOCPD ∨ Stouffer-МО,0.05,0.5522388059701493,0.472636815920398,0.15315315315315314,0.02888086642599278,0.05489105238757534,5.0
series,step,0.2,0,Комбо: оконный ∨ Stouffer ∨ пространств.,0.01,0.17412935323383086,0.024875621890547265,1.4285714285714286,0.03269586674892042,0.05505431234047606,1.0004203446826399
series,step,0.2,0,Комбо: оконный ∨ Stouffer ∨ пространств.,0.03,0.31343283582089554,0.04975124378109453,1.2380952380952381,0.022953659592897357,0.04277478862413528,2.997758161692588
series,step,0.2,0,Комбо: оконный ∨ Stouffer ∨ пространств.,0.05,0.40298507462686567,0.09950248756218906,1.0493827160493827,0.020556067993147978,0.039116807132409274,5.0
series,step,0.2,1,z-score (инновация),0.01,0.30845771144278605,0.3034825870646766,0.016129032258064516,0.06451612903225806,0.10671256454388985,1.0004203446826399
series,step,0.2,1,z-score (инновация),0.03,0.5074626865671642,0.4925373134328358,0.029411764705882353,0.037943966468122654,0.07060840587759437,3.000560459576853
series,step,0.2,1,z-score (инновация),0.05,0.6169154228855721,0.5870646766169154,0.07258064516129033,0.03071991451849873,0.05852549409101822,5.0
series,step,0.2,1,EWMA,0.01,0.23383084577114427,0.15920398009950248,0.3617021276595745,0.0691588785046729,0.10674605610459764,1.0004203446826399
series,step,0.2,1,EWMA,0.03,0.39800995024875624,0.2835820895522388,0.3125,0.04311273981461522,0.07779830788680346,3.000560459576853
series,step,0.2,1,EWMA,0.05,0.5373134328358209,0.38308457711442784,0.3148148148148148,0.03471767326084108,0.06522118115969276,5.0
series,step,0.2,1,CUSUM классический,0.01,0.06467661691542288,0.01990049751243781,1.3076923076923077,0.014350945857795172,0.023489795080284176,1.0004203446826399
series,step,0.2,1,CUSUM классический,0.03,0.14925373134328357,0.04975124378109453,0.8333333333333334,0.014329805996472662,0.026149049582620938,3.000560459576853
series,step,0.2,1,CUSUM классический,0.05,0.21890547263681592,0.0845771144278607,0.75,0.013049267643142477,0.02463028862905483,5.0
series,step,0.2,1,Page-Hinkley,0.01,0.11442786069651742,0.029850746268656716,0.8695652173913043,0.031071655041217502,0.04887250650477016,1.0004203446826399
series,step,0.2,1,Page-Hinkley,0.03,0.22388059701492538,0.1044776119402985,0.6888888888888889,0.022613611654707544,0.04107803510065435,3.000560459576853
series,step,0.2,1,Page-Hinkley,0.05,0.31840796019900497,0.17412935323383086,0.65625,0.019385467493076618,0.03654592810847242,5.0
series,step,0.2,1,CUSUM оконный,0.01,0.26865671641791045,0.05472636815920398,1.1851851851851851,0.05437893531768746,0.0904498690857158,1.0004203446826399
series,step,0.2,1,CUSUM оконный,0.03,0.4527363184079602,0.1044776119402985,1.1868131868131868,0.03329842931937173,0.062034281990379095,3.000560459576853
series,step,0.2,1,CUSUM оконный,0.05,0.5074626865671642,0.15920398009950248,0.9509803921568627,0.026309001805519733,0.05002452182442374,5.0
series,step,0.2,1,GLR (онлайн-разрыв),0.01,0.34328358208955223,0.17412935323383086,0.6086956521739131,0.0980975029726516,0.15259041836714177,1.0004203446826399
series,step,0.2,1,GLR (онлайн-разрыв),0.03,0.5074626865671642,0.3283582089552239,0.4803921568627451,0.05391120507399577,0.0974677496416627,3.000560459576853
series,step,0.2,1,GLR (онлайн-разрыв),0.05,0.5621890547263682,0.4079601990049751,0.336283185840708,0.038866502014818664,0.07270649703897535,5.0
series,step,0.2,1,BOCPD,0.01,0.4129353233830846,0.3681592039800995,0.10843373493975904,0.09544603867747972,0.1550530518552887,1.0004203446826399
series,step,0.2,1,BOCPD,0.03,0.5621890547263682,0.5024875621890548,0.11504424778761062,0.046991655687307864,0.08673352271096955,3.000560459576853
series,step,0.2,1,BOCPD,0.05,0.6517412935323383,0.5671641791044776,0.1297709923664122,0.03288770053475936,0.06261573107062292,5.0
series,step,0.2,1,BOCPD + новости,0.01,0.42786069651741293,0.38308457711442784,0.10465116279069768,0.09881914232442511,0.16055608719390843,1.0004203446826399
series,step,0.2,1,BOCPD + новости,0.03,0.5771144278606966,0.5124378109452736,0.1206896551724138,0.048235036176277134,0.08902905305461752,3.000560459576853
series,step,0.2,1,BOCPD + новости,0.05,0.7114427860696517,0.6119402985074627,0.13986013986013987,0.03532862285028663,0.06731455856073498,5.0
series,step,0.2,1,Stouffer-МО,0.01,0.03482587064676617,0.009950248756218905,1.1428571428571428,0.006802721088435374,0.01138211382113821,0.9976180467983746
series,step,0.2,1,Stouffer-МО,0.03,0.0845771144278607,0.03980099502487562,0.8235294117647058,0.006793478260869565,0.012576755197159133,2.9970575872215215
series,step,0.2,1,Stouffer-МО,0.05,0.13432835820895522,0.06467661691542288,0.8888888888888888,0.006399782135076253,0.012217488627337715,4.996497127644669
series,step,0.2,1,Пространственный,0.01,0.1691542288557214,0.01990049751243781,1.3235294117647058,0.034013605442176874,0.05663834749292021,1.0004203446826399
series,step,0.2,1,Пространственный,0.03,0.3034825870646766,0.06965174129353234,1.180327868852459,0.023030563925957814,0.0428122120080154,3.000560459576853
series,step,0.2,1,Пространственный,0.05,0.3781094527363184,0.10945273631840796,1.105263157894737,0.01812926957435628,0.03459958762886598,5.0
series,step,0.2,1,Комбо: BOCPD ∨ Stouffer-МО,0.01,0.3333333333333333,0.2935323383084577,0.11940298507462686,0.07555555555555556,0.12318840579710146,0.9997197702115735
series,step,0.2,1,Комбо: BOCPD ∨ Stouffer-МО,0.03,0.4577114427860697,0.417910447761194,0.08695652173913043,0.03976274165202109,0.07316907055683103,3.000560459576853
series,step,0.2,1,Комбо: BOCPD ∨ Stouffer-МО,0.05,0.5323383084577115,0.47761194029850745,0.11214953271028037,0.028319529788939354,0.05377814972250342,5.0
series,step,0.2,1,Комбо: оконный ∨ Stouffer ∨ пространств.,0.01,0.19402985074626866,0.029850746268656716,1.358974358974359,0.03694581280788178,0.06207225847525068,0.9969174723273084
series,step,0.2,1,Комбо: оконный ∨ Stouffer ∨ пространств.,0.03,0.31840796019900497,0.06965174129353234,1.1875,0.024018871970834226,0.04466822872526048,2.9998598851057867
series,step,0.2,1,Комбо: оконный ∨ Stouffer ∨ пространств.,0.05,0.42786069651741293,0.09950248756218906,1.1627906976744187,0.019618100967826315,0.037516031559998025,4.999299425528934
series,step,0.2,2,z-score (инновация),0.01,0.26865671641791045,0.2537313432835821,0.07407407407407407,0.05624591236102027,0.09301766614589592,1.0004203446826399
series,step,0.2,2,z-score (инновация),0.03,0.417910447761194,0.39800995024875624,0.047619047619047616,0.03592814371257485,0.06616778259157148,3.000560459576853
series,step,0.2,2,z-score (инновация),0.05,0.5671641791044776,0.527363184079602,0.09649122807017543,0.028287974259284088,0.053888211197698765,5.0
series,step,0.2,2,EWMA,0.01,0.21393034825870647,0.12935323383084577,0.5116279069767442,0.062020460358056265,0.09616249178664883,1.0004203446826399
series,step,0.2,2,EWMA,0.03,0.36318407960199006,0.25870646766169153,0.3424657534246575,0.03881378107283035,0.07013244961625234,3.000560459576853
series,step,0.2,2,EWMA,0.05,0.46766169154228854,0.31343283582089554,0.39361702127659576,0.029708222811671087,0.05586746335820341,5.0
series,step,0.2,2,CUSUM классический,0.01,0.03980099502487562,0.009950248756218905,1.125,0.00998003992015968,0.015958507879513265,1.0004203446826399
series,step,0.2,2,CUSUM классический,0.03,0.14925373134328357,0.04975124378109453,0.8333333333333334,0.01442521083000444,0.026307801274916522,3.000560459576853
series,step,0.2,2,CUSUM классический,0.05,0.19402985074626866,0.08955223880597014,0.7435897435897436,0.011834319526627219,0.022308022308022306,5.0
series,step,0.2,2,Page-Hinkley,0.01,0.11940298507462686,0.009950248756218905,1.2083333333333333,0.027564102564102563,0.04478875073237419,1.0004203446826399
series,step,0.2,2,Page-Hinkley,0.03,0.20398009950248755,0.09950248756218906,0.6829268292682927,0.02086536349659565,0.03785817036662649,3.000560459576853
series,step,0.2,2,Page-Hinkley,0.05,0.30845771144278605,0.16417910447761194,0.6612903225806451,0.019010901356022333,0.035814480506234,5.0
series,step,0.2,2,CUSUM оконный,0.01,0.23383084577114427,0.029850746268656716,1.2765957446808511,0.047647409172126266,0.07916372785363132,1.0004203446826399
series,step,0.2,2,CUSUM оконный,0.03,0.42786069651741293,0.0945273631840796,1.197674418604651,0.032762629465229336,0.06086466173996224,3.000560459576853
series,step,0.2,2,CUSUM оконный,0.05,0.5124378109452736,0.1691542288557214,0.9805825242718447,0.026421447998963864,0.050251893235055314,5.0
series,step,0.2,2,GLR (онлайн-разрыв),0.01,0.2835820895522388,0.13432835820895522,0.8421052631578947,0.07606679035250463,0.11995688327687096,1.0004203446826399
series,step,0.2,2,GLR (онлайн-разрыв),0.03,0.48258706467661694,0.24378109452736318,0.6391752577319587,0.04867066895368782,0.08842350437218267,3.000560459576853
series,step,0.2,2,GLR (онлайн-разрыв),0.05,0.5373134328358209,0.32338308457711445,0.5,0.03530183727034121,0.06625094495164927,5.0
series,step,0.2,2,BOCPD,0.01,0.3383084577114428,0.2736318407960199,0.19117647058823528,0.07573812580231065,0.12376795051749934,1.0004203446826399
series,step,0.2,2,BOCPD,0.03,0.5472636815920398,0.47761194029850745,0.14545454545454545,0.04457193292144748,0.08243032189374576,3.000560459576853
series,step,0.2,2,BOCPD,0.05,0.6218905472636815,0.5422885572139303,0.152,0.03164811586428859,0.06023106269032761,5.0
series,step,0.2,2,BOCPD + новости,0.01,0.3781094527363184,0.29850746268656714,0.21052631578947367,0.08264462809917356,0.13564162056041407,1.0004203446826399
series,step,0.2,2,BOCPD + новости,0.03,0.5771144278606966,0.5124378109452736,0.12931034482758622,0.04753521126760563,0.08783565869732876,3.000560459576853
series,step,0.2,2,BOCPD + новости,0.05,0.6666666666666666,0.5621890547263682,0.17164179104477612,0.03334226031065881,0.06350825734872154,5.0
series,step,0.2,2,Stouffer-МО,0.01,0.04477611940298507,0.009950248756218905,1.2222222222222223,0.01084010840108401,0.017454545454545455,0.9990191957405072
series,step,0.2,2,Stouffer-МО,0.03,0.10945273631840796,0.03482587064676617,0.9545454545454546,0.009297052154195011,0.017138351336202392,3.000560459576853
series,step,0.2,2,Stouffer-МО,0.05,0.18407960199004975,0.05970149253731343,0.972972972972973,0.0091156462585034,0.01737107460312455,4.997898276586801
series,step,0.2,2,Пространственный,0.01,0.15920398009950248,0.01990049751243781,1.375,0.03262233375156838,0.05414904002603319,1.0004203446826399
series,step,0.2,2,Пространственный,0.03,0.24378109452736318,0.05970149253731343,1.0408163265306123,0.020710704163941576,0.038177956023587506,3.000560459576853
series,step,0.2,2,Пространственный,0.05,0.35323383084577115,0.0945273631840796,1.1126760563380282,0.017587939698492462,0.03350750042137198,5.0
series,step,0.2,2,Комбо: BOCPD ∨ Stouffer-МО,0.01,0.21393034825870647,0.1791044776119403,0.18604651162790697,0.05414220482713633,0.08641437253335271,0.9997197702115735
series,step,0.2,2,Комбо: BOCPD ∨ Stouffer-МО,0.03,0.43283582089552236,0.3333333333333333,0.25287356321839083,0.03633141338059371,0.06703595641817132,2.9991593106347203
series,step,0.2,2,Комбо: BOCPD ∨ Stouffer-МО,0.05,0.527363184079602,0.43781094527363185,0.19811320754716982,0.02752047254665056,0.05231108848229235,4.997898276586801
series,step,0.2,2,Комбо: оконный ∨ Stouffer ∨ пространств.,0.01,0.15422885572139303,0.024875621890547265,1.2258064516129032,0.03364485981308411,0.0552393208929367,1.0004203446826399
series,step,0.2,2,Комбо: оконный ∨ Stouffer ∨ пространств.,0.03,0.2935323383084577,0.04975124378109453,1.2372881355932204,0.022159461220942863,0.041208029334529356,2.9998598851057867
series,step,0.2,2,Комбо: оконный ∨ Stouffer ∨ пространств.,0.05,0.40298507462686567,0.1044776119402985,1.1728395061728396,0.019421323820848196,0.03705674752114727,4.997197702115735
series,dip,0.03,0,z-score (инновация),0.01,0.03482587064676617,0.01990049751243781,0.42857142857142855,0.0055286800276434,0.009542472522791173,1.0004203446826399
series,dip,0.03,0,z-score (инновация),0.03,0.0945273631840796,0.05970149253731343,0.47368421052631576,0.006442705936493327,0.012063218521121969,3.000560459576853
series,dip,0.03,0,z-score (инновация),0.05,0.13432835820895522,0.06965174129353234,0.7037037037037037,0.004965517241379311,0.009577015163607342,5.0
series,dip,0.03,0,EWMA,0.01,0.024875621890547265,0.009950248756218905,0.8,0.006215469613259668,0.009945850370206651,1.0004203446826399
series,dip,0.03,0,EWMA,0.03,0.07462686567164178,0.04975124378109453,0.3333333333333333,0.006208323752586802,0.011463021142905665,3.000560459576853
series,dip,0.03,0,EWMA,0.05,0.10945273631840796,0.06467661691542288,0.5,0.005376344086021506,0.01024924295364547,5.0
series,dip,0.03,0,CUSUM классический,0.01,0.009950248756218905,0.0,1.5,0.002073255010366275,0.0034315127251930227,1.0004203446826399
series,dip,0.03,0,CUSUM классический,0.03,0.024875621890547265,0.014925373134328358,0.4,0.002538656819755366,0.004607136873848216,3.000560459576853
series,dip,0.03,0,CUSUM классический,0.05,0.04477611940298507,0.029850746268656716,0.3333333333333333,0.0031794304672380425,0.005937271436561545,5.0
series,dip,0.03,0,Page-Hinkley,0.01,0.009950248756218905,0.009950248756218905,0.0,0.004143646408839779,0.005850804485616773,1.0004203446826399
series,dip,0.03,0,Page-Hinkley,0.03,0.03482587064676617,0.014925373134328358,0.8571428571428571,0.0027675276752767526,0.005127579050177023,3.000560459576853
series,dip,0.03,0,Page-Hinkley,0.05,0.04975124378109453,0.029850746268656716,0.5,0.0031833910034602076,0.005983895515980904,5.0
series,dip,0.03,0,CUSUM оконный,0.01,0.014925373134328358,0.0,1.6666666666666667,0.0027567195037904893,0.004653868528214078,1.0004203446826399
series,dip,0.03,0,CUSUM оконный,0.03,0.04975124378109453,0.024875621890547265,0.6,0.0038937242327072834,0.007222210421224801,3.000560459576853
series,dip,0.03,0,CUSUM оконный,0.05,0.0945273631840796,0.04477611940298507,0.6842105263157895,0.004669688229638786,0.00889972653317077,5.0
series,dip,0.03,0,GLR (онлайн-разрыв),0.01,0.029850746268656716,0.004975124378109453,1.5,0.0054832076764907475,0.009264620729588884,1.0004203446826399
series,dip,0.03,0,GLR (онлайн-разрыв),0.03,0.07462686567164178,0.029850746268656716,1.0,0.005253540429419826,0.009816055652767702,3.000560459576853
series,dip,0.03,0,GLR (онлайн-разрыв),0.05,0.13432835820895522,0.05472636815920398,0.8148148148148148,0.0061643835616438354,0.011787819253438114,5.0
series,dip,0.03,0,BOCPD,0.01,0.04477611940298507,0.009950248756218905,1.3333333333333333,0.00823045267489712,0.013904982618771728,1.0004203446826399
series,dip,0.03,0,BOCPD,0.03,0.1044776119402985,0.03482587064676617,1.0,0.007087334247828075,0.013274200948157209,3.000560459576853
series,dip,0.03,0,BOCPD,0.05,0.16417910447761194,0.07462686567164178,0.8484848484848485,0.007258285401259929,0.013901970836860494,5.0
series,dip,0.03,0,BOCPD + новости,0.01,0.04975124378109453,0.009950248756218905,1.3,0.009582477754962354,0.016069788797061522,1.0004203446826399
series,dip,0.03,0,BOCPD + новости,0.03,0.11442786069651742,0.03980099502487562,0.9565217391304348,0.0075394105551747775,0.014146723328114516,3.000560459576853
series,dip,0.03,0,BOCPD + новости,0.05,0.1890547263681592,0.07960199004975124,0.868421052631579,0.008073344280240832,0.015485403867206789,5.0
series,dip,0.03,0,Stouffer-МО,0.01,0.014925373134328358,0.004975124378109453,0.6666666666666666,0.004801097393689987,0.007265179034769072,0.9983186212694409
series,dip,0.03,0,Stouffer-МО,0.03,0.05472636815920398,0.029850746268656716,0.7272727272727273,0.004120879120879121,0.0076646150272906746,2.9998598851057867
series,dip,0.03,0,Stouffer-МО,0.05,0.1044776119402985,0.07462686567164178,0.47619047619047616,0.004805052169137836,0.00918755742223389,4.996497127644669
series,dip,0.03,0,Пространственный,0.01,0.009950248756218905,0.004975124378109453,1.0,0.002067539627842867,0.0034236804564907273,1.0004203446826399
series,dip,0.03,0,Пространственный,0.03,0.05472636815920398,0.01990049751243781,1.1818181818181819,0.004116167390807226,0.007656464492179193,3.000560459576853
series,dip,0.03,0,Пространственный,0.05,0.07960199004975124,0.03980099502487562,0.8125,0.0038445695455169575,0.007334883264023052,5.0
series,dip,0.03,0,Комбо: BOCPD ∨ Stouffer-МО,0.01,0.024875621890547265,0.004975124378109453,1.2,0.005498281786941581,0.009005966452774962,0.9997197702115735
series,dip,0.03,0,Комбо: BOCPD ∨ Stouffer-МО,0.03,0.07462686567164178,0.029850746268656716,0.9333333333333333,0.005953743989008472,0.01102769648386139,2.9991593106347203
series,dip,0.03,0,Комбо: BOCPD ∨ Stouffer-МО,0.05,0.11940298507462686,0.05472636815920398,0.875,0.005633415773564166,0.010759213396532777,5.0
series,dip,0.03,0,Комбо: оконный ∨ Stouffer ∨ пространств.,0.01,0.01990049751243781,0.0,1.5,0.0034458993797381117,0.00587457776472316,0.9983186212694409
series,dip,0.03,0,Комбо: оконный ∨ Stouffer ∨ пространств.,0.03,0.04975124378109453,0.024875621890547265,0.8,0.004124656278643446,0.007617757839942443,2.997758161692588
series,dip,0.03,0,Комбо: оконный ∨ Stouffer ∨ пространств.,0.05,0.07462686567164178,0.04477611940298507,0.5333333333333333,0.003988447256223353,0.007572196981565618,4.996497127644669
series,dip,0.03,1,z-score (инновация),0.01,0.03482587064676617,0.01990049751243781,0.7142857142857143,0.006122448979591836,0.010414083808579222,1.0004203446826399
series,dip,0.03,1,z-score (инновация),0.03,0.0945273631840796,0.04477611940298507,0.7894736842105263,0.005933363760839799,0.011165860494552687,3.000560459576853
series,dip,0.03,1,z-score (инновация),0.05,0.15422885572139303,0.07960199004975124,0.7096774193548387,0.0058968732857926495,0.011359423933189885,5.0
series,dip,0.03,1,EWMA,0.01,0.029850746268656716,0.004975124378109453,1.1666666666666667,0.0054869684499314125,0.009269988412514484,1.0004203446826399
series,dip,0.03,1,EWMA,0.03,0.0945273631840796,0.03482587064676617,0.9473684210526315,0.006610439936175063,0.012356753604987555,3.000560459576853
series,dip,0.03,1,EWMA,0.05,0.15422885572139303,0.10945273631840796,0.41935483870967744,0.007244395844723893,0.013838761165555553,5.0
series,dip,0.03,1,CUSUM классический,0.01,0.01990049751243781,0.014925373134328358,0.5,0.006811989100817439,0.010149708195889368,1.0004203446826399
series,dip,0.03,1,CUSUM классический,0.03,0.04975124378109453,0.03980099502487562,0.3,0.005703855806525211,0.01023436700440078,3.000560459576853
series,dip,0.03,1,CUSUM классический,0.05,0.0945273631840796,0.05970149253731343,0.5263157894736842,0.005900919445588034,0.011108391798553326,5.0
series,dip,0.03,1,Page-Hinkley,0.01,0.03980099502487562,0.029850746268656716,0.375,0.012898845892735914,0.01948343267320387,1.0004203446826399
series,dip,0.03,1,Page-Hinkley,0.03,0.07462686567164178,0.05472636815920398,0.3333333333333333,0.008579814856626778,0.015390223158235794,3.000560459576853
series,dip,0.03,1,Page-Hinkley,0.05,0.13432835820895522,0.0845771144278607,0.48148148148148145,0.008705114254624592,0.016350630180538207,5.0
series,dip,0.03,1,CUSUM оконный,0.01,0.03482587064676617,0.01990049751243781,0.7142857142857143,0.008168822328114363,0.013233556518314296,1.0004203446826399
series,dip,0.03,1,CUSUM оконный,0.03,0.05472636815920398,0.04477611940298507,0.2727272727272727,0.005484460694698354,0.009969788519637462,3.000560459576853
series,dip,0.03,1,CUSUM оконный,0.05,0.1044776119402985,0.06965174129353234,0.5238095238095238,0.005349060485530106,0.010177073625349487,5.0
series,dip,0.03,1,GLR (онлайн-разрыв),0.01,0.01990049751243781,0.009950248756218905,0.5,0.004098360655737705,0.006796941376380629,1.0004203446826399
series,dip,0.03,1,GLR (онлайн-разрыв),0.03,0.05472636815920398,0.03482587064676617,0.5454545454545454,0.004118993135011442,0.007661352731775268,3.000560459576853
series,dip,0.03,1,GLR (онлайн-разрыв),0.05,0.0845771144278607,0.05970149253731343,0.35294117647058826,0.004248321227901877,0.008090267116978815,5.0
series,dip,0.03,1,BOCPD,0.01,0.04477611940298507,0.029850746268656716,0.5555555555555556,0.008849557522123894,0.014778325123152709,1.0004203446826399
series,dip,0.03,1,BOCPD,0.03,0.0845771144278607,0.04477611940298507,0.7058823529411765,0.005476951163852123,0.01028770266522101,3.000560459576853
series,dip,0.03,1,BOCPD,0.05,0.1691542288557214,0.0945273631840796,0.5588235294117647,0.006708652792990142,0.012905474756473072,5.0
series,dip,0.03,1,BOCPD + новости,0.01,0.03980099502487562,0.029850746268656716,0.375,0.008174386920980926,0.013563153433173212,1.0004203446826399
series,dip,0.03,1,BOCPD + новости,0.03,0.1044776119402985,0.06965174129353234,0.42857142857142855,0.007290954659375712,0.013630693400675449,3.000560459576853
series,dip,0.03,1,BOCPD + новости,0.05,0.1691542288557214,0.09950248756218906,0.47058823529411764,0.006981519507186858,0.01340958390849931,5.0
series,dip,0.03,1,Stouffer-МО,0.01,0.029850746268656716,0.024875621890547265,0.16666666666666666,0.006887052341597796,0.011191941801902628,0.9976180467983746
series,dip,0.03,1,Stouffer-МО,0.03,0.04975124378109453,0.03482587064676617,0.4,0.00434981684981685,0.008000168424598414,2.9984587361636543
series,dip,0.03,1,Stouffer-МО,0.05,0.1044776119402985,0.04975124378109453,0.8571428571428571,0.0049382716049382715,0.009430784776018861,5.0
series,dip,0.03,1,Пространственный,0.01,0.01990049751243781,0.014925373134328358,0.5,0.0034059945504087193,0.005816489748436818,1.0004203446826399
series,dip,0.03,1,Пространственный,0.03,0.04975124378109453,0.03482587064676617,0.4,0.004782509678888636,0.008726184787351187,3.000560459576853
series,dip,0.03,1,Пространственный,0.05,0.0945273631840796,0.06965174129353234,0.3684210526315789,0.005199781061850027,0.009857328145265888,5.0
series,dip,0.03,1,Комбо: BOCPD ∨ Stouffer-МО,0.01,0.01990049751243781,0.004975124378109453,0.75,0.0034411562284927736,0.005867683731846853,1.0004203446826399
series,dip,0.03,1,Комбо: BOCPD ∨ Stouffer-МО,0.03,0.07960199004975124,0.04975124378109453,0.625,0.005955107650022904,0.011081217868463812,2.9963570127504555
series,dip,0.03,1,Комбо: BOCPD ∨ Stouffer-МО,0.05,0.0945273631840796,0.06467661691542288,0.47368421052631576,0.004527991218441273,0.008642017849143722,5.0
series,dip,0.03,1,Комбо: оконный ∨ Stouffer ∨ пространств.,0.01,0.009950248756218905,0.009950248756218905,0.0,0.0013774104683195593,0.0024198427102238356,0.9976180467983746
series,dip,0.03,1,Комбо: оконный ∨ Stouffer ∨ пространств.,0.03,0.06467661691542288,0.03980099502487562,0.46153846153846156,0.0061643835616438354,0.011255952667275962,3.000560459576853
series,dip,0.03,1,Комбо: оконный ∨ Stouffer ∨ пространств.,0.05,0.08955223880597014,0.06467661691542288,0.3333333333333333,0.005211905088465231,0.009850514127711051,4.999299425528934
series,dip,0.03,2,z-score (инновация),0.01,0.03482587064676617,0.009950248756218905,1.2857142857142858,0.0061643835616438354,0.010474686175076896,1.0004203446826399
series,dip,0.03,2,z-score (инновация),0.03,0.09950248756218906,0.03980099502487562,0.85,0.006178489702517162,0.011634545983388454,3.000560459576853
series,dip,0.03,2,z-score (инновация),0.05,0.15920398009950248,0.0845771144278607,0.625,0.006455157258618322,0.012407244708978343,5.0
series,dip,0.03,2,EWMA,0.01,0.024875621890547265,0.009950248756218905,1.0,0.0041293874741913286,0.007082989021367018,1.0004203446826399
series,dip,0.03,2,EWMA,0.03,0.08955223880597014,0.03980099502487562,0.8333333333333334,0.005275229357798165,0.009963539222410745,3.000560459576853
series,dip,0.03,2,EWMA,0.05,0.12437810945273632,0.08955223880597014,0.36,0.005779551396724921,0.011045829673306438,5.0
series,dip,0.03,2,CUSUM классический,0.01,0.014925373134328358,0.009950248756218905,0.3333333333333333,0.0055286800276434,0.008068582955118506,1.0004203446826399
series,dip,0.03,2,CUSUM классический,0.03,0.01990049751243781,0.014925373134328358,0.5,0.002305741295826608,0.004132658332472363,3.000560459576853
series,dip,0.03,2,CUSUM классический,0.05,0.04975124378109453,0.029850746268656716,0.6,0.002767017155506364,0.005242463958060288,5.0
series,dip,0.03,2,Page-Hinkley,0.01,0.029850746268656716,0.01990049751243781,0.6666666666666666,0.009562841530054645,0.014485256078634247,1.0004203446826399
series,dip,0.03,2,Page-Hinkley,0.03,0.05472636815920398,0.04975124378109453,0.18181818181818182,0.006376679571851515,0.011422425782046766,3.000560459576853
series,dip,0.03,2,Page-Hinkley,0.05,0.07462686567164178,0.06467661691542288,0.2,0.004939626783754116,0.00926593225573973,5.0
series,dip,0.03,2,CUSUM оконный,0.01,0.01990049751243781,0.01990049751243781,0.0,0.006219765031098825,0.009477425299460312,1.0004203446826399
series,dip,0.03,2,CUSUM оконный,0.03,0.06965174129353234,0.04477611940298507,0.42857142857142855,0.006646802658721063,0.012135523307079553,3.000560459576853
series,dip,0.03,2,CUSUM оконный,0.05,0.08955223880597014,0.06965174129353234,0.2777777777777778,0.0052291179303701665,0.00988125162520586,5.0
series,dip,0.03,2,GLR (онлайн-разрыв),0.01,0.03482587064676617,0.01990049751243781,0.5714285714285714,0.005513439007580979,0.009519762005949851,1.0004203446826399
series,dip,0.03,2,GLR (онлайн-разрыв),0.03,0.07462686567164178,0.04477611940298507,0.6,0.005723443223443223,0.0106315118009781,3.000560459576853
series,dip,0.03,2,GLR (онлайн-разрыв),0.05,0.11442786069651742,0.06965174129353234,0.5217391304347826,0.005493750858398571,0.01048415126806949,5.0
series,dip,0.03,2,BOCPD,0.01,0.01990049751243781,0.004975124378109453,0.75,0.0034458993797381117,0.00587457776472316,1.0004203446826399
series,dip,0.03,2,BOCPD,0.03,0.06467661691542288,0.024875621890547265,0.9230769230769231,0.003670566643725625,0.006946879748843578,3.000560459576853
series,dip,0.03,2,BOCPD,0.05,0.13432835820895522,0.04477611940298507,0.8518518518518519,0.005362298913790733,0.010312913177611283,5.0
series,dip,0.03,2,BOCPD + новости,0.01,0.014925373134328358,0.004975124378109453,0.6666666666666666,0.002758620689655172,0.004656577415599534,1.0004203446826399
series,dip,0.03,2,BOCPD + новости,0.03,0.07960199004975124,0.024875621890547265,0.9375,0.004353803849679193,0.00825604606004644,3.000560459576853
series,dip,0.03,2,BOCPD + новости,0.05,0.16417910447761194,0.06965174129353234,0.696969696969697,0.006727073036792971,0.012924574675986428,5.0
series,dip,0.03,2,Stouffer-МО,0.01,0.014925373134328358,0.014925373134328358,0.0,0.00273224043715847,0.0046189376443418004,0.9983186212694409
series,dip,0.03,2,Stouffer-МО,0.03,0.06965174129353234,0.03980099502487562,0.8571428571428571,0.004343850022862369,0.008177695795865038,3.000560459576853
series,dip,0.03,2,Stouffer-МО,0.05,0.10945273631840796,0.06965174129353234,0.5909090909090909,0.005208333333333333,0.009943502824858758,4.997898276586801
series,dip,0.03,2,Пространственный,0.01,0.01990049751243781,0.01990049751243781,0.0,0.005521048999309869,0.00864397622906537,1.0004203446826399
series,dip,0.03,2,Пространственный,0.03,0.04975124378109453,0.03482587064676617,0.5,0.004351809436555199,0.008003538406453379,3.000560459576853
series,dip,0.03,2,Пространственный,0.05,0.09950248756218906,0.06965174129353234,0.4,0.004546707081840727,0.008696053177682765,5.0
series,dip,0.03,2,Комбо: BOCPD ∨ Stouffer-МО,0.01,0.01990049751243781,0.014925373134328358,0.25,0.003417634996582365,0.005833454863642993,1.0004203446826399
series,dip,0.03,2,Комбо: BOCPD ∨ Stouffer-МО,0.03,0.04975124378109453,0.029850746268656716,0.5,0.0034348523013510417,0.0064260469101424435,2.997758161692588
series,dip,0.03,2,Комбо: BOCPD ∨ Stouffer-МО,0.05,0.1044776119402985,0.04477611940298507,0.9523809523809523,0.004122011541632316,0.007931112621799229,4.997898276586801
series,dip,0.03,2,Комбо: оконный ∨ Stouffer ∨ пространств.,0.01,0.024875621890547265,0.024875621890547265,0.0,0.006198347107438017,0.009923916639100232,0.9962168978562421
series,dip,0.03,2,Комбо: оконный ∨ Stouffer ∨ пространств.,0.03,0.05970149253731343,0.04477611940298507,0.4166666666666667,0.004581901489117984,0.00851063829787234,2.997758161692588
series,dip,0.03,2,Комбо: оконный ∨ Stouffer ∨ пространств.,0.05,0.10945273631840796,0.07462686567164178,0.5454545454545454,0.005078929306794783,0.009707406369441942,4.998598851057867
series,dip,0.05,0,z-score (инновация),0.01,0.05472636815920398,0.03482587064676617,0.36363636363636365,0.010211027910142955,0.017210806300198184,1.0004203446826399
series,dip,0.05,0,z-score (инновация),0.03,0.13432835820895522,0.09950248756218906,0.37037037037037035,0.008654065133227055,0.016260549150124808,3.000560459576853
series,dip,0.05,0,z-score (инновация),0.05,0.22885572139303484,0.13930348258706468,0.5652173913043478,0.009160514082581351,0.017615908045188634,5.0
series,dip,0.05,0,EWMA,0.01,0.03980099502487562,0.01990049751243781,0.625,0.007523939808481532,0.012655497231609981,1.0004203446826399
series,dip,0.05,0,EWMA,0.03,0.0945273631840796,0.05472636815920398,0.5263157894736842,0.007307604475907742,0.013566432006069194,3.000560459576853
series,dip,0.05,0,EWMA,0.05,0.14925373134328357,0.09950248756218906,0.36666666666666664,0.007675438596491228,0.014600062571696736,5.0
series,dip,0.05,0,CUSUM классический,0.01,0.009950248756218905,0.009950248756218905,0.0,0.004120879120879121,0.005828071879553181,1.0004203446826399
series,dip,0.05,0,CUSUM классический,0.03,0.04975124378109453,0.03482587064676617,0.4,0.004802195289275097,0.008758941419365602,3.000560459576853
series,dip,0.05,0,CUSUM классический,0.05,0.07960199004975124,0.05970149253731343,0.375,0.005615669086426517,0.010491216005501491,5.0
series,dip,0.05,0,Page-Hinkley,0.01,0.024875621890547265,0.01990049751243781,0.2,0.008174386920980926,0.012305168170631665,1.0004203446826399
series,dip,0.05,0,Page-Hinkley,0.03,0.06467661691542288,0.04477611940298507,0.3076923076923077,0.0070727812000912615,0.012751146970416074,3.000560459576853
series,dip,0.05,0,Page-Hinkley,0.05,0.1044776119402985,0.06965174129353234,0.42857142857142855,0.006704063483376659,0.01259964001028542,5.0
series,dip,0.05,0,CUSUM оконный,0.01,0.014925373134328358,0.004975124378109453,1.0,0.0034083162917518746,0.005549389567147614,1.0004203446826399
series,dip,0.05,0,CUSUM оконный,0.03,0.05472636815920398,0.03980099502487562,0.45454545454545453,0.004806591897459373,0.008837031369548587,3.000560459576853
series,dip,0.05,0,CUSUM оконный,0.05,0.08955223880597014,0.04477611940298507,0.6666666666666666,0.004678040726472207,0.008891600924029115,5.0
series,dip,0.05,0,GLR (онлайн-разрыв),0.01,0.03482587064676617,0.004975124378109453,1.1428571428571428,0.005423728813559322,0.009385737031760665,1.0004203446826399
series,dip,0.05,0,GLR (онлайн-разрыв),0.03,0.07960199004975124,0.03482587064676617,0.625,0.006388318503308237,0.011827446010877029,3.000560459576853
series,dip,0.05,0,GLR (онлайн-разрыв),0.05,0.15920398009950248,0.06467661691542288,0.8125,0.006993006993006993,0.01339752983043751,5.0
series,dip,0.05,0,BOCPD,0.01,0.05970149253731343,0.014925373134328358,0.9166666666666666,0.010148849797023005,0.01734856151510771,1.0004203446826399
series,dip,0.05,0,BOCPD,0.03,0.15422885572139303,0.08955223880597014,0.6129032258064516,0.010674540086304793,0.019967109771138827,3.000560459576853
series,dip,0.05,0,BOCPD,0.05,0.19402985074626866,0.11442786069651742,0.6923076923076923,0.009006550218340612,0.01721405212366832,5.0
series,dip,0.05,0,BOCPD + новости,0.01,0.06467661691542288,0.014925373134328358,0.9230769230769231,0.010818120351588911,0.01853584636635031,1.0004203446826399
series,dip,0.05,0,BOCPD + новости,0.03,0.15920398009950248,0.0945273631840796,0.625,0.01112372304199773,0.020794514916218528,3.000560459576853
series,dip,0.05,0,BOCPD + новости,0.05,0.21890547263681592,0.13930348258706468,0.5909090909090909,0.010227737624437475,0.019542411474356508,5.0
series,dip,0.05,0,Stouffer-МО,0.01,0.004975124378109453,0.0,1.0,0.0013774104683195593,0.0021574973031283713,0.9983186212694409
series,dip,0.05,0,Stouffer-МО,0.03,0.029850746268656716,0.009950248756218905,1.1666666666666667,0.0020689655172413794,0.003869719445340213,2.9984587361636543
series,dip,0.05,0,Stouffer-МО,0.05,0.05970149253731343,0.03482587064676617,0.8333333333333334,0.002614918799889898,0.0050103833602531565,4.999299425528934
series,dip,0.05,0,Пространственный,0.01,0.024875621890547265,0.014925373134328358,0.4,0.004771642808452625,0.008007320979180966,1.0004203446826399
series,dip,0.05,0,Пространственный,0.03,0.06965174129353234,0.04477611940298507,0.35714285714285715,0.005263157894736842,0.009786787836420832,3.000560459576853
series,dip,0.05,0,Пространственный,0.05,0.10945273631840796,0.06965174129353234,0.45454545454545453,0.0053674649050371595,0.010233107322396552,5.0
series,dip,0.05,0,Комбо: BOCPD ∨ Stouffer-МО,0.01,0.014925373134328358,0.004975124378109453,1.0,0.002734107997265892,0.004621606008087811,1.0004203446826399
series,dip,0.05,0,Комбо: BOCPD ∨ Stouffer-МО,0.03,0.1044776119402985,0.05472636815920398,0.6190476190476191,0.007056681083541998,0.013220421591324479,2.9991593106347203
series,dip,0.05,0,Комбо: BOCPD ∨ Stouffer-МО,0.05,0.14925373134328357,0.07462686567164178,0.7,0.006166072896684023,0.011842884400289492,5.0
series,dip,0.05,0,Комбо: оконный ∨ Stouffer ∨ пространств.,0.01,0.024875621890547265,0.014925373134328358,0.6,0.004755434782608696,0.007984487281852401,1.0004203446826399
series,dip,0.05,0,Комбо: оконный ∨ Stouffer ∨ пространств.,0.03,0.04975124378109453,0.029850746268656716,0.5,0.003897294818890417,0.007228352148308779,2.9963570127504555
series,dip,0.05,0,Комбо: оконный ∨ Stouffer ∨ пространств.,0.05,0.07462686567164178,0.03980099502487562,0.6,0.003714403631861329,0.007076584368611417,5.0
series,dip,0.05,1,z-score (инновация),0.01,0.04975124378109453,0.029850746268656716,0.5,0.007560137457044674,0.0131257084899469,1.0004203446826399
series,dip,0.05,1,z-score (инновация),0.03,0.13930348258706468,0.0845771144278607,0.5357142857142857,0.008453278501256569,0.015939319809528205,3.000560459576853
series,dip,0.05,1,z-score (инновация),0.05,0.20398009950248755,0.14427860696517414,0.36585365853658536,0.00822143052891203,0.015805807027801516,5.0
series,dip,0.05,1,EWMA,0.01,0.024875621890547265,0.014925373134328358,0.4,0.0068775790921595595,0.010775862068965516,1.0004203446826399
series,dip,0.05,1,EWMA,0.03,0.07960199004975124,0.03980099502487562,0.5625,0.005735260380821289,0.010699621500889408,3.000560459576853
series,dip,0.05,1,EWMA,0.05,0.12437810945273632,0.06965174129353234,0.52,0.006194081211286993,0.011800492998374155,5.0
series,dip,0.05,1,CUSUM классический,0.01,0.009950248756218905,0.004975124378109453,0.5,0.0034602076124567475,0.005134788189987163,1.0004203446826399
series,dip,0.05,1,CUSUM классический,0.03,0.03980099502487562,0.024875621890547265,0.625,0.00414651002073255,0.007510561727429198,3.000560459576853
series,dip,0.05,1,CUSUM классический,0.05,0.05472636815920398,0.03482587064676617,0.45454545454545453,0.003733407079646018,0.006989962225961708,5.0
series,dip,0.05,1,Page-Hinkley,0.01,0.004975124378109453,0.0,1.0,0.0013726835964310226,0.002151694459386767,1.0004203446826399
series,dip,0.05,1,Page-Hinkley,0.03,0.04975124378109453,0.03980099502487562,0.3,0.0050435580009170105,0.009158652845426917,3.000560459576853
series,dip,0.05,1,Page-Hinkley,0.05,0.0945273631840796,0.05472636815920398,0.5789473684210527,0.0056326418464074735,0.010631764272358778,5.0
series,dip,0.05,1,CUSUM оконный,0.01,0.024875621890547265,0.014925373134328358,0.6,0.005427408412483039,0.008910670527957229,1.0004203446826399
series,dip,0.05,1,CUSUM оконный,0.03,0.07960199004975124,0.04477611940298507,0.625,0.006843065693430657,0.012602725339354635,3.000560459576853
series,dip,0.05,1,CUSUM оконный,0.05,0.12935323383084577,0.07462686567164178,0.5384615384615384,0.00683526999316473,0.012984418697562925,5.0
series,dip,0.05,1,GLR (онлайн-разрыв),0.01,0.029850746268656716,0.014925373134328358,0.8333333333333334,0.007477906186267845,0.011959771677086166,1.0004203446826399
series,dip,0.05,1,GLR (онлайн-разрыв),0.03,0.08955223880597014,0.029850746268656716,0.7777777777777778,0.007513661202185792,0.013864089906522424,3.000560459576853
series,dip,0.05,1,GLR (онлайн-разрыв),0.05,0.13432835820895522,0.07462686567164178,0.5925925925925926,0.0071086807928913195,0.013502791442461665,5.0
series,dip,0.05,1,BOCPD,0.01,0.06965174129353234,0.024875621890547265,0.8571428571428571,0.010854816824966078,0.01878249203421097,1.0004203446826399
series,dip,0.05,1,BOCPD,0.03,0.12437810945273632,0.07462686567164178,0.52,0.01020408163265306,0.01886080724254998,3.000560459576853
series,dip,0.05,1,BOCPD,0.05,0.18407960199004975,0.1044776119402985,0.6486486486486487,0.008871297939129249,0.01692684506130263,5.0
series,dip,0.05,1,BOCPD + новости,0.01,0.07462686567164178,0.029850746268656716,0.8,0.012195121951219513,0.020964360587002098,1.0004203446826399
series,dip,0.05,1,BOCPD + новости,0.03,0.13930348258706468,0.08955223880597014,0.4642857142857143,0.011772696400271678,0.0217106047954193,3.000560459576853
series,dip,0.05,1,BOCPD + новости,0.05,0.21393034825870647,0.12437810945273632,0.5813953488372093,0.010091367789444975,0.01927357636291502,5.0
series,dip,0.05,1,Stouffer-МО,0.01,0.004975124378109453,0.004975124378109453,0.0,0.0020920502092050207,0.002945508100147275,1.0004203446826399
series,dip,0.05,1,Stouffer-МО,0.03,0.01990049751243781,0.014925373134328358,0.25,0.0013869625520110957,0.0025931928687196112,2.9991593106347203
series,dip,0.05,1,Stouffer-МО,0.05,0.04477611940298507,0.01990049751243781,0.7777777777777778,0.0016597510373443983,0.0032008535609495867,4.999299425528934
series,dip,0.05,1,Пространственный,0.01,0.029850746268656716,0.014925373134328358,0.6666666666666666,0.006779661016949152,0.011049723756906077,1.0004203446826399
series,dip,0.05,1,Пространственный,0.03,0.07960199004975124,0.04477611940298507,0.75,0.005917159763313609,0.011015490533562822,3.000560459576853
series,dip,0.05,1,Пространственный,0.05,0.11442786069651742,0.07462686567164178,0.5652173913043478,0.006010928961748634,0.0114218640662739,5.0
series,dip,0.05,1,Комбо: BOCPD ∨ Stouffer-МО,0.01,0.029850746268656716,0.009950248756218905,0.8333333333333334,0.004827586206896552,0.008311071534579995,1.0004203446826399
series,dip,0.05,1,Комбо: BOCPD ∨ Stouffer-МО,0.03,0.0945273631840796,0.06467661691542288,0.42105263157894735,0.007542857142857143,0.01397089952984692,3.000560459576853
series,dip,0.05,1,Комбо: BOCPD ∨ Stouffer-МО,0.05,0.11442786069651742,0.06965174129353234,0.5217391304347826,0.005770816158285243,0.010987511089879207,4.997197702115735
series,dip,0.05,1,Комбо: оконный ∨ Stouffer ∨ пространств.,0.01,0.024875621890547265,0.014925373134328358,0.6,0.00411522633744856,0.007062146892655368,0.9997197702115735
series,dip,0.05,1,Комбо: оконный ∨ Stouffer ∨ пространств.,0.03,0.03980099502487562,0.024875621890547265,0.5,0.0041265474552957355,0.00747780028041751,3.000560459576853
series,dip,0.05,1,Комбо: оконный ∨ Stouffer ∨ пространств.,0.05,0.07462686567164178,0.03980099502487562,0.6666666666666666,0.004263512584238757,0.008066194837635305,5.0
series,dip,0.05,2,z-score (инновация),0.01,0.03980099502487562,0.014925373134328358,0.75,0.006194081211286993,0.010719868979379142,1.0004203446826399
series,dip,0.05,2,z-score (инновация),0.03,0.10945273631840796,0.05472636815920398,0.6363636363636364,0.006850879196163508,0.012894654579556112,3.000560459576853
series,dip,0.05,2,z-score (инновация),0.05,0.15920398009950248,0.07960199004975124,0.65625,0.0069968445602963366,0.013404572503377836,5.0
series,dip,0.05,2,EWMA,0.01,0.024875621890547265,0.009950248756218905,0.8,0.00616860863605209,0.009885764499121267,1.0004203446826399
series,dip,0.05,2,EWMA,0.03,0.06467661691542288,0.03482587064676617,0.6153846153846154,0.005040091638029783,0.009351447676034463,3.000560459576853
series,dip,0.05,2,EWMA,0.05,0.12437810945273632,0.04975124378109453,0.8,0.005081719544018678,0.009764491032502558,5.0
series,dip,0.05,2,CUSUM классический,0.01,0.01990049751243781,0.004975124378109453,1.0,0.004830917874396135,0.007774538386783284,1.0004203446826399
series,dip,0.05,2,CUSUM классический,0.03,0.03980099502487562,0.029850746268656716,0.375,0.004360798714711958,0.00786037491919845,3.000560459576853
series,dip,0.05,2,CUSUM классический,0.05,0.06965174129353234,0.04975124378109453,0.42857142857142855,0.004273504273504274,0.008052919183203913,5.0
series,dip,0.05,2,Page-Hinkley,0.01,0.024875621890547265,0.004975124378109453,0.8,0.006802721088435374,0.010683760683760684,1.0004203446826399
series,dip,0.05,2,Page-Hinkley,0.03,0.05970149253731343,0.04477611940298507,0.25,0.006601411336216709,0.01188829105816039,3.000560459576853
series,dip,0.05,2,Page-Hinkley,0.05,0.0945273631840796,0.06965174129353234,0.42105263157894735,0.006299643933168995,0.011812087793274948,5.0
series,dip,0.05,2,CUSUM оконный,0.01,0.024875621890547265,0.004975124378109453,1.4,0.004073319755600814,0.007000350017500875,1.0004203446826399
series,dip,0.05,2,CUSUM оконный,0.03,0.07960199004975124,0.03482587064676617,0.875,0.005940141649531642,0.01105530309070132,3.000560459576853
series,dip,0.05,2,CUSUM оконный,0.05,0.11442786069651742,0.04477611940298507,0.782608695652174,0.005900109769484084,0.011221612667146998,5.0
series,dip,0.05,2,GLR (онлайн-разрыв),0.01,0.024875621890547265,0.004975124378109453,1.0,0.0068212824010914054,0.010706638115631693,1.0004203446826399
series,dip,0.05,2,GLR (онлайн-разрыв),0.03,0.07462686567164178,0.024875621890547265,0.8,0.006154547526783679,0.011371293800539084,3.000560459576853
series,dip,0.05,2,GLR (онлайн-разрыв),0.05,0.13432835820895522,0.06467661691542288,0.5925925925925926,0.006567245861266931,0.012522283577546851,5.0
series,dip,0.05,2,BOCPD,0.01,0.04975124378109453,0.014925373134328358,1.1,0.009530292716133424,0.015996343692870202,1.0004203446826399
series,dip,0.05,2,BOCPD,0.03,0.11940298507462686,0.05472636815920398,0.7083333333333334,0.009801686801914749,0.018116228243410484,3.000560459576853
series,dip,0.05,2,BOCPD,0.05,0.19900497512437812,0.08955223880597014,0.775,0.00904109589041096,0.017296390688776347,5.0
series,dip,0.05,2,BOCPD + новости,0.01,0.05970149253731343,0.01990049751243781,1.0,0.01154891304347826,0.019353920592002274,1.0004203446826399
series,dip,0.05,2,BOCPD + новости,0.03,0.12437810945273632,0.05472636815920398,0.72,0.010485525416001824,0.01934057063092305,3.000560459576853
series,dip,0.05,2,BOCPD + новости,0.05,0.22885572139303484,0.13432835820895522,0.5869565217391305,0.011340347041945621,0.02160987330093928,5.0
series,dip,0.05,2,Stouffer-МО,0.01,0.01990049751243781,0.009950248756218905,0.75,0.003429355281207133,0.005850519233581981,0.9997197702115735
series,dip,0.05,2,Stouffer-МО,0.03,0.03980099502487562,0.024875621890547265,0.5,0.0032139577594123047,0.005947639530561307,2.9970575872215215
series,dip,0.05,2,Stouffer-МО,0.05,0.07462686567164178,0.04975124378109453,0.4,0.003437843784378438,0.006572893387669252,4.998598851057867
series,dip,0.05,2,Пространственный,0.01,0.024875621890547265,0.014925373134328358,0.8,0.0034153005464480873,0.006006006006006005,1.0004203446826399
series,dip,0.05,2,Пространственный,0.03,0.06467661691542288,0.024875621890547265,1.0,0.004570383912248629,0.008537466342680764,3.000560459576853
series,dip,0.05,2,Пространственный,0.05,0.09950248756218906,0.04477611940298507,0.7,0.005080324042290265,0.009667073815946751,5.0
series,dip,0.05,2,Комбо: BOCPD ∨ Stouffer-МО,0.01,0.01990049751243781,0.009950248756218905,0.75,0.004101161995898838,0.006800793425899688,1.0004203446826399
series,dip,0.05,2,Комбо: BOCPD ∨ Stouffer-МО,0.03,0.0945273631840796,0.04477611940298507,0.6842105263157895,0.006854009595613434,0.012781272072920522,2.997758161692588
series,dip,0.05,2,Комбо: BOCPD ∨ Stouffer-МО,0.05,0.13432835820895522,0.07462686567164178,0.5555555555555556,0.006579849211788897,0.012545193187263146,5.0
series,dip,0.05,2,Комбо: оконный ∨ Stouffer ∨ пространств.,0.01,0.009950248756218905,0.004975124378109453,1.0,0.0013651877133105802,0.0024009603841536613,1.0004203446826399
series,dip,0.05,2,Комбо: оконный ∨ Stouffer ∨ пространств.,0.03,0.06467661691542288,0.03482587064676617,0.6153846153846154,0.004113345521023766,0.007734770105444088,3.000560459576853
series,dip,0.05,2,Комбо: оконный ∨ Stouffer ∨ пространств.,0.05,0.1044776119402985,0.05970149253731343,0.6666666666666666,0.004532967032967033,0.008688946982377613,5.0
series,dip,0.1,0,z-score (инновация),0.01,0.12437810945273632,0.09950248756218906,0.32,0.028150134048257374,0.04590966726422106,1.0004203446826399
series,dip,0.1,0,z-score (инновация),0.03,0.22388059701492538,0.15920398009950248,0.4,0.017369727047146403,0.03223825606386246,3.000560459576853
series,dip,0.1,0,z-score (инновация),0.05,0.3582089552238806,0.26865671641791045,0.3611111111111111,0.0171830604789609,0.032793058372289435,5.0
series,dip,0.1,0,EWMA,0.01,0.06467661691542288,0.014925373134328358,0.7692307692307693,0.012969283276450512,0.021606018194541637,1.0004203446826399
series,dip,0.1,0,EWMA,0.03,0.1791044776119403,0.07960199004975124,0.6388888888888888,0.012522768670309653,0.023408820869318482,3.000560459576853
series,dip,0.1,0,EWMA,0.05,0.24875621890547264,0.13930348258706468,0.5,0.011074651353568499,0.021205243192724245,5.0
series,dip,0.1,0,CUSUM классический,0.01,0.024875621890547265,0.014925373134328358,0.6,0.008174386920980926,0.012305168170631665,1.0004203446826399
series,dip,0.1,0,CUSUM классический,0.03,0.05472636815920398,0.04477611940298507,0.18181818181818182,0.00684931506849315,0.012174875484228001,3.000560459576853
series,dip,0.1,0,CUSUM классический,0.05,0.09950248756218906,0.06467661691542288,0.4,0.006315211422295442,0.0118766378787292,5.0
series,dip,0.1,0,Page-Hinkley,0.01,0.04477611940298507,0.024875621890547265,0.5555555555555556,0.012942779291553134,0.02008102871234807,1.0004203446826399
series,dip,0.1,0,Page-Hinkley,0.03,0.0945273631840796,0.04975124378109453,0.47368421052631576,0.009519492293744334,0.017297062967378346,3.000560459576853
series,dip,0.1,0,Page-Hinkley,0.05,0.14925373134328357,0.07462686567164178,0.5666666666666667,0.0082981907223507,0.015722257303761745,5.0
series,dip,0.1,0,CUSUM оконный,0.01,0.06467661691542288,0.024875621890547265,0.8461538461538461,0.016903313049357674,0.026801913244268515,1.0004203446826399
series,dip,0.1,0,CUSUM оконный,0.03,0.14427860696517414,0.06965174129353234,0.5862068965517241,0.013788426763110307,0.025171282824761484,3.000560459576853
series,dip,0.1,0,CUSUM оконный,0.05,0.19900497512437812,0.08955223880597014,0.675,0.011838345353109266,0.022347301467023278,5.0
series,dip,0.1,0,GLR (онлайн-разрыв),0.01,0.09950248756218906,0.06467661691542288,0.4,0.024161073825503355,0.038881088670482775,1.0004203446826399
series,dip,0.1,0,GLR (онлайн-разрыв),0.03,0.20398009950248755,0.11442786069651742,0.4634146341463415,0.02022017524151876,0.03679311599802573,3.000560459576853
series,dip,0.1,0,GLR (онлайн-разрыв),0.05,0.2736318407960199,0.19402985074626866,0.34545454545454546,0.016901027582477014,0.031835704610967686,5.0
series,dip,0.1,0,BOCPD,0.01,0.14925373134328357,0.1044776119402985,0.4,0.04199475065616798,0.06554690700532569,1.0004203446826399
series,dip,0.1,0,BOCPD,0.03,0.3034825870646766,0.21393034825870647,0.3770491803278688,0.028018679119412943,0.051301048247414424,3.000560459576853
series,dip,0.1,0,BOCPD,0.05,0.4228855721393035,0.263681592039801,0.43529411764705883,0.02270589815934435,0.043097758256528416,5.0
series,dip,0.1,0,BOCPD + новости,0.01,0.17412935323383086,0.11442786069651742,0.45714285714285713,0.046374918354016983,0.07324333883518037,1.0004203446826399
series,dip,0.1,0,BOCPD + новости,0.03,0.3383084577114428,0.22388059701492538,0.38235294117647056,0.03015521064301552,0.055374592833876225,3.000560459576853
series,dip,0.1,0,BOCPD + новости,0.05,0.472636815920398,0.3034825870646766,0.42105263157894735,0.025187566988210074,0.04782638966992828,5.0
series,dip,0.1,0,Stouffer-МО,0.01,0.009950248756218905,0.009950248756218905,0.0,0.004132231404958678,0.005839416058394161,0.9976180467983746
series,dip,0.1,0,Stouffer-МО,0.03,0.03482587064676617,0.024875621890547265,0.42857142857142855,0.003443526170798898,0.006267347121497001,2.997758161692588
series,dip,0.1,0,Stouffer-МО,0.05,0.06965174129353234,0.03980099502487562,0.7142857142857143,0.0037159372419488025,0.007055463784752359,4.996497127644669
series,dip,0.1,0,Пространственный,0.01,0.04477611940298507,0.01990049751243781,0.7777777777777778,0.011627906976744186,0.018461538461538463,1.0004203446826399
series,dip,0.1,0,Пространственный,0.03,0.11442786069651742,0.06467661691542288,0.6086956521739131,0.009968282736746714,0.01833898120798072,3.000560459576853
series,dip,0.1,0,Пространственный,0.05,0.15920398009950248,0.0945273631840796,0.5,0.009417223966152586,0.017782574204797588,5.0
series,dip,0.1,0,Комбо: BOCPD ∨ Stouffer-МО,0.01,0.0945273631840796,0.05970149253731343,0.5263157894736842,0.02214765100671141,0.03588701599748161,1.0004203446826399
series,dip,0.1,0,Комбо: BOCPD ∨ Stouffer-МО,0.03,0.21890547263681592,0.14427860696517414,0.45454545454545453,0.020463233640656622,0.0374277314812651,2.9970575872215215
series,dip,0.1,0,Комбо: BOCPD ∨ Stouffer-МО,0.05,0.2736318407960199,0.19900497512437812,0.36363636363636365,0.015851510635415254,0.029967029282467774,4.998598851057867
series,dip,0.1,0,Комбо: оконный ∨ Stouffer ∨ пространств.,0.01,0.04975124378109453,0.01990049751243781,0.6,0.014266304347826086,0.02217411963465498,1.0004203446826399
series,dip,0.1,0,Комбо: оконный ∨ Stouffer ∨ пространств.,0.03,0.07960199004975124,0.04477611940298507,0.5,0.008902077151335312,0.016013344453711425,2.997758161692588
series,dip,0.1,0,Комбо: оконный ∨ Stouffer ∨ пространств.,0.05,0.14427860696517414,0.0845771144278607,0.4827586206896552,0.008480372042128299,0.016019173114873865,4.999299425528934
series,dip,0.1,1,z-score (инновация),0.01,0.12437810945273632,0.0945273631840796,0.44,0.02348993288590604,0.03951676639945805,1.0004203446826399
series,dip,0.1,1,z-score (инновация),0.03,0.2537313432835821,0.18407960199004975,0.45098039215686275,0.020045045045045045,0.03715481993541495,3.000560459576853
series,dip,0.1,1,z-score (инновация),0.05,0.3333333333333333,0.24378109452736318,0.417910447761194,0.015487026219263686,0.029598857587952748,5.0
series,dip,0.1,1,EWMA,0.01,0.06965174129353234,0.024875621890547265,0.6428571428571429,0.013651877133105802,0.02282918874847126,1.0004203446826399
series,dip,0.1,1,EWMA,0.03,0.16417910447761194,0.11442786069651742,0.36363636363636365,0.013172836702248466,0.024388845352548785,3.000560459576853
series,dip,0.1,1,EWMA,0.05,0.22388059701492538,0.14925373134328357,0.4,0.01092896174863388,0.020840569642236885,5.0
series,dip,0.1,1,CUSUM классический,0.01,0.004975124378109453,0.0,2.0,0.0006963788300835655,0.0012217470983506415,1.0004203446826399
series,dip,0.1,1,CUSUM классический,0.03,0.03980099502487562,0.03482587064676617,0.125,0.0041331802525832375,0.007488688959384263,3.000560459576853
series,dip,0.1,1,CUSUM классический,0.05,0.07960199004975124,0.04975124378109453,0.375,0.005091509563781478,0.009570847715202613,5.0
series,dip,0.1,1,Page-Hinkley,0.01,0.024875621890547265,0.009950248756218905,0.8,0.006139154160982265,0.00984790458474669,1.0004203446826399
series,dip,0.1,1,Page-Hinkley,0.03,0.0845771144278607,0.05970149253731343,0.35294117647058826,0.008640291041382447,0.015678850541235863,3.000560459576853
series,dip,0.1,1,Page-Hinkley,0.05,0.12935323383084577,0.07960199004975124,0.4230769230769231,0.007785821609069799,0.01468759136385485,5.0
series,dip,0.1,1,CUSUM оконный,0.01,0.04477611940298507,0.0,1.2222222222222223,0.010330578512396695,0.016787912702853944,1.0004203446826399
series,dip,0.1,1,CUSUM оконный,0.03,0.14427860696517414,0.04975124378109453,0.7931034482758621,0.012125371768474034,0.022370680872121795,3.000560459576853
series,dip,0.1,1,CUSUM оконный,0.05,0.22388059701492538,0.0945273631840796,0.6222222222222222,0.011775982472956319,0.022375050950939664,5.0
series,dip,0.1,1,GLR (онлайн-разрыв),0.01,0.08955223880597014,0.024875621890547265,0.8888888888888888,0.018983050847457626,0.031325750512772706,1.0004203446826399
series,dip,0.1,1,GLR (онлайн-разрыв),0.03,0.21393034825870647,0.12935323383084577,0.4883720930232558,0.01939120631341601,0.03555923092826132,3.000560459576853
series,dip,0.1,1,GLR (онлайн-разрыв),0.05,0.2935323383084577,0.1890547263681592,0.4576271186440678,0.01696295291084272,0.03207246855810879,5.0
series,dip,0.1,1,BOCPD,0.01,0.1691542288557214,0.09950248756218906,0.6176470588235294,0.041857423152387184,0.06710871241326137,1.0004203446826399
series,dip,0.1,1,BOCPD,0.03,0.29850746268656714,0.1890547263681592,0.5333333333333333,0.026286478057473826,0.04831808037999304,3.000560459576853
series,dip,0.1,1,BOCPD,0.05,0.40298507462686567,0.2885572139303483,0.43209876543209874,0.02234185733512786,0.04233653864319045,5.0
series,dip,0.1,1,BOCPD + новости,0.01,0.17412935323383086,0.11442786069651742,0.5142857142857142,0.04435746901500326,0.0707039199085008,1.0004203446826399
series,dip,0.1,1,BOCPD + новости,0.03,0.35323383084577115,0.22388059701492538,0.49295774647887325,0.029320302087960905,0.054146180822361015,3.000560459576853
series,dip,0.1,1,BOCPD + новости,0.05,0.42786069651741293,0.2935323383084577,0.43023255813953487,0.023521505376344086,0.04459160166811108,5.0
series,dip,0.1,1,Stouffer-МО,0.01,0.004975124378109453,0.004975124378109453,0.0,0.0006944444444444445,0.001218769043266301,1.0004203446826399
series,dip,0.1,1,Stouffer-МО,0.03,0.03980099502487562,0.024875621890547265,0.375,0.0025462962962962965,0.004786380571646135,2.9970575872215215
series,dip,0.1,1,Stouffer-МО,0.05,0.05472636815920398,0.03980099502487562,0.2727272727272727,0.0033250207813798837,0.006269145828880816,4.996497127644669
series,dip,0.1,1,Пространственный,0.01,0.029850746268656716,0.01990049751243781,0.5,0.006887052341597796,0.011191941801902628,1.0004203446826399
series,dip,0.1,1,Пространственный,0.03,0.08955223880597014,0.03980099502487562,0.8333333333333334,0.0075497597803706245,0.01392551956957485,3.000560459576853
series,dip,0.1,1,Пространственный,0.05,0.15422885572139303,0.06467661691542288,0.6451612903225806,0.008640790015087094,0.016364733287526606,5.0
series,dip,0.1,1,Комбо: BOCPD ∨ Stouffer-МО,0.01,0.09950248756218906,0.04975124378109453,0.8,0.02288021534320323,0.03720523061771625,1.0004203446826399
series,dip,0.1,1,Комбо: BOCPD ∨ Stouffer-МО,0.03,0.21890547263681592,0.13930348258706468,0.5227272727272727,0.01897447481364355,0.03492195472240069,2.997758161692588
series,dip,0.1,1,Комбо: BOCPD ∨ Stouffer-МО,0.05,0.29850746268656714,0.19900497512437812,0.4666666666666667,0.01631321370309951,0.03093580819798917,4.998598851057867
series,dip,0.1,1,Комбо: оконный ∨ Stouffer ∨ пространств.,0.01,0.014925373134328358,0.014925373134328358,0.0,0.004155124653739612,0.0065005417118093175,1.0004203446826399
series,dip,0.1,1,Комбо: оконный ∨ Stouffer ∨ пространств.,0.03,0.08955223880597014,0.04477611940298507,0.7222222222222222,0.0073377665673010775,0.013564111621335216,3.000560459576853
series,dip,0.1,1,Комбо: оконный ∨ Stouffer ∨ пространств.,0.05,0.14925373134328357,0.06467661691542288,0.6666666666666666,0.007298264940787662,0.013916057292145304,5.0
series,dip,0.1,2,z-score (инновация),0.01,0.14427860696517414,0.10945273631840796,0.3793103448275862,0.02927478376580173,0.048673494688256956,1.0004203446826399
series,dip,0.1,2,z-score (инновация),0.03,0.27860696517412936,0.21393034825870647,0.2857142857142857,0.02168566957299352,0.04023927255217883,3.000560459576853
series,dip,0.1,2,z-score (инновация),0.05,0.373134328358209,0.25870646766169153,0.41333333333333333,0.017659746562415746,0.03372342671204313,5.0
series,dip,0.1,2,EWMA,0.01,0.09950248756218906,0.03980099502487562,0.7,0.018855218855218854,0.03170289855072463,1.0004203446826399
series,dip,0.1,2,EWMA,0.03,0.22388059701492538,0.13930348258706468,0.4444444444444444,0.01644514530299617,0.030639655268901448,3.000560459576853
series,dip,0.1,2,EWMA,0.05,0.2885572139303483,0.19402985074626866,0.3793103448275862,0.013853049028928427,0.026436915156985943,5.0
series,dip,0.1,2,CUSUM классический,0.01,0.01990049751243781,0.009950248756218905,0.5,0.006185567010309278,0.009437672040896577,1.0004203446826399
series,dip,0.1,2,CUSUM классический,0.03,0.04975124378109453,0.03482587064676617,0.4,0.005707762557077625,0.010240655401945725,3.000560459576853
series,dip,0.1,2,CUSUM классический,0.05,0.11442786069651742,0.05472636815920398,0.6521739130434783,0.006297918948521358,0.011938749026732417,5.0
series,dip,0.1,2,Page-Hinkley,0.01,0.03482587064676617,0.01990049751243781,0.5714285714285714,0.008185538881309686,0.013255483667350482,1.0004203446826399
series,dip,0.1,2,Page-Hinkley,0.03,0.12437810945273632,0.06467661691542288,0.52,0.011116152450090745,0.020408333263917233,3.000560459576853
series,dip,0.1,2,Page-Hinkley,0.05,0.15920398009950248,0.09950248756218906,0.375,0.009657236126224157,0.018209870358867494,5.0
series,dip,0.1,2,CUSUM оконный,0.01,0.029850746268656716,0.004975124378109453,1.0,0.007518796992481203,0.01201201201201201,1.0004203446826399
series,dip,0.1,2,CUSUM оконный,0.03,0.11442786069651742,0.04477611940298507,0.6521739130434783,0.010259917920656635,0.018831363772822792,3.000560459576853
series,dip,0.1,2,CUSUM оконный,0.05,0.17412935323383086,0.06965174129353234,0.6571428571428571,0.009595613433858808,0.018188904768091464,5.0
series,dip,0.1,2,GLR (онлайн-разрыв),0.01,0.0845771144278607,0.04477611940298507,0.5294117647058824,0.022803487592219986,0.03592181722134179,1.0004203446826399
series,dip,0.1,2,GLR (онлайн-разрыв),0.03,0.16417910447761194,0.0945273631840796,0.45454545454545453,0.01668545659526494,0.030292317138976243,3.000560459576853
series,dip,0.1,2,GLR (онлайн-разрыв),0.05,0.22885572139303484,0.15422885572139303,0.32608695652173914,0.013864346880521952,0.02614481060057282,5.0
series,dip,0.1,2,BOCPD,0.01,0.14427860696517414,0.10945273631840796,0.3448275862068966,0.039843239712606136,0.06244264031062478,1.0004203446826399
series,dip,0.1,2,BOCPD,0.03,0.26865671641791045,0.208955223880597,0.25925925925925924,0.026503340757238307,0.0482470465014134,3.000560459576853
series,dip,0.1,2,BOCPD,0.05,0.36318407960199006,0.2835820895522388,0.273972602739726,0.021782977006857603,0.04110081795006803,5.0
series,dip,0.1,2,BOCPD + новости,0.01,0.15920398009950248,0.11940298507462686,0.34375,0.04296875,0.06767278669614535,1.0004203446826399
series,dip,0.1,2,BOCPD + новости,0.03,0.2736318407960199,0.21890547263681592,0.21818181818181817,0.027561680373416313,0.05007912060476779,3.000560459576853
series,dip,0.1,2,BOCPD + новости,0.05,0.4427860696517413,0.31343283582089554,0.3707865168539326,0.024792280889841867,0.04695545292120524,5.0
series,dip,0.1,2,Stouffer-МО,0.01,0.014925373134328358,0.004975124378109453,1.3333333333333333,0.002777777777777778,0.00468384074941452,0.9983186212694409
series,dip,0.1,2,Stouffer-МО,0.03,0.04975124378109453,0.014925373134328358,0.8,0.0036883356385431073,0.006867542278307151,2.9984587361636543
series,dip,0.1,2,Stouffer-МО,0.05,0.0845771144278607,0.03482587064676617,0.7647058823529411,0.0040044186688760015,0.007646789666751976,4.998598851057867
series,dip,0.1,2,Пространственный,0.01,0.04477611940298507,0.009950248756218905,1.1111111111111112,0.010302197802197802,0.016750418760469014,1.0004203446826399
series,dip,0.1,2,Пространственный,0.03,0.06965174129353234,0.024875621890547265,0.7142857142857143,0.006201194304088195,0.01138845788831478,3.000560459576853
series,dip,0.1,2,Пространственный,0.05,0.11940298507462686,0.05970149253731343,0.5416666666666666,0.006470264317180617,0.012275346468389351,5.0
series,dip,0.1,2,Комбо: BOCPD ∨ Stouffer-МО,0.01,0.09950248756218906,0.07960199004975124,0.3,0.026720106880427523,0.042127435492364404,1.0004203446826399
series,dip,0.1,2,Комбо: BOCPD ∨ Stouffer-МО,0.03,0.20398009950248755,0.15422885572139303,0.2682926829268293,0.02005859815190444,0.03652542966677677,3.000560459576853
series,dip,0.1,2,Комбо: BOCPD ∨ Stouffer-МО,0.05,0.24875621890547264,0.20398009950248755,0.2,0.015752308527973928,0.02962841876194077,4.996497127644669
series,dip,0.1,2,Комбо: оконный ∨ Stouffer ∨ пространств.,0.01,0.029850746268656716,0.004975124378109453,1.1666666666666667,0.006896551724137931,0.011204481792717085,0.9983186212694409
series,dip,0.1,2,Комбо: оконный ∨ Stouffer ∨ пространств.,0.03,0.0945273631840796,0.024875621890547265,0.8947368421052632,0.00756360302544121,0.014006478275438402,3.000560459576853
series,dip,0.1,2,Комбо: оконный ∨ Stouffer ∨ пространств.,0.05,0.12935323383084577,0.05970149253731343,0.6153846153846154,0.006747452492426329,0.01282586919425554,4.997898276586801
series,dip,0.2,0,z-score (инновация),0.01,0.31343283582089554,0.27860696517412936,0.19047619047619047,0.0750788643533123,0.12114014251781473,1.0004203446826399
series,dip,0.2,0,z-score (инновация),0.03,0.4925373134328358,0.43781094527363185,0.1919191919191919,0.042879019908116385,0.07889007470651013,3.000560459576853
series,dip,0.2,0,z-score (инновация),0.05,0.6019900497512438,0.5422885572139303,0.14049586776859505,0.03405777895573814,0.06446824632562921,5.0
series,dip,0.2,0,EWMA,0.01,0.21890547263681592,0.13432835820895522,0.4090909090909091,0.04774362328319163,0.0783902183065077,1.0004203446826399
series,dip,0.2,0,EWMA,0.03,0.3582089552238806,0.26865671641791045,0.2638888888888889,0.02894033837934105,0.05355395732848143,3.000560459576853
series,dip,0.2,0,EWMA,0.05,0.43283582089552236,0.3283582089552239,0.26436781609195403,0.021431459765467044,0.040840729127916246,5.0
series,dip,0.2,0,CUSUM классический,0.01,0.029850746268656716,0.004975124378109453,0.8333333333333334,0.006189821182943604,0.010253489034463116,1.0004203446826399
series,dip,0.2,0,CUSUM классический,0.03,0.1044776119402985,0.04477611940298507,0.6190476190476191,0.008916323731138546,0.01643044145526767,3.000560459576853
series,dip,0.2,0,CUSUM классический,0.05,0.1691542288557214,0.08955223880597014,0.5294117647058824,0.009698128670946592,0.01834451051541691,5.0
series,dip,0.2,0,Page-Hinkley,0.01,0.0845771144278607,0.014925373134328358,0.8823529411764706,0.016150740242261104,0.027122249551286313,1.0004203446826399
series,dip,0.2,0,Page-Hinkley,0.03,0.19900497512437812,0.08955223880597014,0.575,0.016521544987720474,0.030510116783656473,3.000560459576853
series,dip,0.2,0,Page-Hinkley,0.05,0.25870646766169153,0.12935323383084577,0.5576923076923077,0.013757755597518209,0.02612614831416398,5.0
series,dip,0.2,0,CUSUM оконный,0.01,0.18407960199004975,0.029850746268656716,0.9459459459459459,0.04878048780487805,0.07712350182386661,1.0004203446826399
series,dip,0.2,0,CUSUM оконный,0.03,0.2736318407960199,0.0945273631840796,0.6727272727272727,0.028064660978895376,0.050908013846979766,3.000560459576853
series,dip,0.2,0,CUSUM оконный,0.05,0.3283582089552239,0.15920398009950248,0.5454545454545454,0.0214295402142954,0.040233344136302605,5.0
series,dip,0.2,0,GLR (онлайн-разрыв),0.01,0.24875621890547264,0.19402985074626866,0.22,0.07964601769911504,0.12065960584528757,1.0004203446826399
series,dip,0.2,0,GLR (онлайн-разрыв),0.03,0.3880597014925373,0.2537313432835821,0.3717948717948718,0.04136572554169402,0.0747620895045528,3.000560459576853
series,dip,0.2,0,GLR (онлайн-разрыв),0.05,0.4925373134328358,0.3383084577114428,0.3333333333333333,0.031619503122093794,0.059424144179588925,5.0
series,dip,0.2,0,BOCPD,0.01,0.38308457711442784,0.29850746268656714,0.35064935064935066,0.11124260355029586,0.17241748948891722,1.0004203446826399
series,dip,0.2,0,BOCPD,0.03,0.5671641791044776,0.4626865671641791,0.21052631578947367,0.05950095969289827,0.10770285714285714,3.000560459576853
series,dip,0.2,0,BOCPD,0.05,0.6666666666666666,0.5572139303482587,0.1865671641791045,0.04352956601547135,0.08172307692307693,5.0
series,dip,0.2,0,BOCPD + новости,0.01,0.38308457711442784,0.31840796019900497,0.2727272727272727,0.11327433628318584,0.17484787737941065,1.0004203446826399
series,dip,0.2,0,BOCPD + новости,0.03,0.582089552238806,0.4975124378109453,0.17094017094017094,0.06170212765957447,0.11157697430079415,3.000560459576853
series,dip,0.2,0,BOCPD + новости,0.05,0.6865671641791045,0.5870646766169154,0.16666666666666666,0.044912923923006415,0.0843105350763994,5.0
series,dip,0.2,0,Stouffer-МО,0.01,0.01990049751243781,0.004975124378109453,0.75,0.004861111111111111,0.007813590065578345,0.9983186212694409
series,dip,0.2,0,Stouffer-МО,0.03,0.06965174129353234,0.01990049751243781,0.8571428571428571,0.005517241379310344,0.010224575497535146,2.9998598851057867
series,dip,0.2,0,Stouffer-МО,0.05,0.10945273631840796,0.03980099502487562,0.9090909090909091,0.005514199062586159,0.010499439234495431,5.0
series,dip,0.2,0,Пространственный,0.01,0.09950248756218906,0.01990049751243781,0.9,0.025050778605280974,0.040024880331016574,1.0004203446826399
series,dip,0.2,0,Пространственный,0.03,0.20398009950248755,0.04975124378109453,0.8292682926829268,0.019287497163603357,0.03524260259288473,3.000560459576853
series,dip,0.2,0,Пространственный,0.05,0.25870646766169153,0.08955223880597014,0.75,0.015161863133451714,0.02864494805249589,5.0
series,dip,0.2,0,Комбо: BOCPD ∨ Stouffer-МО,0.01,0.2835820895522388,0.22885572139303484,0.2807017543859649,0.08821714990746453,0.1345715700842001,0.9983186212694409
series,dip,0.2,0,Комбо: BOCPD ∨ Stouffer-МО,0.03,0.4577114427860697,0.373134328358209,0.2717391304347826,0.04838359730961163,0.08751607653604238,3.000560459576853
series,dip,0.2,0,Комбо: BOCPD ∨ Stouffer-МО,0.05,0.5373134328358209,0.4427860696517413,0.21296296296296297,0.035387673956262425,0.06640208076432856,4.996497127644669
series,dip,0.2,0,Комбо: оконный ∨ Stouffer ∨ пространств.,0.01,0.10945273631840796,0.01990049751243781,0.9090909090909091,0.02711864406779661,0.043467522845146954,0.9983186212694409
series,dip,0.2,0,Комбо: оконный ∨ Stouffer ∨ пространств.,0.03,0.22885572139303484,0.05472636815920398,0.8260869565217391,0.021753908905506457,0.0397311668331129,2.997758161692588
series,dip,0.2,0,Комбо: оконный ∨ Stouffer ∨ пространств.,0.05,0.2736318407960199,0.06965174129353234,0.7636363636363637,0.016115815350996994,0.030438901760672373,4.997197702115735
series,dip,0.2,1,z-score (инновация),0.01,0.2835820895522388,0.2537313432835821,0.17543859649122806,0.0663265306122449,0.1075081610446137,1.0004203446826399
series,dip,0.2,1,z-score (инновация),0.03,0.48756218905472637,0.4577114427860697,0.10204081632653061,0.04397287245679282,0.0806701627286484,3.000560459576853
series,dip,0.2,1,z-score (инновация),0.05,0.6169154228855721,0.5671641791044776,0.10483870967741936,0.03521313211543553,0.06662344141665706,5.0
series,dip,0.2,1,EWMA,0.01,0.1890547263681592,0.11442786069651742,0.42105263157894735,0.04216073781291173,0.06894596586721098,1.0004203446826399
series,dip,0.2,1,EWMA,0.03,0.39800995024875624,0.23383084577114427,0.45,0.028507795100222718,0.05320475517499377,3.000560459576853
series,dip,0.2,1,EWMA,0.05,0.5024875621890548,0.34328358208955223,0.33663366336633666,0.023633677991137372,0.04514407833168047,5.0
series,dip,0.2,1,CUSUM классический,0.01,0.03980099502487562,0.009950248756218905,0.875,0.009628610729023384,0.01550602242835387,1.0004203446826399
series,dip,0.2,1,CUSUM классический,0.03,0.0845771144278607,0.04477611940298507,0.47058823529411764,0.008422490325517869,0.015319418397915193,3.000560459576853
series,dip,0.2,1,CUSUM классический,0.05,0.14925373134328357,0.06965174129353234,0.5666666666666667,0.00819336337566571,0.015533980582524273,5.0
series,dip,0.2,1,Page-Hinkley,0.01,0.07960199004975124,0.029850746268656716,0.625,0.020516214427531435,0.032624066826717535,1.0004203446826399
series,dip,0.2,1,Page-Hinkley,0.03,0.14925373134328357,0.07960199004975124,0.4666666666666667,0.012931995540691193,0.02380170715692712,3.000560459576853
series,dip,0.2,1,Page-Hinkley,0.05,0.24378109452736318,0.10945273631840796,0.5714285714285714,0.012236116713728654,0.023302604623939127,5.0
series,dip,0.2,1,CUSUM оконный,0.01,0.14925373134328357,0.029850746268656716,0.8333333333333334,0.03968253968253968,0.06269592476489028,1.0004203446826399
series,dip,0.2,1,CUSUM оконный,0.03,0.2736318407960199,0.08955223880597014,0.7272727272727273,0.025732826135600805,0.04704176118403927,3.000560459576853
series,dip,0.2,1,CUSUM оконный,0.05,0.3383084577114428,0.15920398009950248,0.5588235294117647,0.021061158363710003,0.03965370295608486,5.0
series,dip,0.2,1,GLR (онлайн-разрыв),0.01,0.23880597014925373,0.14925373134328357,0.3958333333333333,0.0678391959798995,0.10566222330928213,1.0004203446826399
series,dip,0.2,1,GLR (онлайн-разрыв),0.03,0.4079601990049751,0.26865671641791045,0.35365853658536583,0.04119442022667829,0.07483251047186779,3.000560459576853
series,dip,0.2,1,GLR (онлайн-разрыв),0.05,0.48258706467661694,0.34328358208955223,0.29896907216494845,0.03104271690103476,0.05833311916938655,5.0
series,dip,0.2,1,BOCPD,0.01,0.35323383084577115,0.26865671641791045,0.28169014084507044,0.10166468489892984,0.15788755014857633,1.0004203446826399
series,dip,0.2,1,BOCPD,0.03,0.6218905472636815,0.48258706467661694,0.288,0.06321595248196861,0.11476581611589345,3.000560459576853
series,dip,0.2,1,BOCPD,0.05,0.6865671641791045,0.5472636815920398,0.2391304347826087,0.044035018946818244,0.08276186078047713,5.0
series,dip,0.2,1,BOCPD + новости,0.01,0.373134328358209,0.27860696517412936,0.29333333333333333,0.10638297872340426,0.16556291390728478,1.0004203446826399
series,dip,0.2,1,BOCPD + новости,0.03,0.6467661691542289,0.4975124378109453,0.2846153846153846,0.06494605458007192,0.11803903184924365,3.000560459576853
series,dip,0.2,1,BOCPD + новости,0.05,0.746268656716418,0.6069651741293532,0.22666666666666666,0.047377326565143825,0.08909819894354994,5.0
series,dip,0.2,1,Stouffer-МО,0.01,0.01990049751243781,0.009950248756218905,1.0,0.004840940525587829,0.007787512167987763,0.9976180467983746
series,dip,0.2,1,Stouffer-МО,0.03,0.06467661691542288,0.03980099502487562,0.46153846153846156,0.0050644567219152855,0.009393372089204191,2.9998598851057867
series,dip,0.2,1,Stouffer-МО,0.05,0.1044776119402985,0.05472636815920398,0.7619047619047619,0.004975124378109453,0.009497964721845319,4.997898276586801
series,dip,0.2,1,Пространственный,0.01,0.08955223880597014,0.024875621890547265,0.7777777777777778,0.022864828513786146,0.036428571428571435,1.0004203446826399
series,dip,0.2,1,Пространственный,0.03,0.16417910447761194,0.06467661691542288,0.6363636363636364,0.016293279022403257,0.029644601650665316,3.000560459576853
series,dip,0.2,1,Пространственный,0.05,0.21890547263681592,0.0945273631840796,0.6136363636363636,0.01296043656207367,0.024471993325820004,5.0
series,dip,0.2,1,Комбо: BOCPD ∨ Stouffer-МО,0.01,0.23880597014925373,0.19402985074626866,0.3125,0.07209446861404599,0.11075307315908821,0.9990191957405072
series,dip,0.2,1,Комбо: BOCPD ∨ Stouffer-МО,0.03,0.42786069651741293,0.3383084577114428,0.27906976744186046,0.04553339115351258,0.08230752753838512,2.9991593106347203
series,dip,0.2,1,Комбо: BOCPD ∨ Stouffer-МО,0.05,0.582089552238806,0.4527363184079602,0.3076923076923077,0.03644526607685197,0.06859568122508675,5.0
series,dip,0.2,1,Комбо: оконный ∨ Stouffer ∨ пространств.,0.01,0.10945273631840796,0.014925373134328358,0.9545454545454546,0.02552048354600403,0.04139023665709476,1.0004203446826399
series,dip,0.2,1,Комбо: оконный ∨ Stouffer ∨ пространств.,0.03,0.1890547263681592,0.05472636815920398,0.7631578947368421,0.018276173285198555,0.03333026524523949,2.9984587361636543
series,dip,0.2,1,Комбо: оконный ∨ Stouffer ∨ пространств.,0.05,0.24875621890547264,0.1044776119402985,0.64,0.0145578231292517,0.02750593176986532,5.0
series,dip,0.2,2,z-score (инновация),0.01,0.26865671641791045,0.24378109452736318,0.1111111111111111,0.06472081218274112,0.10431225498551219,1.0004203446826399
series,dip,0.2,2,z-score (инновация),0.03,0.4975124378109453,0.46766169154228854,0.07,0.0426550598476605,0.07857349026650844,3.000560459576853
series,dip,0.2,2,z-score (инновация),0.05,0.5920398009950248,0.5422885572139303,0.13445378151260504,0.03242456326098465,0.06148191339390494,5.0
series,dip,0.2,2,EWMA,0.01,0.1791044776119403,0.11442786069651742,0.3611111111111111,0.039713541666666664,0.06501176784049024,1.0004203446826399
series,dip,0.2,2,EWMA,0.03,0.34328358208955223,0.25870646766169153,0.2608695652173913,0.028172138420585625,0.052070984820799866,3.000560459576853
series,dip,0.2,2,EWMA,0.05,0.4577114427860697,0.35323383084577115,0.22826086956521738,0.023074859136034343,0.043934808562623204,5.0
series,dip,0.2,2,CUSUM классический,0.01,0.029850746268656716,0.009950248756218905,0.6666666666666666,0.007477906186267845,0.011959771677086166,1.0004203446826399
series,dip,0.2,2,CUSUM классический,0.03,0.1044776119402985,0.05970149253731343,0.42857142857142855,0.0101763907734057,0.018546321646206836,3.000560459576853
series,dip,0.2,2,CUSUM классический,0.05,0.16417910447761194,0.09950248756218906,0.48484848484848486,0.009915783754414561,0.018702036728657435,5.0
series,dip,0.2,2,Page-Hinkley,0.01,0.0845771144278607,0.009950248756218905,0.8823529411764706,0.015758371634931056,0.0265668240273482,1.0004203446826399
series,dip,0.2,2,Page-Hinkley,0.03,0.1791044776119403,0.08955223880597014,0.5277777777777778,0.015552099533437015,0.02861912711662295,3.000560459576853
series,dip,0.2,2,Page-Hinkley,0.05,0.24875621890547264,0.14427860696517414,0.44,0.013728129205921938,0.02602027540675813,5.0
series,dip,0.2,2,CUSUM оконный,0.01,0.13930348258706468,0.05970149253731343,0.6428571428571429,0.039814200398142006,0.06192863462105574,1.0004203446826399
series,dip,0.2,2,CUSUM оконный,0.03,0.2736318407960199,0.08955223880597014,0.8,0.025302283922973578,0.04632131264836422,3.000560459576853
series,dip,0.2,2,CUSUM оконный,0.05,0.34328358208955223,0.13432835820895522,0.6811594202898551,0.020234722784297856,0.03821677217818986,5.0
series,dip,0.2,2,GLR (онлайн-разрыв),0.01,0.2537313432835821,0.14925373134328357,0.43137254901960786,0.0694006309148265,0.10899023750546408,1.0004203446826399
series,dip,0.2,2,GLR (онлайн-разрыв),0.03,0.39800995024875624,0.26865671641791045,0.3375,0.04107802651597479,0.07447010237176441,3.000560459576853
series,dip,0.2,2,GLR (онлайн-разрыв),0.05,0.4925373134328358,0.3880597014925373,0.21212121212121213,0.03207920792079208,0.06023526230394808,5.0
series,dip,0.2,2,BOCPD,0.01,0.3880597014925373,0.3034825870646766,0.3333333333333333,0.10953226761397276,0.17084302686959454,1.0004203446826399
series,dip,0.2,2,BOCPD,0.03,0.572139303482587,0.472636815920398,0.23478260869565218,0.059399616776665956,0.10762552957395922,3.000560459576853
series,dip,0.2,2,BOCPD,0.05,0.6268656716417911,0.5174129353233831,0.2222222222222222,0.04110485665663045,0.07715077981490365,5.0
series,dip,0.2,2,BOCPD + новости,0.01,0.40298507462686567,0.31840796019900497,0.2962962962962963,0.11366313309776208,0.17731425557616076,1.0004203446826399
series,dip,0.2,2,BOCPD + новости,0.03,0.582089552238806,0.48756218905472637,0.21367521367521367,0.060985975350616235,0.1104047582645749,3.000560459576853
series,dip,0.2,2,BOCPD + новости,0.05,0.6666666666666666,0.5472636815920398,0.22388059701492538,0.043376012542461456,0.08145240431795878,5.0
series,dip,0.2,2,Stouffer-МО,0.01,0.024875621890547265,0.014925373134328358,0.6,0.004801097393689987,0.008048752443371278,0.9997197702115735
series,dip,0.2,2,Stouffer-МО,0.03,0.05472636815920398,0.029850746268656716,0.5454545454545454,0.004591368227731864,0.00847196549599507,2.9991593106347203
series,dip,0.2,2,Stouffer-МО,0.05,0.13930348258706468,0.04975124378109453,0.8214285714285714,0.006060606060606061,0.011615847334577887,5.0
series,dip,0.2,2,Пространственный,0.01,0.07960199004975124,0.04477611940298507,0.4375,0.026174496644295303,0.03939518292875406,1.0004203446826399
series,dip,0.2,2,Пространственный,0.03,0.1691542288557214,0.07960199004975124,0.6176470588235294,0.017397198373248983,0.031549580925639156,3.000560459576853
series,dip,0.2,2,Пространственный,0.05,0.26865671641791045,0.09950248756218906,0.8148148148148148,0.014675907052588666,0.027831465017394665,5.0
series,dip,0.2,2,Комбо: BOCPD ∨ Stouffer-МО,0.01,0.29850746268656714,0.21393034825870647,0.43333333333333335,0.08230958230958231,0.12903847079782368,1.0004203446826399
series,dip,0.2,2,Комбо: BOCPD ∨ Stouffer-МО,0.03,0.4626865671641791,0.3582089552238806,0.3333333333333333,0.047135135135135134,0.08555459200789968,3.000560459576853
series,dip,0.2,2,Комбо: BOCPD ∨ Stouffer-МО,0.05,0.5472636815920398,0.4577114427860697,0.22727272727272727,0.03525683348738941,0.06624585399522046,4.999299425528934
series,dip,0.2,2,Комбо: оконный ∨ Stouffer ∨ пространств.,0.01,0.0945273631840796,0.04477611940298507,0.631578947368421,0.02680965147453083,0.041772012751456526,1.0004203446826399
series,dip,0.2,2,Комбо: оконный ∨ Stouffer ∨ пространств.,0.03,0.17412935323383086,0.07960199004975124,0.6571428571428571,0.017202354006337708,0.03131143102656763,2.9998598851057867
series,dip,0.2,2,Комбо: оконный ∨ Stouffer ∨ пространств.,0.05,0.24378109452736318,0.1044776119402985,0.7346938775510204,0.014026964455944436,0.026527555123387035,4.997197702115735
series,ramp,0.03,0,z-score (инновация),0.01,0.04477611940298507,0.014925373134328358,0.8888888888888888,0.0075394105551747775,0.012905748924520923,1.0004203446826399
series,ramp,0.03,0,z-score (инновация),0.03,0.08955223880597014,0.03980099502487562,0.7222222222222222,0.007079241836035624,0.013121230291700469,3.000560459576853
series,ramp,0.03,0,z-score (инновация),0.05,0.15920398009950248,0.06467661691542288,0.75,0.0072662462297778995,0.01389816480306153,5.0
series,ramp,0.03,0,EWMA,0.01,0.03980099502487562,0.014925373134328358,0.75,0.010891763104152484,0.017103153393907,1.0004203446826399
series,ramp,0.03,0,EWMA,0.03,0.09950248756218906,0.05472636815920398,0.65,0.007970849464814394,0.014759369564071478,3.000560459576853
series,ramp,0.03,0,EWMA,0.05,0.13930348258706468,0.06467661691542288,0.6785714285714286,0.007112570099849542,0.013534114147611083,5.0
series,ramp,0.03,0,CUSUM классический,0.01,0.014925373134328358,0.014925373134328358,0.0,0.0061770761839396015,0.008737864077669903,1.0004203446826399
series,ramp,0.03,0,CUSUM классический,0.03,0.06965174129353234,0.04477611940298507,0.5714285714285714,0.007032667876588022,0.012775414685839603,3.000560459576853
series,ramp,0.03,0,CUSUM классический,0.05,0.08955223880597014,0.06965174129353234,0.3333333333333333,0.006554690700532569,0.012215294566738772,5.0
series,ramp,0.03,0,Page-Hinkley,0.01,0.024875621890547265,0.004975124378109453,1.6,0.004106776180698152,0.0070497003877335205,1.0004203446826399
series,ramp,0.03,0,Page-Hinkley,0.03,0.06965174129353234,0.03482587064676617,0.7142857142857143,0.006593906321055025,0.012047299001498493,3.000560459576853
series,ramp,0.03,0,Page-Hinkley,0.05,0.09950248756218906,0.06965174129353234,0.4,0.006429548563611491,0.012078613786324183,5.0
series,ramp,0.03,0,CUSUM оконный,0.01,0.024875621890547265,0.009950248756218905,1.0,0.005434782608695652,0.008920606601248883,1.0004203446826399
series,ramp,0.03,0,CUSUM оконный,0.03,0.07960199004975124,0.04975124378109453,0.625,0.0072810011376564275,0.013341671878257246,3.000560459576853
series,ramp,0.03,0,CUSUM оконный,0.05,0.0945273631840796,0.07462686567164178,0.3157894736842105,0.005884768030655536,0.011079768911551711,5.0
series,ramp,0.03,0,GLR (онлайн-разрыв),0.01,0.01990049751243781,0.009950248756218905,0.75,0.004765146358066712,0.007689139091033914,1.0004203446826399
series,ramp,0.03,0,GLR (онлайн-разрыв),0.03,0.05472636815920398,0.03482587064676617,0.5454545454545454,0.004326047358834244,0.008018261686904145,3.000560459576853
series,ramp,0.03,0,GLR (онлайн-разрыв),0.05,0.09950248756218906,0.04975124378109453,0.8,0.004658172352377038,0.00889970814192417,5.0
series,ramp,0.03,0,BOCPD,0.01,0.01990049751243781,0.009950248756218905,0.75,0.0054832076764907475,0.00859752821063944,1.0004203446826399
series,ramp,0.03,0,BOCPD,0.03,0.05472636815920398,0.014925373134328358,1.0,0.0038990825688073397,0.0072795219650816515,3.000560459576853
series,ramp,0.03,0,BOCPD,0.05,0.1044776119402985,0.03482587064676617,0.8571428571428571,0.004271149076880683,0.008206796134863756,5.0
series,ramp,0.03,0,BOCPD + новости,0.01,0.01990049751243781,0.009950248756218905,0.75,0.0054832076764907475,0.00859752821063944,1.0004203446826399
series,ramp,0.03,0,BOCPD + новости,0.03,0.06467661691542288,0.029850746268656716,0.6923076923076923,0.004809894640403115,0.008953902163039736,3.000560459576853
series,ramp,0.03,0,BOCPD + новости,0.05,0.14427860696517414,0.04477611940298507,0.7931034482758621,0.005778756191524491,0.011112428950705704,5.0
series,ramp,0.03,0,Stouffer-МО,0.01,0.009950248756218905,0.004975124378109453,1.0,0.0027434842249657062,0.004301075268817203,0.9976180467983746
series,ramp,0.03,0,Stouffer-МО,0.03,0.04975124378109453,0.029850746268656716,0.5,0.004120879120879121,0.007611315489027021,2.9984587361636543
series,ramp,0.03,0,Stouffer-МО,0.05,0.07960199004975124,0.05472636815920398,0.5,0.004259411926353394,0.008086143512744642,4.998598851057867
series,ramp,0.03,0,Пространственный,0.01,0.009950248756218905,0.004975124378109453,0.5,0.002728512960436562,0.004282655246252677,1.0004203446826399
series,ramp,0.03,0,Пространственный,0.03,0.05970149253731343,0.03980099502487562,0.4166666666666667,0.004803293687099725,0.00889124106906589,3.000560459576853
series,ramp,0.03,0,Пространственный,0.05,0.09950248756218906,0.07462686567164178,0.4,0.005762107284949925,0.01089338745444878,5.0
series,ramp,0.03,0,Комбо: BOCPD ∨ Stouffer-МО,0.01,0.024875621890547265,0.009950248756218905,0.8,0.006151742993848257,0.009864094695309075,1.0004203446826399
series,ramp,0.03,0,Комбо: BOCPD ∨ Stouffer-МО,0.03,0.05970149253731343,0.014925373134328358,1.0833333333333333,0.004339881224303335,0.008091562416821933,3.000560459576853
series,ramp,0.03,0,Комбо: BOCPD ∨ Stouffer-МО,0.05,0.07960199004975124,0.01990049751243781,0.9375,0.0038456256008790003,0.007336805214372277,5.0
series,ramp,0.03,0,Комбо: оконный ∨ Stouffer ∨ пространств.,0.01,0.014925373134328358,0.009950248756218905,0.3333333333333333,0.003417634996582365,0.005561735261401557,0.9990191957405072
series,ramp,0.03,0,Комбо: оконный ∨ Stouffer ∨ пространств.,0.03,0.05970149253731343,0.029850746268656716,0.75,0.005019393109742185,0.009260233610438807,2.9998598851057867
series,ramp,0.03,0,Комбо: оконный ∨ Stouffer ∨ пространств.,0.05,0.11442786069651742,0.06965174129353234,0.4782608695652174,0.006023271731690623,0.011444144770693039,5.0
series,ramp,0.03,1,z-score (инновация),0.01,0.03980099502487562,0.004975124378109453,1.25,0.007498295841854124,0.012619201261920126,1.0004203446826399
series,ramp,0.03,1,z-score (инновация),0.03,0.09950248756218906,0.024875621890547265,1.2,0.006389776357827476,0.012008405884118884,3.000560459576853
series,ramp,0.03,1,z-score (инновация),0.05,0.14925373134328357,0.06965174129353234,0.7666666666666667,0.006846501437765302,0.013092432573972244,5.0
series,ramp,0.03,1,EWMA,0.01,0.05472636815920398,0.009950248756218905,1.3636363636363635,0.008843537414965987,0.015226534632380344,1.0004203446826399
series,ramp,0.03,1,EWMA,0.03,0.1044776119402985,0.04975124378109453,0.7619047619047619,0.0081429540827867,0.015108366557750533,3.000560459576853
series,ramp,0.03,1,EWMA,0.05,0.14427860696517414,0.06965174129353234,0.7241379310344828,0.0066985645933014355,0.012802724520686176,5.0
series,ramp,0.03,1,CUSUM классический,0.01,0.014925373134328358,0.004975124378109453,1.3333333333333333,0.0034411562284927736,0.005592841163310962,1.0004203446826399
series,ramp,0.03,1,CUSUM классический,0.03,0.06467661691542288,0.03482587064676617,0.6923076923076923,0.00592255125284738,0.01085141903171953,3.000560459576853
series,ramp,0.03,1,CUSUM классический,0.05,0.08955223880597014,0.06467661691542288,0.5,0.005619517543859649,0.01057541431120091,5.0
series,ramp,0.03,1,Page-Hinkley,0.01,0.01990049751243781,0.009950248756218905,0.75,0.005498281786941581,0.008616047388260635,1.0004203446826399
series,ramp,0.03,1,Page-Hinkley,0.03,0.06965174129353234,0.04477611940298507,0.5,0.005913122583579713,0.0109008145663632,3.000560459576853
series,ramp,0.03,1,Page-Hinkley,0.05,0.09950248756218906,0.06467661691542288,0.55,0.006425153793574846,0.012070858507708011,5.0
series,ramp,0.03,1,CUSUM оконный,0.01,0.029850746268656716,0.009950248756218905,1.1666666666666667,0.006134969325153374,0.010178117048346057,1.0004203446826399
series,ramp,0.03,1,CUSUM оконный,0.03,0.04477611940298507,0.029850746268656716,0.5555555555555556,0.003897294818890417,0.007170474516695958,3.000560459576853
series,ramp,0.03,1,CUSUM оконный,0.05,0.08955223880597014,0.06467661691542288,0.5,0.004536082474226804,0.008634787728135015,5.0
series,ramp,0.03,1,GLR (онлайн-разрыв),0.01,0.03482587064676617,0.024875621890547265,0.42857142857142855,0.008819538670284939,0.014074704199211198,1.0004203446826399
series,ramp,0.03,1,GLR (онлайн-разрыв),0.03,0.06965174129353234,0.04975124378109453,0.35714285714285715,0.006170018281535649,0.01133586241022027,3.000560459576853
series,ramp,0.03,1,GLR (онлайн-разрыв),0.05,0.0945273631840796,0.05472636815920398,0.631578947368421,0.005078232226187208,0.009638653330682588,5.0
series,ramp,0.03,1,BOCPD,0.01,0.024875621890547265,0.004975124378109453,1.0,0.006189821182943604,0.009912986011675295,1.0004203446826399
series,ramp,0.03,1,BOCPD,0.03,0.04975124378109453,0.01990049751243781,0.9,0.003913443830570903,0.007256119683291719,3.000560459576853
series,ramp,0.03,1,BOCPD,0.05,0.11442786069651742,0.03482587064676617,1.0,0.004550468836183122,0.008752861401495712,5.0
series,ramp,0.03,1,BOCPD + новости,0.01,0.024875621890547265,0.004975124378109453,1.0,0.006189821182943604,0.009912986011675295,1.0004203446826399
series,ramp,0.03,1,BOCPD + новости,0.03,0.06467661691542288,0.024875621890547265,0.9230769230769231,0.004600874166091558,0.008590639507029455,3.000560459576853
series,ramp,0.03,1,BOCPD + новости,0.05,0.12935323383084577,0.03482587064676617,1.0,0.004962779156327543,0.009558823529411765,5.0
series,ramp,0.03,1,Stouffer-МО,0.01,0.004975124378109453,0.004975124378109453,0.0,0.002074688796680498,0.0029282576866764276,0.9969174723273084
series,ramp,0.03,1,Stouffer-МО,0.03,0.029850746268656716,0.024875621890547265,0.3333333333333333,0.0020689655172413794,0.003869719445340213,2.9984587361636543
series,ramp,0.03,1,Stouffer-МО,0.05,0.06965174129353234,0.03980099502487562,0.7857142857142857,0.0030278007156619873,0.005803327492321896,5.0
series,ramp,0.03,1,Пространственный,0.01,0.029850746268656716,0.01990049751243781,0.3333333333333333,0.007472826086956522,0.0119532735669655,1.0004203446826399
series,ramp,0.03,1,Пространственный,0.03,0.05472636815920398,0.03980099502487562,0.5454545454545454,0.004801097393689987,0.00882774433935225,3.000560459576853
series,ramp,0.03,1,Пространственный,0.05,0.07960199004975124,0.05472636815920398,0.5,0.004395604395604396,0.008331163759437647,5.0
series,ramp,0.03,1,Комбо: BOCPD ∨ Stouffer-МО,0.01,0.024875621890547265,0.009950248756218905,1.0,0.006194081211286993,0.009918448313863787,0.9976180467983746
series,ramp,0.03,1,Комбо: BOCPD ∨ Stouffer-МО,0.03,0.04477611940298507,0.014925373134328358,1.0,0.0036840893391664746,0.006808027799446847,2.997758161692588
series,ramp,0.03,1,Комбо: BOCPD ∨ Stouffer-МО,0.05,0.07462686567164178,0.03980099502487562,0.7333333333333333,0.003038254384753487,0.005838796146394544,4.996497127644669
series,ramp,0.03,1,Комбо: оконный ∨ Stouffer ∨ пространств.,0.01,0.009950248756218905,0.004975124378109453,0.5,0.0034317089910775567,0.005103342689461597,1.0004203446826399
series,ramp,0.03,1,Комбо: оконный ∨ Stouffer ∨ пространств.,0.03,0.04975124378109453,0.024875621890547265,0.8,0.0036680421824850985,0.006832351182850798,3.000560459576853
series,ramp,0.03,1,Комбо: оконный ∨ Stouffer ∨ пространств.,0.05,0.06965174129353234,0.05472636815920398,0.35714285714285715,0.0037164487267721956,0.0070563857490876175,4.999299425528934
series,ramp,0.03,2,z-score (инновация),0.01,0.01990049751243781,0.009950248756218905,0.75,0.0034153005464480873,0.005830053927998833,1.0004203446826399
series,ramp,0.03,2,z-score (инновация),0.03,0.05472636815920398,0.014925373134328358,1.0909090909090908,0.0034419458467186783,0.006476556826879674,3.000560459576853
series,ramp,0.03,2,z-score (инновация),0.05,0.0945273631840796,0.03980099502487562,0.9473684210526315,0.003856749311294766,0.007411122255655857,5.0
series,ramp,0.03,2,EWMA,0.01,0.024875621890547265,0.014925373134328358,0.6,0.005449591280653951,0.008940545373267769,1.0004203446826399
series,ramp,0.03,2,EWMA,0.03,0.04975124378109453,0.029850746268656716,0.5,0.003895508707607699,0.007225279979599209,3.000560459576853
series,ramp,0.03,2,EWMA,0.05,0.07462686567164178,0.04975124378109453,0.5333333333333333,0.003579295154185022,0.006830960012611004,5.0
series,ramp,0.03,2,CUSUM классический,0.01,0.024875621890547265,0.024875621890547265,0.0,0.009497964721845319,0.013747054202670856,1.0004203446826399
series,ramp,0.03,2,CUSUM классический,0.03,0.05472636815920398,0.04477611940298507,0.2727272727272727,0.006592407365310297,0.011767309749529676,3.000560459576853
series,ramp,0.03,2,CUSUM классический,0.05,0.09950248756218906,0.06965174129353234,0.4,0.0069691172451489475,0.013025904949205355,5.0
series,ramp,0.03,2,Page-Hinkley,0.01,0.024875621890547265,0.014925373134328358,0.6,0.008157715839564922,0.012286270093170883,1.0004203446826399
series,ramp,0.03,2,Page-Hinkley,0.03,0.04975124378109453,0.03980099502487562,0.3,0.005274019720247649,0.009537038956730868,3.000560459576853
series,ramp,0.03,2,Page-Hinkley,0.05,0.07462686567164178,0.05472636815920398,0.4666666666666667,0.004810335349092908,0.009038089089735312,5.0
series,ramp,0.03,2,CUSUM оконный,0.01,0.024875621890547265,0.009950248756218905,1.0,0.0054832076764907475,0.00898573514545659,1.0004203446826399
series,ramp,0.03,2,CUSUM оконный,0.03,0.04477611940298507,0.024875621890547265,0.6666666666666666,0.0036596523330283625,0.006766281364533409,3.000560459576853
series,ramp,0.03,2,CUSUM оконный,0.05,0.07960199004975124,0.05970149253731343,0.3125,0.00425648771110806,0.008080873907412084,5.0
series,ramp,0.03,2,GLR (онлайн-разрыв),0.01,0.01990049751243781,0.009950248756218905,0.75,0.005513439007580979,0.008634646519158122,1.0004203446826399
series,ramp,0.03,2,GLR (онлайн-разрыв),0.03,0.04477611940298507,0.024875621890547265,0.6666666666666666,0.0039026629935720843,0.007179559372140493,3.000560459576853
series,ramp,0.03,2,GLR (онлайн-разрыв),0.05,0.07960199004975124,0.04477611940298507,0.6875,0.0038503850385038503,0.007345466469913101,5.0
series,ramp,0.03,2,BOCPD,0.01,0.024875621890547265,0.014925373134328358,0.6,0.004155124653739612,0.007120816520294328,1.0004203446826399
series,ramp,0.03,2,BOCPD,0.03,0.05472636815920398,0.029850746268656716,0.8181818181818182,0.004139834406623735,0.007697391439567701,3.000560459576853
series,ramp,0.03,2,BOCPD,0.05,0.14427860696517414,0.07462686567164178,0.8275862068965517,0.0053674649050371595,0.010349892245816804,5.0
series,ramp,0.03,2,BOCPD + новости,0.01,0.024875621890547265,0.014925373134328358,0.6,0.004158004158004158,0.007125044531528323,1.0004203446826399
series,ramp,0.03,2,BOCPD + новости,0.03,0.06467661691542288,0.03980099502487562,0.6923076923076923,0.00505630889450701,0.009379355579240798,3.000560459576853
series,ramp,0.03,2,BOCPD + новости,0.05,0.14925373134328357,0.07462686567164178,0.8333333333333334,0.005499793757734085,0.010608672589842197,5.0
series,ramp,0.03,2,Stouffer-МО,0.01,0.004975124378109453,0.004975124378109453,0.0,0.0013774104683195593,0.0021574973031283713,0.9990191957405072
series,ramp,0.03,2,Stouffer-МО,0.03,0.029850746268656716,0.01990049751243781,0.6666666666666666,0.002528735632183908,0.004662498675426513,2.9970575872215215
series,ramp,0.03,2,Stouffer-МО,0.05,0.05970149253731343,0.03980099502487562,0.5,0.0030328094844223876,0.0057723843883240415,4.999299425528934
series,ramp,0.03,2,Пространственный,0.01,0.024875621890547265,0.004975124378109453,1.4,0.004132231404958678,0.007087172218284905,1.0004203446826399
series,ramp,0.03,2,Пространственный,0.03,0.05970149253731343,0.03482587064676617,0.5833333333333334,0.005048187241854061,0.009309214006135618,3.000560459576853
series,ramp,0.03,2,Пространственный,0.05,0.10945273631840796,0.06965174129353234,0.45454545454545453,0.005629548263078402,0.010708328634094511,5.0
series,ramp,0.03,2,Комбо: BOCPD ∨ Stouffer-МО,0.01,0.014925373134328358,0.009950248756218905,0.6666666666666666,0.0020804438280166435,0.0036518563603164943,0.9983186212694409
series,ramp,0.03,2,Комбо: BOCPD ∨ Stouffer-МО,0.03,0.05472636815920398,0.029850746268656716,0.8181818181818182,0.0036739380022962113,0.006885624303123961,3.000560459576853
series,ramp,0.03,2,Комбо: BOCPD ∨ Stouffer-МО,0.05,0.07462686567164178,0.04477611940298507,0.8,0.0033130866924351186,0.00634450671460294,4.997197702115735
series,ramp,0.03,2,Комбо: оконный ∨ Stouffer ∨ пространств.,0.01,0.024875621890547265,0.004975124378109453,1.4,0.004135079255685734,0.007091360359295592,0.9969174723273084
series,ramp,0.03,2,Комбо: оконный ∨ Stouffer ∨ пространств.,0.03,0.04477611940298507,0.01990049751243781,0.7777777777777778,0.0038946162657502864,0.007165940705353379,2.9984587361636543
series,ramp,0.03,2,Комбо: оконный ∨ Stouffer ∨ пространств.,0.05,0.05472636815920398,0.03482587064676617,0.45454545454545453,0.0031680440771349864,0.00598937064261449,4.997197702115735
series,ramp,0.05,0,z-score (инновация),0.01,0.04477611940298507,0.0,1.5555555555555556,0.006155950752393981,0.010823812387251953,1.0004203446826399
series,ramp,0.05,0,z-score (инновация),0.03,0.09950248756218906,0.029850746268656716,1.1,0.0061671996345363175,0.011614526761805414,3.000560459576853
series,ramp,0.05,0,z-score (инновация),0.05,0.15920398009950248,0.06467661691542288,0.9375,0.005756578947368421,0.011111386691138174,5.0
series,ramp,0.05,0,EWMA,0.01,0.029850746268656716,0.004975124378109453,1.5,0.004123711340206186,0.007246376811594203,1.0004203446826399
series,ramp,0.05,0,EWMA,0.03,0.09950248756218906,0.04477611940298507,0.95,0.0072810011376564275,0.013569096382987745,3.000560459576853
series,ramp,0.05,0,EWMA,0.05,0.13930348258706468,0.06467661691542288,0.8571428571428571,0.0062832946318808905,0.01202423518209061,5.0
series,ramp,0.05,0,CUSUM классический,0.01,0.004975124378109453,0.004975124378109453,0.0,0.002073255010366275,0.002926829268292683,1.0004203446826399
series,ramp,0.05,0,CUSUM классический,0.03,0.03980099502487562,0.029850746268656716,0.25,0.004588208304657031,0.008227913195515787,3.000560459576853
series,ramp,0.05,0,CUSUM классический,0.05,0.05970149253731343,0.04975124378109453,0.3333333333333333,0.003982969372338965,0.0074677310329288316,5.0
series,ramp,0.05,0,Page-Hinkley,0.01,0.029850746268656716,0.01990049751243781,0.6666666666666666,0.009453072248480757,0.014358974358974357,1.0004203446826399
series,ramp,0.05,0,Page-Hinkley,0.03,0.0945273631840796,0.06965174129353234,0.42105263157894735,0.00967379077615298,0.017551397452147198,3.000560459576853
series,ramp,0.05,0,Page-Hinkley,0.05,0.1044776119402985,0.0845771144278607,0.2857142857142857,0.007324020073240201,0.013688460772420285,5.0
series,ramp,0.05,0,CUSUM оконный,0.01,0.01990049751243781,0.009950248756218905,1.0,0.0047457627118644066,0.007663883946900232,1.0004203446826399
series,ramp,0.05,0,CUSUM оконный,0.03,0.04477611940298507,0.01990049751243781,1.0,0.0036438168982008655,0.00673920673920674,3.000560459576853
series,ramp,0.05,0,CUSUM оконный,0.05,0.09950248756218906,0.04477611940298507,0.85,0.004513129102844639,0.008634618277916964,5.0
series,ramp,0.05,0,GLR (онлайн-разрыв),0.01,0.01990049751243781,0.009950248756218905,0.75,0.005445881552076242,0.0085515766969535,1.0004203446826399
series,ramp,0.05,0,GLR (онлайн-разрыв),0.03,0.05970149253731343,0.01990049751243781,1.0,0.005246350364963503,0.009645122398700003,3.000560459576853
series,ramp,0.05,0,GLR (онлайн-разрыв),0.05,0.0945273631840796,0.03980099502487562,1.0,0.004932182490752158,0.009375192746561402,5.0
series,ramp,0.05,0,BOCPD,0.01,0.024875621890547265,0.009950248756218905,1.2,0.00410958904109589,0.007053844345168116,1.0004203446826399
series,ramp,0.05,0,BOCPD,0.03,0.07462686567164178,0.03482587064676617,0.8,0.00458295142071494,0.008635578583765112,3.000560459576853
series,ramp,0.05,0,BOCPD,0.05,0.14427860696517414,0.05970149253731343,0.896551724137931,0.00508521165475536,0.009824163046314565,5.0
series,ramp,0.05,0,BOCPD + новости,0.01,0.024875621890547265,0.009950248756218905,1.2,0.00410958904109589,0.007053844345168116,1.0004203446826399
series,ramp,0.05,0,BOCPD + новости,0.03,0.07960199004975124,0.03482587064676617,0.8125,0.00481320192528077,0.009077523673155116,3.000560459576853
series,ramp,0.05,0,BOCPD + новости,0.05,0.13930348258706468,0.06965174129353234,0.75,0.005360087960417812,0.010322970973734089,5.0
series,ramp,0.05,0,Stouffer-МО,0.01,0.004975124378109453,0.0,2.0,0.0006944444444444445,0.001218769043266301,0.9997197702115735
series,ramp,0.05,0,Stouffer-МО,0.03,0.01990049751243781,0.009950248756218905,0.75,0.0013869625520110957,0.0025931928687196112,2.997758161692588
series,ramp,0.05,0,Stouffer-МО,0.05,0.03980099502487562,0.01990049751243781,0.875,0.002074688796680498,0.003943800838057678,4.998598851057867
series,ramp,0.05,0,Пространственный,0.01,0.009950248756218905,0.004975124378109453,1.0,0.0027359781121751026,0.004291845493562232,1.0004203446826399
series,ramp,0.05,0,Пространственный,0.03,0.04477611940298507,0.024875621890547265,0.7777777777777778,0.003419193070435377,0.006353240152477764,3.000560459576853
series,ramp,0.05,0,Пространственный,0.05,0.0945273631840796,0.05970149253731343,0.5789473684210527,0.0042401860210641495,0.008116301501998071,5.0
series,ramp,0.05,0,Комбо: BOCPD ∨ Stouffer-МО,0.01,0.009950248756218905,0.009950248756218905,0.0,0.0020689655172413794,0.0034256351698544107,1.0004203446826399
series,ramp,0.05,0,Комбо: BOCPD ∨ Stouffer-МО,0.03,0.03980099502487562,0.014925373134328358,1.25,0.002304147465437788,0.004356112169888376,3.000560459576853
series,ramp,0.05,0,Комбо: BOCPD ∨ Stouffer-МО,0.05,0.07462686567164178,0.029850746268656716,1.0666666666666667,0.002348390661693604,0.004553490116247924,5.0
series,ramp,0.05,0,Комбо: оконный ∨ Stouffer ∨ пространств.,0.01,0.004975124378109453,0.004975124378109453,0.0,0.002066115702479339,0.0029197080291970805,0.9997197702115735
series,ramp,0.05,0,Комбо: оконный ∨ Stouffer ∨ пространств.,0.03,0.029850746268656716,0.014925373134328358,1.0,0.0025258323765786454,0.004657563247591829,3.000560459576853
series,ramp,0.05,0,Комбо: оконный ∨ Stouffer ∨ пространств.,0.05,0.06965174129353234,0.03482587064676617,0.8571428571428571,0.003302146395156852,0.006305359555622278,5.0
series,ramp,0.05,1,z-score (инновация),0.01,0.01990049751243781,0.0,1.25,0.003450655624568668,0.005881488016468167,1.0004203446826399
series,ramp,0.05,1,z-score (инновация),0.03,0.0845771144278607,0.03980099502487562,0.7647058823529411,0.005278861602019738,0.009937477761398871,3.000560459576853
series,ramp,0.05,1,z-score (инновация),0.05,0.14925373134328357,0.06965174129353234,0.7666666666666667,0.006185567010309278,0.011878835874084339,5.0
series,ramp,0.05,1,EWMA,0.01,0.029850746268656716,0.004975124378109453,1.3333333333333333,0.006219765031098825,0.01029453817557907,1.0004203446826399
series,ramp,0.05,1,EWMA,0.03,0.08955223880597014,0.05472636815920398,0.5,0.007087334247828075,0.01313512940927227,3.000560459576853
series,ramp,0.05,1,EWMA,0.05,0.14925373134328357,0.06965174129353234,0.8,0.006713248390190437,0.012848583378128563,5.0
series,ramp,0.05,1,CUSUM классический,0.01,0.009950248756218905,0.0,1.5,0.0020891364902506965,0.0034532374100719426,1.0004203446826399
series,ramp,0.05,1,CUSUM классический,0.03,0.03980099502487562,0.01990049751243781,0.625,0.00414651002073255,0.007510561727429198,3.000560459576853
series,ramp,0.05,1,CUSUM классический,0.05,0.08955223880597014,0.06965174129353234,0.3333333333333333,0.006448072437920153,0.012029946889064266,5.0
series,ramp,0.05,1,Page-Hinkley,0.01,0.009950248756218905,0.0,2.0,0.0013869625520110957,0.002434570906877663,1.0004203446826399
series,ramp,0.05,1,Page-Hinkley,0.03,0.03482587064676617,0.014925373134328358,0.8571428571428571,0.0034474833371638705,0.006273900573613767,3.000560459576853
series,ramp,0.05,1,Page-Hinkley,0.05,0.08955223880597014,0.04477611940298507,0.7222222222222222,0.004948453608247422,0.009378663540445486,5.0
series,ramp,0.05,1,CUSUM оконный,0.01,0.029850746268656716,0.014925373134328358,0.8333333333333334,0.006134969325153374,0.010178117048346057,1.0004203446826399
series,ramp,0.05,1,CUSUM оконный,0.03,0.07960199004975124,0.03980099502487562,0.8125,0.006388318503308237,0.011827446010877029,3.000560459576853
series,ramp,0.05,1,CUSUM оконный,0.05,0.1044776119402985,0.06467661691542288,0.5238095238095238,0.005346127484578478,0.010171764968888556,5.0
series,ramp,0.05,1,GLR (онлайн-разрыв),0.01,0.03980099502487562,0.01990049751243781,0.875,0.0081799591002045,0.013570822731128076,1.0004203446826399
series,ramp,0.05,1,GLR (онлайн-разрыв),0.03,0.08955223880597014,0.03482587064676617,1.0555555555555556,0.0066316030185227534,0.01234874560874348,3.000560459576853
series,ramp,0.05,1,GLR (онлайн-разрыв),0.05,0.13930348258706468,0.06965174129353234,0.75,0.006584362139917695,0.012574379701358482,5.0
series,ramp,0.05,1,BOCPD,0.01,0.04477611940298507,0.014925373134328358,1.0,0.007596685082872928,0.012989568982483763,1.0004203446826399
series,ramp,0.05,1,BOCPD,0.03,0.0945273631840796,0.04975124378109453,0.7368421052631579,0.006209751609935602,0.011653926100932542,3.000560459576853
series,ramp,0.05,1,BOCPD,0.05,0.14427860696517414,0.06467661691542288,0.7931034482758621,0.005653612796469939,0.010880855094280915,5.0
series,ramp,0.05,1,BOCPD + новости,0.01,0.04477611940298507,0.01990049751243781,0.7777777777777778,0.007596685082872928,0.012989568982483763,1.0004203446826399
series,ramp,0.05,1,BOCPD + новости,0.03,0.09950248756218906,0.04975124378109453,0.75,0.006439742410303588,0.012096599991359572,3.000560459576853
series,ramp,0.05,1,BOCPD + новости,0.05,0.17412935323383086,0.08955223880597014,0.6857142857142857,0.007022858716606995,0.013501196954856081,5.0
series,ramp,0.05,1,Stouffer-МО,0.01,0.004975124378109453,0.004975124378109453,0.0,0.002074688796680498,0.0029282576866764276,0.9976180467983746
series,ramp,0.05,1,Stouffer-МО,0.03,0.03980099502487562,0.029850746268656716,0.375,0.0022988505747126436,0.004346644933441999,2.9984587361636543
series,ramp,0.05,1,Stouffer-МО,0.05,0.06467661691542288,0.03980099502487562,0.6923076923076923,0.0028973509933774835,0.005546244095687948,4.998598851057867
series,ramp,0.05,1,Пространственный,0.01,0.04975124378109453,0.024875621890547265,0.8,0.010155721056194989,0.016868147315153216,1.0004203446826399
series,ramp,0.05,1,Пространственный,0.03,0.09950248756218906,0.06467661691542288,0.6,0.008593396653098146,0.01582047919398822,3.000560459576853
series,ramp,0.05,1,Пространственный,0.05,0.14427860696517414,0.07960199004975124,0.7586206896551724,0.007222676478604524,0.013756684791121254,5.0
series,ramp,0.05,1,Комбо: BOCPD ∨ Stouffer-МО,0.01,0.01990049751243781,0.009950248756218905,1.0,0.0034674063800277394,0.0059058024509080174,0.9976180467983746
series,ramp,0.05,1,Комбо: BOCPD ∨ Stouffer-МО,0.03,0.05970149253731343,0.029850746268656716,0.75,0.004142692750287687,0.007747767136554395,2.9984587361636543
series,ramp,0.05,1,Комбо: BOCPD ∨ Stouffer-МО,0.05,0.1044776119402985,0.05970149253731343,0.6190476190476191,0.004275272376223969,0.00821440738918121,5.0
series,ramp,0.05,1,Комбо: оконный ∨ Stouffer ∨ пространств.,0.01,0.029850746268656716,0.014925373134328358,0.8333333333333334,0.005479452054794521,0.009259259259259259,0.9969174723273084
series,ramp,0.05,1,Комбо: оконный ∨ Stouffer ∨ пространств.,0.03,0.07462686567164178,0.029850746268656716,1.0,0.005951018539711604,0.01102302115572137,2.9991593106347203
series,ramp,0.05,1,Комбо: оконный ∨ Stouffer ∨ пространств.,0.05,0.11940298507462686,0.07462686567164178,0.5833333333333334,0.00575579005070577,0.010982186631802582,4.998598851057867
series,ramp,0.05,2,z-score (инновация),0.01,0.014925373134328358,0.004975124378109453,0.6666666666666666,0.0020689655172413794,0.0036341611144760752,1.0004203446826399
series,ramp,0.05,2,z-score (инновация),0.03,0.05970149253731343,0.03482587064676617,0.6666666666666666,0.003215434083601286,0.006102212051868802,3.000560459576853
series,ramp,0.05,2,z-score (инновация),0.05,0.12437810945273632,0.03482587064676617,1.04,0.004409535620779937,0.008517116743054559,5.0
series,ramp,0.05,2,EWMA,0.01,0.014925373134328358,0.009950248756218905,0.3333333333333333,0.0027548209366391185,0.004651162790697674,1.0004203446826399
series,ramp,0.05,2,EWMA,0.03,0.05970149253731343,0.014925373134328358,1.1666666666666667,0.004360798714711958,0.008127907598524144,3.000560459576853
series,ramp,0.05,2,EWMA,0.05,0.0945273631840796,0.05472636815920398,0.6842105263157895,0.004405286343612335,0.008418254319893664,5.0
series,ramp,0.05,2,CUSUM классический,0.01,0.004975124378109453,0.004975124378109453,0.0,0.0020833333333333333,0.0029368575624082235,1.0004203446826399
series,ramp,0.05,2,CUSUM классический,0.03,0.029850746268656716,0.024875621890547265,0.3333333333333333,0.003230272265805261,0.005829689777222569,3.000560459576853
series,ramp,0.05,2,CUSUM классический,0.05,0.06467661691542288,0.03980099502487562,0.6153846153846154,0.004139643990616807,0.007781247194261829,5.0
series,ramp,0.05,2,Page-Hinkley,0.01,0.029850746268656716,0.024875621890547265,0.16666666666666666,0.008855585831062671,0.01365904912004203,1.0004203446826399
series,ramp,0.05,2,Page-Hinkley,0.03,0.04975124378109453,0.03980099502487562,0.4,0.005491990846681922,0.009892012200148381,3.000560459576853
series,ramp,0.05,2,Page-Hinkley,0.05,0.07462686567164178,0.05472636815920398,0.3333333333333333,0.005500550055005501,0.010245901639344262,5.0
series,ramp,0.05,2,CUSUM оконный,0.01,0.024875621890547265,0.01990049751243781,0.4,0.004120879120879121,0.007070469007777516,1.0004203446826399
series,ramp,0.05,2,CUSUM оконный,0.03,0.07960199004975124,0.029850746268656716,0.9375,0.00572475383558507,0.010681335701029413,3.000560459576853
series,ramp,0.05,2,CUSUM оконный,0.05,0.1044776119402985,0.04477611940298507,0.9047619047619048,0.005073358014534485,0.0096768167382776,5.0
series,ramp,0.05,2,GLR (онлайн-разрыв),0.01,0.014925373134328358,0.0,1.3333333333333333,0.0027529249827942187,0.004648460197559558,1.0004203446826399
series,ramp,0.05,2,GLR (онлайн-разрыв),0.03,0.0845771144278607,0.03482587064676617,0.8235294117647058,0.005934718100890208,0.011091175990866092,3.000560459576853
series,ramp,0.05,2,GLR (онлайн-разрыв),0.05,0.0945273631840796,0.04477611940298507,0.631578947368421,0.004667764964305327,0.008896233560559115,5.0
series,ramp,0.05,2,BOCPD,0.01,0.024875621890547265,0.009950248756218905,0.8,0.0048209366391184574,0.008076612437983155,1.0004203446826399
series,ramp,0.05,2,BOCPD,0.03,0.06467661691542288,0.029850746268656716,0.6923076923076923,0.00481651376146789,0.008965370026764749,3.000560459576853
series,ramp,0.05,2,BOCPD,0.05,0.10945273631840796,0.05970149253731343,0.6363636363636364,0.004812981298129813,0.009220507846412684,5.0
series,ramp,0.05,2,BOCPD + новости,0.01,0.024875621890547265,0.014925373134328358,0.4,0.004817618719889883,0.008071955719557196,1.0004203446826399
series,ramp,0.05,2,BOCPD + новости,0.03,0.06467661691542288,0.029850746268656716,0.6923076923076923,0.005047029135122735,0.009363387843965362,3.000560459576853
series,ramp,0.05,2,BOCPD + новости,0.05,0.1044776119402985,0.05970149253731343,0.5238095238095238,0.004813643240269564,0.009203260583749671,5.0
series,ramp,0.05,2,Stouffer-МО,0.01,0.01990049751243781,0.014925373134328358,0.5,0.0047814207650273225,0.007710312543026299,0.9983186212694409
series,ramp,0.05,2,Stouffer-МО,0.03,0.05970149253731343,0.03482587064676617,0.6666666666666666,0.005015959872321021,0.009254390577347777,2.997758161692588
series,ramp,0.05,2,Stouffer-МО,0.05,0.08955223880597014,0.04975124378109453,0.6666666666666666,0.0045193097781429745,0.00860439345544619,4.998598851057867
series,ramp,0.05,2,Пространственный,0.01,0.024875621890547265,0.009950248756218905,0.8,0.006155950752393981,0.00986950323500384,1.0004203446826399
series,ramp,0.05,2,Пространственный,0.03,0.05970149253731343,0.03482587064676617,0.6666666666666666,0.004344843356963183,0.008100186517452703,3.000560459576853
series,ramp,0.05,2,Пространственный,0.05,0.0945273631840796,0.04975124378109453,0.7368421052631579,0.004526128103140859,0.008638624433391659,5.0
series,ramp,0.05,2,Комбо: BOCPD ∨ Stouffer-МО,0.01,0.024875621890547265,0.01990049751243781,0.2,0.005502063273727648,0.009011038522189683,0.9969174723273084
series,ramp,0.05,2,Комбо: BOCPD ∨ Stouffer-МО,0.03,0.05970149253731343,0.03980099502487562,0.5,0.00434981684981685,0.008108829021072286,3.000560459576853
series,ramp,0.05,2,Комбо: BOCPD ∨ Stouffer-МО,0.05,0.0945273631840796,0.05472636815920398,0.631578947368421,0.004532344458178822,0.008649946196506914,4.996497127644669
series,ramp,0.05,2,Комбо: оконный ∨ Stouffer ∨ пространств.,0.01,0.024875621890547265,0.01990049751243781,0.4,0.004804392587508579,0.008053382420616659,0.9976180467983746
series,ramp,0.05,2,Комбо: оконный ∨ Stouffer ∨ пространств.,0.03,0.05970149253731343,0.03482587064676617,0.5833333333333334,0.004795615437314455,0.0088780848702637,3.000560459576853
series,ramp,0.05,2,Комбо: оконный ∨ Stouffer ∨ пространств.,0.05,0.12437810945273632,0.06965174129353234,0.8,0.005211905088465231,0.010004581045004816,4.997197702115735
series,ramp,0.1,0,z-score (инновация),0.01,0.07462686567164178,0.009950248756218905,1.5333333333333334,0.012219959266802444,0.021001050052502624,1.0004203446826399
series,ramp,0.1,0,z-score (инновация),0.03,0.19900497512437812,0.04477611940298507,1.2,0.012948659700136301,0.024315201800178095,3.000560459576853
series,ramp,0.1,0,z-score (инновация),0.05,0.3034825870646766,0.1044776119402985,0.9344262295081968,0.013607293509320996,0.02604672611867486,5.0
series,ramp,0.1,0,EWMA,0.01,0.05970149253731343,0.004975124378109453,1.5,0.012153950033760972,0.020196353436185133,1.0004203446826399
series,ramp,0.1,0,EWMA,0.03,0.16417910447761194,0.03482587064676617,1.2727272727272727,0.011730205278592375,0.021895994028365267,3.000560459576853
series,ramp,0.1,0,EWMA,0.05,0.2736318407960199,0.0845771144278607,1.0727272727272728,0.012344004340748779,0.02362236313306635,5.0
series,ramp,0.1,0,CUSUM классический,0.01,0.009950248756218905,0.004975124378109453,1.0,0.0027739251040221915,0.004338394793926247,1.0004203446826399
series,ramp,0.1,0,CUSUM классический,0.03,0.04477611940298507,0.01990049751243781,1.0,0.003675626005053986,0.006793574410869719,3.000560459576853
series,ramp,0.1,0,CUSUM классический,0.05,0.06965174129353234,0.029850746268656716,0.7857142857142857,0.003984611156911239,0.0075379916636496135,5.0
series,ramp,0.1,0,Page-Hinkley,0.01,0.024875621890547265,0.004975124378109453,1.0,0.006101694915254237,0.00979965156794425,1.0004203446826399
series,ramp,0.1,0,Page-Hinkley,0.03,0.0945273631840796,0.04975124378109453,0.7368421052631579,0.009002925950934054,0.016440074845603902,3.000560459576853
series,ramp,0.1,0,Page-Hinkley,0.05,0.17412935323383086,0.07960199004975124,0.9142857142857143,0.00904549750236263,0.017197629733931765,5.0
series,ramp,0.1,0,CUSUM оконный,0.01,0.03980099502487562,0.004975124378109453,1.125,0.009881422924901186,0.015832178903621614,1.0004203446826399
series,ramp,0.1,0,CUSUM оконный,0.03,0.12935323383084577,0.029850746268656716,1.2692307692307692,0.009335407868415203,0.01741404605472986,3.000560459576853
series,ramp,0.1,0,CUSUM оконный,0.05,0.15422885572139303,0.03482587064676617,1.2258064516129032,0.007264899771290192,0.013876167226880308,5.0
series,ramp,0.1,0,GLR (онлайн-разрыв),0.01,0.05472636815920398,0.01990049751243781,1.0909090909090908,0.01278600269179004,0.020728985866600547,1.0004203446826399
series,ramp,0.1,0,GLR (онлайн-разрыв),0.03,0.14925373134328357,0.04477611940298507,1.3,0.010130571814497974,0.01897333192790134,3.000560459576853
series,ramp,0.1,0,GLR (онлайн-разрыв),0.05,0.208955223880597,0.04975124378109453,1.3333333333333333,0.008794479772696522,0.01687857626427028,5.0
series,ramp,0.1,0,BOCPD,0.01,0.04975124378109453,0.01990049751243781,1.0,0.010951403148528405,0.01795130707954673,1.0004203446826399
series,ramp,0.1,0,BOCPD,0.03,0.15920398009950248,0.03482587064676617,1.09375,0.012067395264116576,0.022434307559012413,3.000560459576853
series,ramp,0.1,0,BOCPD,0.05,0.24378109452736318,0.05472636815920398,1.163265306122449,0.0104052573932092,0.019958624977222304,5.0
series,ramp,0.1,0,BOCPD + новости,0.01,0.04477611940298507,0.01990049751243781,0.8888888888888888,0.01026694045174538,0.016703786191536747,1.0004203446826399
series,ramp,0.1,0,BOCPD + новости,0.03,0.15422885572139303,0.03482587064676617,1.032258064516129,0.012067395264116576,0.022383433806750452,3.000560459576853
series,ramp,0.1,0,BOCPD + новости,0.05,0.22388059701492538,0.06965174129353234,0.9333333333333333,0.010676156583629894,0.020380434782608696,5.0
series,ramp,0.1,0,Stouffer-МО,0.01,0.024875621890547265,0.004975124378109453,1.0,0.0054869684499314125,0.008990784445942908,0.9990191957405072
series,ramp,0.1,0,Stouffer-МО,0.03,0.05970149253731343,0.03482587064676617,0.6666666666666666,0.0047748976807639835,0.00884257066161377,2.997758161692588
series,ramp,0.1,0,Stouffer-МО,0.05,0.07462686567164178,0.04975124378109453,0.6,0.004375170905113481,0.008265743658624787,5.0
series,ramp,0.1,0,Пространственный,0.01,0.024875621890547265,0.009950248756218905,1.0,0.004761904761904762,0.007993605115907276,1.0004203446826399
series,ramp,0.1,0,Пространственный,0.03,0.07960199004975124,0.024875621890547265,1.0625,0.00631768953068592,0.011706297360857067,3.000560459576853
series,ramp,0.1,0,Пространственный,0.05,0.12935323383084577,0.05472636815920398,0.8846153846153846,0.006110809342748506,0.011670299088818952,5.0
series,ramp,0.1,0,Комбо: BOCPD ∨ Stouffer-МО,0.01,0.03980099502487562,0.014925373134328358,1.0,0.007534246575342466,0.012670074148729395,1.0004203446826399
series,ramp,0.1,0,Комбо: BOCPD ∨ Stouffer-МО,0.03,0.0945273631840796,0.029850746268656716,1.105263157894737,0.007534246575342466,0.013956128342960169,2.9998598851057867
series,ramp,0.1,0,Комбо: BOCPD ∨ Stouffer-МО,0.05,0.18407960199004975,0.06467661691542288,1.0,0.008604206500956023,0.016439979264891016,4.996497127644669
series,ramp,0.1,0,Комбо: оконный ∨ Stouffer ∨ пространств.,0.01,0.03482587064676617,0.009950248756218905,1.2857142857142858,0.006114130434782609,0.010402047387104764,1.0004203446826399
series,ramp,0.1,0,Комбо: оконный ∨ Stouffer ∨ пространств.,0.03,0.07960199004975124,0.014925373134328358,1.25,0.006093432633716994,0.011320309736252507,2.9991593106347203
series,ramp,0.1,0,Комбо: оконный ∨ Stouffer ∨ пространств.,0.05,0.12935323383084577,0.03980099502487562,1.0769230769230769,0.006093432633716994,0.011638606351495858,4.999299425528934
series,ramp,0.1,1,z-score (инновация),0.01,0.03980099502487562,0.009950248756218905,1.125,0.0075394105551747775,0.012677375207087805,1.0004203446826399
series,ramp,0.1,1,z-score (инновация),0.03,0.16417910447761194,0.06467661691542288,0.8484848484848485,0.012306289881494986,0.02289634968970435,3.000560459576853
series,ramp,0.1,1,z-score (инновация),0.05,0.23880597014925373,0.09950248756218906,0.875,0.010945409768778218,0.020931449502878074,5.0
series,ramp,0.1,1,EWMA,0.01,0.05472636815920398,0.009950248756218905,1.3636363636363635,0.01154891304347826,0.019072874700392674,1.0004203446826399
series,ramp,0.1,1,EWMA,0.03,0.14925373134328357,0.05472636815920398,1.0333333333333334,0.011301989150090416,0.02101281781886951,3.000560459576853
series,ramp,0.1,1,EWMA,0.05,0.21393034825870647,0.0845771144278607,0.9302325581395349,0.009925220938137322,0.018970320724727895,5.0
series,ramp,0.1,1,CUSUM классический,0.01,0.004975124378109453,0.0,2.0,0.0006920415224913495,0.001215066828675577,1.0004203446826399
series,ramp,0.1,1,CUSUM классический,0.03,0.04477611940298507,0.01990049751243781,0.7777777777777778,0.004122766834631242,0.007550335570469799,3.000560459576853
series,ramp,0.1,1,CUSUM классический,0.05,0.0945273631840796,0.03980099502487562,0.9473684210526315,0.004928806133625411,0.00936909295126428,5.0
series,ramp,0.1,1,Page-Hinkley,0.01,0.01990049751243781,0.004975124378109453,1.25,0.004804392587508579,0.00774015203870076,1.0004203446826399
series,ramp,0.1,1,Page-Hinkley,0.03,0.04477611940298507,0.014925373134328358,1.1111111111111112,0.0038857142857142857,0.00715086932136848,3.000560459576853
series,ramp,0.1,1,Page-Hinkley,0.05,0.1044776119402985,0.03482587064676617,1.0952380952380953,0.0049335343291763735,0.009422145781533343,5.0
series,ramp,0.1,1,CUSUM оконный,0.01,0.03482587064676617,0.009950248756218905,1.4285714285714286,0.006535947712418301,0.011006289308176102,1.0004203446826399
series,ramp,0.1,1,CUSUM оконный,0.03,0.12935323383084577,0.029850746268656716,1.3846153846153846,0.00866281652598845,0.01623815967523681,3.000560459576853
series,ramp,0.1,1,CUSUM оконный,0.05,0.1791044776119403,0.05472636815920398,1.2222222222222223,0.007148637712435932,0.013748527329521504,5.0
series,ramp,0.1,1,GLR (онлайн-разрыв),0.01,0.04477611940298507,0.014925373134328358,1.1111111111111112,0.009377093101138647,0.015506738046889422,1.0004203446826399
series,ramp,0.1,1,GLR (онлайн-разрыв),0.03,0.1691542288557214,0.029850746268656716,1.4705882352941178,0.01103852218968236,0.020724615145389518,3.000560459576853
series,ramp,0.1,1,GLR (онлайн-разрыв),0.05,0.20398009950248755,0.03482587064676617,1.170731707317073,0.009762711864406779,0.018633599181939544,5.0
series,ramp,0.1,1,BOCPD,0.01,0.04477611940298507,0.004975124378109453,1.2222222222222223,0.008247422680412371,0.013929193267556587,1.0004203446826399
series,ramp,0.1,1,BOCPD,0.03,0.15422885572139303,0.04975124378109453,0.8387096774193549,0.010941417825393207,0.020433245219540663,3.000560459576853
series,ramp,0.1,1,BOCPD,0.05,0.263681592039801,0.06965174129353234,0.9433962264150944,0.010534956902449035,0.020260441748127113,5.0
series,ramp,0.1,1,BOCPD + новости,0.01,0.04477611940298507,0.004975124378109453,1.2222222222222223,0.008253094910591471,0.013937282229965155,1.0004203446826399
series,ramp,0.1,1,BOCPD + новости,0.03,0.17412935323383086,0.06965174129353234,0.6857142857142857,0.012292283177782836,0.022963507463139923,3.000560459576853
series,ramp,0.1,1,BOCPD + новости,0.05,0.25870646766169153,0.0945273631840796,0.7307692307692307,0.011209842788790158,0.021488577893575098,5.0
series,ramp,0.1,1,Stouffer-МО,0.01,0.01990049751243781,0.009950248756218905,0.5,0.0047814207650273225,0.007710312543026299,0.9983186212694409
series,ramp,0.1,1,Stouffer-МО,0.03,0.07462686567164178,0.04477611940298507,0.5333333333333333,0.0066119471044231645,0.012147614459850038,2.997758161692588
series,ramp,0.1,1,Stouffer-МО,0.05,0.0945273631840796,0.05472636815920398,0.5263157894736842,0.004942339373970346,0.009393539881344759,4.997197702115735
series,ramp,0.1,1,Пространственный,0.01,0.01990049751243781,0.014925373134328358,0.5,0.004739336492890996,0.007655502392344498,1.0004203446826399
series,ramp,0.1,1,Пространственный,0.03,0.06467661691542288,0.01990049751243781,1.3076923076923077,0.004298642533936652,0.008061489254067463,3.000560459576853
series,ramp,0.1,1,Пространственный,0.05,0.11442786069651742,0.03980099502487562,1.0434782608695652,0.005034013605442177,0.009643769796075632,5.0
series,ramp,0.1,1,Комбо: BOCPD ∨ Stouffer-МО,0.01,0.03482587064676617,0.0,1.4285714285714286,0.006872852233676976,0.011480114801148012,0.9969174723273084
series,ramp,0.1,1,Комбо: BOCPD ∨ Stouffer-МО,0.03,0.11442786069651742,0.03482587064676617,0.9565217391304348,0.008213552361396304,0.015326947105372761,3.000560459576853
series,ramp,0.1,1,Комбо: BOCPD ∨ Stouffer-МО,0.05,0.1791044776119403,0.06965174129353234,0.7222222222222222,0.008613617719442166,0.01643674787202818,4.997898276586801
series,ramp,0.1,1,Комбо: оконный ∨ Stouffer ∨ пространств.,0.01,0.024875621890547265,0.009950248756218905,1.2,0.005420054200542005,0.008900756564307966,0.9997197702115735
series,ramp,0.1,1,Комбо: оконный ∨ Stouffer ∨ пространств.,0.03,0.08955223880597014,0.029850746268656716,1.0555555555555556,0.006494960806270996,0.012111509414262344,2.9998598851057867
series,ramp,0.1,1,Комбо: оконный ∨ Stouffer ∨ пространств.,0.05,0.15422885572139303,0.05472636815920398,1.096774193548387,0.006768647624204684,0.012968161072927082,4.999299425528934
series,ramp,0.1,2,z-score (инновация),0.01,0.03980099502487562,0.009950248756218905,1.0,0.008241758241758242,0.013655761024182077,1.0004203446826399
series,ramp,0.1,2,z-score (инновация),0.03,0.14427860696517414,0.03482587064676617,1.1724137931034482,0.009138679460817912,0.017188622909767137,3.000560459576853
series,ramp,0.1,2,z-score (инновация),0.05,0.22885572139303484,0.04975124378109453,1.0869565217391304,0.00850363461802222,0.01639796692808353,5.0
series,ramp,0.1,2,EWMA,0.01,0.024875621890547265,0.009950248756218905,0.8,0.006868131868131868,0.01076426264800861,1.0004203446826399
series,ramp,0.1,2,EWMA,0.03,0.13930348258706468,0.029850746268656716,1.3928571428571428,0.009084714967067909,0.017057049739575402,3.000560459576853
series,ramp,0.1,2,EWMA,0.05,0.21393034825870647,0.06965174129353234,1.1395348837209303,0.009138025095471904,0.017527369404063357,5.0
series,ramp,0.1,2,CUSUM классический,0.01,0.01990049751243781,0.009950248756218905,0.75,0.00411522633744856,0.006820119352088662,1.0004203446826399
series,ramp,0.1,2,CUSUM классический,0.03,0.04975124378109453,0.03980099502487562,0.2,0.005929304446978335,0.010595810579509332,3.000560459576853
series,ramp,0.1,2,CUSUM классический,0.05,0.07960199004975124,0.05970149253731343,0.4375,0.004807692307692308,0.009067724567866252,5.0
series,ramp,0.1,2,Page-Hinkley,0.01,0.01990049751243781,0.004975124378109453,1.0,0.00411240575736806,0.0068162453848338534,1.0004203446826399
series,ramp,0.1,2,Page-Hinkley,0.03,0.05970149253731343,0.01990049751243781,1.0833333333333333,0.0050354772259098195,0.00928759894459103,3.000560459576853
series,ramp,0.1,2,Page-Hinkley,0.05,0.11940298507462686,0.05472636815920398,0.875,0.006694903675365487,0.012678903533597477,5.0
series,ramp,0.1,2,CUSUM оконный,0.01,0.024875621890547265,0.009950248756218905,1.0,0.005351170568561873,0.008807662666519871,1.0004203446826399
series,ramp,0.1,2,CUSUM оконный,0.03,0.10945273631840796,0.04975124378109453,0.9545454545454546,0.007772596047079724,0.014514472059641285,3.000560459576853
series,ramp,0.1,2,CUSUM оконный,0.05,0.1791044776119403,0.07462686567164178,1.0555555555555556,0.007513752851200858,0.01442245782718805,5.0
series,ramp,0.1,2,GLR (онлайн-разрыв),0.01,0.04477611940298507,0.014925373134328358,1.0,0.008730691739422432,0.014612214312476585,1.0004203446826399
series,ramp,0.1,2,GLR (онлайн-разрыв),0.03,0.12935323383084577,0.03980099502487562,1.3076923076923077,0.008773903262092238,0.01643316127673022,3.000560459576853
series,ramp,0.1,2,GLR (онлайн-разрыв),0.05,0.19402985074626866,0.05970149253731343,1.205128205128205,0.008245471749121384,0.01581871315865591,5.0
series,ramp,0.1,2,BOCPD,0.01,0.04975124378109453,0.009950248756218905,1.4,0.008940852819807428,0.015157698361802599,1.0004203446826399
series,ramp,0.1,2,BOCPD,0.03,0.15422885572139303,0.029850746268656716,1.1290322580645162,0.010269283432222729,0.019256386011167324,3.000560459576853
series,ramp,0.1,2,BOCPD,0.05,0.24875621890547264,0.05970149253731343,1.06,0.010807113543091655,0.020714302570408967,5.0
series,ramp,0.1,2,BOCPD + новости,0.01,0.04975124378109453,0.009950248756218905,1.4,0.008947006194081212,0.015166540278831011,1.0004203446826399
series,ramp,0.1,2,BOCPD + новости,0.03,0.15920398009950248,0.029850746268656716,1.09375,0.010948905109489052,0.020488741863194965,3.000560459576853
series,ramp,0.1,2,BOCPD + новости,0.05,0.24378109452736318,0.06467661691542288,0.9387755102040817,0.01094391244870041,0.02094744435835092,5.0
series,ramp,0.1,2,Stouffer-МО,0.01,0.014925373134328358,0.009950248756218905,0.6666666666666666,0.004132231404958678,0.006472491909385112,0.9983186212694409
series,ramp,0.1,2,Stouffer-МО,0.03,0.05472636815920398,0.024875621890547265,0.9090909090909091,0.0045662100456621,0.00842911877394636,2.997758161692588
series,ramp,0.1,2,Stouffer-МО,0.05,0.09950248756218906,0.06965174129353234,0.45,0.005075445816186557,0.00965824180844052,4.997197702115735
series,ramp,0.1,2,Пространственный,0.01,0.029850746268656716,0.01990049751243781,0.6666666666666666,0.006747638326585695,0.01100715465052284,1.0004203446826399
series,ramp,0.1,2,Пространственный,0.03,0.04975124378109453,0.029850746268656716,0.7,0.0047425474254742545,0.008659615265664625,3.000560459576853
series,ramp,0.1,2,Пространственный,0.05,0.1044776119402985,0.06467661691542288,0.6666666666666666,0.004885993485342019,0.009335407868415201,5.0
series,ramp,0.1,2,Комбо: BOCPD ∨ Stouffer-МО,0.01,0.03980099502487562,0.014925373134328358,0.875,0.008258774948382657,0.013679110857794243,1.0004203446826399
series,ramp,0.1,2,Комбо: BOCPD ∨ Stouffer-МО,0.03,0.1044776119402985,0.01990049751243781,1.3333333333333333,0.007082476582133882,0.013265680401027019,3.000560459576853
series,ramp,0.1,2,Комбо: BOCPD ∨ Stouffer-МО,0.05,0.1691542288557214,0.04477611940298507,1.1176470588235294,0.007261268666940677,0.013924789138355376,4.995796553173602
series,ramp,0.1,2,Комбо: оконный ∨ Stouffer ∨ пространств.,0.01,0.03482587064676617,0.01990049751243781,0.7142857142857143,0.008168822328114363,0.013233556518314296,1.0004203446826399
series,ramp,0.1,2,Комбо: оконный ∨ Stouffer ∨ пространств.,0.03,0.05970149253731343,0.03482587064676617,0.6666666666666666,0.00473826714801444,0.0087797230206428,3.000560459576853
series,ramp,0.1,2,Комбо: оконный ∨ Stouffer ∨ пространств.,0.05,0.10945273631840796,0.06467661691542288,0.6818181818181818,0.00541198755242863,0.010313990693967488,4.999299425528934
series,ramp,0.2,0,z-score (инновация),0.01,0.16417910447761194,0.029850746268656716,1.2121212121212122,0.03613666228646518,0.059235325794291874,1.0004203446826399
series,ramp,0.2,0,z-score (инновация),0.03,0.31343283582089554,0.07960199004975124,0.9682539682539683,0.02517825311942959,0.046612125438277724,3.000560459576853
series,ramp,0.2,0,z-score (инновация),0.05,0.42786069651741293,0.12935323383084577,0.9302325581395349,0.020696142991533398,0.03948247078464107,5.0
series,ramp,0.2,0,EWMA,0.01,0.13432835820895522,0.01990049751243781,1.4814814814814814,0.02646868947708199,0.04422339405560882,1.0004203446826399
series,ramp,0.2,0,EWMA,0.03,0.3034825870646766,0.04477611940298507,1.278688524590164,0.02235861464270057,0.04164881653636071,3.000560459576853
series,ramp,0.2,0,EWMA,0.05,0.4079601990049751,0.07462686567164178,1.2317073170731707,0.01851605168509391,0.03542430378251877,5.0
series,ramp,0.2,0,CUSUM классический,0.01,0.03980099502487562,0.01990049751243781,0.875,0.011258278145695364,0.01755178421629993,1.0004203446826399
series,ramp,0.2,0,CUSUM классический,0.03,0.07960199004975124,0.04477611940298507,0.75,0.006947557149260422,0.01277971735181583,3.000560459576853
series,ramp,0.2,0,CUSUM классический,0.05,0.14925373134328357,0.07960199004975124,0.7666666666666667,0.008075370121130552,0.015321756894790603,5.0
series,ramp,0.2,0,Page-Hinkley,0.01,0.05970149253731343,0.0,1.6666666666666667,0.010362694300518135,0.017660044150110375,1.0004203446826399
series,ramp,0.2,0,Page-Hinkley,0.03,0.17412935323383086,0.04477611940298507,1.2,0.012958488908412035,0.02412185919375752,3.000560459576853
series,ramp,0.2,0,Page-Hinkley,0.05,0.23880597014925373,0.04975124378109453,1.2708333333333333,0.010662401705984273,0.020413370757846386,5.0
series,ramp,0.2,0,CUSUM оконный,0.01,0.09950248756218906,0.004975124378109453,1.75,0.014119091467157766,0.024729188506303255,1.0004203446826399
series,ramp,0.2,0,CUSUM оконный,0.03,0.19900497512437812,0.03980099502487562,1.45,0.01218469431380932,0.022963384480579323,3.000560459576853
series,ramp,0.2,0,CUSUM оконный,0.05,0.2835820895522388,0.04477611940298507,1.4035087719298245,0.011400864893198795,0.02192046042249599,5.0
series,ramp,0.2,0,GLR (онлайн-разрыв),0.01,0.13930348258706468,0.014925373134328358,1.5,0.026064844246662427,0.0439131682126805,1.0004203446826399
series,ramp,0.2,0,GLR (онлайн-разрыв),0.03,0.3034825870646766,0.03980099502487562,1.4098360655737705,0.0202968136185072,0.03804892771508576,3.000560459576853
series,ramp,0.2,0,GLR (онлайн-разрыв),0.05,0.42786069651741293,0.05472636815920398,1.430232558139535,0.017634579687085653,0.033873057474327936,5.0
series,ramp,0.2,0,BOCPD,0.01,0.13432835820895522,0.03482587064676617,1.0,0.03255813953488372,0.052412645590682184,1.0004203446826399
series,ramp,0.2,0,BOCPD,0.03,0.3333333333333333,0.08955223880597014,0.9701492537313433,0.024680278214045323,0.04595780238144976,3.000560459576853
series,ramp,0.2,0,BOCPD,0.05,0.4626865671641791,0.1044776119402985,1.075268817204301,0.020559989178953065,0.03937050637723663,5.0
series,ramp,0.2,0,BOCPD + новости,0.01,0.13432835820895522,0.03482587064676617,0.9629629629629629,0.03255813953488372,0.052412645590682184,1.0004203446826399
series,ramp,0.2,0,BOCPD + новости,0.03,0.3333333333333333,0.0945273631840796,0.8805970149253731,0.025336322869955158,0.047093144405084386,3.000560459576853
series,ramp,0.2,0,BOCPD + новости,0.05,0.46766169154228854,0.11442786069651742,1.0106382978723405,0.02070085238803951,0.03964675737105225,5.0
series,ramp,0.2,0,Stouffer-МО,0.01,0.009950248756218905,0.0,2.0,0.0013717421124828531,0.0024110910186859553,0.9997197702115735
series,ramp,0.2,0,Stouffer-МО,0.03,0.03980099502487562,0.009950248756218905,1.0,0.0027434842249657062,0.005133140840551813,2.9970575872215215
series,ramp,0.2,0,Stouffer-МО,0.05,0.07960199004975124,0.029850746268656716,1.0625,0.003703703703703704,0.0070780800707808,4.997197702115735
series,ramp,0.2,0,Пространственный,0.01,0.05472636815920398,0.014925373134328358,1.3636363636363635,0.010256410256410256,0.017275225755791126,1.0004203446826399
series,ramp,0.2,0,Пространственный,0.03,0.14427860696517414,0.03482587064676617,1.4137931034482758,0.009003074220465524,0.016948548539987313,3.000560459576853
series,ramp,0.2,0,Пространственный,0.05,0.18407960199004975,0.06467661691542288,1.135135135135135,0.0077281812125249835,0.01483360578966832,5.0
series,ramp,0.2,0,Комбо: BOCPD ∨ Stouffer-МО,0.01,0.0945273631840796,0.024875621890547265,0.8421052631578947,0.021490933512424447,0.03502001555165164,0.9983186212694409
series,ramp,0.2,0,Комбо: BOCPD ∨ Stouffer-МО,0.03,0.18407960199004975,0.04477611940298507,1.027027027027027,0.014224429893881237,0.026408211356323923,2.9998598851057867
series,ramp,0.2,0,Комбо: BOCPD ∨ Stouffer-МО,0.05,0.30845771144278605,0.08955223880597014,0.9516129032258065,0.014252748744400705,0.027246530880447997,4.998598851057867
series,ramp,0.2,0,Комбо: оконный ∨ Stouffer ∨ пространств.,0.01,0.04975124378109453,0.004975124378109453,1.6,0.007707129094412331,0.01334668001334668,0.9983186212694409
series,ramp,0.2,0,Комбо: оконный ∨ Stouffer ∨ пространств.,0.03,0.12935323383084577,0.014925373134328358,1.6538461538461537,0.007251153592617007,0.01373250426139774,3.000560459576853
series,ramp,0.2,0,Комбо: оконный ∨ Stouffer ∨ пространств.,0.05,0.20398009950248755,0.04477611940298507,1.3658536585365855,0.007984031936127744,0.015366596392597798,4.999299425528934
series,ramp,0.2,1,z-score (инновация),0.01,0.14427860696517414,0.029850746268656716,1.0689655172413792,0.0333555703802535,0.05418433885764467,1.0004203446826399
series,ramp,0.2,1,z-score (инновация),0.03,0.3034825870646766,0.11940298507462686,0.7704918032786885,0.027250390886754523,0.05001024800163968,3.000560459576853
series,ramp,0.2,1,z-score (инновация),0.05,0.417910447761194,0.15422885572139303,0.8571428571428571,0.022072678331090174,0.04193071205507972,5.0
series,ramp,0.2,1,EWMA,0.01,0.16417910447761194,0.0,1.4848484848484849,0.03229974160206718,0.05397978211797035,1.0004203446826399
series,ramp,0.2,1,EWMA,0.03,0.30845771144278605,0.06467661691542288,1.1451612903225807,0.024840624313035832,0.04597852016892479,3.000560459576853
series,ramp,0.2,1,EWMA,0.05,0.36318407960199006,0.09950248756218906,1.0273972602739727,0.018784972022382093,0.03572228035378697,5.0
series,ramp,0.2,1,CUSUM классический,0.01,0.01990049751243781,0.009950248756218905,0.75,0.005372733378106112,0.008461131676361713,1.0004203446826399
series,ramp,0.2,1,CUSUM классический,0.03,0.10945273631840796,0.01990049751243781,1.5,0.007397444519166106,0.013858267716535434,3.000560459576853
series,ramp,0.2,1,CUSUM классический,0.05,0.15920398009950248,0.03980099502487562,1.21875,0.007438463619150662,0.014212861832409364,5.0
series,ramp,0.2,1,Page-Hinkley,0.01,0.06965174129353234,0.014925373134328358,1.5,0.01383399209486166,0.02308326463314097,1.0004203446826399
series,ramp,0.2,1,Page-Hinkley,0.03,0.12437810945273632,0.01990049751243781,1.32,0.009322974472807992,0.017345767219803913,3.000560459576853
series,ramp,0.2,1,Page-Hinkley,0.05,0.20398009950248755,0.03482587064676617,1.3170731707317074,0.00925553319919517,0.017707590040184774,5.0
series,ramp,0.2,1,CUSUM оконный,0.01,0.11940298507462686,0.014925373134328358,1.5833333333333333,0.019536019536019536,0.033578174186778595,1.0004203446826399
series,ramp,0.2,1,CUSUM оконный,0.03,0.22885572139303484,0.029850746268656716,1.565217391304348,0.01330757673320455,0.025152573464564152,3.000560459576853
series,ramp,0.2,1,CUSUM оконный,0.05,0.3034825870646766,0.03482587064676617,1.4918032786885247,0.01128757054731592,0.02176560279641942,5.0
series,ramp,0.2,1,GLR (онлайн-разрыв),0.01,0.15422885572139303,0.004975124378109453,1.5806451612903225,0.027848101265822784,0.04717764250138351,1.0004203446826399
series,ramp,0.2,1,GLR (онлайн-разрыв),0.03,0.2935323383084577,0.01990049751243781,1.3898305084745763,0.020665651511855558,0.03861283144689616,3.000560459576853
series,ramp,0.2,1,GLR (онлайн-разрыв),0.05,0.4079601990049751,0.03482587064676617,1.3902439024390243,0.01717532038578412,0.03296288737577074,5.0
series,ramp,0.2,1,BOCPD,0.01,0.14925373134328357,0.024875621890547265,1.0,0.031978680879413725,0.05267200702293427,1.0004203446826399
series,ramp,0.2,1,BOCPD,0.03,0.34328358208955223,0.0945273631840796,0.9710144927536232,0.02664576802507837,0.04945298172389806,3.000560459576853
series,ramp,0.2,1,BOCPD,0.05,0.4577114427860697,0.13432835820895522,0.967391304347826,0.021759697256385997,0.04154436667419282,5.0
series,ramp,0.2,1,BOCPD + новости,0.01,0.16417910447761194,0.024875621890547265,1.0,0.0332667997338656,0.05532364331338329,1.0004203446826399
series,ramp,0.2,1,BOCPD + новости,0.03,0.35323383084577115,0.1044776119402985,0.9154929577464789,0.02730528200537153,0.05069202633504024,3.000560459576853
series,ramp,0.2,1,BOCPD + новости,0.05,0.46766169154228854,0.14427860696517414,0.9148936170212766,0.02267818574514039,0.04325864241494549,5.0
series,ramp,0.2,1,Stouffer-МО,0.01,0.01990049751243781,0.004975124378109453,1.0,0.005442176870748299,0.008547008547008546,0.9976180467983746
series,ramp,0.2,1,Stouffer-МО,0.03,0.05970149253731343,0.014925373134328358,1.3333333333333333,0.004320145520691224,0.008057248873575406,2.997758161692588
series,ramp,0.2,1,Stouffer-МО,0.05,0.0945273631840796,0.03482587064676617,1.105263157894737,0.0039649986327590925,0.007610760040056633,4.996497127644669
series,ramp,0.2,1,Пространственный,0.01,0.06965174129353234,0.009950248756218905,1.5714285714285714,0.012987012987012988,0.0218921032056294,1.0004203446826399
series,ramp,0.2,1,Пространственный,0.03,0.14925373134328357,0.024875621890547265,1.4666666666666666,0.009269476936658574,0.017454908153935664,3.000560459576853
series,ramp,0.2,1,Пространственный,0.05,0.19900497512437812,0.03980099502487562,1.425,0.007614213197969543,0.01466723705921897,5.0
series,ramp,0.2,1,Комбо: BOCPD ∨ Stouffer-МО,0.01,0.1044776119402985,0.014925373134328358,1.0476190476190477,0.024732620320855617,0.03999691143541039,1.0004203446826399
series,ramp,0.2,1,Комбо: BOCPD ∨ Stouffer-МО,0.03,0.24378109452736318,0.05970149253731343,0.8979591836734694,0.01796138302649304,0.03345766154844106,3.000560459576853
series,ramp,0.2,1,Комбо: BOCPD ∨ Stouffer-МО,0.05,0.3482587064676617,0.09950248756218906,0.9714285714285714,0.016220600162206,0.030997453780582305,4.998598851057867
series,ramp,0.2,1,Комбо: оконный ∨ Stouffer ∨ пространств.,0.01,0.06467661691542288,0.009950248756218905,1.4615384615384615,0.012853470437017995,0.02144506763444408,0.9997197702115735
series,ramp,0.2,1,Комбо: оконный ∨ Stouffer ∨ пространств.,0.03,0.13432835820895522,0.024875621890547265,1.4814814814814814,0.008575197889182058,0.01612125387530141,2.9984587361636543
series,ramp,0.2,1,Комбо: оконный ∨ Stouffer ∨ пространств.,0.05,0.22388059701492538,0.029850746268656716,1.4666666666666666,0.008378773773108127,0.016153017793959286,5.0
series,ramp,0.2,2,z-score (инновация),0.01,0.1890547263681592,0.04975124378109453,1.0789473684210527,0.04381948986265533,0.0711481227905937,1.0004203446826399
series,ramp,0.2,2,z-score (инновация),0.03,0.3333333333333333,0.11940298507462686,0.8955223880597015,0.028876055086628164,0.053147996729354045,3.000560459576853
series,ramp,0.2,2,z-score (инновация),0.05,0.4079601990049751,0.13930348258706468,0.8658536585365854,0.021762493283181087,0.04132074591349519,5.0
series,ramp,0.2,2,EWMA,0.01,0.19900497512437812,0.014925373134328358,1.425,0.038705583756345176,0.06480657627388746,1.0004203446826399
series,ramp,0.2,2,EWMA,0.03,0.3333333333333333,0.07960199004975124,1.1343283582089552,0.026419213973799125,0.048958122597612785,3.000560459576853
series,ramp,0.2,2,EWMA,0.05,0.43781094527363185,0.10945273631840796,1.1022727272727273,0.021592263876010067,0.04115482552092673,5.0
series,ramp,0.2,2,CUSUM классический,0.01,0.029850746268656716,0.014925373134328358,0.8333333333333334,0.005956320317670417,0.009931034482758621,1.0004203446826399
series,ramp,0.2,2,CUSUM классический,0.03,0.13930348258706468,0.03482587064676617,1.3571428571428572,0.009513274336283186,0.017810255689592686,3.000560459576853
series,ramp,0.2,2,CUSUM классический,0.05,0.21393034825870647,0.06965174129353234,1.1162790697674418,0.0106951871657754,0.020371905720715386,5.0
series,ramp,0.2,2,Page-Hinkley,0.01,0.09950248756218906,0.009950248756218905,1.6,0.017755231452124286,0.030133448127421438,1.0004203446826399
series,ramp,0.2,2,Page-Hinkley,0.03,0.19900497512437812,0.05472636815920398,1.15,0.015118317265556529,0.0281017568688941,3.000560459576853
series,ramp,0.2,2,Page-Hinkley,0.05,0.23880597014925373,0.08955223880597014,1.0,0.012391738840772819,0.023560893350539545,5.0
series,ramp,0.2,2,CUSUM оконный,0.01,0.17412935323383086,0.014925373134328358,1.6571428571428573,0.025595238095238095,0.04463028038491764,1.0004203446826399
series,ramp,0.2,2,CUSUM оконный,0.03,0.3383084577114428,0.05472636815920398,1.4705882352941178,0.020425531914893616,0.03852509324394505,3.000560459576853
series,ramp,0.2,2,CUSUM оконный,0.05,0.39303482587064675,0.0945273631840796,1.240506329113924,0.016867154811715482,0.032346168434316584,5.0
series,ramp,0.2,2,GLR (онлайн-разрыв),0.01,0.1890547263681592,0.004975124378109453,1.763157894736842,0.02933832709113608,0.050794192511696035,1.0004203446826399
series,ramp,0.2,2,GLR (онлайн-разрыв),0.03,0.36318407960199006,0.03482587064676617,1.4246575342465753,0.024653979238754325,0.04617356421964901,3.000560459576853
series,ramp,0.2,2,GLR (онлайн-разрыв),0.05,0.417910447761194,0.06965174129353234,1.1547619047619047,0.02006335797254488,0.03828853143330095,5.0
series,ramp,0.2,2,BOCPD,0.01,0.15422885572139303,0.01990049751243781,1.064516129032258,0.031522468142186455,0.05234605159157865,1.0004203446826399
series,ramp,0.2,2,BOCPD,0.03,0.3482587064676617,0.07960199004975124,0.9,0.026948124859645182,0.05002531042491736,3.000560459576853
series,ramp,0.2,2,BOCPD,0.05,0.44776119402985076,0.13432835820895522,0.9,0.022456709956709956,0.04276844066952362,5.0
series,ramp,0.2,2,BOCPD + новости,0.01,0.15920398009950248,0.01990049751243781,1.03125,0.03286384976525822,0.05448133284689286,1.0004203446826399
series,ramp,0.2,2,BOCPD + новости,0.03,0.36318407960199006,0.11442786069651742,0.7945205479452054,0.028904324445440287,0.053547059091115866,3.000560459576853
series,ramp,0.2,2,BOCPD + новости,0.05,0.4577114427860697,0.17412935323383086,0.7608695652173914,0.023780570193217134,0.0452121273043051,5.0
series,ramp,0.2,2,Stouffer-МО,0.01,0.004975124378109453,0.004975124378109453,0.0,0.0006915629322268327,0.0012143290831815423,0.9997197702115735
series,ramp,0.2,2,Stouffer-МО,0.03,0.05472636815920398,0.024875621890547265,1.0,0.0038812785388127853,0.007248483438959629,2.9984587361636543
series,ramp,0.2,2,Stouffer-МО,0.05,0.12437810945273632,0.05970149253731343,0.92,0.004914004914004914,0.009454476694714949,5.0
series,ramp,0.2,2,Пространственный,0.01,0.09950248756218906,0.01990049751243781,1.4,0.017077798861480076,0.029152158069479312,1.0004203446826399
series,ramp,0.2,2,Пространственный,0.03,0.208955223880597,0.05472636815920398,1.2857142857142858,0.014410480349344978,0.02696157100755741,3.000560459576853
series,ramp,0.2,2,Пространственный,0.05,0.263681592039801,0.07462686567164178,1.2452830188679245,0.011295681063122924,0.021663340626577866,5.0
series,ramp,0.2,2,Комбо: BOCPD ∨ Stouffer-МО,0.01,0.07960199004975124,0.004975124378109453,1.25,0.013679890560875513,0.023347439077776155,1.0004203446826399
series,ramp,0.2,2,Комбо: BOCPD ∨ Stouffer-МО,0.03,0.21890547263681592,0.03482587064676617,0.9772727272727273,0.016572077185017027,0.03081158600048923,2.9970575872215215
series,ramp,0.2,2,Комбо: BOCPD ∨ Stouffer-МО,0.05,0.34328358208955223,0.09950248756218906,0.8695652173913043,0.016172873063332427,0.030890427579045972,5.0
series,ramp,0.2,2,Комбо: оконный ∨ Stouffer ∨ пространств.,0.01,0.06965174129353234,0.0,1.7857142857142858,0.010800508259212199,0.018701135426079443,0.9955163233851758
series,ramp,0.2,2,Комбо: оконный ∨ Stouffer ∨ пространств.,0.03,0.22885572139303484,0.03980099502487562,1.4782608695652173,0.013260869565217392,0.02506912771764622,2.9984587361636543
series,ramp,0.2,2,Комбо: оконный ∨ Stouffer ∨ пространств.,0.05,0.30845771144278605,0.06467661691542288,1.3870967741935485,0.012041815535265317,0.023178760334822576,5.0
mo,step,0.03,0,z-score (инновация),0.01,0.03648424543946932,0.022388059701492536,0.5227272727272727,0.036585365853658534,0.03653473567672294,1.000153045607591
mo,step,0.03,0,z-score (инновация),0.03,0.09618573797678276,0.05638474295190713,0.5862068965517241,0.03563373928732522,0.05200229254978068,3.0004591368227733
mo,step,0.03,0,z-score (инновация),0.05,0.14593698175787728,0.0845771144278607,0.6193181818181818,0.03376729048006509,0.054844510855894237,5.0
mo,step,0.03,0,EWMA,0.01,0.026533996683250415,0.01658374792703151,0.59375,0.03910991233985165,0.03161732138598344,1.000153045607591
mo,step,0.03,0,EWMA,0.03,0.07462686567164178,0.04311774461028192,0.6,0.03668083202862894,0.04918573613652041,3.0004591368227733
mo,step,0.03,0,EWMA,0.05,0.12023217247097844,0.06882255389718077,0.5793103448275863,0.03480247245364149,0.05397989426811284,5.0
mo,step,0.03,0,CUSUM классический,0.01,0.014925373134328358,0.01077943615257048,0.2777777777777778,0.031337047353760444,0.02022017524151876,1.000153045607591
mo,step,0.03,0,CUSUM классический,0.03,0.04145936981757877,0.029850746268656716,0.4,0.029282914456997926,0.03432321113909819,3.0004591368227733
mo,step,0.03,0,CUSUM классический,0.05,0.07048092868988391,0.05140961857379768,0.43529411764705883,0.028318828567481698,0.04040368908288843,5.0
mo,step,0.03,0,Page-Hinkley,0.01,0.020729684908789386,0.011608623548922056,0.64,0.03508771929824561,0.02606202762574928,1.000153045607591
mo,step,0.03,0,Page-Hinkley,0.03,0.05223880597014925,0.03482587064676617,0.47619047619047616,0.03379139445821131,0.04103726574560804,3.0004591368227733
mo,step,0.03,0,Page-Hinkley,0.05,0.07877280265339967,0.05306799336650083,0.45263157894736844,0.03035617916891527,0.04382412941188531,5.0
mo,step,0.03,0,CUSUM оконный,0.01,0.01658374792703151,0.006633499170812604,0.95,0.021067415730337078,0.018558614290133002,1.000153045607591
mo,step,0.03,0,CUSUM оконный,0.03,0.06384742951907131,0.03565505804311774,0.6233766233766234,0.030551755585955312,0.0413277097527467,3.0004591368227733
mo,step,0.03,0,CUSUM оконный,0.05,0.1044776119402985,0.06301824212271974,0.6190476190476191,0.03254033360678151,0.04962468723936613,5.0
mo,step,0.03,0,GLR (онлайн-разрыв),0.01,0.01658374792703151,0.008291873963515755,0.65,0.023255813953488372,0.019361084220716362,1.000153045607591
mo,step,0.03,0,GLR (онлайн-разрыв),0.03,0.05721393034825871,0.03482587064676617,0.5942028985507246,0.027152471571130193,0.0368274474651193,3.0004591368227733
mo,step,0.03,0,GLR (онлайн-разрыв),0.05,0.09950248756218906,0.05555555555555555,0.6666666666666666,0.028737220226581928,0.04459500021439904,5.0
mo,step,0.03,0,BOCPD,0.01,0.02155887230514096,0.01077943615257048,0.5769230769230769,0.02526315789473684,0.023264484378495265,1.000153045607591
mo,step,0.03,0,BOCPD,0.03,0.06384742951907131,0.03233830845771144,0.6233766233766234,0.02541384938214036,0.03635639052472672,3.0004591368227733
mo,step,0.03,0,BOCPD,0.05,0.11857379767827529,0.06384742951907131,0.5734265734265734,0.02861508542853174,0.04610401653346564,5.0
mo,step,0.03,0,BOCPD + новости,0.01,0.02321724709784411,0.01077943615257048,0.6071428571428571,0.0273109243697479,0.02509825553333793,1.000153045607591
mo,step,0.03,0,BOCPD + новости,0.03,0.07131011608623548,0.03648424543946932,0.5930232558139535,0.028810408921933085,0.04104000862055695,3.0004591368227733
mo,step,0.03,0,BOCPD + новости,0.05,0.14262023217247097,0.07711442786069651,0.563953488372093,0.034106600386633525,0.05504870081489802,5.0
mo,step,0.03,0,Stouffer-МО,0.01,0.01990049751243781,0.009950248756218905,0.5,0.036290322580645164,0.02570510531952874,0.9963269054178145
mo,step,0.03,0,Stouffer-МО,0.03,0.0845771144278607,0.04477611940298507,0.8823529411764706,0.03790849673202614,0.05235212912817245,2.998163452708907
mo,step,0.03,0,Stouffer-МО,0.05,0.12935323383084577,0.05970149253731343,0.7692307692307693,0.03636363636363636,0.056768558951965066,5.0
mo,step,0.03,0,Пространственный,0.01,0.01990049751243781,0.00912106135986733,0.9166666666666666,0.026462395543175487,0.022717082648333584,1.000153045607591
mo,step,0.03,0,Пространственный,0.03,0.0472636815920398,0.02902155887230514,0.5964912280701754,0.024662633783154957,0.032412250350033,3.0004591368227733
mo,step,0.03,0,Пространственный,0.05,0.09038142620232173,0.05306799336650083,0.6422018348623854,0.02675724386524331,0.041290512524841144,5.0
mo,step,0.03,0,Комбо: BOCPD ∨ Stouffer-МО,0.01,0.017412935323383085,0.014096185737976783,0.2857142857142857,0.03314527503526093,0.022831367106176267,1.000153045607591
mo,step,0.03,0,Комбо: BOCPD ∨ Stouffer-МО,0.03,0.0538971807628524,0.029850746268656716,0.6307692307692307,0.027746190584489426,0.03663350556778469,2.997398224670952
mo,step,0.03,0,Комбо: BOCPD ∨ Stouffer-МО,0.05,0.11940298507462686,0.06965174129353234,0.6597222222222222,0.03192934782608696,0.05038525963149079,4.996939087848179
mo,step,0.03,0,Комбо: оконный ∨ Stouffer ∨ пространств.,0.01,0.01990049751243781,0.014096185737976783,0.5416666666666666,0.03558967201674808,0.02552712256772821,0.9993878175696358
mo,step,0.03,0,Комбо: оконный ∨ Stouffer ∨ пространств.,0.03,0.04975124378109453,0.03482587064676617,0.4,0.02824601366742597,0.036033941648262235,3.0004591368227733
mo,step,0.03,0,Комбо: оконный ∨ Stouffer ∨ пространств.,0.05,0.1111111111111111,0.06550580431177445,0.6940298507462687,0.03172451193058568,0.04935667580679182,4.999234771962045
mo,step,0.03,1,z-score (инновация),0.01,0.029850746268656716,0.017412935323383085,0.5,0.031799729364005415,0.030794430794430797,1.000153045607591
mo,step,0.03,1,z-score (инновация),0.03,0.087893864013267,0.05638474295190713,0.5,0.033046627433227706,0.04803347072553012,3.0004591368227733
mo,step,0.03,1,z-score (инновация),0.05,0.1417910447761194,0.0845771144278607,0.5964912280701754,0.03325641373693498,0.05387637946100473,5.0
mo,step,0.03,1,EWMA,0.01,0.024875621890547265,0.011608623548922056,0.8,0.033647375504710635,0.02860411899313501,1.000153045607591
mo,step,0.03,1,EWMA,0.03,0.07545605306799337,0.04145936981757877,0.6263736263736264,0.03449048152295633,0.047341475814937875,3.0004591368227733
mo,step,0.03,1,EWMA,0.05,0.11940298507462686,0.06716417910447761,0.6111111111111112,0.03519892110586649,0.05437004439699507,5.0
mo,step,0.03,1,CUSUM классический,0.01,0.015754560530679935,0.00912106135986733,0.6842105263157895,0.02722940776038121,0.01996034195217397,1.000153045607591
mo,step,0.03,1,CUSUM классический,0.03,0.04228855721393035,0.03150912106135987,0.39215686274509803,0.02972972972972973,0.03491411501120239,3.0004591368227733
mo,step,0.03,1,CUSUM классический,0.05,0.06550580431177445,0.0472636815920398,0.4177215189873418,0.026735779566225616,0.03797308482266024,5.0
mo,step,0.03,1,Page-Hinkley,0.01,0.013266998341625208,0.007462686567164179,0.625,0.022191400832177532,0.01660612350804359,1.000153045607591
mo,step,0.03,1,Page-Hinkley,0.03,0.04560530679933665,0.02736318407960199,0.5272727272727272,0.02671232876712329,0.03369092308417233,3.0004591368227733
mo,step,0.03,1,Page-Hinkley,0.05,0.07213930348258707,0.04643449419568822,0.5172413793103449,0.026699359760250646,0.03897408470212321,5.0
mo,step,0.03,1,CUSUM оконный,0.01,0.02570480928689884,0.014925373134328358,0.6451612903225806,0.037109375,0.030371783633269738,1.000153045607591
mo,step,0.03,1,CUSUM оконный,0.03,0.06882255389718077,0.0439469320066335,0.5060240963855421,0.03647214854111406,0.04767773402822021,3.0004591368227733
mo,step,0.03,1,CUSUM оконный,0.05,0.1077943615257048,0.06135986733001658,0.6615384615384615,0.032589822358755176,0.05004836009574195,5.0
mo,step,0.03,1,GLR (онлайн-разрыв),0.01,0.022388059701492536,0.013266998341625208,0.5925925925925926,0.033663366336633666,0.026891642499340892,1.000153045607591
mo,step,0.03,1,GLR (онлайн-разрыв),0.03,0.07960199004975124,0.0406301824212272,0.75,0.03745567375886525,0.05094149452247059,3.0004591368227733
mo,step,0.03,1,GLR (онлайн-разрыв),0.05,0.12023217247097844,0.05804311774461028,0.8137931034482758,0.03526887488266059,0.054539226840135784,5.0
mo,step,0.03,1,BOCPD,0.01,0.02736318407960199,0.012437810945273632,0.7575757575757576,0.03135423615743829,0.029223073227256025,1.000153045607591
mo,step,0.03,1,BOCPD,0.03,0.08623548922056384,0.04560530679933665,0.625,0.032753557714027555,0.04747527853947406,3.0004591368227733
mo,step,0.03,1,BOCPD,0.05,0.15091210613598674,0.07048092868988391,0.7362637362637363,0.035011534807979375,0.05683692972125018,5.0
mo,step,0.03,1,BOCPD + новости,0.01,0.02736318407960199,0.012437810945273632,0.7272727272727273,0.03135423615743829,0.029223073227256025,1.000153045607591
mo,step,0.03,1,BOCPD + новости,0.03,0.09286898839137644,0.05306799336650083,0.5625,0.036036036036036036,0.05192396847473343,3.0004591368227733
mo,step,0.03,1,BOCPD + новости,0.05,0.17081260364842454,0.0812603648424544,0.6844660194174758,0.03985409348824642,0.06462892870398632,5.0
mo,step,0.03,1,Stouffer-МО,0.01,0.04975124378109453,0.029850746268656716,0.7,0.07380073800738007,0.05943536404160476,0.9963269054178145
mo,step,0.03,1,Stouffer-МО,0.03,0.0845771144278607,0.04975124378109453,0.5294117647058824,0.04918032786885246,0.06219512195121952,2.998163452708907
mo,step,0.03,1,Stouffer-МО,0.05,0.11940298507462686,0.06965174129353234,0.625,0.03935185185185185,0.05919477693144723,5.0
mo,step,0.03,1,Пространственный,0.01,0.02321724709784411,0.015754560530679935,0.5714285714285714,0.032981530343007916,0.027251138708296024,1.000153045607591
mo,step,0.03,1,Пространственный,0.03,0.05555555555555555,0.03897180762852405,0.47761194029850745,0.028861330326944757,0.037987832022555276,3.0004591368227733
mo,step,0.03,1,Пространственный,0.05,0.09286898839137644,0.05887230514096186,0.5714285714285714,0.029081563641282292,0.044292958927845516,5.0
mo,step,0.03,1,Комбо: BOCPD ∨ Stouffer-МО,0.01,0.05970149253731343,0.03482587064676617,0.7916666666666666,0.07160493827160494,0.06511366825708671,0.9993878175696358
mo,step,0.03,1,Комбо: BOCPD ∨ Stouffer-МО,0.03,0.09867330016583747,0.05472636815920398,0.5630252100840336,0.04852686308492201,0.06505842957698352,2.997398224670952
mo,step,0.03,1,Комбо: BOCPD ∨ Stouffer-МО,0.05,0.14344941956882257,0.08208955223880597,0.5838150289017341,0.04275068636423062,0.06587065151641294,5.0
mo,step,0.03,1,Комбо: оконный ∨ Stouffer ∨ пространств.,0.01,0.04975124378109453,0.02321724709784411,0.9666666666666667,0.06495940037476577,0.05634718534973182,1.000153045607591
mo,step,0.03,1,Комбо: оконный ∨ Stouffer ∨ пространств.,0.03,0.08208955223880597,0.04975124378109453,0.5555555555555556,0.041985567461185216,0.05555628625166051,3.0004591368227733
mo,step,0.03,1,Комбо: оконный ∨ Stouffer ∨ пространств.,0.05,0.11857379767827529,0.07379767827529021,0.5174825174825175,0.03930817610062893,0.059043089068357854,5.0
mo,step,0.03,2,z-score (инновация),0.01,0.03731343283582089,0.020729684908789386,0.6888888888888889,0.03871829105473965,0.038002882977329316,1.000153045607591
mo,step,0.03,2,z-score (инновация),0.03,0.08706467661691543,0.0538971807628524,0.5142857142857142,0.03389064618165386,0.048789554388736577,3.0004591368227733
mo,step,0.03,2,z-score (инновация),0.05,0.1351575456053068,0.08043117744610281,0.5460122699386503,0.033143167617495244,0.05323268217925809,5.0
mo,step,0.03,2,EWMA,0.01,0.02404643449419569,0.01077943615257048,0.8275862068965517,0.03388704318936877,0.02813097355232,1.000153045607591
mo,step,0.03,2,EWMA,0.03,0.07628524046434494,0.03731343283582089,0.7391304347826086,0.035650623885918005,0.048592404795859086,3.0004591368227733
mo,step,0.03,2,EWMA,0.05,0.11608623548922056,0.06218905472636816,0.6214285714285714,0.03377741892073745,0.05232881077788846,5.0
mo,step,0.03,2,CUSUM классический,0.01,0.014925373134328358,0.007462686567164179,0.7222222222222222,0.02706359945872801,0.019240019240019238,1.000153045607591
mo,step,0.03,2,CUSUM классический,0.03,0.03897180762852405,0.026533996683250415,0.48936170212765956,0.02515295717199184,0.030573405181128527,3.0004591368227733
mo,step,0.03,2,CUSUM классический,0.05,0.06467661691542288,0.04311774461028192,0.46153846153846156,0.02558139534883721,0.03666196641456224,5.0
mo,step,0.03,2,Page-Hinkley,0.01,0.014925373134328358,0.006633499170812604,0.7777777777777778,0.025499655410062026,0.018829516539440205,1.000153045607591
mo,step,0.03,2,Page-Hinkley,0.03,0.05140961857379768,0.02321724709784411,0.7096774193548387,0.029840700022436616,0.03776228900103496,3.0004591368227733
mo,step,0.03,2,Page-Hinkley,0.05,0.08291873963515754,0.0505804311774461,0.51,0.03192640692640693,0.04610203395922705,5.0
mo,step,0.03,2,CUSUM оконный,0.01,0.01990049751243781,0.009950248756218905,0.625,0.03319783197831978,0.024884149050974417,1.000153045607591
mo,step,0.03,2,CUSUM оконный,0.03,0.05638474295190713,0.0406301824212272,0.4117647058823529,0.03226534296028881,0.04104390989249399,3.0004591368227733
mo,step,0.03,2,CUSUM оконный,0.05,0.09369817578772803,0.06053067993366501,0.584070796460177,0.030056864337936636,0.04551367532997686,5.0
mo,step,0.03,2,GLR (онлайн-разрыв),0.01,0.024875621890547265,0.015754560530679935,0.5333333333333333,0.03765971755211836,0.02996094376972875,1.000153045607591
mo,step,0.03,2,GLR (онлайн-разрыв),0.03,0.06799336650082918,0.03399668325041459,0.7560975609756098,0.03198004082558403,0.04350018059234289,3.0004591368227733
mo,step,0.03,2,GLR (онлайн-разрыв),0.05,0.10613598673300166,0.05970149253731343,0.6015625,0.03267528931245745,0.04996746909564086,5.0
mo,step,0.03,2,BOCPD,0.01,0.020729684908789386,0.011608623548922056,0.56,0.024171270718232045,0.02231858181354419,1.000153045607591
mo,step,0.03,2,BOCPD,0.03,0.0779436152570481,0.03814262023217247,0.6276595744680851,0.03135085292761641,0.044715873715432994,3.0004591368227733
mo,step,0.03,2,BOCPD,0.05,0.12437810945273632,0.0779436152570481,0.4666666666666667,0.032377555220194816,0.051380077592625646,5.0
mo,step,0.03,2,BOCPD + новости,0.01,0.02155887230514096,0.012437810945273632,0.5769230769230769,0.024844720496894408,0.02308546059933407,1.000153045607591
mo,step,0.03,2,BOCPD + новости,0.03,0.08208955223880597,0.04643449419568822,0.5151515151515151,0.0346489215236347,0.048729683741125386,3.0004591368227733
mo,step,0.03,2,BOCPD + новости,0.05,0.14427860696517414,0.09038142620232173,0.4540229885057471,0.03715846994535519,0.05909676645988792,5.0
mo,step,0.03,2,Stouffer-МО,0.01,0.04477611940298507,0.01990049751243781,0.6666666666666666,0.052830188679245285,0.04847085978072706,0.9963269054178145
mo,step,0.03,2,Stouffer-МО,0.03,0.0845771144278607,0.04975124378109453,0.47058823529411764,0.047435897435897434,0.06078175581002077,2.998163452708907
mo,step,0.03,2,Stouffer-МО,0.05,0.11442786069651742,0.07960199004975124,0.4782608695652174,0.04028436018957346,0.05959003276689781,5.0
mo,step,0.03,2,Пространственный,0.01,0.02736318407960199,0.017412935323383085,0.45454545454545453,0.03942895989123046,0.03230625110767907,1.000153045607591
mo,step,0.03,2,Пространственный,0.03,0.05721393034825871,0.04477611940298507,0.34782608695652173,0.03272727272727273,0.041637332796942574,3.0004591368227733
mo,step,0.03,2,Пространственный,0.05,0.0845771144278607,0.06301824212271974,0.38235294117647056,0.02873956480087587,0.04290117707851396,5.0
mo,step,0.03,2,Комбо: BOCPD ∨ Stouffer-МО,0.01,0.03648424543946932,0.013266998341625208,1.0681818181818181,0.0436241610738255,0.03973601945119834,1.000153045607591
mo,step,0.03,2,Комбо: BOCPD ∨ Stouffer-МО,0.03,0.087893864013267,0.05721393034825871,0.5377358490566038,0.04218852999340804,0.057011756994108896,2.9989286807468627
mo,step,0.03,2,Комбо: BOCPD ∨ Stouffer-МО,0.05,0.13930348258706468,0.0779436152570481,0.5059523809523809,0.04257583821181479,0.06521865719443312,4.997704315886134
mo,step,0.03,2,Комбо: оконный ∨ Stouffer ∨ пространств.,0.01,0.04145936981757877,0.015754560530679935,0.98,0.05304518664047151,0.04654209473901951,1.000153045607591
mo,step,0.03,2,Комбо: оконный ∨ Stouffer ∨ пространств.,0.03,0.0812603648424544,0.0538971807628524,0.4489795918367347,0.04183266932270916,0.05523201202329513,2.999693908784818
mo,step,0.03,2,Комбо: оконный ∨ Stouffer ∨ пространств.,0.05,0.11940298507462686,0.08208955223880597,0.4097222222222222,0.04113588110403397,0.061190752300821626,5.0
mo,step,0.05,0,z-score (инновация),0.01,0.03150912106135987,0.01824212271973466,0.5263157894736842,0.03284416491963662,0.0321627948856474,1.000153045607591
mo,step,0.05,0,z-score (инновация),0.03,0.11774461028192372,0.0812603648424544,0.3873239436619718,0.043000914913083256,0.06299554481612928,3.0004591368227733
mo,step,0.05,0,z-score (инновация),0.05,0.19237147595356552,0.13432835820895522,0.40948275862068967,0.044107606172333745,0.07176148709536245,5.0
mo,step,0.05,0,EWMA,0.01,0.019071310116086235,0.007462686567164179,0.7391304347826086,0.025334271639690358,0.021761126953048004,1.000153045607591
mo,step,0.05,0,EWMA,0.03,0.10364842454394693,0.0439469320066335,0.744,0.04678628208039973,0.06447081975586215,3.0004591368227733
mo,step,0.05,0,EWMA,0.05,0.1583747927031509,0.08208955223880597,0.6335078534031413,0.04785143012064525,0.07349657305590757,5.0
mo,step,0.05,0,CUSUM классический,0.01,0.00912106135986733,0.004975124378109453,0.7272727272727273,0.01735357917570499,0.011957334058020247,1.000153045607591
mo,step,0.05,0,CUSUM классический,0.03,0.03482587064676617,0.01990049751243781,0.6190476190476191,0.022160018661068346,0.027085369827305313,3.0004591368227733
mo,step,0.05,0,CUSUM классический,0.05,0.06218905472636816,0.0439469320066335,0.37333333333333335,0.025377894882817918,0.036046186392269176,5.0
mo,step,0.05,0,Page-Hinkley,0.01,0.009950248756218905,0.0024875621890547263,1.0,0.017069701280227598,0.012572027239392353,1.000153045607591
mo,step,0.05,0,Page-Hinkley,0.03,0.04975124378109453,0.02155887230514096,0.7833333333333333,0.02839990764257677,0.03615892287566328,3.0004591368227733
mo,step,0.05,0,Page-Hinkley,0.05,0.09038142620232173,0.0472636815920398,0.7155963302752294,0.03156600163979229,0.046790330853111926,5.0
mo,step,0.05,0,CUSUM оконный,0.01,0.03067993366500829,0.014096185737976783,0.918918918918919,0.04169424222369292,0.035348978276528796,1.000153045607591
mo,step,0.05,0,CUSUM оконный,0.03,0.0912106135986733,0.029850746268656716,1.1545454545454545,0.040549378678875085,0.05614046641038516,3.0004591368227733
mo,step,0.05,0,CUSUM оконный,0.05,0.14344941956882257,0.04809286898839138,1.0635838150289016,0.04011536444677504,0.06269749153184735,5.0
mo,step,0.05,0,GLR (онлайн-разрыв),0.01,0.03648424543946932,0.012437810945273632,1.0,0.04837640821736249,0.041597057642747064,1.000153045607591
mo,step,0.05,0,GLR (онлайн-разрыв),0.03,0.12769485903814262,0.04643449419568822,0.9545454545454546,0.05928509154315606,0.08097554186030327,3.0004591368227733
mo,step,0.05,0,GLR (онлайн-разрыв),0.05,0.18076285240464346,0.06882255389718077,0.8211009174311926,0.05532194480946123,0.08471661591374187,5.0
mo,step,0.05,0,BOCPD,0.01,0.05306799336650083,0.02155887230514096,0.71875,0.054268696227663796,0.05366162907216916,1.000153045607591
mo,step,0.05,0,BOCPD,0.03,0.15422885572139303,0.09369817578772803,0.4731182795698925,0.06226456902282296,0.08871394818315138,3.0004591368227733
mo,step,0.05,0,BOCPD,0.05,0.2296849087893864,0.1384742951907131,0.4729241877256318,0.05857238158772515,0.0933415568081813,5.0
mo,step,0.05,0,BOCPD + новости,0.01,0.05804311774461028,0.02570480928689884,0.6571428571428571,0.06044678055190539,0.05922056903242418,1.000153045607591
mo,step,0.05,0,BOCPD + новости,0.03,0.1724709784411277,0.10281923714759536,0.46634615384615385,0.07044107965766952,0.1000283149885167,3.0004591368227733
mo,step,0.05,0,BOCPD + новости,0.05,0.2570480928689884,0.16666666666666666,0.4129032258064516,0.06666666666666667,0.1058743169398907,5.0
mo,step,0.05,0,Stouffer-МО,0.01,0.06467661691542288,0.0,1.7692307692307692,0.05947955390334572,0.06196931327275435,0.9963269054178145
mo,step,0.05,0,Stouffer-МО,0.03,0.12935323383084577,0.024875621890547265,1.3076923076923077,0.052825552825552825,0.07501593585399402,2.998163452708907
mo,step,0.05,0,Stouffer-МО,0.05,0.20398009950248755,0.05970149253731343,1.0731707317073171,0.0561377245508982,0.08804455197491803,5.0
mo,step,0.05,0,Пространственный,0.01,0.02155887230514096,0.012437810945273632,0.5769230769230769,0.034552845528455285,0.026551330570072685,1.000153045607591
mo,step,0.05,0,Пространственный,0.03,0.06384742951907131,0.03399668325041459,0.7142857142857143,0.03172817281728173,0.0423907823377597,3.0004591368227733
mo,step,0.05,0,Пространственный,0.05,0.11276948590381426,0.0505804311774461,0.8529411764705882,0.03307888040712468,0.051152967045684686,5.0
mo,step,0.05,0,Комбо: BOCPD ∨ Stouffer-МО,0.01,0.03897180762852405,0.01077943615257048,1.148936170212766,0.04098893949251789,0.039954930945842924,1.000153045607591
mo,step,0.05,0,Комбо: BOCPD ∨ Stouffer-МО,0.03,0.15091210613598674,0.04643449419568822,1.010989010989011,0.05958714620131943,0.0854389897543629,3.0004591368227733
mo,step,0.05,0,Комбо: BOCPD ∨ Stouffer-МО,0.05,0.2222222222222222,0.09535655058043117,0.8208955223880597,0.05773908590449366,0.09166200904425587,4.997704315886134
mo,step,0.05,0,Комбо: оконный ∨ Stouffer ∨ пространств.,0.01,0.02736318407960199,0.007462686567164179,1.1818181818181819,0.035333333333333335,0.03084166534412527,1.000153045607591
mo,step,0.05,0,Комбо: оконный ∨ Stouffer ∨ пространств.,0.03,0.11028192371475953,0.020729684908789386,1.3458646616541354,0.04433282376064643,0.06324246771879484,2.998163452708907
mo,step,0.05,0,Комбо: оконный ∨ Stouffer ∨ пространств.,0.05,0.1517412935323383,0.03980099502487562,1.1256830601092895,0.04155844155844156,0.06524718387538858,4.999234771962045
mo,step,0.05,1,z-score (инновация),0.01,0.0406301824212272,0.028192371475953566,0.46938775510204084,0.04397834912043302,0.042238018194838606,1.000153045607591
mo,step,0.05,1,z-score (инновация),0.03,0.1285240464344942,0.08623548922056384,0.45806451612903226,0.04676661445513538,0.06857906174020824,3.0004591368227733
mo,step,0.05,1,z-score (инновация),0.05,0.19485903814262023,0.13018242122719734,0.451063829787234,0.044723685988379946,0.07274994025965888,5.0
mo,step,0.05,1,EWMA,0.01,0.02902155887230514,0.01658374792703151,0.5428571428571428,0.03967720242098184,0.03352299937499493,1.000153045607591
mo,step,0.05,1,EWMA,0.03,0.09038142620232173,0.05140961857379768,0.5963302752293578,0.046801872074883,0.06166960555969411,3.0004591368227733
mo,step,0.05,1,EWMA,0.05,0.14262023217247097,0.08043117744610281,0.6104651162790697,0.045167361204462964,0.06860708341544372,5.0
mo,step,0.05,1,CUSUM классический,0.01,0.014925373134328358,0.008291873963515755,0.5555555555555556,0.028945554789800137,0.01969519343493552,1.000153045607591
mo,step,0.05,1,CUSUM классический,0.03,0.04311774461028192,0.03316749585406302,0.36538461538461536,0.02957906712172924,0.03508771929824561,3.0004591368227733
mo,step,0.05,1,CUSUM классический,0.05,0.06965174129353234,0.05306799336650083,0.36904761904761907,0.028742678109249423,0.04069290904707786,5.0
mo,step,0.05,1,Page-Hinkley,0.01,0.017412935323383085,0.009950248756218905,0.6190476190476191,0.029235880398671095,0.021826170144917268,1.000153045607591
mo,step,0.05,1,Page-Hinkley,0.03,0.05721393034825871,0.03814262023217247,0.4782608695652174,0.034958806501892675,0.04339961660266696,3.0004591368227733
mo,step,0.05,1,Page-Hinkley,0.05,0.0912106135986733,0.05555555555555555,0.5545454545454546,0.03477910568013965,0.050356863840272055,5.0
mo,step,0.05,1,CUSUM оконный,0.01,0.02736318407960199,0.012437810945273632,0.9090909090909091,0.03638814016172507,0.031236853176272613,1.000153045607591
mo,step,0.05,1,CUSUM оконный,0.03,0.08706467661691543,0.03565505804311774,0.9428571428571428,0.03987796905643931,0.0547012780712355,3.0004591368227733
mo,step,0.05,1,CUSUM оконный,0.05,0.14013266998341625,0.06218905472636816,0.863905325443787,0.04084287200832466,0.06325076462076479,5.0
mo,step,0.05,1,GLR (онлайн-разрыв),0.01,0.03233830845771144,0.013266998341625208,0.8974358974358975,0.04394861392832995,0.03725995987388936,1.000153045607591
mo,step,0.05,1,GLR (онлайн-разрыв),0.03,0.1011608623548922,0.03897180762852405,0.9016393442622951,0.04607166703761407,0.06331005229459455,3.0004591368227733
mo,step,0.05,1,GLR (онлайн-разрыв),0.05,0.16500829187396351,0.07296849087893864,0.8341708542713567,0.04917163684559311,0.0757655290394847,5.0
mo,step,0.05,1,BOCPD,0.01,0.04643449419568822,0.019071310116086235,0.6785714285714286,0.05252387448840382,0.04929183003920941,1.000153045607591
mo,step,0.05,1,BOCPD,0.03,0.14427860696517414,0.07711442786069651,0.5574712643678161,0.05708529214237743,0.08180400225666214,3.0004591368227733
mo,step,0.05,1,BOCPD,0.05,0.22553897180762852,0.13266998341625208,0.5073529411764706,0.05587565322256465,0.08956277503732966,5.0
mo,step,0.05,1,BOCPD + новости,0.01,0.04975124378109453,0.022388059701492536,0.6333333333333333,0.0557443915703603,0.05257758399589638,1.000153045607591
mo,step,0.05,1,BOCPD + новости,0.03,0.1583747927031509,0.09203980099502487,0.4973821989528796,0.06395736175882745,0.09111802955273351,3.0004591368227733
mo,step,0.05,1,BOCPD + новости,0.05,0.25787728026533996,0.15754560530679934,0.4662379421221865,0.06458029439066437,0.10329291035551375,5.0
mo,step,0.05,1,Stouffer-МО,0.01,0.03980099502487562,0.01990049751243781,0.875,0.05303030303030303,0.045473000406008934,0.9963269054178145
mo,step,0.05,1,Stouffer-МО,0.03,0.11940298507462686,0.04975124378109453,0.9583333333333334,0.05134474327628362,0.07181021585808933,2.998163452708907
mo,step,0.05,1,Stouffer-МО,0.05,0.19402985074626866,0.0845771144278607,0.9487179487179487,0.04981684981684982,0.0792789561006233,5.0
mo,step,0.05,1,Пространственный,0.01,0.019071310116086235,0.009950248756218905,0.782608695652174,0.0264808362369338,0.022173455278880674,1.000153045607591
mo,step,0.05,1,Пространственный,0.03,0.07131011608623548,0.03980099502487562,0.6744186046511628,0.033099070505554294,0.04521246907756625,3.0004591368227733
mo,step,0.05,1,Пространственный,0.05,0.11194029850746269,0.06053067993366501,0.7185185185185186,0.03429796355841372,0.052507794125690524,5.0
mo,step,0.05,1,Комбо: BOCPD ∨ Stouffer-МО,0.01,0.03814262023217247,0.014925373134328358,0.8478260869565217,0.043333333333333335,0.04057263043625755,1.000153045607591
mo,step,0.05,1,Комбо: BOCPD ∨ Stouffer-МО,0.03,0.11857379767827529,0.06716417910447761,0.5734265734265734,0.05508382320923144,0.07522270632497398,2.9989286807468627
mo,step,0.05,1,Комбо: BOCPD ∨ Stouffer-МО,0.05,0.20398009950248755,0.10945273631840796,0.6382113821138211,0.05512113831560057,0.08678935981155435,5.0
mo,step,0.05,1,Комбо: оконный ∨ Stouffer ∨ пространств.,0.01,0.024875621890547265,0.01658374792703151,0.43333333333333335,0.03496973772696705,0.029071392631520098,1.000153045607591
mo,step,0.05,1,Комбо: оконный ∨ Stouffer ∨ пространств.,0.03,0.0779436152570481,0.03814262023217247,0.776595744680851,0.0362110841245308,0.049449086622508055,2.999693908784818
mo,step,0.05,1,Комбо: оконный ∨ Stouffer ∨ пространств.,0.05,0.15339966832504145,0.06965174129353234,0.9135135135135135,0.040897948651786864,0.06457857647432576,5.0
mo,step,0.05,2,z-score (инновация),0.01,0.04809286898839138,0.02321724709784411,0.6896551724137931,0.04879679144385027,0.04844227314851893,1.000153045607591
mo,step,0.05,2,z-score (инновация),0.03,0.1252072968490879,0.08208955223880597,0.39072847682119205,0.046205357142857145,0.06750082602508094,3.0004591368227733
mo,step,0.05,2,z-score (инновация),0.05,0.19237147595356552,0.1351575456053068,0.3922413793103448,0.04496040799892632,0.07288611965815171,5.0
mo,step,0.05,2,EWMA,0.01,0.03482587064676617,0.009950248756218905,0.9285714285714286,0.04584717607973422,0.03958367480740863,1.000153045607591
mo,step,0.05,2,EWMA,0.03,0.10862354892205639,0.05306799336650083,0.6870229007633588,0.05125939019001326,0.06965066953287392,3.0004591368227733
mo,step,0.05,2,EWMA,0.05,0.16003316749585406,0.08872305140961857,0.6062176165803109,0.04952735987218746,0.0756442100771498,5.0
mo,step,0.05,2,CUSUM классический,0.01,0.01824212271973466,0.01077943615257048,0.5454545454545454,0.0321285140562249,0.023271188681740048,1.000153045607591
mo,step,0.05,2,CUSUM классический,0.03,0.04477611940298507,0.03482587064676617,0.3333333333333333,0.029731528733081873,0.03573492155206898,3.0004591368227733
mo,step,0.05,2,CUSUM классический,0.05,0.07545605306799337,0.04643449419568822,0.5824175824175825,0.0285444997980342,0.041420073878537335,5.0
mo,step,0.05,2,Page-Hinkley,0.01,0.02155887230514096,0.008291873963515755,1.0,0.03457627118644068,0.02655824387117449,1.000153045607591
mo,step,0.05,2,Page-Hinkley,0.03,0.06135986733001658,0.03316749585406302,0.6891891891891891,0.03597601598934044,0.04535806308811678,3.0004591368227733
mo,step,0.05,2,Page-Hinkley,0.05,0.0945273631840796,0.05223880597014925,0.6491228070175439,0.03421545041432772,0.05024430051545859,5.0
mo,step,0.05,2,CUSUM оконный,0.01,0.029850746268656716,0.014925373134328358,0.75,0.04454486765655261,0.035746664939774644,1.000153045607591
mo,step,0.05,2,CUSUM оконный,0.03,0.09535655058043117,0.03731343283582089,0.9652173913043478,0.044926913155631985,0.06107741215754339,3.0004591368227733
mo,step,0.05,2,CUSUM оконный,0.05,0.15257048092868988,0.06301824212271974,0.9402173913043478,0.042671854734111545,0.0666911238979098,5.0
mo,step,0.05,2,GLR (онлайн-разрыв),0.01,0.04560530679933665,0.015754560530679935,0.9818181818181818,0.05909389363099146,0.05148072073009022,1.000153045607591
mo,step,0.05,2,GLR (онлайн-разрыв),0.03,0.12686567164179105,0.05555555555555555,0.803921568627451,0.06233822260569456,0.08359849580561181,3.0004591368227733
mo,step,0.05,2,GLR (онлайн-разрыв),0.05,0.18822553897180763,0.09369817578772803,0.7180616740088106,0.05783727579932415,0.08848514896584105,5.0
mo,step,0.05,2,BOCPD,0.01,0.05472636815920398,0.03980099502487562,0.30303030303030304,0.06649282920469361,0.060038527397260275,1.000153045607591
mo,step,0.05,2,BOCPD,0.03,0.14096185737976782,0.09038142620232173,0.4235294117647059,0.05776411157478586,0.08194738211930483,3.0004591368227733
mo,step,0.05,2,BOCPD,0.05,0.21724709784411278,0.13681592039800994,0.4541984732824427,0.05611568055187052,0.08919260196998584,5.0
mo,step,0.05,2,BOCPD + новости,0.01,0.05638474295190713,0.0439469320066335,0.25,0.07022106631989597,0.06254684199768346,1.000153045607591
mo,step,0.05,2,BOCPD + новости,0.03,0.15754560530679934,0.10364842454394693,0.4105263157894737,0.065459306131355,0.09248967604273997,3.0004591368227733
mo,step,0.05,2,BOCPD + новости,0.05,0.2504145936981758,0.16086235489220563,0.40066225165562913,0.06436358859845003,0.10240596581531355,5.0
mo,step,0.05,2,Stouffer-МО,0.01,0.05970149253731343,0.014925373134328358,1.3333333333333333,0.06569343065693431,0.0625543006081668,0.9963269054178145
mo,step,0.05,2,Stouffer-МО,0.03,0.15422885572139303,0.04975124378109453,1.2258064516129032,0.06235011990407674,0.08880074918746213,2.998163452708907
mo,step,0.05,2,Stouffer-МО,0.05,0.23383084577114427,0.06965174129353234,1.2765957446808511,0.05710102489019034,0.09178768152228342,5.0
mo,step,0.05,2,Пространственный,0.01,0.03233830845771144,0.01658374792703151,0.6666666666666666,0.043824701195219126,0.03721535458685751,1.000153045607591
mo,step,0.05,2,Пространственный,0.03,0.08043117744610281,0.03980099502487562,0.7938144329896907,0.039850286217525316,0.05329508545062684,3.0004591368227733
mo,step,0.05,2,Пространственный,0.05,0.1252072968490879,0.06550580431177445,0.6887417218543046,0.03794790427079201,0.05824337173710718,5.0
mo,step,0.05,2,Комбо: BOCPD ∨ Stouffer-МО,0.01,0.04809286898839138,0.01824212271973466,0.8103448275862069,0.053367217280813214,0.05059295104778915,0.9993878175696358
mo,step,0.05,2,Комбо: BOCPD ∨ Stouffer-МО,0.03,0.15008291873963517,0.07628524046434494,0.6961325966850829,0.06403527188746588,0.08976911750477466,2.9989286807468627
mo,step,0.05,2,Комбо: BOCPD ∨ Stouffer-МО,0.05,0.21475953565505804,0.1077943615257048,0.7027027027027027,0.056121806971184095,0.08898872907525723,5.0
mo,step,0.05,2,Комбо: оконный ∨ Stouffer ∨ пространств.,0.01,0.03648424543946932,0.01077943615257048,1.0454545454545454,0.04633204633204633,0.04082263800835009,0.9993878175696358
mo,step,0.05,2,Комбо: оконный ∨ Stouffer ∨ пространств.,0.03,0.11774461028192372,0.04892205638474295,0.9154929577464789,0.0514346439957492,0.07159450061564937,2.998163452708907
mo,step,0.05,2,Комбо: оконный ∨ Stouffer ∨ пространств.,0.05,0.1724709784411277,0.06716417910447761,0.9326923076923077,0.04665570868630674,0.07344386785998279,4.997704315886134
mo,step,0.1,0,z-score (инновация),0.01,0.14925373134328357,0.1384742951907131,0.08333333333333333,0.15057680631451123,0.1499123496342864,1.000153045607591
mo,step,0.1,0,z-score (инновация),0.03,0.27860696517412936,0.2595356550580431,0.09226190476190477,0.11365528726061615,0.1614489003880983,3.0004591368227733
mo,step,0.1,0,z-score (инновация),0.05,0.37976782752902155,0.34577114427860695,0.11353711790393013,0.09644993001654155,0.15383122450742984,5.0
mo,step,0.1,0,EWMA,0.01,0.10033167495854063,0.05140961857379768,0.5785123966942148,0.1411192214111922,0.11728039171450297,1.000153045607591
mo,step,0.1,0,EWMA,0.03,0.21724709784411278,0.14427860696517414,0.4122137404580153,0.11833839918946303,0.1532168345454855,3.0004591368227733
mo,step,0.1,0,EWMA,0.05,0.30845771144278605,0.20149253731343283,0.4220430107526882,0.10291382517048978,0.15433524277959393,5.0
mo,step,0.1,0,CUSUM классический,0.01,0.015754560530679935,0.008291873963515755,0.7894736842105263,0.02482758620689655,0.01927683679508497,1.000153045607591
mo,step,0.1,0,CUSUM классический,0.03,0.06053067993366501,0.02736318407960199,0.8082191780821918,0.033583738400353516,0.043199470518385866,3.0004591368227733
mo,step,0.1,0,CUSUM классический,0.05,0.11525704809286899,0.05638474295190713,0.7697841726618705,0.03854166666666667,0.05776639597443587,5.0
mo,step,0.1,0,Page-Hinkley,0.01,0.04477611940298507,0.013266998341625208,1.1296296296296295,0.06179775280898876,0.05192761605035404,1.000153045607591
mo,step,0.1,0,Page-Hinkley,0.03,0.12189054726368159,0.05140961857379768,0.8163265306122449,0.06442869057547956,0.0842988458390633,3.0004591368227733
mo,step,0.1,0,Page-Hinkley,0.05,0.18490878938640132,0.08955223880597014,0.6905829596412556,0.06191911580005024,0.09277223929615996,5.0
mo,step,0.1,0,CUSUM оконный,0.01,0.10364842454394693,0.019071310116086235,1.392,0.09797822706065319,0.10073359641324438,1.000153045607591
mo,step,0.1,0,CUSUM оконный,0.03,0.2470978441127695,0.0472636815920398,1.2852348993288591,0.08977189109639441,0.1316974392969568,3.0004591368227733
mo,step,0.1,0,CUSUM оконный,0.05,0.3200663349917081,0.0779436152570481,1.1373056994818653,0.08004587155963303,0.12806401965155376,5.0
mo,step,0.1,0,GLR (онлайн-разрыв),0.01,0.13598673300165837,0.0439469320066335,0.9329268292682927,0.17115177610333693,0.1515561884281189,1.000153045607591
mo,step,0.1,0,GLR (онлайн-разрыв),0.03,0.2860696517412935,0.1451077943615257,0.6608695652173913,0.14261395876678645,0.1903386297857675,3.0004591368227733
mo,step,0.1,0,GLR (онлайн-разрыв),0.05,0.38474295190713104,0.21475953565505804,0.6206896551724138,0.1226326864624737,0.18598473486621517,5.0
mo,step,0.1,0,BOCPD,0.01,0.18076285240464346,0.1384742951907131,0.24311926605504589,0.2045580878265703,0.19192574073852559,1.000153045607591
mo,step,0.1,0,BOCPD,0.03,0.351575456053068,0.2703150912106136,0.25235849056603776,0.14615539048383858,0.2064756420924763,3.0004591368227733
mo,step,0.1,0,BOCPD,0.05,0.4759535655058043,0.3623548922056385,0.2700348432055749,0.12336701996549174,0.19594512333404152,5.0
mo,step,0.1,0,BOCPD + новости,0.01,0.19817578772802655,0.1558872305140962,0.2217573221757322,0.22016348773841962,0.20859180655635357,1.000153045607591
mo,step,0.1,0,BOCPD + новости,0.03,0.3922056384742952,0.29933665008291876,0.25158562367864695,0.16078817733990147,0.22807499089249417,3.0004591368227733
mo,step,0.1,0,BOCPD + новости,0.05,0.5107794361525705,0.40298507462686567,0.2353896103896104,0.13256975752406483,0.21050436268382008,5.0
mo,step,0.1,0,Stouffer-МО,0.01,0.2835820895522388,0.024875621890547265,1.543859649122807,0.17419354838709677,0.2158182583087926,0.9963269054178145
mo,step,0.1,0,Stouffer-МО,0.03,0.48258706467661694,0.05970149253731343,1.3505154639175259,0.13996478873239437,0.21699460432919926,2.998163452708907
mo,step,0.1,0,Stouffer-МО,0.05,0.5621890547263682,0.10945273631840796,1.1327433628318584,0.12185120093731693,0.20029058496201516,5.0
mo,step,0.1,0,Пространственный,0.01,0.06467661691542288,0.01990049751243781,1.1282051282051282,0.07298410829899941,0.0685796941141435,1.000153045607591
mo,step,0.1,0,Пространственный,0.03,0.14013266998341625,0.04892205638474295,1.0769230769230769,0.058473533032416904,0.08251557285492062,3.0004591368227733
mo,step,0.1,0,Пространственный,0.05,0.2197346600331675,0.06633499170812604,1.1433962264150943,0.05615739011331092,0.08945328448823986,5.0
mo,step,0.1,0,Комбо: BOCPD ∨ Stouffer-МО,0.01,0.23548922056384744,0.10862354892205639,0.8943661971830986,0.2021551724137931,0.21755271973566223,1.000153045607591
mo,step,0.1,0,Комбо: BOCPD ∨ Stouffer-МО,0.03,0.4502487562189055,0.23051409618573798,0.7550644567219152,0.1632103846762704,0.23957674701942885,3.0004591368227733
mo,step,0.1,0,Комбо: BOCPD ∨ Stouffer-МО,0.05,0.5621890547263682,0.30514096185737977,0.6710914454277286,0.14177886576907384,0.226449314539208,5.0
mo,step,0.1,0,Комбо: оконный ∨ Stouffer ∨ пространств.,0.01,0.1625207296849088,0.02155887230514096,1.5255102040816326,0.12612187057156354,0.14202628729302758,0.9993878175696358
mo,step,0.1,0,Комбо: оконный ∨ Stouffer ∨ пространств.,0.03,0.3474295190713101,0.05970149253731343,1.3937947494033414,0.10951008645533142,0.1665298267449705,2.998163452708907
mo,step,0.1,0,Комбо: оконный ∨ Stouffer ∨ пространств.,0.05,0.45688225538971805,0.08872305140961857,1.2667876588021778,0.09787910922587487,0.1612196920369221,5.0
mo,step,0.1,1,z-score (инновация),0.01,0.16169154228855723,0.1417910447761194,0.14871794871794872,0.16072472238457042,0.1612066827497576,1.000153045607591
mo,step,0.1,1,z-score (инновация),0.03,0.29767827529021557,0.26285240464344944,0.14484679665738162,0.11869918699186992,0.16972181476120624,3.0004591368227733
mo,step,0.1,1,z-score (инновация),0.05,0.39718076285240467,0.3449419568822554,0.1732776617954071,0.1014910412229044,0.1616706172122392,5.0
mo,step,0.1,1,EWMA,0.01,0.10945273631840796,0.04809286898839138,0.7045454545454546,0.1466359976998275,0.1253449219666417,1.000153045607591
mo,step,0.1,1,EWMA,0.03,0.23217247097844113,0.14013266998341625,0.44285714285714284,0.12030970815961882,0.15849086211631255,3.0004591368227733
mo,step,0.1,1,EWMA,0.05,0.3208955223880597,0.19817578772802655,0.4496124031007752,0.10474090407938258,0.1579323809707912,5.0
mo,step,0.1,1,CUSUM классический,0.01,0.028192371475953566,0.013266998341625208,0.8529411764705882,0.04605678233438486,0.03497548052533679,1.000153045607591
mo,step,0.1,1,CUSUM классический,0.03,0.06633499170812604,0.03233830845771144,0.725,0.03817946505608283,0.04846476891957107,3.0004591368227733
mo,step,0.1,1,CUSUM классический,0.05,0.11940298507462686,0.05970149253731343,0.7291666666666666,0.04085326438267615,0.06087752251601406,5.0
mo,step,0.1,1,Page-Hinkley,0.01,0.04477611940298507,0.015754560530679935,0.9629629629629629,0.0615748963883955,0.051848774407976736,1.000153045607591
mo,step,0.1,1,Page-Hinkley,0.03,0.12271973466003316,0.04560530679933665,0.8851351351351351,0.06131885806192199,0.08177669563453027,3.0004591368227733
mo,step,0.1,1,Page-Hinkley,0.05,0.19817578772802655,0.08706467661691543,0.7782426778242678,0.0630575583526824,0.09567294134714335,5.0
mo,step,0.1,1,CUSUM оконный,0.01,0.10613598673300166,0.01658374792703151,1.5625,0.09157894736842105,0.09832157582927928,1.000153045607591
mo,step,0.1,1,CUSUM оконный,0.03,0.22802653399668324,0.0406301824212272,1.28,0.08250460405156537,0.1211681316011798,3.0004591368227733
mo,step,0.1,1,CUSUM оконный,0.05,0.2935323383084577,0.07048092868988391,1.1242937853107344,0.07360406091370558,0.11769561478933792,5.0
mo,step,0.1,1,GLR (онлайн-разрыв),0.01,0.12935323383084577,0.03399668325041459,1.0256410256410255,0.16426991150442477,0.144735485684832,1.000153045607591
mo,step,0.1,1,GLR (онлайн-разрыв),0.03,0.2645107794361526,0.12603648424543948,0.6927899686520376,0.1362591031046378,0.17986382279516955,3.0004591368227733
mo,step,0.1,1,GLR (онлайн-разрыв),0.05,0.351575456053068,0.19402985074626866,0.5943396226415094,0.11642535010681225,0.17492403868192133,5.0
mo,step,0.1,1,BOCPD,0.01,0.1865671641791045,0.13432835820895522,0.30666666666666664,0.2110609480812641,0.198059650906626,1.000153045607591
mo,step,0.1,1,BOCPD,0.03,0.3540630182421227,0.2678275290215589,0.2693208430913349,0.1484593837535014,0.20920053430210253,3.0004591368227733
mo,step,0.1,1,BOCPD,0.05,0.45439469320066334,0.35572139303482586,0.24452554744525548,0.11991034740381024,0.18974803168292054,5.0
mo,step,0.1,1,BOCPD + новости,0.01,0.20315091210613598,0.15008291873963517,0.2897959183673469,0.2280022136137244,0.2148603588597969,1.000153045607591
mo,step,0.1,1,BOCPD + новости,0.03,0.3864013266998342,0.29850746268656714,0.24892703862660945,0.16018938646675873,0.22648533889423259,3.0004591368227733
mo,step,0.1,1,BOCPD + новости,0.05,0.48507462686567165,0.3880597014925373,0.22393162393162394,0.12923493901687816,0.204094460849094,5.0
mo,step,0.1,1,Stouffer-МО,0.01,0.22388059701492538,0.024875621890547265,1.6,0.1383219954648526,0.17099607549990656,0.9963269054178145
mo,step,0.1,1,Stouffer-МО,0.03,0.46766169154228854,0.0845771144278607,1.351063829787234,0.12863436123348018,0.2017701196742039,2.998163452708907
mo,step,0.1,1,Stouffer-МО,0.05,0.572139303482587,0.12935323383084577,1.1391304347826088,0.11829197922677438,0.19604989604989606,5.0
mo,step,0.1,1,Пространственный,0.01,0.0472636815920398,0.01658374792703151,1.2280701754385965,0.05164034021871203,0.04935517388912658,1.000153045607591
mo,step,0.1,1,Пространственный,0.03,0.13681592039800994,0.03316749585406302,1.2787878787878788,0.053674649050371594,0.07710141801908664,3.0004591368227733
mo,step,0.1,1,Пространственный,0.05,0.208955223880597,0.05887230514096186,1.1388888888888888,0.05331340308918784,0.08495193807241896,5.0
mo,step,0.1,1,Комбо: BOCPD ∨ Stouffer-МО,0.01,0.21393034825870647,0.10281923714759536,0.8178294573643411,0.1848404255319149,0.1983243467440896,0.9993878175696358
mo,step,0.1,1,Комбо: BOCPD ∨ Stouffer-МО,0.03,0.4187396351575456,0.21890547263681592,0.7584158415841584,0.15289725693880862,0.22400283282050462,3.0004591368227733
mo,step,0.1,1,Комбо: BOCPD ∨ Stouffer-МО,0.05,0.5414593698175788,0.30514096185737977,0.669218989280245,0.132752434648898,0.21322690920139664,5.0
mo,step,0.1,1,Комбо: оконный ∨ Stouffer ∨ пространств.,0.01,0.12437810945273632,0.019071310116086235,1.64,0.09602327837051407,0.10837675701712134,1.000153045607591
mo,step,0.1,1,Комбо: оконный ∨ Stouffer ∨ пространств.,0.03,0.30016583747927034,0.04809286898839138,1.4834254143646408,0.09020485453606472,0.1387215600983179,3.0004591368227733
mo,step,0.1,1,Комбо: оконный ∨ Stouffer ∨ пространств.,0.05,0.4444444444444444,0.07545605306799337,1.375,0.0878262729995721,0.14666934637457849,5.0
mo,step,0.1,2,z-score (инновация),0.01,0.14427860696517414,0.13266998341625208,0.10919540229885058,0.13929440389294404,0.1417427031641855,1.000153045607591
mo,step,0.1,2,z-score (инновация),0.03,0.27611940298507465,0.24958540630182421,0.12312312312312312,0.11043587594300083,0.1577703878114102,3.0004591368227733
mo,step,0.1,2,z-score (инновация),0.05,0.3714759535655058,0.32669983416252074,0.15848214285714285,0.09501399135080132,0.1513233604442899,5.0
mo,step,0.1,2,EWMA,0.01,0.1011608623548922,0.0472636815920398,0.5901639344262295,0.1431980906921241,0.11856363076823401,1.000153045607591
mo,step,0.1,2,EWMA,0.03,0.2222222222222222,0.13930348258706468,0.47388059701492535,0.1212244070545307,0.15687303252885626,3.0004591368227733
mo,step,0.1,2,EWMA,0.05,0.3034825870646766,0.19817578772802655,0.3989071038251366,0.10303256276410638,0.15383726147832102,5.0
mo,step,0.1,2,CUSUM классический,0.01,0.017412935323383085,0.009950248756218905,0.6190476190476191,0.032996632996632996,0.022795999069551057,1.000153045607591
mo,step,0.1,2,CUSUM классический,0.03,0.06716417910447761,0.03565505804311774,0.691358024691358,0.038384734856889285,0.04885089026590321,3.0004591368227733
mo,step,0.1,2,CUSUM классический,0.05,0.11774461028192372,0.06135986733001658,0.7112676056338029,0.04054946506406023,0.06032419028536163,5.0
mo,step,0.1,2,Page-Hinkley,0.01,0.0472636815920398,0.015754560530679935,0.9122807017543859,0.07059545733578883,0.056620152628237524,1.000153045607591
mo,step,0.1,2,Page-Hinkley,0.03,0.12271973466003316,0.05472636815920398,0.75,0.06783187682064086,0.0873706589016736,3.0004591368227733
mo,step,0.1,2,Page-Hinkley,0.05,0.1932006633499171,0.08955223880597014,0.7253218884120172,0.06416235976301525,0.09633249033503191,5.0
mo,step,0.1,2,CUSUM оконный,0.01,0.1111111111111111,0.01824212271973466,1.4701492537313432,0.10668789808917198,0.10885458976441917,1.000153045607591
mo,step,0.1,2,CUSUM оконный,0.03,0.2462686567164179,0.05555555555555555,1.1919191919191918,0.09561387410534043,0.1377473150369946,3.0004591368227733
mo,step,0.1,2,CUSUM оконный,0.05,0.3067993366500829,0.08208955223880597,1.0567567567567568,0.0804465416043273,0.1274691196779437,5.0
mo,step,0.1,2,GLR (онлайн-разрыв),0.01,0.1310116086235489,0.04311774461028192,0.8607594936708861,0.17744610281923714,0.15073378626580358,1.000153045607591
mo,step,0.1,2,GLR (онлайн-разрыв),0.03,0.28524046434494194,0.15008291873963517,0.6686046511627907,0.14616552771450267,0.1932857853803909,3.0004591368227733
mo,step,0.1,2,GLR (онлайн-разрыв),0.05,0.373134328358209,0.2023217247097844,0.6022222222222222,0.12142772441598482,0.18322817992148385,5.0
mo,step,0.1,2,BOCPD,0.01,0.1857379767827529,0.13930348258706468,0.27232142857142855,0.20741989881956155,0.19598107906248888,1.000153045607591
mo,step,0.1,2,BOCPD,0.03,0.35323383084577115,0.2603648424543947,0.2981220657276995,0.14510913500404204,0.20571156476859567,3.0004591368227733
mo,step,0.1,2,BOCPD,0.05,0.4684908789386401,0.3524046434494196,0.27256637168141595,0.12226801548644936,0.19392496865265035,5.0
mo,step,0.1,2,BOCPD + новости,0.01,0.1956882255389718,0.15008291873963517,0.2542372881355932,0.2188365650969529,0.20661605807059344,1.000153045607591
mo,step,0.1,2,BOCPD + новости,0.03,0.39303482587064675,0.29767827529021557,0.270042194092827,0.1614438714795716,0.2288746681093086,3.0004591368227733
mo,step,0.1,2,BOCPD + новости,0.05,0.5033167495854063,0.39054726368159204,0.2471169686985173,0.1320824589556845,0.2092521143407241,5.0
mo,step,0.1,2,Stouffer-МО,0.01,0.26865671641791045,0.014925373134328358,1.6296296296296295,0.16517857142857142,0.20457686991245586,0.9963269054178145
mo,step,0.1,2,Stouffer-МО,0.03,0.48756218905472637,0.06467661691542288,1.336734693877551,0.1424778761061947,0.220515579905102,2.998163452708907
mo,step,0.1,2,Stouffer-МО,0.05,0.6268656716417911,0.11442786069651742,1.2063492063492063,0.12774566473988438,0.2122400448169024,5.0
mo,step,0.1,2,Пространственный,0.01,0.06218905472636816,0.014096185737976783,1.32,0.0725261216963737,0.06696099238460577,1.000153045607591
mo,step,0.1,2,Пространственный,0.03,0.15091210613598674,0.0406301824212272,1.2307692307692308,0.062156103525575705,0.08804794020797777,3.0004591368227733
mo,step,0.1,2,Пространственный,0.05,0.2155887230514096,0.06467661691542288,1.0961538461538463,0.057206537890044575,0.09042007849655166,5.0
mo,step,0.1,2,Комбо: BOCPD ∨ Stouffer-МО,0.01,0.20978441127694858,0.09867330016583747,0.8023715415019763,0.1952662721893491,0.20226515656229183,1.000153045607591
mo,step,0.1,2,Комбо: BOCPD ∨ Stouffer-МО,0.03,0.42703150912106136,0.22553897180762852,0.7378640776699029,0.16113821138211382,0.23398380156226076,2.9966329966329965
mo,step,0.1,2,Комбо: BOCPD ∨ Stouffer-МО,0.05,0.5522388059701493,0.29850746268656714,0.7102102102102102,0.13829897441209987,0.22120168560207432,5.0
mo,step,0.1,2,Комбо: оконный ∨ Stouffer ∨ пространств.,0.01,0.14013266998341625,0.013266998341625208,1.5976331360946745,0.1159569009748589,0.1269036460626278,0.9993878175696358
mo,step,0.1,2,Комбо: оконный ∨ Stouffer ∨ пространств.,0.03,0.3358208955223881,0.04643449419568822,1.4592592592592593,0.10575107296137339,0.1608499749034581,3.0004591368227733
mo,step,0.1,2,Комбо: оконный ∨ Stouffer ∨ пространств.,0.05,0.46102819237147596,0.08872305140961857,1.3201438848920863,0.09816936088213253,0.1618706760443451,4.99846954392409
mo,step,0.2,0,z-score (инновация),0.01,0.32172470978441126,0.31094527363184077,0.03865979381443299,0.31133004926108376,0.3164420401695151,1.000153045607591
mo,step,0.2,0,z-score (инновация),0.03,0.5024875621890548,0.48009950248756217,0.05115511551155116,0.20663931368892205,0.2928493856883039,3.0004591368227733
mo,step,0.2,0,z-score (инновация),0.05,0.5928689883913765,0.5679933665008292,0.04755244755244755,0.16570892459247097,0.2590206775309923,5.0
mo,step,0.2,0,EWMA,0.01,0.23466003316749584,0.1451077943615257,0.4204946996466431,0.3013574660633484,0.2638591205815938,1.000153045607591
mo,step,0.2,0,EWMA,0.03,0.41127694859038144,0.2877280265339967,0.3286290322580645,0.2095920805598225,0.27767657040112775,3.0004591368227733
mo,step,0.2,0,EWMA,0.05,0.5107794361525705,0.3681592039800995,0.30194805194805197,0.16839349983640528,0.25328434730088595,5.0
mo,step,0.2,0,CUSUM классический,0.01,0.0439469320066335,0.01658374792703151,0.9622641509433962,0.06046511627906977,0.05089942008643297,1.000153045607591
mo,step,0.2,0,CUSUM классический,0.03,0.1583747927031509,0.04228855721393035,1.0104712041884816,0.0715909090909091,0.09860770800383516,3.0004591368227733
mo,step,0.2,0,CUSUM классический,0.05,0.2263681592039801,0.0845771144278607,0.8388278388278388,0.06850919311394776,0.10518474756944889,5.0
mo,step,0.2,0,Page-Hinkley,0.01,0.11028192371475953,0.01990049751243781,1.112781954887218,0.12261846604787494,0.11612346662446062,1.000153045607591
mo,step,0.2,0,Page-Hinkley,0.03,0.23797678275290216,0.07379767827529021,0.9128919860627178,0.10568383658969804,0.14636707265854684,3.0004591368227733
mo,step,0.2,0,Page-Hinkley,0.05,0.33499170812603646,0.1451077943615257,0.7202970297029703,0.10101792431953972,0.15522669455415442,5.0
mo,step,0.2,0,CUSUM оконный,0.01,0.3333333333333333,0.04228855721393035,1.2960199004975124,0.2060255629945222,0.254654880571751,1.000153045607591
mo,step,0.2,0,CUSUM оконный,0.03,0.49502487562189057,0.12686567164179105,1.036850921273032,0.1613668061366806,0.24339303911743684,3.0004591368227733
mo,step,0.2,0,CUSUM оконный,0.05,0.5696517412935324,0.19734660033167495,0.9112081513828238,0.13498098859315588,0.218247469730731,5.0
mo,step,0.2,0,GLR (онлайн-разрыв),0.01,0.373134328358209,0.21393034825870647,0.5555555555555556,0.3665097511768662,0.3697923734563713,1.000153045607591
mo,step,0.2,0,GLR (онлайн-разрыв),0.03,0.538971807628524,0.3656716417910448,0.4123076923076923,0.24643069601427722,0.33821944052874087,3.0004591368227733
mo,step,0.2,0,GLR (онлайн-разрыв),0.05,0.6185737976782753,0.4444444444444444,0.3672922252010724,0.19430284857571214,0.2957168261557633,5.0
mo,step,0.2,0,BOCPD,0.01,0.43781094527363185,0.3805970149253731,0.13257575757575757,0.40371621621621623,0.42007290158286315,1.000153045607591
mo,step,0.2,0,BOCPD,0.03,0.6202321724709784,0.5447761194029851,0.12566844919786097,0.24521276595744682,0.3514697233623789,3.0004591368227733
mo,step,0.2,0,BOCPD,0.05,0.7006633499170812,0.62106135986733,0.11952662721893491,0.18408880666049954,0.29157155254850925,5.0
mo,step,0.2,0,BOCPD + новости,0.01,0.4593698175787728,0.4021558872305141,0.1263537906137184,0.4155629139072848,0.43636968439815355,1.000153045607591
mo,step,0.2,0,BOCPD + новости,0.03,0.6459369817578773,0.5679933665008292,0.1245186136071887,0.25425214799228474,0.3648808003828575,3.0004591368227733
mo,step,0.2,0,BOCPD + новости,0.05,0.7346600331674958,0.6533996683250415,0.11512415349887133,0.19177454462137702,0.3041533567291565,5.0
mo,step,0.2,0,Stouffer-МО,0.01,0.6616915422885572,0.0945273631840796,1.1879699248120301,0.2684563758389262,0.3819506766701367,0.9963269054178145
mo,step,0.2,0,Stouffer-МО,0.03,0.8258706467661692,0.25870646766169153,0.9216867469879518,0.21717171717171718,0.34390884343908845,2.998163452708907
mo,step,0.2,0,Stouffer-МО,0.05,0.8905472636815921,0.3333333333333333,0.8268156424581006,0.18215962441314554,0.30245308737136856,5.0
mo,step,0.2,0,Пространственный,0.01,0.22139303482587064,0.03565505804311774,1.3707865168539326,0.16614420062695925,0.18983037205465117,1.000153045607591
mo,step,0.2,0,Пространственный,0.03,0.3490878938640133,0.08291873963515754,1.1140142517814726,0.12510101826410214,0.18419347171179684,3.0004591368227733
mo,step,0.2,0,Пространственный,0.05,0.42205638474295193,0.12106135986733002,1.031434184675835,0.10387826270738666,0.16672217441539844,5.0
mo,step,0.2,0,Комбо: BOCPD ∨ Stouffer-МО,0.01,0.5679933665008292,0.3781094527363184,0.5284671532846715,0.3440356222170143,0.42851697407987516,0.9970921334557699
mo,step,0.2,0,Комбо: BOCPD ∨ Stouffer-МО,0.03,0.746268656716418,0.5199004975124378,0.43,0.24711582833410245,0.37128584156390726,2.9958677685950414
mo,step,0.2,0,Комбо: BOCPD ∨ Stouffer-МО,0.05,0.8225538971807629,0.5895522388059702,0.37600806451612906,0.20098159509202454,0.323033633034957,4.996939087848179
mo,step,0.2,0,Комбо: оконный ∨ Stouffer ∨ пространств.,0.01,0.47429519071310117,0.04228855721393035,1.444055944055944,0.22343949044585987,0.303772418357726,1.000153045607591
mo,step,0.2,0,Комбо: оконный ∨ Stouffer ∨ пространств.,0.03,0.6774461028192371,0.12023217247097844,1.1248470012239902,0.18486578403983966,0.29046707311105147,3.0004591368227733
mo,step,0.2,0,Комбо: оконный ∨ Stouffer ∨ пространств.,0.05,0.7620232172470979,0.2155887230514096,0.941240478781284,0.16015990473760314,0.2646883530452681,4.996939087848179
mo,step,0.2,1,z-score (инновация),0.01,0.3358208955223881,0.32172470978441126,0.05432098765432099,0.333648393194707,0.33473111935266353,1.000153045607591
mo,step,0.2,1,z-score (инновация),0.03,0.5149253731343284,0.49502487562189057,0.04186795491143317,0.2165231727422605,0.3048560999814974,3.0004591368227733
mo,step,0.2,1,z-score (инновация),0.05,0.6177446102819237,0.5912106135986733,0.05100671140939597,0.1697369945545128,0.26630238194143263,5.0
mo,step,0.2,1,EWMA,0.01,0.2603648424543947,0.16169154228855723,0.410828025477707,0.3195038494439692,0.2869186441217017,1.000153045607591
mo,step,0.2,1,EWMA,0.03,0.433665008291874,0.3175787728026534,0.2982791586998088,0.21787616511318242,0.29003621814601555,3.0004591368227733
mo,step,0.2,1,EWMA,0.05,0.5281923714759535,0.39552238805970147,0.2857142857142857,0.1747175901022055,0.2625784333670624,5.0
mo,step,0.2,1,CUSUM классический,0.01,0.0538971807628524,0.01077943615257048,1.2307692307692308,0.06325632563256325,0.05820291209219029,1.000153045607591
mo,step,0.2,1,CUSUM классический,0.03,0.1625207296849088,0.04809286898839138,0.9081632653061225,0.07630446979614737,0.10385049933119489,3.0004591368227733
mo,step,0.2,1,CUSUM классический,0.05,0.23797678275290216,0.08623548922056384,0.8327526132404182,0.07192575406032482,0.11046479144292073,5.0
mo,step,0.2,1,Page-Hinkley,0.01,0.14096185737976782,0.029850746268656716,1.011764705882353,0.15011135857461025,0.14539280674862196,1.000153045607591
mo,step,0.2,1,Page-Hinkley,0.03,0.2512437810945274,0.10862354892205639,0.7260726072607261,0.11850957391754356,0.16105218813212932,3.0004591368227733
mo,step,0.2,1,Page-Hinkley,0.05,0.3482587064676617,0.16500829187396351,0.7095238095238096,0.10418034580871088,0.16038276222244688,5.0
mo,step,0.2,1,CUSUM оконный,0.01,0.3275290215588723,0.0439469320066335,1.2886075949367088,0.19794117647058823,0.2467560676085728,1.000153045607591
mo,step,0.2,1,CUSUM оконный,0.03,0.47761194029850745,0.1318407960199005,0.9895833333333334,0.15760646309735726,0.23700424370923998,3.0004591368227733
mo,step,0.2,1,CUSUM оконный,0.05,0.5696517412935324,0.20066334991708126,0.9053857350800583,0.13395200599925008,0.21690047490745434,5.0
mo,step,0.2,1,GLR (онлайн-разрыв),0.01,0.38225538971807627,0.21061359867330018,0.5943600867678959,0.3701079622132254,0.37608361164964793,1.000153045607591
mo,step,0.2,1,GLR (онлайн-разрыв),0.03,0.527363184079602,0.3656716417910448,0.39622641509433965,0.2449314251639833,0.3345039955209447,3.0004591368227733
mo,step,0.2,1,GLR (онлайн-разрыв),0.05,0.6077943615257048,0.439469320066335,0.34924965893587995,0.19246150769846032,0.29234904407078577,5.0
mo,step,0.2,1,BOCPD,0.01,0.433665008291874,0.3888888888888889,0.10516252390057361,0.4060657118786858,0.41941180923605753,1.000153045607591
mo,step,0.2,1,BOCPD,0.03,0.6169154228855721,0.5398009950248757,0.13440860215053763,0.24640511272856383,0.3521545197855711,3.0004591368227733
mo,step,0.2,1,BOCPD,0.05,0.7106135986733002,0.6102819237147595,0.15052508751458576,0.18414648279058987,0.2924962736485982,5.0
mo,step,0.2,1,BOCPD + новости,0.01,0.4494195688225539,0.4071310116086235,0.0959409594095941,0.4161490683229814,0.43214489718202587,1.000153045607591
mo,step,0.2,1,BOCPD + новости,0.03,0.6509121061359867,0.5630182421227198,0.14394904458598726,0.2553937905630591,0.36684945053304957,3.0004591368227733
mo,step,0.2,1,BOCPD + новости,0.05,0.7388059701492538,0.6525704809286899,0.12570145903479238,0.1919586444572085,0.30473911517727126,5.0
mo,step,0.2,1,Stouffer-МО,0.01,0.6965174129353234,0.1044776119402985,1.2142857142857142,0.2651113467656416,0.3840456465682779,0.9963269054178145
mo,step,0.2,1,Stouffer-МО,0.03,0.8159203980099502,0.24875621890547264,0.8536585365853658,0.21398176291793314,0.33904596337495446,2.998163452708907
mo,step,0.2,1,Stouffer-МО,0.05,0.8706467661691543,0.3582089552238806,0.7085714285714285,0.18157058556513844,0.3004775446692064,5.0
mo,step,0.2,1,Пространственный,0.01,0.21475953565505804,0.03399668325041459,1.359073359073359,0.1595256312165264,0.18306710239946847,1.000153045607591
mo,step,0.2,1,Пространственный,0.03,0.35655058043117743,0.0845771144278607,1.0976744186046512,0.12513738420474171,0.18525605889100427,3.0004591368227733
mo,step,0.2,1,Пространственный,0.05,0.41956882255389716,0.11691542288557213,1.0138339920948616,0.10202167569820758,0.16413302961275628,5.0
mo,step,0.2,1,Комбо: BOCPD ∨ Stouffer-МО,0.01,0.5472636815920398,0.3781094527363184,0.4666666666666667,0.34039514401333015,0.41972409744643374,1.000153045607591
mo,step,0.2,1,Комбо: BOCPD ∨ Stouffer-МО,0.03,0.753731343283582,0.5290215588723052,0.42794279427942794,0.24425675675675676,0.36895023772111096,3.0004591368227733
mo,step,0.2,1,Комбо: BOCPD ∨ Stouffer-МО,0.05,0.8383084577114428,0.593698175787728,0.40158259149357073,0.20249798549556808,0.32620046699057614,5.0
mo,step,0.2,1,Комбо: оконный ∨ Stouffer ∨ пространств.,0.01,0.45439469320066334,0.03897180762852405,1.436131386861314,0.21254355400696864,0.2896180071217543,1.000153045607591
mo,step,0.2,1,Комбо: оконный ∨ Stouffer ∨ пространств.,0.03,0.6890547263681592,0.12437810945273632,1.174488567990373,0.17684210526315788,0.2814512861143199,2.999693908784818
mo,step,0.2,1,Комбо: оконный ∨ Stouffer ∨ пространств.,0.05,0.7910447761194029,0.21890547263681592,0.9727463312368972,0.15898617511520738,0.2647601809954751,5.0
mo,step,0.2,2,z-score (инновация),0.01,0.3275290215588723,0.3167495854063018,0.04050632911392405,0.319047619047619,0.32323269334115,1.000153045607591
mo,step,0.2,2,z-score (инновация),0.03,0.5074626865671642,0.49087893864013266,0.0457516339869281,0.21130897741876262,0.2983740922173722,3.0004591368227733
mo,step,0.2,2,z-score (инновация),0.05,0.6202321724709784,0.5928689883913765,0.06149732620320856,0.1704887653463053,0.26745875126192326,5.0
mo,step,0.2,2,EWMA,0.01,0.2504145936981758,0.14759535655058043,0.44370860927152317,0.31216931216931215,0.27790255162517935,1.000153045607591
mo,step,0.2,2,EWMA,0.03,0.42371475953565507,0.29270315091210614,0.34637964774951074,0.2132973337833277,0.2837535721581436,3.0004591368227733
mo,step,0.2,2,EWMA,0.05,0.5348258706467661,0.38308457711442784,0.32558139534883723,0.17301484828921884,0.2614509575266975,5.0
mo,step,0.2,2,CUSUM классический,0.01,0.0472636815920398,0.013266998341625208,1.0701754385964912,0.061849710982658956,0.053581782720995196,1.000153045607591
mo,step,0.2,2,CUSUM классический,0.03,0.16334991708126037,0.0472636815920398,0.9796954314720813,0.07506144828890149,0.10285819499380226,3.0004591368227733
mo,step,0.2,2,CUSUM классический,0.05,0.23797678275290216,0.0845771144278607,0.8501742160278746,0.07133698566266465,0.10976909580360254,5.0
mo,step,0.2,2,Page-Hinkley,0.01,0.1318407960199005,0.03150912106135987,0.9748427672955975,0.1444043321299639,0.13783687136308964,1.000153045607591
mo,step,0.2,2,Page-Hinkley,0.03,0.25538971807628524,0.09867330016583747,0.7954545454545454,0.11556240369799692,0.15912268979341604,3.0004591368227733
mo,step,0.2,2,Page-Hinkley,0.05,0.34245439469320066,0.1550580431177446,0.7215496368038741,0.10165253315938247,0.15677015839609743,5.0
mo,step,0.2,2,CUSUM оконный,0.01,0.3283582089552239,0.03648424543946932,1.3232323232323233,0.1995734308348568,0.24825780220348187,1.000153045607591
mo,step,0.2,2,CUSUM оконный,0.03,0.4767827529021559,0.12023217247097844,1.048695652173913,0.15637744339755308,0.23551091300626878,3.0004591368227733
mo,step,0.2,2,CUSUM оконный,0.05,0.5597014925373134,0.18490878938640132,0.9288888888888889,0.13186813186813187,0.21344717182497333,5.0
mo,step,0.2,2,GLR (онлайн-разрыв),0.01,0.3524046434494196,0.19154228855721392,0.5952941176470589,0.35234782608695653,0.35237623247787137,1.000153045607591
mo,step,0.2,2,GLR (онлайн-разрыв),0.03,0.5281923714759535,0.3383084577114428,0.45839874411302983,0.24312767257177764,0.33298287251347386,3.0004591368227733
mo,step,0.2,2,GLR (онлайн-разрыв),0.05,0.6086235489220564,0.43449419568822556,0.3569482288828338,0.19409325376757358,0.29432478436738224,5.0
mo,step,0.2,2,BOCPD,0.01,0.4228855721393035,0.37396351575456055,0.11764705882352941,0.39786324786324784,0.4099929798384067,1.000153045607591
mo,step,0.2,2,BOCPD,0.03,0.6077943615257048,0.5398009950248757,0.1145975443383356,0.24255395041911895,0.3467353821009093,3.0004591368227733
mo,step,0.2,2,BOCPD,0.05,0.6907131011608624,0.6135986733001658,0.11764705882352941,0.18117455896007428,0.2870545075804989,5.0
mo,step,0.2,2,BOCPD + новости,0.01,0.43781094527363185,0.3855721393034826,0.12121212121212122,0.40723601177955404,0.42197035745422845,1.000153045607591
mo,step,0.2,2,BOCPD + новости,0.03,0.6434494195688225,0.5638474295190713,0.125,0.2535161744022503,0.36372595864741086,3.0004591368227733
mo,step,0.2,2,BOCPD + новости,0.05,0.7205638474295191,0.6459369817578773,0.10817031070195628,0.18891571806370014,0.29934886238827757,5.0
mo,step,0.2,2,Stouffer-МО,0.01,0.6268656716417911,0.05970149253731343,1.2698412698412698,0.2460136674259681,0.35335358728674926,0.9963269054178145
mo,step,0.2,2,Stouffer-МО,0.03,0.7860696517412935,0.21393034825870647,0.9746835443037974,0.20243433696348495,0.32195618950585836,2.998163452708907
mo,step,0.2,2,Stouffer-МО,0.05,0.8507462686567164,0.3383084577114428,0.7602339181286549,0.17702008407286315,0.2930611137488978,5.0
mo,step,0.2,2,Пространственный,0.01,0.20978441127694858,0.02321724709784411,1.4268774703557312,0.15052920423363386,0.17528441408128229,1.000153045607591
mo,step,0.2,2,Пространственный,0.03,0.34245439469320066,0.07296849087893864,1.1646489104116222,0.11961644726149846,0.17730258792786407,3.0004591368227733
mo,step,0.2,2,Пространственный,0.05,0.43283582089552236,0.11442786069651742,1.0689655172413792,0.10309496144501955,0.1665259534911086,5.0
mo,step,0.2,2,Комбо: BOCPD ∨ Stouffer-МО,0.01,0.5339966832504146,0.351575456053068,0.5527950310559007,0.3339877300613497,0.4109482552079793,1.000153045607591
mo,step,0.2,2,Комбо: BOCPD ∨ Stouffer-МО,0.03,0.7280265339966833,0.5107794361525705,0.417995444191344,0.2414835484246018,0.36267066008786325,2.9966329966329965
mo,step,0.2,2,Комбо: BOCPD ∨ Stouffer-МО,0.05,0.8150912106135987,0.5903814262023217,0.3967446592065107,0.1953817383527116,0.31520673128086024,4.996939087848179
mo,step,0.2,2,Комбо: оконный ∨ Stouffer ∨ пространств.,0.01,0.4311774461028192,0.02902155887230514,1.476923076923077,0.20541525644363448,0.2782640307048094,1.000153045607591
mo,step,0.2,2,Комбо: оконный ∨ Stouffer ∨ пространств.,0.03,0.6509121061359867,0.09701492537313433,1.178343949044586,0.17234664070107109,0.27253282231181664,2.999693908784818
mo,step,0.2,2,Комбо: оконный ∨ Stouffer ∨ пространств.,0.05,0.7570480928689884,0.17495854063018243,1.0503833515881709,0.14930409110080134,0.24941822709651432,4.997704315886134
mo,dip,0.03,0,z-score (инновация),0.01,0.03316749585406302,0.017412935323383085,0.675,0.0345514950166113,0.03384535277271544,1.000153045607591
mo,dip,0.03,0,z-score (инновация),0.03,0.10033167495854063,0.05638474295190713,0.6694214876033058,0.03468208092485549,0.051546025773012885,3.0004591368227733
mo,dip,0.03,0,z-score (инновация),0.05,0.16749585406301823,0.0978441127694859,0.6237623762376238,0.03616540353676373,0.059486573188384614,5.0
mo,dip,0.03,0,EWMA,0.01,0.022388059701492536,0.013266998341625208,0.5925925925925926,0.02496626180836707,0.023606975754997876,1.000153045607591
mo,dip,0.03,0,EWMA,0.03,0.07462686567164178,0.04311774461028192,0.6444444444444445,0.03137516688918558,0.044177084312435375,3.0004591368227733
mo,dip,0.03,0,EWMA,0.05,0.12769485903814262,0.07877280265339967,0.5584415584415584,0.03392762107503992,0.05361114106951975,5.0
mo,dip,0.03,0,CUSUM классический,0.01,0.015754560530679935,0.01077943615257048,0.47368421052631576,0.03168044077134986,0.021044014254069154,1.000153045607591
mo,dip,0.03,0,CUSUM классический,0.03,0.0406301824212272,0.03233830845771144,0.2653061224489796,0.026928343222272933,0.03238979794188658,3.0004591368227733
mo,dip,0.03,0,CUSUM классический,0.05,0.06882255389718077,0.05140961857379768,0.39759036144578314,0.026541445487954268,0.03830900705467998,5.0
mo,dip,0.03,0,Page-Hinkley,0.01,0.01990049751243781,0.014925373134328358,0.4166666666666667,0.034646739130434784,0.025280376727182603,1.000153045607591
mo,dip,0.03,0,Page-Hinkley,0.03,0.04311774461028192,0.03067993366500829,0.38461538461538464,0.0270518110958276,0.03324555985392759,3.0004591368227733
mo,dip,0.03,0,Page-Hinkley,0.05,0.07877280265339967,0.05306799336650083,0.43157894736842106,0.02932392071680695,0.0427381579687295,5.0
mo,dip,0.03,0,CUSUM оконный,0.01,0.02321724709784411,0.017412935323383085,0.35714285714285715,0.03723404255319149,0.02860061287027579,1.000153045607591
mo,dip,0.03,0,CUSUM оконный,0.03,0.05887230514096186,0.0406301824212272,0.49295774647887325,0.03062136790344211,0.04028777574366918,3.0004591368227733
mo,dip,0.03,0,CUSUM оконный,0.05,0.10033167495854063,0.06384742951907131,0.5454545454545454,0.030920874966243586,0.04727288236799454,5.0
mo,dip,0.03,0,GLR (онлайн-разрыв),0.01,0.02404643449419569,0.012437810945273632,0.6896551724137931,0.03236682400539447,0.027593042271668568,1.000153045607591
mo,dip,0.03,0,GLR (онлайн-разрыв),0.03,0.07379767827529021,0.0406301824212272,0.6067415730337079,0.03368515607455648,0.04625643388881478,3.0004591368227733
mo,dip,0.03,0,GLR (онлайн-разрыв),0.05,0.11691542288557213,0.06633499170812604,0.5673758865248227,0.035555555555555556,0.05452831556812413,5.0
mo,dip,0.03,0,BOCPD,0.01,0.03233830845771144,0.01658374792703151,0.8461538461538461,0.03838383838383838,0.03510267888865203,1.000153045607591
mo,dip,0.03,0,BOCPD,0.03,0.1044776119402985,0.0505804311774461,0.7380952380952381,0.04132231404958678,0.05922165820642978,3.0004591368227733
mo,dip,0.03,0,BOCPD,0.05,0.16086235489220563,0.08540630182421227,0.6494845360824743,0.04083825900053734,0.06513949943670061,5.0
mo,dip,0.03,0,BOCPD + новости,0.01,0.03565505804311774,0.019071310116086235,0.7906976744186046,0.04225352112676056,0.03867486134012891,1.000153045607591
mo,dip,0.03,0,BOCPD + новости,0.03,0.10945273631840796,0.06218905472636816,0.6212121212121212,0.04560622914349277,0.06438488168742638,3.0004591368227733
mo,dip,0.03,0,BOCPD + новости,0.05,0.1791044776119403,0.09369817578772803,0.6296296296296297,0.045934036586994256,0.07311629884161677,5.0
mo,dip,0.03,0,Stouffer-МО,0.01,0.029850746268656716,0.024875621890547265,0.16666666666666666,0.040160642570281124,0.03424657534246575,0.9963269054178145
mo,dip,0.03,0,Stouffer-МО,0.03,0.06965174129353234,0.029850746268656716,0.7142857142857143,0.03713527851458886,0.04844290657439446,2.998163452708907
mo,dip,0.03,0,Stouffer-МО,0.05,0.12935323383084577,0.06467661691542288,0.6538461538461539,0.037420382165605094,0.058048120086454644,5.0
mo,dip,0.03,0,Пространственный,0.01,0.029850746268656716,0.017412935323383085,0.5833333333333334,0.040106951871657755,0.034227039361095266,1.000153045607591
mo,dip,0.03,0,Пространственный,0.03,0.04975124378109453,0.03648424543946932,0.38333333333333336,0.028935976304397357,0.03659046055000936,3.0004591368227733
mo,dip,0.03,0,Пространственный,0.05,0.08540630182421227,0.05721393034825871,0.4854368932038835,0.02762582056892779,0.04174776372764229,5.0
mo,dip,0.03,0,Комбо: BOCPD ∨ Stouffer-МО,0.01,0.03731343283582089,0.024875621890547265,0.6,0.03833221250840619,0.03781596231672527,1.000153045607591
mo,dip,0.03,0,Комбо: BOCPD ∨ Stouffer-МО,0.03,0.07960199004975124,0.0505804311774461,0.5625,0.040214477211796246,0.05343426472225315,3.0004591368227733
mo,dip,0.03,0,Комбо: BOCPD ∨ Stouffer-МО,0.05,0.13432835820895522,0.07296849087893864,0.654320987654321,0.03821912297170444,0.05950723830734967,4.997704315886134
mo,dip,0.03,0,Комбо: оконный ∨ Stouffer ∨ пространств.,0.01,0.03233830845771144,0.02570480928689884,0.358974358974359,0.03856382978723404,0.03517775496874125,0.9963269054178145
mo,dip,0.03,0,Комбо: оконный ∨ Stouffer ∨ пространств.,0.03,0.06467661691542288,0.04643449419568822,0.3974358974358974,0.03586639766868415,0.04614377779996229,2.9989286807468627
mo,dip,0.03,0,Комбо: оконный ∨ Stouffer ∨ пространств.,0.05,0.09867330016583747,0.05804311774461028,0.5462184873949579,0.032441200324412,0.04882877615186159,5.0
mo,dip,0.03,1,z-score (инновация),0.01,0.04228855721393035,0.022388059701492536,0.6862745098039216,0.04330446369087275,0.04279048153813387,1.000153045607591
mo,dip,0.03,1,z-score (инновация),0.03,0.10199004975124377,0.05804311774461028,0.6747967479674797,0.03684565266232307,0.054134345601584415,3.0004591368227733
mo,dip,0.03,1,z-score (инновация),0.05,0.1558872305140962,0.09203980099502487,0.6063829787234043,0.0356901446532378,0.058082409802108804,5.0
mo,dip,0.03,1,EWMA,0.01,0.029850746268656716,0.020729684908789386,0.3888888888888889,0.04206241519674356,0.03491974091805126,1.000153045607591
mo,dip,0.03,1,EWMA,0.03,0.08374792703150911,0.05223880597014925,0.5346534653465347,0.04009009009009009,0.054223444748065175,3.0004591368227733
mo,dip,0.03,1,EWMA,0.05,0.11857379767827529,0.07960199004975124,0.4755244755244755,0.03657545380655649,0.05590604425279783,5.0
mo,dip,0.03,1,CUSUM классический,0.01,0.017412935323383085,0.011608623548922056,0.42857142857142855,0.03602991162474507,0.023478783659779134,1.000153045607591
mo,dip,0.03,1,CUSUM классический,0.03,0.04477611940298507,0.03482587064676617,0.3148148148148148,0.030811055731762575,0.03650353404312427,3.0004591368227733
mo,dip,0.03,1,CUSUM классический,0.05,0.07877280265339967,0.06135986733001658,0.3263157894736842,0.032117583015786606,0.04563050283104503,5.0
mo,dip,0.03,1,Page-Hinkley,0.01,0.02321724709784411,0.012437810945273632,0.6071428571428571,0.03955174686882004,0.029259117349959937,1.000153045607591
mo,dip,0.03,1,Page-Hinkley,0.03,0.06053067993366501,0.04145936981757877,0.410958904109589,0.03895246478873239,0.047401380109836494,3.0004591368227733
mo,dip,0.03,1,Page-Hinkley,0.05,0.0945273631840796,0.06716417910447761,0.42105263157894735,0.03620090836227625,0.05235250756208535,5.0
mo,dip,0.03,1,CUSUM оконный,0.01,0.02404643449419569,0.015754560530679935,0.4482758620689655,0.036048064085447265,0.028848810861595714,1.000153045607591
mo,dip,0.03,1,CUSUM оконный,0.03,0.06716417910447761,0.0439469320066335,0.5308641975308642,0.03326635409689663,0.044494583340245863,3.0004591368227733
mo,dip,0.03,1,CUSUM оконный,0.05,0.10862354892205639,0.06633499170812604,0.5572519083969466,0.033075486796479064,0.05070996764289495,5.0
mo,dip,0.03,1,GLR (онлайн-разрыв),0.01,0.02321724709784411,0.014925373134328358,0.39285714285714285,0.03874915023793338,0.02903665969253161,1.000153045607591
mo,dip,0.03,1,GLR (онлайн-разрыв),0.03,0.07379767827529021,0.04311774461028192,0.6292134831460674,0.03736853882300291,0.04961419894749668,3.0004591368227733
mo,dip,0.03,1,GLR (онлайн-разрыв),0.05,0.12023217247097844,0.06550580431177445,0.6344827586206897,0.03662954514960419,0.05615200262709383,5.0
mo,dip,0.03,1,BOCPD,0.01,0.03399668325041459,0.01990049751243781,0.5853658536585366,0.039057239057239054,0.03635168497244579,1.000153045607591
mo,dip,0.03,1,BOCPD,0.03,0.10696517412935323,0.0538971807628524,0.7209302325581395,0.04032078413900646,0.05856525288856951,3.0004591368227733
mo,dip,0.03,1,BOCPD,0.05,0.1865671641791045,0.0845771144278607,0.7911111111111111,0.04193376068376068,0.06847642143093913,5.0
mo,dip,0.03,1,BOCPD + новости,0.01,0.03565505804311774,0.020729684908789386,0.6046511627906976,0.040268456375838924,0.03782159349116763,1.000153045607591
mo,dip,0.03,1,BOCPD + новости,0.03,0.12023217247097844,0.05970149253731343,0.6827586206896552,0.046038069942452416,0.06658145300334012,3.0004591368227733
mo,dip,0.03,1,BOCPD + новости,0.05,0.20149253731343283,0.10613598673300166,0.6625514403292181,0.04826306019623442,0.07787330137474743,5.0
mo,dip,0.03,1,Stouffer-МО,0.01,0.01990049751243781,0.0,1.75,0.0205761316872428,0.020232675771370768,0.9963269054178145
mo,dip,0.03,1,Stouffer-МО,0.03,0.05472636815920398,0.01990049751243781,0.6363636363636364,0.027777777777777776,0.03685092127303183,2.998163452708907
mo,dip,0.03,1,Stouffer-МО,0.05,0.11442786069651742,0.07960199004975124,0.34782608695652173,0.03401898734177215,0.052445976401962094,5.0
mo,dip,0.03,1,Пространственный,0.01,0.01824212271973466,0.01077943615257048,0.4090909090909091,0.025221540558963872,0.02117145235122763,1.000153045607591
mo,dip,0.03,1,Пространственный,0.03,0.05638474295190713,0.03897180762852405,0.4264705882352941,0.028098799002945842,0.03750656097929844,3.0004591368227733
mo,dip,0.03,1,Пространственный,0.05,0.08955223880597014,0.06384742951907131,0.4351851851851852,0.027067262146433888,0.04156995877645755,5.0
mo,dip,0.03,1,Комбо: BOCPD ∨ Stouffer-МО,0.01,0.024875621890547265,0.008291873963515755,0.9,0.031206657420249653,0.02768378960319902,0.9963269054178145
mo,dip,0.03,1,Комбо: BOCPD ∨ Stouffer-МО,0.03,0.0779436152570481,0.03565505804311774,0.7446808510638298,0.035449854161992374,0.04873454896260251,2.9989286807468627
mo,dip,0.03,1,Комбо: BOCPD ∨ Stouffer-МО,0.05,0.1310116086235489,0.06135986733001658,0.689873417721519,0.03504114680116804,0.0552932349564807,4.99846954392409
mo,dip,0.03,1,Комбо: оконный ∨ Stouffer ∨ пространств.,0.01,0.02155887230514096,0.005804311774461028,1.0,0.030240549828178694,0.025172178581644552,0.9993878175696358
mo,dip,0.03,1,Комбо: оконный ∨ Stouffer ∨ пространств.,0.03,0.06301824212271974,0.03067993366500829,0.6973684210526315,0.03056179775280899,0.04116157191328034,2.999693908784818
mo,dip,0.03,1,Комбо: оконный ∨ Stouffer ∨ пространств.,0.05,0.0978441127694859,0.05472636815920398,0.5169491525423728,0.030059044551798177,0.04598949090023315,5.0
mo,dip,0.03,2,z-score (инновация),0.01,0.03233830845771144,0.012437810945273632,0.8974358974358975,0.033715441672285906,0.03301251936311232,1.000153045607591
mo,dip,0.03,2,z-score (инновация),0.03,0.09701492537313433,0.05223880597014925,0.6923076923076923,0.034141958670260555,0.05050866520116559,3.0004591368227733
mo,dip,0.03,2,z-score (инновация),0.05,0.15671641791044777,0.08706467661691543,0.6772486772486772,0.03456190090454975,0.05663388657420819,5.0
mo,dip,0.03,2,EWMA,0.01,0.026533996683250415,0.013266998341625208,0.65625,0.03274215552523874,0.029312977099236644,1.000153045607591
mo,dip,0.03,2,EWMA,0.03,0.07462686567164178,0.04560530679933665,0.5222222222222223,0.03414962929678724,0.04685717808810382,3.0004591368227733
mo,dip,0.03,2,EWMA,0.05,0.11940298507462686,0.06799336650082918,0.6041666666666666,0.03295961096852627,0.051659344730852694,5.0
mo,dip,0.03,2,CUSUM классический,0.01,0.014096185737976783,0.008291873963515755,0.5882352941176471,0.026933701657458564,0.018506629448709004,1.000153045607591
mo,dip,0.03,2,CUSUM классический,0.03,0.04477611940298507,0.03067993366500829,0.4444444444444444,0.029682466635987115,0.0356994603569946,3.0004591368227733
mo,dip,0.03,2,CUSUM классический,0.05,0.06965174129353234,0.0505804311774461,0.36904761904761907,0.02902958252695604,0.04097960776661138,5.0
mo,dip,0.03,2,Page-Hinkley,0.01,0.015754560530679935,0.01077943615257048,0.42105263157894735,0.02943189596167009,0.02052325508371328,1.000153045607591
mo,dip,0.03,2,Page-Hinkley,0.03,0.0472636815920398,0.02736318407960199,0.543859649122807,0.027848101265822784,0.03504653307621363,3.0004591368227733
mo,dip,0.03,2,Page-Hinkley,0.05,0.08043117744610281,0.05472636815920398,0.44329896907216493,0.030845497108234646,0.04459047075699958,5.0
mo,dip,0.03,2,CUSUM оконный,0.01,0.02570480928689884,0.01824212271973466,0.3548387096774194,0.04389928986442866,0.032424035008113694,1.000153045607591
mo,dip,0.03,2,CUSUM оконный,0.03,0.05804311774461028,0.04311774461028192,0.37142857142857144,0.03264490339773484,0.04178748081187106,3.0004591368227733
mo,dip,0.03,2,CUSUM оконный,0.05,0.087893864013267,0.06053067993366501,0.46226415094339623,0.03008634646519158,0.04482794587572657,5.0
mo,dip,0.03,2,GLR (онлайн-разрыв),0.01,0.02321724709784411,0.015754560530679935,0.4642857142857143,0.03262316910785619,0.027128027681660897,1.000153045607591
mo,dip,0.03,2,GLR (онлайн-разрыв),0.03,0.07628524046434494,0.0472636815920398,0.5217391304347826,0.036946902654867254,0.04978274323523026,3.0004591368227733
mo,dip,0.03,2,GLR (онлайн-разрыв),0.05,0.12437810945273632,0.07462686567164178,0.5733333333333334,0.035183946488294315,0.054851546271346224,5.0
mo,dip,0.03,2,BOCPD,0.01,0.028192371475953566,0.012437810945273632,0.6764705882352942,0.033400133600534405,0.030576089498012556,1.000153045607591
mo,dip,0.03,2,BOCPD,0.03,0.087893864013267,0.04228855721393035,0.7830188679245284,0.03521283708491197,0.05028145968746716,3.0004591368227733
mo,dip,0.03,2,BOCPD,0.05,0.14676616915422885,0.07131011608623548,0.7457627118644068,0.035316234725392776,0.0569327773487018,5.0
mo,dip,0.03,2,BOCPD + новости,0.01,0.03067993366500829,0.015754560530679935,0.5945945945945946,0.036593479707252165,0.033376796975586556,1.000153045607591
mo,dip,0.03,2,BOCPD + новости,0.03,0.09867330016583747,0.0505804311774461,0.7058823529411765,0.039768940235503224,0.056689816139338614,3.0004591368227733
mo,dip,0.03,2,BOCPD + новости,0.05,0.1625207296849088,0.08872305140961857,0.6428571428571429,0.040715525297023096,0.06511748488344102,5.0
mo,dip,0.03,2,Stouffer-МО,0.01,0.029850746268656716,0.024875621890547265,0.3333333333333333,0.04263565891472868,0.035115722266560255,0.9963269054178145
mo,dip,0.03,2,Stouffer-МО,0.03,0.05472636815920398,0.04975124378109453,0.09090909090909091,0.03333333333333333,0.04143126177024482,2.998163452708907
mo,dip,0.03,2,Stouffer-МО,0.05,0.09950248756218906,0.05970149253731343,0.6,0.031026252983293555,0.04730282907304648,5.0
mo,dip,0.03,2,Пространственный,0.01,0.029850746268656716,0.022388059701492536,0.4444444444444444,0.04495114006514658,0.03587677109060185,1.000153045607591
mo,dip,0.03,2,Пространственный,0.03,0.06301824212271974,0.0439469320066335,0.42105263157894735,0.033370165745856356,0.04363448325684498,3.0004591368227733
mo,dip,0.03,2,Пространственный,0.05,0.09369817578772803,0.06550580431177445,0.45132743362831856,0.030087306917394224,0.04554856855453655,5.0
mo,dip,0.03,2,Комбо: BOCPD ∨ Stouffer-МО,0.01,0.024875621890547265,0.00912106135986733,0.7,0.03470857891290111,0.028980752405949255,0.9955616773798592
mo,dip,0.03,2,Комбо: BOCPD ∨ Stouffer-МО,0.03,0.07877280265339967,0.05555555555555555,0.4421052631578947,0.03571428571428571,0.04914640455250905,2.998163452708907
mo,dip,0.03,2,Комбо: BOCPD ∨ Stouffer-МО,0.05,0.12354892205638475,0.07296849087893864,0.5369127516778524,0.034326165353279016,0.0537255218326137,4.996939087848179
mo,dip,0.03,2,Комбо: оконный ∨ Stouffer ∨ пространств.,0.01,0.028192371475953566,0.014096185737976783,0.6470588235294118,0.04118404118404118,0.033471773573296414,1.000153045607591
mo,dip,0.03,2,Комбо: оконный ∨ Stouffer ∨ пространств.,0.03,0.06882255389718077,0.0538971807628524,0.3614457831325301,0.035698447893569844,0.047011764374771337,2.997398224670952
mo,dip,0.03,2,Комбо: оконный ∨ Stouffer ∨ пространств.,0.05,0.1044776119402985,0.07545605306799337,0.3492063492063492,0.03318230277185501,0.05036771611449047,4.997704315886134
mo,dip,0.05,0,z-score (инновация),0.01,0.03814262023217247,0.02321724709784411,0.5652173913043478,0.03967720242098184,0.038894780589870726,1.000153045607591
mo,dip,0.05,0,z-score (инновация),0.03,0.13598673300165837,0.08623548922056384,0.5548780487804879,0.05003335557038025,0.07315201941204807,3.0004591368227733
mo,dip,0.05,0,z-score (инновация),0.05,0.19651741293532338,0.12354892205638475,0.5864978902953587,0.045984716449926265,0.07452963431053143,5.0
mo,dip,0.05,0,EWMA,0.01,0.02736318407960199,0.015754560530679935,0.5757575757575758,0.03615279672578445,0.03114981833725155,1.000153045607591
mo,dip,0.05,0,EWMA,0.03,0.08291873963515754,0.04145936981757877,0.61,0.03645477329687856,0.050644130028803844,3.0004591368227733
mo,dip,0.05,0,EWMA,0.05,0.1310116086235489,0.07877280265339967,0.4873417721518987,0.03641074594299741,0.05698439028080205,5.0
mo,dip,0.05,0,CUSUM классический,0.01,0.014925373134328358,0.011608623548922056,0.2222222222222222,0.03203342618384401,0.02036299247454626,1.000153045607591
mo,dip,0.05,0,CUSUM классический,0.03,0.03731343283582089,0.03067993366500829,0.2222222222222222,0.02583197579706772,0.030528892433785305,3.0004591368227733
mo,dip,0.05,0,CUSUM классический,0.05,0.06467661691542288,0.0439469320066335,0.46153846153846156,0.024892822569492462,0.03594939431415776,5.0
mo,dip,0.05,0,Page-Hinkley,0.01,0.017412935323383085,0.01077943615257048,0.5238095238095238,0.03116531165311653,0.02234249236747155,1.000153045607591
mo,dip,0.05,0,Page-Hinkley,0.03,0.04477611940298507,0.029850746268656716,0.42592592592592593,0.02802664828853664,0.034474638534356894,3.0004591368227733
mo,dip,0.05,0,Page-Hinkley,0.05,0.08043117744610281,0.04809286898839138,0.4948453608247423,0.02888583218707015,0.04250612968855965,5.0
mo,dip,0.05,0,CUSUM оконный,0.01,0.02404643449419569,0.012437810945273632,0.6551724137931034,0.03295225285810356,0.02780359431405735,1.000153045607591
mo,dip,0.05,0,CUSUM оконный,0.03,0.07296849087893864,0.03897180762852405,0.6704545454545454,0.03688708951866847,0.049002431107308266,3.0004591368227733
mo,dip,0.05,0,CUSUM оконный,0.05,0.10281923714759536,0.05306799336650083,0.6532258064516129,0.03398124235422047,0.05108060189426644,5.0
mo,dip,0.05,0,GLR (онлайн-разрыв),0.01,0.03731343283582089,0.014096185737976783,0.9555555555555556,0.04095112285336856,0.03904773900995087,1.000153045607591
mo,dip,0.05,0,GLR (онлайн-разрыв),0.03,0.09038142620232173,0.04809286898839138,0.5963302752293578,0.04626964799645782,0.06120576512579812,3.0004591368227733
mo,dip,0.05,0,GLR (онлайн-разрыв),0.05,0.13764510779436154,0.07628524046434494,0.5662650602409639,0.042518837459634015,0.06496871454686873,5.0
mo,dip,0.05,0,BOCPD,0.01,0.05721393034825871,0.02321724709784411,0.8840579710144928,0.061815840309079204,0.05942592617512885,1.000153045607591
mo,dip,0.05,0,BOCPD,0.03,0.14344941956882257,0.07131011608623548,0.6763005780346821,0.059789750328515114,0.08440110225920248,3.0004591368227733
mo,dip,0.05,0,BOCPD,0.05,0.21475953565505804,0.11774461028192372,0.5945945945945946,0.056287898760875296,0.08919739843273639,5.0
mo,dip,0.05,0,BOCPD + новости,0.01,0.06301824212271974,0.024875621890547265,0.8552631578947368,0.06594110115236876,0.06444654838842465,1.000153045607591
mo,dip,0.05,0,BOCPD + новости,0.03,0.16003316749585406,0.08623548922056384,0.6010362694300518,0.06753528773072746,0.09498580110790128,3.0004591368227733
mo,dip,0.05,0,BOCPD + новости,0.05,0.2429519071310116,0.14427860696517414,0.5187713310580204,0.0644528696561642,0.10187836224726393,5.0
mo,dip,0.05,0,Stouffer-МО,0.01,0.024875621890547265,0.014925373134328358,0.6,0.03278688524590164,0.02828854314002829,0.9963269054178145
mo,dip,0.05,0,Stouffer-МО,0.03,0.06965174129353234,0.024875621890547265,0.7857142857142857,0.03260869565217391,0.044420941300899,2.998163452708907
mo,dip,0.05,0,Stouffer-МО,0.05,0.12935323383084577,0.05970149253731343,0.6538461538461539,0.035685320356853206,0.055938584910273335,5.0
mo,dip,0.05,0,Пространственный,0.01,0.024875621890547265,0.013266998341625208,0.7,0.03028263795423957,0.02731411229135053,1.000153045607591
mo,dip,0.05,0,Пространственный,0.03,0.06053067993366501,0.029850746268656716,0.7123287671232876,0.030866999546073536,0.040885074559254116,3.0004591368227733
mo,dip,0.05,0,Пространственный,0.05,0.09203980099502487,0.05140961857379768,0.6306306306306306,0.03036105032822757,0.04566022213081037,5.0
mo,dip,0.05,0,Комбо: BOCPD ∨ Stouffer-МО,0.01,0.04145936981757877,0.014925373134328358,1.12,0.03973063973063973,0.04057660036862809,1.000153045607591
mo,dip,0.05,0,Комбо: BOCPD ∨ Stouffer-МО,0.03,0.11691542288557213,0.05140961857379768,0.7730496453900709,0.04948317572025511,0.06953599926354308,2.998163452708907
mo,dip,0.05,0,Комбо: BOCPD ∨ Stouffer-МО,0.05,0.18076285240464346,0.0812603648424544,0.7110091743119266,0.04621960993855197,0.07361615909241744,4.997704315886134
mo,dip,0.05,0,Комбо: оконный ∨ Stouffer ∨ пространств.,0.01,0.02404643449419569,0.013266998341625208,0.7586206896551724,0.029231815091774305,0.02638678756202588,1.000153045607591
mo,dip,0.05,0,Комбо: оконный ∨ Stouffer ∨ пространств.,0.03,0.07877280265339967,0.03482587064676617,0.7684210526315789,0.03704535249214189,0.050392207291197845,2.995102540557086
mo,dip,0.05,0,Комбо: оконный ∨ Stouffer ∨ пространств.,0.05,0.12023217247097844,0.05140961857379768,0.7310344827586207,0.034935680433310766,0.05413998681595082,4.996173859810224
mo,dip,0.05,1,z-score (инновация),0.01,0.03980099502487562,0.02321724709784411,0.6458333333333334,0.04178082191780822,0.04076688525959651,1.000153045607591
mo,dip,0.05,1,z-score (инновация),0.03,0.1318407960199005,0.07379767827529021,0.6415094339622641,0.046312949640287766,0.06854681751403208,3.0004591368227733
mo,dip,0.05,1,z-score (инновация),0.05,0.2064676616915423,0.11940298507462686,0.6385542168674698,0.04619528619528619,0.07549846783379145,5.0
mo,dip,0.05,1,EWMA,0.01,0.028192371475953566,0.01658374792703151,0.47058823529411764,0.039337474120082816,0.03284523083180802,1.000153045607591
mo,dip,0.05,1,EWMA,0.03,0.08706467661691543,0.0472636815920398,0.5714285714285714,0.03883051621745089,0.05370763189962541,3.0004591368227733
mo,dip,0.05,1,EWMA,0.05,0.14262023217247097,0.06882255389718077,0.6453488372093024,0.037676394026578984,0.05960639615696267,5.0
mo,dip,0.05,1,CUSUM классический,0.01,0.015754560530679935,0.009950248756218905,0.42105263157894735,0.029716655148583276,0.020592053030207558,1.000153045607591
mo,dip,0.05,1,CUSUM классический,0.03,0.04228855721393035,0.02570480928689884,0.47058823529411764,0.0287092328892972,0.034200276821064156,3.0004591368227733
mo,dip,0.05,1,CUSUM классический,0.05,0.06135986733001658,0.04643449419568822,0.2972972972972973,0.026268241834607367,0.036787643812700235,5.0
mo,dip,0.05,1,Page-Hinkley,0.01,0.01824212271973466,0.011608623548922056,0.45454545454545453,0.035278154681139755,0.024048770233340337,1.000153045607591
mo,dip,0.05,1,Page-Hinkley,0.03,0.04311774461028192,0.03067993366500829,0.3076923076923077,0.030303030303030304,0.03559206023271731,3.0004591368227733
mo,dip,0.05,1,Page-Hinkley,0.05,0.07296849087893864,0.04892205638474295,0.4431818181818182,0.027359403067569434,0.03979699512587307,5.0
mo,dip,0.05,1,CUSUM оконный,0.01,0.02404643449419569,0.011608623548922056,0.7931034482758621,0.03429355281207133,0.028270066873330606,1.000153045607591
mo,dip,0.05,1,CUSUM оконный,0.03,0.06301824212271974,0.026533996683250415,0.7894736842105263,0.032073310423825885,0.042510687602381234,3.0004591368227733
mo,dip,0.05,1,CUSUM оконный,0.05,0.11028192371475953,0.0538971807628524,0.6691729323308271,0.03426153426153426,0.05228085671509023,5.0
mo,dip,0.05,1,GLR (онлайн-разрыв),0.01,0.028192371475953566,0.014925373134328358,0.6470588235294118,0.04303967720242098,0.034068669662288054,1.000153045607591
mo,dip,0.05,1,GLR (онлайн-разрыв),0.03,0.08208955223880597,0.03648424543946932,0.6767676767676768,0.04153498871331828,0.05516038481454228,3.0004591368227733
mo,dip,0.05,1,GLR (онлайн-разрыв),0.05,0.1318407960199005,0.07048092868988391,0.5974842767295597,0.0420895926377047,0.06380857813676474,5.0
mo,dip,0.05,1,BOCPD,0.01,0.0505804311774461,0.02155887230514096,0.7868852459016393,0.05624591236102027,0.05326293880244688,1.000153045607591
mo,dip,0.05,1,BOCPD,0.03,0.14593698175787728,0.06965174129353234,0.7386363636363636,0.05828018473718936,0.08329597754008977,3.0004591368227733
mo,dip,0.05,1,BOCPD,0.05,0.21724709784411278,0.1077943615257048,0.6908396946564885,0.05498873724658805,0.08776319676616876,5.0
mo,dip,0.05,1,BOCPD + новости,0.01,0.0538971807628524,0.024875621890547265,0.7692307692307693,0.060546875,0.05702883989471599,1.000153045607591
mo,dip,0.05,1,BOCPD + новости,0.03,0.16003316749585406,0.08043117744610281,0.6735751295336787,0.06495204882301657,0.09240146778142652,3.0004591368227733
mo,dip,0.05,1,BOCPD + новости,0.05,0.24461028192371476,0.13349917081260365,0.6033898305084746,0.06424544381801495,0.10176334653921902,5.0
mo,dip,0.05,1,Stouffer-МО,0.01,0.004975124378109453,0.004975124378109453,0.0,0.008928571428571428,0.006389776357827476,0.9963269054178145
mo,dip,0.05,1,Stouffer-МО,0.03,0.0845771144278607,0.014925373134328358,1.1764705882352942,0.04022191400832178,0.054517306203693466,2.998163452708907
mo,dip,0.05,1,Stouffer-МО,0.05,0.1691542288557214,0.06965174129353234,0.7352941176470589,0.04847986852917009,0.07536112102485114,5.0
mo,dip,0.05,1,Пространственный,0.01,0.022388059701492536,0.01077943615257048,0.6666666666666666,0.032060027285129605,0.02636499626028422,1.000153045607591
mo,dip,0.05,1,Пространственный,0.03,0.06384742951907131,0.03731343283582089,0.6753246753246753,0.02964471599909482,0.04048979526301106,3.0004591368227733
mo,dip,0.05,1,Пространственный,0.05,0.09701492537313433,0.05472636815920398,0.6239316239316239,0.029744849229089917,0.04553012715982938,5.0
mo,dip,0.05,1,Комбо: BOCPD ∨ Stouffer-МО,0.01,0.02404643449419569,0.01077943615257048,0.7931034482758621,0.02824858757062147,0.025978679566424794,1.000153045607591
mo,dip,0.05,1,Комбо: BOCPD ∨ Stouffer-МО,0.03,0.07960199004975124,0.03814262023217247,0.7708333333333334,0.03351051536861567,0.04716549600008132,2.9966329966329965
mo,dip,0.05,1,Комбо: BOCPD ∨ Stouffer-МО,0.05,0.18076285240464346,0.07296849087893864,0.8302752293577982,0.049269085002707096,0.0774329029336914,5.0
mo,dip,0.05,1,Комбо: оконный ∨ Stouffer ∨ пространств.,0.01,0.01658374792703151,0.007462686567164179,0.8,0.020773638968481375,0.01844373072153147,0.9993878175696358
mo,dip,0.05,1,Комбо: оконный ∨ Stouffer ∨ пространств.,0.03,0.0439469320066335,0.02321724709784411,0.6792452830188679,0.021846370683579985,0.029184762818292437,2.998163452708907
mo,dip,0.05,1,Комбо: оконный ∨ Stouffer ∨ пространств.,0.05,0.12437810945273632,0.04477611940298507,0.94,0.03506849315068493,0.05471114226606712,5.0
mo,dip,0.05,2,z-score (инновация),0.01,0.05223880597014925,0.03897180762852405,0.30158730158730157,0.05913621262458472,0.055473932594274515,1.000153045607591
mo,dip,0.05,2,z-score (инновация),0.03,0.14013266998341625,0.09867330016583747,0.40828402366863903,0.054030115146147036,0.07799006683890199,3.0004591368227733
mo,dip,0.05,2,z-score (инновация),0.05,0.20812603648424544,0.14262023217247097,0.4302788844621514,0.05113863363963244,0.08210359803787529,5.0
mo,dip,0.05,2,EWMA,0.01,0.04228855721393035,0.02155887230514096,0.5882352941176471,0.0511968085106383,0.04631824776193341,1.000153045607591
mo,dip,0.05,2,EWMA,0.03,0.10696517412935323,0.06218905472636816,0.5116279069767442,0.048465984882169855,0.06670699163849848,3.0004591368227733
mo,dip,0.05,2,EWMA,0.05,0.1550580431177446,0.09369817578772803,0.48128342245989303,0.04331450094161959,0.06771362223009407,5.0
mo,dip,0.05,2,CUSUM классический,0.01,0.01658374792703151,0.011608623548922056,0.45,0.0332409972299169,0.022127973446431866,1.000153045607591
mo,dip,0.05,2,CUSUM классический,0.03,0.05140961857379768,0.03565505804311774,0.4032258064516129,0.033707865168539325,0.040718038528896675,3.0004591368227733
mo,dip,0.05,2,CUSUM классический,0.05,0.0779436152570481,0.05223880597014925,0.39361702127659576,0.03074829931972789,0.04409957486382357,5.0
mo,dip,0.05,2,Page-Hinkley,0.01,0.02155887230514096,0.014925373134328358,0.38461538461538464,0.041168658698539175,0.02829857453830489,1.000153045607591
mo,dip,0.05,2,Page-Hinkley,0.03,0.05555555555555555,0.03482587064676617,0.4626865671641791,0.03287119856887299,0.04130373700477662,3.0004591368227733
mo,dip,0.05,2,Page-Hinkley,0.05,0.087893864013267,0.04975124378109453,0.5188679245283019,0.03181695098835635,0.04672117157417151,5.0
mo,dip,0.05,2,CUSUM оконный,0.01,0.022388059701492536,0.015754560530679935,0.37037037037037035,0.03867028493894165,0.02835820895522388,1.000153045607591
mo,dip,0.05,2,CUSUM оконный,0.03,0.07213930348258707,0.03814262023217247,0.6436781609195402,0.036684782608695655,0.048636561277097964,3.0004591368227733
mo,dip,0.05,2,CUSUM оконный,0.05,0.10613598673300166,0.05721393034825871,0.6015625,0.03512368457017904,0.05278062571098051,5.0
mo,dip,0.05,2,GLR (онлайн-разрыв),0.01,0.03399668325041459,0.01658374792703151,0.6585365853658537,0.05179282868525897,0.04104894297046479,1.000153045607591
mo,dip,0.05,2,GLR (онлайн-разрыв),0.03,0.08374792703150911,0.0406301824212272,0.5643564356435643,0.0424132456339306,0.056309264181291556,3.0004591368227733
mo,dip,0.05,2,GLR (онлайн-разрыв),0.05,0.13432835820895522,0.07711442786069651,0.5061728395061729,0.04298305084745763,0.06512657794416417,5.0
mo,dip,0.05,2,BOCPD,0.01,0.04560530679933665,0.02570480928689884,0.6,0.0531271015467384,0.04907968530263924,1.000153045607591
mo,dip,0.05,2,BOCPD,0.03,0.14427860696517414,0.08623548922056384,0.5459770114942529,0.06063288338127904,0.08538347884486232,3.0004591368227733
mo,dip,0.05,2,BOCPD,0.05,0.21807628524046435,0.13432835820895522,0.5019011406844106,0.058566317742149196,0.09233519982620526,5.0
mo,dip,0.05,2,BOCPD + новости,0.01,0.0505804311774461,0.029850746268656716,0.5737704918032787,0.05760214333556597,0.05386341117824928,1.000153045607591
mo,dip,0.05,2,BOCPD + новости,0.03,0.1625207296849088,0.10364842454394693,0.47959183673469385,0.06938060844823812,0.09724641696130772,3.0004591368227733
mo,dip,0.05,2,BOCPD + новости,0.05,0.2512437810945274,0.1558872305140962,0.46864686468646866,0.06791661203618723,0.10692822025766355,5.0
mo,dip,0.05,2,Stouffer-МО,0.01,0.05472636815920398,0.009950248756218905,1.0909090909090908,0.07307692307692308,0.0625842191944902,0.9963269054178145
mo,dip,0.05,2,Stouffer-МО,0.03,0.12437810945273632,0.05472636815920398,0.64,0.06606217616580311,0.08629149605766302,2.998163452708907
mo,dip,0.05,2,Stouffer-МО,0.05,0.1691542288557214,0.09950248756218906,0.5294117647058824,0.05441640378548896,0.08234323721942402,5.0
mo,dip,0.05,2,Пространственный,0.01,0.026533996683250415,0.01658374792703151,0.5625,0.03718728870858688,0.030970103292333143,1.000153045607591
mo,dip,0.05,2,Пространственный,0.03,0.05306799336650083,0.03648424543946932,0.390625,0.02872122179165717,0.0372708701158244,3.0004591368227733
mo,dip,0.05,2,Пространственный,0.05,0.08872305140961857,0.05721393034825871,0.4672897196261682,0.030232558139534883,0.045097912073661005,5.0
mo,dip,0.05,2,Комбо: BOCPD ∨ Stouffer-МО,0.01,0.04975124378109453,0.024875621890547265,0.7166666666666667,0.0646830530401035,0.05624296962879641,1.000153045607591
mo,dip,0.05,2,Комбо: BOCPD ∨ Stouffer-МО,0.03,0.1417910447761194,0.05970149253731343,0.6842105263157895,0.06617165319938852,0.09023298825262728,3.0004591368227733
mo,dip,0.05,2,Комбо: BOCPD ∨ Stouffer-МО,0.05,0.208955223880597,0.11691542288557213,0.5515873015873016,0.06258199947520336,0.0963170761608746,4.996173859810224
mo,dip,0.05,2,Комбо: оконный ∨ Stouffer ∨ пространств.,0.01,0.03731343283582089,0.022388059701492536,0.5555555555555556,0.05620915032679739,0.04485240429748617,1.000153045607591
mo,dip,0.05,2,Комбо: оконный ∨ Stouffer ∨ пространств.,0.03,0.09701492537313433,0.03814262023217247,0.7948717948717948,0.047864012525162154,0.06410212099217734,3.0004591368227733
mo,dip,0.05,2,Комбо: оконный ∨ Stouffer ∨ пространств.,0.05,0.13930348258706468,0.07877280265339967,0.5059523809523809,0.04750467040298906,0.07084879241474405,4.99846954392409
mo,dip,0.1,0,z-score (инновация),0.01,0.1550580431177446,0.12769485903814262,0.2994652406417112,0.15718475073313784,0.1561141543479175,1.000153045607591
mo,dip,0.1,0,z-score (инновация),0.03,0.2935323383084577,0.24212271973466004,0.2994350282485876,0.12143439282803586,0.1717965253757011,3.0004591368227733
mo,dip,0.1,0,z-score (инновация),0.05,0.412106135986733,0.33665008291873966,0.3058350100603622,0.107958050586058,0.17109493875696258,5.0
mo,dip,0.1,0,EWMA,0.01,0.09701492537313433,0.0406301824212272,0.5982905982905983,0.10703173615432483,0.10177746421174812,1.000153045607591
mo,dip,0.1,0,EWMA,0.03,0.20315091210613598,0.1318407960199005,0.39591836734693875,0.08840364638541445,0.12319671137795457,3.0004591368227733
mo,dip,0.1,0,EWMA,0.05,0.27860696517412936,0.18325041459369817,0.38392857142857145,0.07533980582524272,0.11860650457984431,5.0
mo,dip,0.1,0,CUSUM классический,0.01,0.017412935323383085,0.011608623548922056,0.38095238095238093,0.03469387755102041,0.02318784099766173,1.000153045607591
mo,dip,0.1,0,CUSUM классический,0.03,0.04892205638474295,0.029850746268656716,0.4406779661016949,0.031178358551123338,0.038084931675898374,3.0004591368227733
mo,dip,0.1,0,CUSUM классический,0.05,0.09618573797678276,0.05804311774461028,0.4396551724137931,0.034323072732225554,0.05059260079751882,5.0
mo,dip,0.1,0,Page-Hinkley,0.01,0.02404643449419569,0.012437810945273632,0.5172413793103449,0.03951774949765573,0.029899258197831388,1.000153045607591
mo,dip,0.1,0,Page-Hinkley,0.03,0.08540630182421227,0.04311774461028192,0.6116504854368932,0.042398945518453426,0.05666648613055042,3.0004591368227733
mo,dip,0.1,0,Page-Hinkley,0.05,0.14593698175787728,0.06716417910447761,0.5909090909090909,0.043977554482578625,0.067587786520503,5.0
mo,dip,0.1,0,CUSUM оконный,0.01,0.05472636815920398,0.017412935323383085,0.8484848484848485,0.08296107211231653,0.06594876288422072,1.000153045607591
mo,dip,0.1,0,CUSUM оконный,0.03,0.15339966832504145,0.04975124378109453,0.7837837837837838,0.07895860008536065,0.10425471963933503,3.0004591368227733
mo,dip,0.1,0,CUSUM оконный,0.05,0.22553897180762852,0.08043117744610281,0.7169117647058824,0.07192092599817922,0.10906325068175408,5.0
mo,dip,0.1,0,GLR (онлайн-разрыв),0.01,0.10530679933665009,0.04975124378109453,0.5433070866141733,0.14394829612220916,0.12163229246477882,1.000153045607591
mo,dip,0.1,0,GLR (онлайн-разрыв),0.03,0.24461028192371476,0.1384742951907131,0.46440677966101696,0.126625325065013,0.1668689957522062,3.0004591368227733
mo,dip,0.1,0,GLR (онлайн-разрыв),0.05,0.32587064676616917,0.21227197346600332,0.3816793893129771,0.10815123987232998,0.16240339748172083,5.0
mo,dip,0.1,0,BOCPD,0.01,0.2131011608623549,0.148424543946932,0.45136186770428016,0.24792985874330248,0.22919993867583607,1.000153045607591
mo,dip,0.1,0,BOCPD,0.03,0.3839137645107794,0.27943615257048093,0.36285097192224625,0.1804975485745415,0.24554962578414596,3.0004591368227733
mo,dip,0.1,0,BOCPD,0.05,0.4917081260364842,0.3548922056384743,0.35581787521079256,0.14845005740528128,0.2280501957947697,5.0
mo,dip,0.1,0,BOCPD + новости,0.01,0.22388059701492538,0.15422885572139303,0.4444444444444444,0.25734939759036146,0.23945114568853418,1.000153045607591
mo,dip,0.1,0,BOCPD + новости,0.03,0.42122719734660036,0.3018242122719735,0.36811023622047245,0.1920186113099499,0.26378806129199456,3.0004591368227733
mo,dip,0.1,0,BOCPD + новости,0.05,0.5306799336650083,0.3988391376451078,0.315625,0.15971043999547563,0.24552812129471743,5.0
mo,dip,0.1,0,Stouffer-МО,0.01,0.10945273631840796,0.04477611940298507,0.7272727272727273,0.16140350877192983,0.13044599123485437,0.9963269054178145
mo,dip,0.1,0,Stouffer-МО,0.03,0.23880597014925373,0.08955223880597014,0.7708333333333334,0.1213235294117647,0.16090202651226573,2.998163452708907
mo,dip,0.1,0,Stouffer-МО,0.05,0.38308457711442784,0.11940298507462686,0.8051948051948052,0.11291512915129151,0.17441963756958426,5.0
mo,dip,0.1,0,Пространственный,0.01,0.04311774461028192,0.017412935323383085,0.8846153846153846,0.06345009914077991,0.05134429062185012,1.000153045607591
mo,dip,0.1,0,Пространственный,0.03,0.09535655058043117,0.04560530679933665,0.6869565217391305,0.05029781601588352,0.06585763748912106,3.0004591368227733
mo,dip,0.1,0,Пространственный,0.05,0.14759535655058043,0.06799336650082918,0.6460674157303371,0.048380647740903636,0.07287380900822867,5.0
mo,dip,0.1,0,Комбо: BOCPD ∨ Stouffer-МО,0.01,0.18490878938640132,0.09867330016583747,0.6143497757847534,0.2317574511819116,0.2056993610563432,0.9963269054178145
mo,dip,0.1,0,Комбо: BOCPD ∨ Stouffer-МО,0.03,0.3482587064676617,0.21393034825870647,0.5190476190476191,0.17014869188782233,0.22860693551824923,2.9966329966329965
mo,dip,0.1,0,Комбо: BOCPD ∨ Stouffer-МО,0.05,0.4552238805970149,0.29519071310116085,0.4225865209471767,0.14390499476074048,0.2186807975601585,4.996939087848179
mo,dip,0.1,0,Комбо: оконный ∨ Stouffer ∨ пространств.,0.01,0.07877280265339967,0.024875621890547265,0.8105263157894737,0.12017167381974249,0.09516483909629178,0.9993878175696358
mo,dip,0.1,0,Комбо: оконный ∨ Stouffer ∨ пространств.,0.03,0.17661691542288557,0.06550580431177445,0.7605633802816901,0.09081264587311691,0.11994971175043764,2.999693908784818
mo,dip,0.1,0,Комбо: оконный ∨ Stouffer ∨ пространств.,0.05,0.26285240464344944,0.11276948590381426,0.668769716088328,0.08500319081046585,0.12846303695498268,4.999234771962045
mo,dip,0.1,1,z-score (инновация),0.01,0.1583747927031509,0.13018242122719734,0.3036649214659686,0.16589327146171692,0.16204687036487686,1.000153045607591
mo,dip,0.1,1,z-score (инновация),0.03,0.30597014925373134,0.2562189054726368,0.2682926829268293,0.12653389660028164,0.17902997948607588,3.0004591368227733
mo,dip,0.1,1,z-score (инновация),0.05,0.41708126036484244,0.3482587064676617,0.2664015904572565,0.10999015748031496,0.17407444970994174,5.0
mo,dip,0.1,1,EWMA,0.01,0.09203980099502487,0.04892205638474295,0.4864864864864865,0.11097099621689786,0.10062271118871394,1.000153045607591
mo,dip,0.1,1,EWMA,0.03,0.21227197346600332,0.1351575456053068,0.3984375,0.09079311078035297,0.12718609832861139,3.0004591368227733
mo,dip,0.1,1,EWMA,0.05,0.3034825870646766,0.1932006633499171,0.42349726775956287,0.08053518589990995,0.12729112185593164,5.0
mo,dip,0.1,1,CUSUM классический,0.01,0.019071310116086235,0.014096185737976783,0.2608695652173913,0.03997243280496209,0.025822436871497562,1.000153045607591
mo,dip,0.1,1,CUSUM классический,0.03,0.05804311774461028,0.03897180762852405,0.35714285714285715,0.03822525597269624,0.04609432875133756,3.0004591368227733
mo,dip,0.1,1,CUSUM классический,0.05,0.09038142620232173,0.05887230514096186,0.3761467889908257,0.035231462515362556,0.05069973092472654,5.0
mo,dip,0.1,1,Page-Hinkley,0.01,0.02155887230514096,0.009950248756218905,0.6538461538461539,0.03569023569023569,0.026880461922596754,1.000153045607591
mo,dip,0.1,1,Page-Hinkley,0.03,0.07296849087893864,0.03565505804311774,0.5681818181818182,0.03973955994611585,0.05145569808428612,3.0004591368227733
mo,dip,0.1,1,Page-Hinkley,0.05,0.1351575456053068,0.06135986733001658,0.588957055214724,0.04121935056328695,0.06317274398857001,5.0
mo,dip,0.1,1,CUSUM оконный,0.01,0.04477611940298507,0.013266998341625208,0.7777777777777778,0.07022282241728561,0.054684076768030845,1.000153045607591
mo,dip,0.1,1,CUSUM оконный,0.03,0.13432835820895522,0.04311774461028192,0.808641975308642,0.07175874972485143,0.09354525020325528,3.0004591368227733
mo,dip,0.1,1,CUSUM оконный,0.05,0.21144278606965175,0.07131011608623548,0.7529411764705882,0.06840993132593766,0.10337427922090117,5.0
mo,dip,0.1,1,GLR (онлайн-разрыв),0.01,0.10281923714759536,0.04145936981757877,0.6370967741935484,0.13398893669330056,0.11635274267415034,1.000153045607591
mo,dip,0.1,1,GLR (онлайн-разрыв),0.03,0.23548922056384744,0.12769485903814262,0.5140845070422535,0.12079853330617234,0.15968414375479423,3.0004591368227733
mo,dip,0.1,1,GLR (онлайн-разрыв),0.05,0.32172470978441126,0.19734660033167495,0.4381443298969072,0.10590858416945373,0.1593580714474088,5.0
mo,dip,0.1,1,BOCPD,0.01,0.2023217247097844,0.14262023217247097,0.4057377049180328,0.2449975597852611,0.2216239297681858,1.000153045607591
mo,dip,0.1,1,BOCPD,0.03,0.3781094527363184,0.27197346600331673,0.3508771929824561,0.18100619759387532,0.2448157345396567,3.0004591368227733
mo,dip,0.1,1,BOCPD,0.05,0.48175787728026537,0.3648424543946932,0.3029259896729776,0.14864864864864866,0.227195165303946,5.0
mo,dip,0.1,1,BOCPD + новости,0.01,0.21641791044776118,0.1517412935323383,0.41379310344827586,0.2550529355149182,0.23415243521579499,1.000153045607591
mo,dip,0.1,1,BOCPD + новости,0.03,0.40381426202321724,0.30265339966832505,0.31211498973305957,0.19153915391539153,0.2598330336778348,3.0004591368227733
mo,dip,0.1,1,BOCPD + новости,0.05,0.5257048092868989,0.40630182421227196,0.2823343848580442,0.16024110087569657,0.2456156269109114,5.0
mo,dip,0.1,1,Stouffer-МО,0.01,0.0945273631840796,0.01990049751243781,0.9473684210526315,0.13358778625954199,0.11071339382335801,0.9963269054178145
mo,dip,0.1,1,Stouffer-МО,0.03,0.2885572139303483,0.04477611940298507,0.9482758620689655,0.13533834586466165,0.184256971408401,2.998163452708907
mo,dip,0.1,1,Stouffer-МО,0.05,0.36318407960199006,0.07960199004975124,0.7945205479452054,0.11724137931034483,0.17726039137266106,5.0
mo,dip,0.1,1,Пространственный,0.01,0.03150912106135987,0.014096185737976783,0.7105263157894737,0.04851752021563342,0.03820588728146121,1.000153045607591
mo,dip,0.1,1,Пространственный,0.03,0.08043117744610281,0.03731343283582089,0.6082474226804123,0.04385366962054078,0.056759973016197854,3.0004591368227733
mo,dip,0.1,1,Пространственный,0.05,0.15008291873963517,0.06882255389718077,0.6629834254143646,0.04762545405623571,0.07230616538875821,5.0
mo,dip,0.1,1,Комбо: BOCPD ∨ Stouffer-МО,0.01,0.1625207296849088,0.08872305140961857,0.6326530612244898,0.19755826859045506,0.17833483274719883,1.000153045607591
mo,dip,0.1,1,Комбо: BOCPD ∨ Stouffer-МО,0.03,0.3308457711442786,0.19154228855721392,0.5162907268170426,0.16842711734203955,0.22321820713147736,2.9958677685950414
mo,dip,0.1,1,Комбо: BOCPD ∨ Stouffer-МО,0.05,0.4601990049751244,0.2703150912106136,0.4918918918918919,0.14708668877309333,0.222923571278883,5.0
mo,dip,0.1,1,Комбо: оконный ∨ Stouffer ∨ пространств.,0.01,0.0538971807628524,0.01824212271973466,0.9846153846153847,0.07830126078301261,0.0638467013231334,1.000153045607591
mo,dip,0.1,1,Комбо: оконный ∨ Stouffer ∨ пространств.,0.03,0.16500829187396351,0.0406301824212272,0.9246231155778895,0.08239700374531835,0.10991024916839263,2.997398224670952
mo,dip,0.1,1,Комбо: оконный ∨ Stouffer ∨ пространств.,0.05,0.2728026533996683,0.07296849087893864,0.8389057750759878,0.08391241641536647,0.12834630094635283,4.999234771962045
mo,dip,0.1,2,z-score (инновация),0.01,0.15339966832504145,0.12023217247097844,0.3567567567567568,0.15268941584731058,0.15304371804734515,1.000153045607591
mo,dip,0.1,2,z-score (инновация),0.03,0.2943615257048093,0.24378109452736318,0.28169014084507044,0.11790833838077933,0.16837358925599127,3.0004591368227733
mo,dip,0.1,2,z-score (инновация),0.05,0.3814262023217247,0.3175787728026534,0.2717391304347826,0.10013598714303375,0.15862744263272172,5.0
mo,dip,0.1,2,EWMA,0.01,0.08291873963515754,0.04145936981757877,0.54,0.09760705289672544,0.08966534579006738,1.000153045607591
mo,dip,0.1,2,EWMA,0.03,0.19900497512437812,0.1252072968490879,0.4125,0.08564765740937036,0.11975515406619139,3.0004591368227733
mo,dip,0.1,2,EWMA,0.05,0.27611940298507465,0.1890547263681592,0.3663663663663664,0.07432171788607432,0.11711906593903083,5.0
mo,dip,0.1,2,CUSUM классический,0.01,0.014925373134328358,0.00912106135986733,0.5,0.026188835286009647,0.019014260695521642,1.000153045607591
mo,dip,0.1,2,CUSUM классический,0.03,0.05140961857379768,0.03233830845771144,0.45161290322580644,0.032794352083807786,0.040044314272514835,3.0004591368227733
mo,dip,0.1,2,CUSUM классический,0.05,0.0912106135986733,0.05223880597014925,0.5181818181818182,0.03310175725378014,0.048574917678871274,5.0
mo,dip,0.1,2,Page-Hinkley,0.01,0.02902155887230514,0.014096185737976783,0.5714285714285714,0.04743083003952569,0.03600977408153641,1.000153045607591
mo,dip,0.1,2,Page-Hinkley,0.03,0.08623548922056384,0.04145936981757877,0.5288461538461539,0.046038069942452416,0.06002886002886004,3.0004591368227733
mo,dip,0.1,2,Page-Hinkley,0.05,0.1384742951907131,0.07296849087893864,0.48502994011976047,0.04493787998942638,0.06785526918034707,5.0
mo,dip,0.1,2,CUSUM оконный,0.01,0.0406301824212272,0.009950248756218905,0.8775510204081632,0.05843293492695883,0.04793188159313481,1.000153045607591
mo,dip,0.1,2,CUSUM оконный,0.03,0.1384742951907131,0.0472636815920398,0.7724550898203593,0.07124125874125874,0.09408060496929187,3.0004591368227733
mo,dip,0.1,2,CUSUM оконный,0.05,0.20066334991708126,0.07960199004975124,0.7148760330578512,0.066006600660066,0.09933706873550478,5.0
mo,dip,0.1,2,GLR (онлайн-разрыв),0.01,0.09618573797678276,0.03980099502487562,0.6206896551724138,0.128099173553719,0.10987197897888722,1.000153045607591
mo,dip,0.1,2,GLR (онлайн-разрыв),0.03,0.23548922056384744,0.12603648424543948,0.5176056338028169,0.1178376189512047,0.15707546631897853,3.0004591368227733
mo,dip,0.1,2,GLR (онлайн-разрыв),0.05,0.3200663349917081,0.20398009950248755,0.3911917098445596,0.10614110960088965,0.1594162484626857,5.0
mo,dip,0.1,2,BOCPD,0.01,0.19651741293532338,0.13266998341625208,0.459915611814346,0.23227383863080683,0.21290478149246111,1.000153045607591
mo,dip,0.1,2,BOCPD,0.03,0.3656716417910448,0.27114427860696516,0.3401360544217687,0.17190660047802905,0.2338687241737515,3.0004591368227733
mo,dip,0.1,2,BOCPD,0.05,0.45688225538971805,0.34328358208955223,0.32849364791288566,0.1414129676969556,0.21597724043128005,5.0
mo,dip,0.1,2,BOCPD + новости,0.01,0.208955223880597,0.14427860696517414,0.43253968253968256,0.24349083895853424,0.22490496413290706,1.000153045607591
mo,dip,0.1,2,BOCPD + новости,0.03,0.3880597014925373,0.29270315091210614,0.32051282051282054,0.1811252268602541,0.24697562414931992,3.0004591368227733
mo,dip,0.1,2,BOCPD + новости,0.05,0.49336650082918737,0.36981757877280264,0.3176470588235294,0.15037334865020102,0.2304942684580303,5.0
mo,dip,0.1,2,Stouffer-МО,0.01,0.09950248756218906,0.004975124378109453,1.25,0.1169811320754717,0.10753620674702974,0.9963269054178145
mo,dip,0.1,2,Stouffer-МО,0.03,0.24378109452736318,0.05472636815920398,0.9183673469387755,0.11586901763224182,0.1570786438551866,2.998163452708907
mo,dip,0.1,2,Stouffer-МО,0.05,0.3781094527363184,0.11940298507462686,0.7631578947368421,0.11795252225519288,0.17981206335979524,5.0
mo,dip,0.1,2,Пространственный,0.01,0.03067993366500829,0.011608623548922056,0.9459459459459459,0.043272481406355645,0.03590408393792596,1.000153045607591
mo,dip,0.1,2,Пространственный,0.03,0.0845771144278607,0.03731343283582089,0.6862745098039216,0.044333861117394256,0.058173945684530305,3.0004591368227733
mo,dip,0.1,2,Пространственный,0.05,0.13764510779436154,0.06716417910447761,0.6144578313253012,0.04448038819247877,0.06723394541016021,5.0
mo,dip,0.1,2,Комбо: BOCPD ∨ Stouffer-МО,0.01,0.1625207296849088,0.07213930348258707,0.7653061224489796,0.18571428571428572,0.17334512551874276,0.9986225895316805
mo,dip,0.1,2,Комбо: BOCPD ∨ Stouffer-МО,0.03,0.33001658374792703,0.1865671641791045,0.5251256281407035,0.16031411606971843,0.21579850876795212,3.0004591368227733
mo,dip,0.1,2,Комбо: BOCPD ∨ Stouffer-МО,0.05,0.42703150912106136,0.26285240464344944,0.4407766990291262,0.13547619047619047,0.20569532509667582,5.0
mo,dip,0.1,2,Комбо: оконный ∨ Stouffer ∨ пространств.,0.01,0.05472636815920398,0.007462686567164179,1.2424242424242424,0.061598951507208385,0.05795964125560538,1.000153045607591
mo,dip,0.1,2,Комбо: оконный ∨ Stouffer ∨ пространств.,0.03,0.18159203980099503,0.04311774461028192,0.9360730593607306,0.08347826086956522,0.11437711152094793,2.999693908784818
mo,dip,0.1,2,Комбо: оконный ∨ Stouffer ∨ пространств.,0.05,0.2462686567164179,0.0779436152570481,0.7811447811447811,0.07725603357817419,0.11761537949521661,4.997704315886134
mo,dip,0.2,0,z-score (инновация),0.01,0.3656716417910448,0.3441127694859038,0.09977324263038549,0.3474120082815735,0.35630804165348556,1.000153045607591
mo,dip,0.2,0,z-score (инновация),0.03,0.5538971807628524,0.5199004975124378,0.08982035928143713,0.23548064085447262,0.3304680205640565,3.0004591368227733
mo,dip,0.2,0,z-score (инновация),0.05,0.6442786069651741,0.6102819237147595,0.07335907335907337,0.1884573894282632,0.29161478513958383,5.0
mo,dip,0.2,0,EWMA,0.01,0.263681592039801,0.1724709784411277,0.3553459119496855,0.2606984751598623,0.2621815483551818,1.000153045607591
mo,dip,0.2,0,EWMA,0.03,0.46102819237147596,0.32669983416252074,0.3057553956834532,0.18150119287942743,0.26046175875300603,3.0004591368227733
mo,dip,0.2,0,EWMA,0.05,0.548922056384743,0.4253731343283582,0.23867069486404835,0.14264177200510264,0.22644103581214511,5.0
mo,dip,0.2,0,CUSUM классический,0.01,0.03399668325041459,0.013266998341625208,0.6097560975609756,0.0495703899537343,0.04033236491936806,1.000153045607591
mo,dip,0.2,0,CUSUM классический,0.03,0.13764510779436154,0.05306799336650083,0.6204819277108434,0.06289308176100629,0.0863369220367192,3.0004591368227733
mo,dip,0.2,0,CUSUM классический,0.05,0.20729684908789386,0.09618573797678276,0.54,0.06246088371510827,0.09599683575961007,5.0
mo,dip,0.2,0,Page-Hinkley,0.01,0.1011608623548922,0.02321724709784411,0.7786885245901639,0.0992489270386266,0.10019577464163473,1.000153045607591
mo,dip,0.2,0,Page-Hinkley,0.03,0.20480928689883915,0.09867330016583747,0.5222672064777328,0.08710343532945372,0.12222552234166047,3.0004591368227733
mo,dip,0.2,0,Page-Hinkley,0.05,0.29767827529021557,0.16417910447761194,0.46518105849582175,0.08638410901951726,0.13390883166873158,5.0
mo,dip,0.2,0,CUSUM оконный,0.01,0.1791044776119403,0.02570480928689884,0.9212962962962963,0.23145071982281284,0.20194049679938805,1.000153045607591
mo,dip,0.2,0,CUSUM оконный,0.03,0.3449419568822554,0.10199004975124377,0.7331730769230769,0.1713124274099884,0.2289291703742671,3.0004591368227733
mo,dip,0.2,0,CUSUM оконный,0.05,0.4286898839137645,0.18490878938640132,0.6054158607350096,0.142840009594627,0.21428123997318993,5.0
mo,dip,0.2,0,GLR (онлайн-разрыв),0.01,0.32172470978441126,0.20315091210613598,0.3711340206185567,0.35667485667485666,0.3382994931734072,1.000153045607591
mo,dip,0.2,0,GLR (онлайн-разрыв),0.03,0.4859038142620232,0.35572139303482586,0.2764505119453925,0.23484229449256414,0.31664622328980685,3.0004591368227733
mo,dip,0.2,0,GLR (онлайн-разрыв),0.05,0.5737976782752903,0.439469320066335,0.24566473988439305,0.18422165820642977,0.27890043084520344,5.0
mo,dip,0.2,0,BOCPD,0.01,0.4767827529021559,0.39552238805970147,0.23130434782608697,0.43643031784841074,0.45571500246422436,1.000153045607591
mo,dip,0.2,0,BOCPD,0.03,0.6318407960199005,0.5356550580431177,0.18110236220472442,0.2911429838828922,0.398611587110555,3.0004591368227733
mo,dip,0.2,0,BOCPD,0.05,0.7139303482587065,0.6102819237147595,0.17421602787456447,0.22516155088852988,0.3423512961538503,5.0
mo,dip,0.2,0,BOCPD + новости,0.01,0.4900497512437811,0.40381426202321724,0.233502538071066,0.4408113835906751,0.46412832331313114,1.000153045607591
mo,dip,0.2,0,BOCPD + новости,0.03,0.6567164179104478,0.5655058043117744,0.16540404040404041,0.2982456140350877,0.41020016451878255,3.0004591368227733
mo,dip,0.2,0,BOCPD + новости,0.05,0.7429519071310116,0.6467661691542289,0.15178571428571427,0.23259303721488594,0.35427468838980014,5.0
mo,dip,0.2,0,Stouffer-МО,0.01,0.44776119402985076,0.05472636815920398,0.9111111111111111,0.4156769596199525,0.43112297269554506,0.9963269054178145
mo,dip,0.2,0,Stouffer-МО,0.03,0.6417910447761194,0.21393034825870647,0.6821705426356589,0.2844488188976378,0.3941888312635803,2.998163452708907
mo,dip,0.2,0,Stouffer-МО,0.05,0.7313432835820896,0.3333333333333333,0.5714285714285714,0.2233632862644416,0.34221035942924805,5.0
mo,dip,0.2,0,Пространственный,0.01,0.09701492537313433,0.02155887230514096,0.8461538461538461,0.13341645885286782,0.1123404942658698,1.000153045607591
mo,dip,0.2,0,Пространственный,0.03,0.21475953565505804,0.05721393034825871,0.8185328185328186,0.10738539898132428,0.14317802915258238,3.0004591368227733
mo,dip,0.2,0,Пространственный,0.05,0.3018242122719735,0.08623548922056384,0.7747252747252747,0.09419917864476386,0.14358542219088474,5.0
mo,dip,0.2,0,Комбо: BOCPD ∨ Stouffer-МО,0.01,0.4966832504145937,0.2877280265339967,0.4524207011686144,0.4546033768716152,0.4747126184632277,0.9993878175696358
mo,dip,0.2,0,Комбо: BOCPD ∨ Stouffer-МО,0.03,0.6840796019900498,0.4635157545605307,0.3478787878787879,0.3072146658781786,0.4240098892358102,2.9958677685950414
mo,dip,0.2,0,Комбо: BOCPD ∨ Stouffer-МО,0.05,0.7686567164179104,0.5580431177446102,0.2923408845738943,0.24229649703904446,0.3684499486909715,5.0
mo,dip,0.2,0,Комбо: оконный ∨ Stouffer ∨ пространств.,0.01,0.2810945273631841,0.028192371475953566,0.9498525073746312,0.31231527093596056,0.29588359923842245,1.000153045607591
mo,dip,0.2,0,Комбо: оконный ∨ Stouffer ∨ пространств.,0.03,0.5165837479270315,0.09286898839137644,0.8394863563402889,0.23022751895991334,0.318505624897751,2.999693908784818
mo,dip,0.2,0,Комбо: оконный ∨ Stouffer ∨ пространств.,0.05,0.6144278606965174,0.1799336650082919,0.717948717948718,0.18653560406903646,0.2861870164962353,4.99846954392409
mo,dip,0.2,1,z-score (инновация),0.01,0.36898839137645106,0.35572139303482586,0.0651685393258427,0.3476288659793814,0.3579903072026064,1.000153045607591
mo,dip,0.2,1,z-score (инновация),0.03,0.5597014925373134,0.5182421227197347,0.11555555555555555,0.23649439705636394,0.332496735386839,3.0004591368227733
mo,dip,0.2,1,z-score (инновация),0.05,0.675787728026534,0.6194029850746269,0.1325153374233129,0.19102453723633234,0.2978546640133503,5.0
mo,dip,0.2,1,EWMA,0.01,0.2570480928689884,0.16666666666666666,0.3580645161290323,0.25672981056829514,0.25688885313166254,1.000153045607591
mo,dip,0.2,1,EWMA,0.03,0.44859038142620233,0.3175787728026534,0.3068391866913124,0.17418639053254437,0.25093530422622595,3.0004591368227733
mo,dip,0.2,1,EWMA,0.05,0.5522388059701493,0.42039800995024873,0.25225225225225223,0.14075191459735437,0.2243281676025961,5.0
mo,dip,0.2,1,CUSUM классический,0.01,0.026533996683250415,0.007462686567164179,0.78125,0.03747397640527411,0.031069078355927933,1.000153045607591
mo,dip,0.2,1,CUSUM классический,0.03,0.11857379767827529,0.03814262023217247,0.6853146853146853,0.05384783082624809,0.07406195908465198,3.0004591368227733
mo,dip,0.2,1,CUSUM классический,0.05,0.19402985074626866,0.07960199004975124,0.6068376068376068,0.056712962962962965,0.08777127109886325,5.0
mo,dip,0.2,1,Page-Hinkley,0.01,0.1011608623548922,0.02736318407960199,0.7377049180327869,0.10436223081170624,0.10273661322948877,1.000153045607591
mo,dip,0.2,1,Page-Hinkley,0.03,0.2131011608623549,0.09950248756218906,0.5486381322957199,0.09177095183921123,0.12829311410009273,3.0004591368227733
mo,dip,0.2,1,Page-Hinkley,0.05,0.29767827529021557,0.16500829187396351,0.4568245125348189,0.08613838242169237,0.1336134042145971,5.0
mo,dip,0.2,1,CUSUM оконный,0.01,0.1998341625207297,0.03731343283582089,0.8506224066390041,0.2548101924076963,0.22399830042783314,1.000153045607591
mo,dip,0.2,1,CUSUM оконный,0.03,0.35323383084577115,0.12354892205638475,0.6901408450704225,0.17784979031643156,0.2365825653260095,3.0004591368227733
mo,dip,0.2,1,CUSUM оконный,0.05,0.45439469320066334,0.19485903814262023,0.6204379562043796,0.14733096085409253,0.22251471681532234,5.0
mo,dip,0.2,1,GLR (онлайн-разрыв),0.01,0.33499170812603646,0.22470978441127695,0.33663366336633666,0.3611219322165952,0.3475663911871296,1.000153045607591
mo,dip,0.2,1,GLR (онлайн-разрыв),0.03,0.5257048092868989,0.36981757877280264,0.305993690851735,0.23948068199593306,0.32906046361517866,3.0004591368227733
mo,dip,0.2,1,GLR (онлайн-разрыв),0.05,0.603648424543947,0.4684908789386401,0.23763736263736263,0.18939160767415614,0.2883232647779061,5.0
mo,dip,0.2,1,BOCPD,0.01,0.49336650082918737,0.4096185737976783,0.23529411764705882,0.43825880959431446,0.4641827844905177,1.000153045607591
mo,dip,0.2,1,BOCPD,0.03,0.6567164179104478,0.5638474295190713,0.1691919191919192,0.2965587044534413,0.408601809739632,3.0004591368227733
mo,dip,0.2,1,BOCPD,0.05,0.7321724709784412,0.6417910447761194,0.14609286523216308,0.23099821393133557,0.35119535038912764,5.0
mo,dip,0.2,1,BOCPD + новости,0.01,0.5074626865671642,0.42205638474295193,0.23202614379084968,0.4441846873173583,0.4737199112691807,1.000153045607591
mo,dip,0.2,1,BOCPD + новости,0.03,0.6807628524046434,0.5945273631840796,0.14372716199756394,0.30390055722246034,0.4202130558714893,3.0004591368227733
mo,dip,0.2,1,BOCPD + новости,0.05,0.7645107794361525,0.6674958540630183,0.14642082429501085,0.2377347360141579,0.3626871171333122,5.0
mo,dip,0.2,1,Stouffer-МО,0.01,0.47761194029850745,0.06965174129353234,0.9166666666666666,0.4372093023255814,0.45651843982394896,0.9963269054178145
mo,dip,0.2,1,Stouffer-МО,0.03,0.6766169154228856,0.21890547263681592,0.6764705882352942,0.29672447013487474,0.41253520849337194,2.998163452708907
mo,dip,0.2,1,Stouffer-МО,0.05,0.7711442786069652,0.3482587064676617,0.5548387096774193,0.233692210259658,0.358686040750798,5.0
mo,dip,0.2,1,Пространственный,0.01,0.11691542288557213,0.020729684908789386,0.900709219858156,0.15402985074626865,0.13293064607188076,1.000153045607591
mo,dip,0.2,1,Пространственный,0.03,0.23797678275290216,0.06882255389718077,0.7909407665505227,0.12225899875879188,0.16153200031998416,3.0004591368227733
mo,dip,0.2,1,Пространственный,0.05,0.31592039800995025,0.1111111111111111,0.6850393700787402,0.10433467741935484,0.1568640320780949,5.0
mo,dip,0.2,1,Комбо: BOCPD ∨ Stouffer-МО,0.01,0.5281923714759535,0.32669983416252074,0.41130298273155413,0.46640788295013436,0.4953811034618386,0.9993878175696358
mo,dip,0.2,1,Комбо: BOCPD ∨ Stouffer-МО,0.03,0.7280265339966833,0.49336650082918737,0.3451025056947608,0.31634246769842395,0.4410427922326954,3.0004591368227733
mo,dip,0.2,1,Комбо: BOCPD ∨ Stouffer-МО,0.05,0.7951907131011609,0.5737976782752903,0.28779979144942647,0.24594036020076765,0.3756865882182532,5.0
mo,dip,0.2,1,Комбо: оконный ∨ Stouffer ∨ пространств.,0.01,0.29767827529021557,0.022388059701492536,0.9442896935933147,0.3317669172932331,0.31379953299145463,0.9993878175696358
mo,dip,0.2,1,Комбо: оконный ∨ Stouffer ∨ пространств.,0.03,0.5414593698175788,0.11940298507462686,0.8284839203675345,0.23942172073342735,0.33202784802353763,2.9989286807468627
mo,dip,0.2,1,Комбо: оконный ∨ Stouffer ∨ пространств.,0.05,0.6650082918739635,0.22553897180762852,0.6770573566084788,0.2002223457476376,0.30777809834992476,5.0
mo,dip,0.2,2,z-score (инновация),0.01,0.3333333333333333,0.31094527363184077,0.11940298507462686,0.3238493723849372,0.32852292020373514,1.000153045607591
mo,dip,0.2,2,z-score (инновация),0.03,0.5356550580431177,0.48507462686567165,0.14241486068111456,0.22296843519140364,0.3148707393308013,3.0004591368227733
mo,dip,0.2,2,z-score (инновация),0.05,0.6533996683250415,0.5928689883913765,0.13959390862944163,0.17937608318890816,0.2814785926415495,5.0
mo,dip,0.2,2,EWMA,0.01,0.2470978441127695,0.16832504145936983,0.3221476510067114,0.24889975550122248,0.24799552672195047,1.000153045607591
mo,dip,0.2,2,EWMA,0.03,0.4079601990049751,0.2902155887230514,0.31097560975609756,0.16303740926856505,0.2329704116679802,3.0004591368227733
mo,dip,0.2,2,EWMA,0.05,0.5207296849087893,0.38723051409618575,0.27229299363057324,0.13352735739231664,0.21255150268479364,5.0
mo,dip,0.2,2,CUSUM классический,0.01,0.03067993366500829,0.014925373134328358,0.5405405405405406,0.050200803212851405,0.03808465085638999,1.000153045607591
mo,dip,0.2,2,CUSUM классический,0.03,0.1351575456053068,0.05223880597014925,0.6441717791411042,0.06337431114879186,0.08628858349828439,3.0004591368227733
mo,dip,0.2,2,CUSUM классический,0.05,0.20812603648424544,0.0978441127694859,0.545816733067729,0.06309508696204139,0.09683412710764838,5.0
mo,dip,0.2,2,Page-Hinkley,0.01,0.11194029850746269,0.03150912106135987,0.7333333333333333,0.11546723952738991,0.11367641875220304,1.000153045607591
mo,dip,0.2,2,Page-Hinkley,0.03,0.20729684908789386,0.1077943615257048,0.48,0.09543010752688172,0.1306944106970614,3.0004591368227733
mo,dip,0.2,2,Page-Hinkley,0.05,0.27114427860696516,0.16086235489220563,0.41590214067278286,0.08362989323843416,0.12783211897394947,5.0
mo,dip,0.2,2,CUSUM оконный,0.01,0.16583747927031509,0.03399668325041459,0.89,0.21760524876981957,0.18822683698515466,1.000153045607591
mo,dip,0.2,2,CUSUM оконный,0.03,0.3283582089552239,0.1111111111111111,0.7095959595959596,0.16492450638792103,0.21956705088557774,3.0004591368227733
mo,dip,0.2,2,CUSUM оконный,0.05,0.4253731343283582,0.16583747927031509,0.6588693957115009,0.13610676926776483,0.206227017835997,5.0
mo,dip,0.2,2,GLR (онлайн-разрыв),0.01,0.28938640132669985,0.1724709784411277,0.40974212034383956,0.3235294117647059,0.30550692344421454,1.000153045607591
mo,dip,0.2,2,GLR (онлайн-разрыв),0.03,0.4684908789386401,0.3466003316749585,0.2743362831858407,0.22605426610003268,0.30496034007159234,3.0004591368227733
mo,dip,0.2,2,GLR (онлайн-разрыв),0.05,0.5655058043117744,0.42454394693200664,0.2595307917888563,0.18047901653242898,0.27363004863844165,5.0
mo,dip,0.2,2,BOCPD,0.01,0.4419568822553897,0.36318407960199006,0.24765478424015008,0.4170967741935484,0.42916711555215403,1.000153045607591
mo,dip,0.2,2,BOCPD,0.03,0.6343283582089553,0.5290215588723052,0.20130718954248367,0.28659176029962546,0.39480792553753297,3.0004591368227733
mo,dip,0.2,2,BOCPD,0.05,0.724709784411277,0.6069651741293532,0.18764302059496568,0.22517227401702472,0.3435890776340889,5.0
mo,dip,0.2,2,BOCPD + новости,0.01,0.4651741293532338,0.3781094527363184,0.24420677361853832,0.426895020615287,0.4452132876626311,1.000153045607591
mo,dip,0.2,2,BOCPD + новости,0.03,0.6616915422885572,0.5530679933665008,0.18546365914786966,0.294404973357016,0.4075012881863492,3.0004591368227733
mo,dip,0.2,2,BOCPD + новости,0.05,0.7495854063018242,0.6517412935323383,0.14933628318584072,0.23259779338014042,0.3550293092209605,5.0
mo,dip,0.2,2,Stouffer-МО,0.01,0.38308457711442784,0.09950248756218906,0.8051948051948052,0.3975609756097561,0.3901885501997419,0.9963269054178145
mo,dip,0.2,2,Stouffer-МО,0.03,0.6169154228855721,0.208955223880597,0.6774193548387096,0.26968503937007876,0.37530515083564386,2.998163452708907
mo,dip,0.2,2,Stouffer-МО,0.05,0.7213930348258707,0.2736318407960199,0.6758620689655173,0.21178756476683938,0.3274437427272131,5.0
mo,dip,0.2,2,Пространственный,0.01,0.0912106135986733,0.020729684908789386,0.8363636363636363,0.12974296205630356,0.10711693752124425,1.000153045607591
mo,dip,0.2,2,Пространственный,0.03,0.2064676616915423,0.06633499170812604,0.7670682730923695,0.1077856843867727,0.1416325935547147,3.0004591368227733
mo,dip,0.2,2,Пространственный,0.05,0.2943615257048093,0.11028192371475953,0.7154929577464789,0.09431080565101184,0.1428528372217294,5.0
mo,dip,0.2,2,Комбо: BOCPD ∨ Stouffer-МО,0.01,0.4601990049751244,0.27197346600331673,0.4486486486486487,0.43820224719101125,0.44893133808294183,0.9955616773798592
mo,dip,0.2,2,Комбо: BOCPD ∨ Stouffer-МО,0.03,0.6533996683250415,0.4560530679933665,0.3299492385786802,0.29639479905437355,0.4078024668426118,3.0004591368227733
mo,dip,0.2,2,Комбо: BOCPD ∨ Stouffer-МО,0.05,0.7620232172470979,0.5472636815920398,0.3014145810663765,0.2353587847291625,0.3596392515431663,4.996173859810224
mo,dip,0.2,2,Комбо: оконный ∨ Stouffer ∨ пространств.,0.01,0.28524046434494194,0.029850746268656716,0.9941860465116279,0.31180722891566265,0.29793277745130453,0.9963269054178145
mo,dip,0.2,2,Комбо: оконный ∨ Stouffer ∨ пространств.,0.03,0.4660033167495854,0.13930348258706468,0.7633451957295374,0.2197446502427621,0.2986570599698109,3.0004591368227733
mo,dip,0.2,2,Комбо: оконный ∨ Stouffer ∨ пространств.,0.05,0.593698175787728,0.22553897180762852,0.638268156424581,0.1808151317270885,0.2772053438452678,4.99846954392409
mo,ramp,0.03,0,z-score (инновация),0.01,0.02570480928689884,0.008291873963515755,1.1612903225806452,0.025482093663911846,0.025592966954503873,1.000153045607591
mo,ramp,0.03,0,z-score (инновация),0.03,0.07462686567164178,0.03399668325041459,0.8888888888888888,0.02666064166290104,0.03928618990544679,3.0004591368227733
mo,ramp,0.03,0,z-score (инновация),0.05,0.12354892205638475,0.06218905472636816,0.7718120805369127,0.028041181251693307,0.04570823083078929,5.0
mo,ramp,0.03,0,EWMA,0.01,0.026533996683250415,0.015754560530679935,0.625,0.030789825970548863,0.028503930908950082,1.000153045607591
mo,ramp,0.03,0,EWMA,0.03,0.07131011608623548,0.04145936981757877,0.6744186046511628,0.03203971119133574,0.04421401727721015,3.0004591368227733
mo,ramp,0.03,0,EWMA,0.05,0.10530679933665009,0.06882255389718077,0.5826771653543307,0.031907671418873046,0.04897580747724131,5.0
mo,ramp,0.03,0,CUSUM классический,0.01,0.01077943615257048,0.006633499170812604,0.5384615384615384,0.019217570350034317,0.013811683014285984,1.000153045607591
mo,ramp,0.03,0,CUSUM классический,0.03,0.04228855721393035,0.03233830845771144,0.37254901960784315,0.027815468113975575,0.03355801636976408,3.0004591368227733
mo,ramp,0.03,0,CUSUM классический,0.05,0.07379767827529021,0.05555555555555555,0.4157303370786517,0.02957536290869624,0.042227510999241505,5.0
mo,ramp,0.03,0,Page-Hinkley,0.01,0.01077943615257048,0.007462686567164179,0.5384615384615384,0.01734906315058987,0.013297056236319374,1.000153045607591
mo,ramp,0.03,0,Page-Hinkley,0.03,0.04311774461028192,0.024875621890547265,0.6346153846153846,0.02562342713337909,0.03214447351282136,3.0004591368227733
mo,ramp,0.03,0,Page-Hinkley,0.05,0.06550580431177445,0.04311774461028192,0.5316455696202531,0.023937267849773007,0.035062077936984674,5.0
mo,ramp,0.03,0,CUSUM оконный,0.01,0.017412935323383085,0.008291873963515755,0.9047619047619048,0.026595744680851064,0.021046301864101023,1.000153045607591
mo,ramp,0.03,0,CUSUM оконный,0.03,0.05306799336650083,0.029850746268656716,0.71875,0.026832018038331455,0.03564258202801425,3.0004591368227733
mo,ramp,0.03,0,CUSUM оконный,0.05,0.07877280265339967,0.0505804311774461,0.5684210526315789,0.025010194372706265,0.03796620182685197,5.0
mo,ramp,0.03,0,GLR (онлайн-разрыв),0.01,0.024875621890547265,0.011608623548922056,0.9333333333333333,0.030605455755156354,0.027444663206252613,1.000153045607591
mo,ramp,0.03,0,GLR (онлайн-разрыв),0.03,0.06384742951907131,0.03150912106135987,0.8181818181818182,0.029134917077543704,0.04001167173641062,3.0004591368227733
mo,ramp,0.03,0,GLR (онлайн-разрыв),0.05,0.1011608623548922,0.05638474295190713,0.7131147540983607,0.02814614343707713,0.044039193771758404,5.0
mo,ramp,0.03,0,BOCPD,0.01,0.02404643449419569,0.01077943615257048,0.8275862068965517,0.03022162525184688,0.02678269078819099,1.000153045607591
mo,ramp,0.03,0,BOCPD,0.03,0.07131011608623548,0.03067993366500829,0.8023255813953488,0.029211956521739132,0.04144578313253012,3.0004591368227733
mo,ramp,0.03,0,BOCPD,0.05,0.11857379767827529,0.05970149253731343,0.7762237762237763,0.029724570493591493,0.047533297247020975,5.0
mo,ramp,0.03,0,BOCPD + новости,0.01,0.026533996683250415,0.01077943615257048,0.84375,0.0321285140562249,0.029064486830154404,1.000153045607591
mo,ramp,0.03,0,BOCPD + новости,0.03,0.07213930348258707,0.03482587064676617,0.7126436781609196,0.03076227097941642,0.0431318726384917,3.0004591368227733
mo,ramp,0.03,0,BOCPD + новости,0.05,0.1310116086235489,0.06716417910447761,0.7215189873417721,0.032862574687669746,0.05254493034045091,5.0
mo,ramp,0.03,0,Stouffer-МО,0.01,0.014925373134328358,0.004975124378109453,1.3333333333333333,0.019230769230769232,0.01680672268907563,0.9963269054178145
mo,ramp,0.03,0,Stouffer-МО,0.03,0.04975124378109453,0.01990049751243781,1.0,0.023622047244094488,0.03203416978109983,2.998163452708907
mo,ramp,0.03,0,Stouffer-МО,0.05,0.07960199004975124,0.03980099502487562,0.8125,0.023107569721115537,0.035817669535682585,5.0
mo,ramp,0.03,0,Пространственный,0.01,0.01658374792703151,0.01077943615257048,0.6,0.026954177897574125,0.02053388090349076,1.000153045607591
mo,ramp,0.03,0,Пространственный,0.03,0.04892205638474295,0.028192371475953566,0.711864406779661,0.02459016393442623,0.0327292899408284,3.0004591368227733
mo,ramp,0.03,0,Пространственный,0.05,0.09286898839137644,0.05223880597014925,0.8125,0.025344052323204795,0.03982092816099644,5.0
mo,ramp,0.03,0,Комбо: BOCPD ∨ Stouffer-МО,0.01,0.02321724709784411,0.0041459369817578775,1.25,0.028420356906807668,0.02555666404873596,0.9963269054178145
mo,ramp,0.03,0,Комбо: BOCPD ∨ Stouffer-МО,0.03,0.06799336650082918,0.019071310116086235,1.1341463414634145,0.027050802727072797,0.03870358716173694,2.999693908784818
mo,ramp,0.03,0,Комбо: BOCPD ∨ Stouffer-МО,0.05,0.09618573797678276,0.03814262023217247,0.9224137931034483,0.026466285410293923,0.041510594336619924,5.0
mo,ramp,0.03,0,Комбо: оконный ∨ Stouffer ∨ пространств.,0.01,0.022388059701492536,0.007462686567164179,1.037037037037037,0.030759162303664923,0.02591435397904797,1.000153045607591
mo,ramp,0.03,0,Комбо: оконный ∨ Stouffer ∨ пространств.,0.03,0.05472636815920398,0.022388059701492536,1.0454545454545454,0.025386313465783666,0.03468366577558434,2.9989286807468627
mo,ramp,0.03,0,Комбо: оконный ∨ Stouffer ∨ пространств.,0.05,0.0845771144278607,0.04228855721393035,0.8627450980392157,0.025692492974708953,0.03941243592762312,4.995408631772269
mo,ramp,0.03,1,z-score (инновация),0.01,0.028192371475953566,0.01077943615257048,0.9411764705882353,0.02912621359223301,0.02865168539325843,1.000153045607591
mo,ramp,0.03,1,z-score (инновация),0.03,0.08291873963515754,0.03233830845771144,0.86,0.029317453046266605,0.04331875837608804,3.0004591368227733
mo,ramp,0.03,1,z-score (инновация),0.05,0.12603648424543948,0.05223880597014925,0.875,0.02810143934201508,0.045956329687995456,5.0
mo,ramp,0.03,1,EWMA,0.01,0.02321724709784411,0.01077943615257048,0.75,0.029532967032967032,0.025997020275084746,1.000153045607591
mo,ramp,0.03,1,EWMA,0.03,0.06467661691542288,0.029850746268656716,0.7307692307692307,0.029271613342409804,0.04030281182408075,3.0004591368227733
mo,ramp,0.03,1,EWMA,0.05,0.09950248756218906,0.05223880597014925,0.7083333333333334,0.02880939377389405,0.044681853555754374,5.0
mo,ramp,0.03,1,CUSUM классический,0.01,0.013266998341625208,0.008291873963515755,0.5,0.025482093663911846,0.017449229227458958,1.000153045607591
mo,ramp,0.03,1,CUSUM классический,0.03,0.04228855721393035,0.028192371475953566,0.43137254901960786,0.02702083810396153,0.03297308403534005,3.0004591368227733
mo,ramp,0.03,1,CUSUM классический,0.05,0.06467661691542288,0.04892205638474295,0.358974358974359,0.026699697219928435,0.037796361238497736,5.0
mo,ramp,0.03,1,Page-Hinkley,0.01,0.012437810945273632,0.005804311774461028,0.7333333333333333,0.022053756030323914,0.015905363089616778,1.000153045607591
mo,ramp,0.03,1,Page-Hinkley,0.03,0.04809286898839138,0.03233830845771144,0.4827586206896552,0.03041225501239018,0.037261582974835346,3.0004591368227733
mo,ramp,0.03,1,Page-Hinkley,0.05,0.07462686567164178,0.05306799336650083,0.4111111111111111,0.02803483941208492,0.04075818131455027,5.0
mo,ramp,0.03,1,CUSUM оконный,0.01,0.017412935323383085,0.01077943615257048,0.6666666666666666,0.026121902210314803,0.02089632209422481,1.000153045607591
mo,ramp,0.03,1,CUSUM оконный,0.03,0.05223880597014925,0.03150912106135987,0.6190476190476191,0.02481389578163772,0.03364575823119443,3.0004591368227733
mo,ramp,0.03,1,CUSUM оконный,0.05,0.087893864013267,0.05306799336650083,0.6132075471698113,0.026543878656554713,0.04077403147937356,5.0
mo,ramp,0.03,1,GLR (онлайн-разрыв),0.01,0.01824212271973466,0.00912106135986733,0.8636363636363636,0.023696682464454975,0.020614692653673165,1.000153045607591
mo,ramp,0.03,1,GLR (онлайн-разрыв),0.03,0.05887230514096186,0.02736318407960199,0.8309859154929577,0.026757369614512472,0.03679257297691351,3.0004591368227733
mo,ramp,0.03,1,GLR (онлайн-разрыв),0.05,0.08872305140961857,0.04311774461028192,0.8130841121495327,0.025893958076448828,0.04008813323461459,5.0
mo,ramp,0.03,1,BOCPD,0.01,0.024875621890547265,0.013266998341625208,0.6666666666666666,0.029573590096286108,0.027021931753911897,1.000153045607591
mo,ramp,0.03,1,BOCPD,0.03,0.06965174129353234,0.029850746268656716,0.7738095238095238,0.028256374913852515,0.04020311679215549,3.0004591368227733
mo,ramp,0.03,1,BOCPD,0.05,0.12686567164179105,0.05306799336650083,0.8758169934640523,0.030353200883002206,0.048986220988107086,5.0
mo,ramp,0.03,1,BOCPD + новости,0.01,0.026533996683250415,0.013266998341625208,0.6875,0.030906593406593408,0.028553865677856873,1.000153045607591
mo,ramp,0.03,1,BOCPD + новости,0.03,0.07711442786069651,0.03482587064676617,0.7096774193548387,0.031149793861658268,0.04437474344535781,3.0004591368227733
mo,ramp,0.03,1,BOCPD + новости,0.05,0.1318407960199005,0.05804311774461028,0.7924528301886793,0.032378065582805184,0.051988546240796095,5.0
mo,ramp,0.03,1,Stouffer-МО,0.01,0.004975124378109453,0.004975124378109453,0.0,0.012552301255230125,0.007125890736342043,0.9963269054178145
mo,ramp,0.03,1,Stouffer-МО,0.03,0.04975124378109453,0.014925373134328358,1.0,0.021476510067114093,0.030001875117194828,2.998163452708907
mo,ramp,0.03,1,Stouffer-МО,0.05,0.11940298507462686,0.05472636815920398,0.9583333333333334,0.03110047846889952,0.04934756820877816,5.0
mo,ramp,0.03,1,Пространственный,0.01,0.02404643449419569,0.01658374792703151,0.5172413793103449,0.032732130928523714,0.027724935858038965,1.000153045607591
mo,ramp,0.03,1,Пространственный,0.03,0.0538971807628524,0.03482587064676617,0.5538461538461539,0.02726453357368184,0.036211198998149154,3.0004591368227733
mo,ramp,0.03,1,Пространственный,0.05,0.08872305140961857,0.05887230514096186,0.5233644859813084,0.026887561108093427,0.04126864159822973,5.0
mo,ramp,0.03,1,Комбо: BOCPD ∨ Stouffer-МО,0.01,0.01824212271973466,0.01077943615257048,0.6818181818181818,0.027285129604365622,0.021865527008895293,1.000153045607591
mo,ramp,0.03,1,Комбо: BOCPD ∨ Stouffer-МО,0.03,0.04311774461028192,0.01990049751243781,0.7884615384615384,0.018261673601479428,0.025656879828621037,2.9958677685950414
mo,ramp,0.03,1,Комбо: BOCPD ∨ Stouffer-МО,0.05,0.09950248756218906,0.0406301824212272,0.8166666666666667,0.02645935624659029,0.04180268700776798,5.0
mo,ramp,0.03,1,Комбо: оконный ∨ Stouffer ∨ пространств.,0.01,0.014925373134328358,0.01077943615257048,0.3888888888888889,0.02467443454420836,0.018599845001291655,0.9970921334557699
mo,ramp,0.03,1,Комбо: оконный ∨ Stouffer ∨ пространств.,0.03,0.03648424543946932,0.024875621890547265,0.5681818181818182,0.01808194094758526,0.024180028520747104,3.0004591368227733
mo,ramp,0.03,1,Комбо: оконный ∨ Stouffer ∨ пространств.,0.05,0.09369817578772803,0.0406301824212272,0.8761061946902655,0.025101763907734057,0.0395958027123267,5.0
mo,ramp,0.03,2,z-score (инновация),0.01,0.029850746268656716,0.012437810945273632,0.8333333333333334,0.034643570952698204,0.0320690718470552,1.000153045607591
mo,ramp,0.03,2,z-score (инновация),0.03,0.0812603648424544,0.02736318407960199,0.9591836734693877,0.03046716316858497,0.04431804478031918,3.0004591368227733
mo,ramp,0.03,2,z-score (инновация),0.05,0.12271973466003316,0.0538971807628524,0.8378378378378378,0.030035335689045935,0.048259326747866114,5.0
mo,ramp,0.03,2,EWMA,0.01,0.03067993366500829,0.014096185737976783,0.7837837837837838,0.04281949934123847,0.035747198192574096,1.000153045607591
mo,ramp,0.03,2,EWMA,0.03,0.07296849087893864,0.03150912106135987,0.7727272727272727,0.0348993288590604,0.047216145940814726,3.0004591368227733
mo,ramp,0.03,2,EWMA,0.05,0.1077943615257048,0.05555555555555555,0.676923076923077,0.03226681127982647,0.04966658854425849,5.0
mo,ramp,0.03,2,CUSUM классический,0.01,0.01658374792703151,0.013266998341625208,0.25,0.03597122302158273,0.022701475595913734,1.000153045607591
mo,ramp,0.03,2,CUSUM классический,0.03,0.05223880597014925,0.03565505804311774,0.49206349206349204,0.034566807001994236,0.04160396228212211,3.0004591368227733
mo,ramp,0.03,2,CUSUM классический,0.05,0.0812603648424544,0.05472636815920398,0.47959183673469385,0.03138412017167382,0.045280247054967374,5.0
mo,ramp,0.03,2,Page-Hinkley,0.01,0.01658374792703151,0.011608623548922056,0.45,0.033715441672285906,0.02223210315695865,1.000153045607591
mo,ramp,0.03,2,Page-Hinkley,0.03,0.03897180762852405,0.026533996683250415,0.574468085106383,0.02426184481574731,0.029905846406886392,3.0004591368227733
mo,ramp,0.03,2,Page-Hinkley,0.05,0.07379767827529021,0.0439469320066335,0.6067415730337079,0.025385560256585234,0.03777645167437037,5.0
mo,ramp,0.03,2,CUSUM оконный,0.01,0.015754560530679935,0.01077943615257048,0.47368421052631576,0.02463382157123835,0.019218151995626025,1.000153045607591
mo,ramp,0.03,2,CUSUM оконный,0.03,0.04643449419568822,0.02736318407960199,0.5892857142857143,0.02432492747154653,0.031925521064881404,3.0004591368227733
mo,ramp,0.03,2,CUSUM оконный,0.05,0.07379767827529021,0.04892205638474295,0.4943820224719101,0.023935091277890466,0.036146610265747454,5.0
mo,ramp,0.03,2,GLR (онлайн-разрыв),0.01,0.017412935323383085,0.009950248756218905,0.7142857142857143,0.024456521739130436,0.020342266709719083,1.000153045607591
mo,ramp,0.03,2,GLR (онлайн-разрыв),0.03,0.04809286898839138,0.022388059701492536,0.8620689655172413,0.022292993630573247,0.030464470623546184,3.0004591368227733
mo,ramp,0.03,2,GLR (онлайн-разрыв),0.05,0.0945273631840796,0.0406301824212272,0.9210526315789473,0.024177024996585167,0.03850557603792164,5.0
mo,ramp,0.03,2,BOCPD,0.01,0.02155887230514096,0.007462686567164179,0.9230769230769231,0.024657534246575342,0.02300432559968541,1.000153045607591
mo,ramp,0.03,2,BOCPD,0.03,0.07379767827529021,0.029850746268656716,0.9662921348314607,0.026983764006402927,0.03951797254964676,3.0004591368227733
mo,ramp,0.03,2,BOCPD,0.05,0.12686567164179105,0.04809286898839138,0.9934640522875817,0.02805912948261703,0.04595442797615909,5.0
mo,ramp,0.03,2,BOCPD + новости,0.01,0.02570480928689884,0.00912106135986733,0.8709677419354839,0.028668941979522185,0.027106082213455198,1.000153045607591
mo,ramp,0.03,2,BOCPD + новости,0.03,0.07877280265339967,0.03316749585406302,0.9157894736842105,0.028975587497148073,0.042367003952263824,3.0004591368227733
mo,ramp,0.03,2,BOCPD + новости,0.05,0.13598673300165837,0.05638474295190713,0.8597560975609756,0.030431222707423582,0.049733125726679955,5.0
mo,ramp,0.03,2,Stouffer-МО,0.01,0.009950248756218905,0.009950248756218905,0.0,0.02,0.013289036544850497,0.9963269054178145
mo,ramp,0.03,2,Stouffer-МО,0.03,0.03980099502487562,0.029850746268656716,0.25,0.01984126984126984,0.026481297583581594,2.998163452708907
mo,ramp,0.03,2,Stouffer-МО,0.05,0.08955223880597014,0.04975124378109453,0.7777777777777778,0.02545743834526651,0.03964484823456536,5.0
mo,ramp,0.03,2,Пространственный,0.01,0.01824212271973466,0.008291873963515755,0.8181818181818182,0.022103148024112524,0.019987886129618413,1.000153045607591
mo,ramp,0.03,2,Пространственный,0.03,0.0439469320066335,0.02736318407960199,0.5471698113207547,0.023820224719101123,0.030894782862139317,3.0004591368227733
mo,ramp,0.03,2,Пространственный,0.05,0.07877280265339967,0.04809286898839138,0.5789473684210527,0.02261953135581742,0.03514671788583575,5.0
mo,ramp,0.03,2,Комбо: BOCPD ∨ Stouffer-МО,0.01,0.01658374792703151,0.0024875621890547263,1.1,0.018467852257181942,0.01747516261609657,1.000153045607591
mo,ramp,0.03,2,Комбо: BOCPD ∨ Stouffer-МО,0.03,0.06550580431177445,0.03233830845771144,0.8227848101265823,0.0260347129506008,0.03726054566563468,2.9989286807468627
mo,ramp,0.03,2,Комбо: BOCPD ∨ Stouffer-МО,0.05,0.0945273631840796,0.04892205638474295,0.7982456140350878,0.024245689655172414,0.03859261098196754,5.0
mo,ramp,0.03,2,Комбо: оконный ∨ Stouffer ∨ пространств.,0.01,0.014925373134328358,0.005804311774461028,0.8333333333333334,0.01971447994561523,0.016988869361452844,0.9993878175696358
mo,ramp,0.03,2,Комбо: оконный ∨ Stouffer ∨ пространств.,0.03,0.05472636815920398,0.03731343283582089,0.5303030303030303,0.026895943562610228,0.0360665430406622,3.0004591368227733
mo,ramp,0.03,2,Комбо: оконный ∨ Stouffer ∨ пространств.,0.05,0.07379767827529021,0.05140961857379768,0.47191011235955055,0.02318102639689133,0.03528003253727752,4.996939087848179
mo,ramp,0.05,0,z-score (инновация),0.01,0.03233830845771144,0.00912106135986733,1.0769230769230769,0.03445899379738112,0.033364987295639456,1.000153045607591
mo,ramp,0.05,0,z-score (инновация),0.03,0.0912106135986733,0.03482587064676617,0.9727272727272728,0.03456116416552979,0.0501280183243091,3.0004591368227733
mo,ramp,0.05,0,z-score (инновация),0.05,0.15339966832504145,0.0538971807628524,0.9783783783783784,0.034684439608269856,0.05657661979432134,5.0
mo,ramp,0.05,0,EWMA,0.01,0.022388059701492536,0.01077943615257048,0.7777777777777778,0.027835768963117607,0.0248164615861855,1.000153045607591
mo,ramp,0.05,0,EWMA,0.03,0.09203980099502487,0.02902155887230514,1.0990990990990992,0.037460744728577834,0.05324887969665633,3.0004591368227733
mo,ramp,0.05,0,EWMA,0.05,0.148424543946932,0.05472636815920398,0.9664804469273743,0.038161784466541254,0.06071340278582272,5.0
mo,ramp,0.05,0,CUSUM классический,0.01,0.009950248756218905,0.007462686567164179,0.3333333333333333,0.019522776572668113,0.013181984621017941,1.000153045607591
mo,ramp,0.05,0,CUSUM классический,0.03,0.04311774461028192,0.028192371475953566,0.6153846153846154,0.026802218114602587,0.033056401937789075,3.0004591368227733
mo,ramp,0.05,0,CUSUM классический,0.05,0.06799336650082918,0.04975124378109453,0.43902439024390244,0.027256540199972607,0.03891371638153471,5.0
mo,ramp,0.05,0,Page-Hinkley,0.01,0.02155887230514096,0.007462686567164179,1.0384615384615385,0.030524220305242204,0.025269919077098607,1.000153045607591
mo,ramp,0.05,0,Page-Hinkley,0.03,0.05555555555555555,0.03067993366500829,0.6865671641791045,0.030619037053472378,0.03947933056787298,3.0004591368227733
mo,ramp,0.05,0,Page-Hinkley,0.05,0.0978441127694859,0.04892205638474295,0.8220338983050848,0.03112060905569654,0.04722172604734882,5.0
mo,ramp,0.05,0,CUSUM оконный,0.01,0.00912106135986733,0.003316749585406302,0.9090909090909091,0.014452856159669649,0.011184003485923166,1.000153045607591
mo,ramp,0.05,0,CUSUM оконный,0.03,0.04892205638474295,0.02570480928689884,0.847457627118644,0.02051860202931229,0.02891136773008877,3.0004591368227733
mo,ramp,0.05,0,CUSUM оконный,0.05,0.08872305140961857,0.0505804311774461,0.7289719626168224,0.023831964454019118,0.03757175264419715,5.0
mo,ramp,0.05,0,GLR (онлайн-разрыв),0.01,0.017412935323383085,0.0041459369817578775,1.2857142857142858,0.019350380096751902,0.018330605564648116,1.000153045607591
mo,ramp,0.05,0,GLR (онлайн-разрыв),0.03,0.06301824212271974,0.02404643449419569,1.0526315789473684,0.02477632484514797,0.03556849795897143,3.0004591368227733
mo,ramp,0.05,0,GLR (онлайн-разрыв),0.05,0.09867330016583747,0.03814262023217247,1.0084033613445378,0.025437636761487966,0.040447935207283334,5.0
mo,ramp,0.05,0,BOCPD,0.01,0.024875621890547265,0.00912106135986733,0.9333333333333333,0.029057406094968107,0.02680439330543933,1.000153045607591
mo,ramp,0.05,0,BOCPD,0.03,0.07711442786069651,0.02902155887230514,0.9032258064516129,0.03229553903345725,0.04552513972382753,3.0004591368227733
mo,ramp,0.05,0,BOCPD,0.05,0.1451077943615257,0.04975124378109453,0.9657142857142857,0.034854771784232366,0.05620834560102781,5.0
mo,ramp,0.05,0,BOCPD + новости,0.01,0.024875621890547265,0.00912106135986733,0.8333333333333334,0.029057406094968107,0.02680439330543933,1.000153045607591
mo,ramp,0.05,0,BOCPD + новости,0.03,0.0812603648424544,0.03150912106135987,0.8469387755102041,0.033882571362265024,0.047824212260887296,3.0004591368227733
mo,ramp,0.05,0,BOCPD + новости,0.05,0.1625207296849088,0.06384742951907131,0.8418367346938775,0.03936682725395733,0.06338107793964008,5.0
mo,ramp,0.05,0,Stouffer-МО,0.01,0.009950248756218905,0.0,1.5,0.012295081967213115,0.010999083409715857,0.9963269054178145
mo,ramp,0.05,0,Stouffer-МО,0.03,0.04975124378109453,0.014925373134328358,1.3,0.0158311345646438,0.024019215372297842,2.998163452708907
mo,ramp,0.05,0,Stouffer-МО,0.05,0.0845771144278607,0.029850746268656716,1.2352941176470589,0.018648018648018648,0.030558364228738342,5.0
mo,ramp,0.05,0,Пространственный,0.01,0.01077943615257048,0.005804311774461028,0.9230769230769231,0.01619718309859155,0.01294428330230746,1.000153045607591
mo,ramp,0.05,0,Пространственный,0.03,0.03897180762852405,0.024875621890547265,0.574468085106383,0.01713756368689208,0.023806427324685995,3.0004591368227733
mo,ramp,0.05,0,Пространственный,0.05,0.07379767827529021,0.04809286898839138,0.5617977528089888,0.02129705963176697,0.03305490060766385,5.0
mo,ramp,0.05,0,Комбо: BOCPD ∨ Stouffer-МО,0.01,0.008291873963515755,0.0041459369817578775,0.7,0.009206798866855524,0.008725417813276059,1.000153045607591
mo,ramp,0.05,0,Комбо: BOCPD ∨ Stouffer-МО,0.03,0.04477611940298507,0.015754560530679935,0.8518518518518519,0.0196577243293247,0.027320940697487545,3.0004591368227733
mo,ramp,0.05,0,Комбо: BOCPD ∨ Stouffer-МО,0.05,0.09038142620232173,0.03399668325041459,0.981651376146789,0.02265593012146854,0.036230063103262884,5.0
mo,ramp,0.05,0,Комбо: оконный ∨ Stouffer ∨ пространств.,0.01,0.006633499170812604,0.0041459369817578775,0.75,0.01050420168067227,0.008131734092295182,1.000153045607591
mo,ramp,0.05,0,Комбо: оконный ∨ Stouffer ∨ пространств.,0.03,0.028192371475953566,0.009950248756218905,0.9705882352941176,0.013154858066005077,0.01793912914691943,2.999693908784818
mo,ramp,0.05,0,Комбо: оконный ∨ Stouffer ∨ пространств.,0.05,0.05804311774461028,0.03233830845771144,0.7857142857142857,0.014886642993717563,0.023695872942915617,4.997704315886134
mo,ramp,0.05,1,z-score (инновация),0.01,0.020729684908789386,0.005804311774461028,0.96,0.020251396648044692,0.02048774973860457,1.000153045607591
mo,ramp,0.05,1,z-score (инновация),0.03,0.07711442786069651,0.026533996683250415,1.021505376344086,0.0272895467160037,0.04031298214679303,3.0004591368227733
mo,ramp,0.05,1,z-score (инновация),0.05,0.12437810945273632,0.04228855721393035,0.9666666666666667,0.02874828060522696,0.04670203209703297,5.0
mo,ramp,0.05,1,EWMA,0.01,0.017412935323383085,0.006633499170812604,0.8095238095238095,0.020804438280166437,0.018958201679155007,1.000153045607591
mo,ramp,0.05,1,EWMA,0.03,0.06882255389718077,0.02736318407960199,0.9879518072289156,0.029986369831894594,0.041772311164828296,3.0004591368227733
mo,ramp,0.05,1,EWMA,0.05,0.1044776119402985,0.04311774461028192,0.9285714285714286,0.02905469922247988,0.04546563395743124,5.0
mo,ramp,0.05,1,CUSUM классический,0.01,0.01077943615257048,0.007462686567164179,0.46153846153846156,0.02180028129395218,0.014425830469644902,1.000153045607591
mo,ramp,0.05,1,CUSUM классический,0.03,0.03814262023217247,0.02404643449419569,0.5652173913043478,0.024260628465804065,0.029657556536635987,3.0004591368227733
mo,ramp,0.05,1,CUSUM классический,0.05,0.06716417910447761,0.04809286898839138,0.4567901234567901,0.026492793411118737,0.03799752808251392,5.0
mo,ramp,0.05,1,Page-Hinkley,0.01,0.00912106135986733,0.006633499170812604,0.2727272727272727,0.017921146953405017,0.01208924057588746,1.000153045607591
mo,ramp,0.05,1,Page-Hinkley,0.03,0.03565505804311774,0.01824212271973466,0.7441860465116279,0.019944341372912802,0.02558001189767995,3.0004591368227733
mo,ramp,0.05,1,Page-Hinkley,0.05,0.06633499170812604,0.03482587064676617,0.7875,0.021976503109882514,0.033015207240504885,5.0
mo,ramp,0.05,1,CUSUM оконный,0.01,0.013266998341625208,0.007462686567164179,0.75,0.018120805369127517,0.015318605723201305,1.000153045607591
mo,ramp,0.05,1,CUSUM оконный,0.03,0.06384742951907131,0.03316749585406302,0.8181818181818182,0.025736095965103598,0.036684949924599225,3.0004591368227733
mo,ramp,0.05,1,CUSUM оконный,0.05,0.09535655058043117,0.05638474295190713,0.6347826086956522,0.02718954248366013,0.04231389052519109,5.0
mo,ramp,0.05,1,GLR (онлайн-разрыв),0.01,0.01824212271973466,0.008291873963515755,0.8636363636363636,0.018646408839779006,0.018442050358595426,1.000153045607591
mo,ramp,0.05,1,GLR (онлайн-разрыв),0.03,0.06218905472636816,0.02321724709784411,0.88,0.026651735722284433,0.03731273085292513,3.0004591368227733
mo,ramp,0.05,1,GLR (онлайн-разрыв),0.05,0.12189054726368159,0.0538971807628524,0.891156462585034,0.03177145908423441,0.050404659254216784,5.0
mo,ramp,0.05,1,BOCPD,0.01,0.02321724709784411,0.012437810945273632,0.6071428571428571,0.02402826855123675,0.023615796785076405,1.000153045607591
mo,ramp,0.05,1,BOCPD,0.03,0.08208955223880597,0.03897180762852405,0.8585858585858586,0.029276164130935915,0.04315991102323283,3.0004591368227733
mo,ramp,0.05,1,BOCPD,0.05,0.15091210613598674,0.05970149253731343,0.9505494505494505,0.034487477761051044,0.05614443996949416,5.0
mo,ramp,0.05,1,BOCPD + новости,0.01,0.02321724709784411,0.013266998341625208,0.5714285714285714,0.024717514124293787,0.023943902856165558,1.000153045607591
mo,ramp,0.05,1,BOCPD + новости,0.03,0.08374792703150911,0.04477611940298507,0.7326732673267327,0.031055900621118012,0.04530976627338387,3.0004591368227733
mo,ramp,0.05,1,BOCPD + новости,0.05,0.15920398009950248,0.06882255389718077,0.8229166666666666,0.0354066985645933,0.05792988722264354,5.0
mo,ramp,0.05,1,Stouffer-МО,0.01,0.01990049751243781,0.014925373134328358,0.5,0.025735294117647058,0.022444889779559114,0.9963269054178145
mo,ramp,0.05,1,Stouffer-МО,0.03,0.07462686567164178,0.024875621890547265,1.1333333333333333,0.024691358024691357,0.03710575139146567,2.998163452708907
mo,ramp,0.05,1,Stouffer-МО,0.05,0.10945273631840796,0.04975124378109453,0.9545454545454546,0.02692595362752431,0.043219645293315144,5.0
mo,ramp,0.05,1,Пространственный,0.01,0.014925373134328358,0.00912106135986733,0.6111111111111112,0.017869415807560136,0.016265248670628712,1.000153045607591
mo,ramp,0.05,1,Пространственный,0.03,0.05887230514096186,0.03233830845771144,0.647887323943662,0.02595658984112777,0.03602839051170726,3.0004591368227733
mo,ramp,0.05,1,Пространственный,0.05,0.09369817578772803,0.05140961857379768,0.6548672566371682,0.027406417112299464,0.04240848718957957,5.0
mo,ramp,0.05,1,Комбо: BOCPD ∨ Stouffer-МО,0.01,0.017412935323383085,0.01077943615257048,0.47619047619047616,0.024373730534867976,0.020313570593688286,1.000153045607591
mo,ramp,0.05,1,Комбо: BOCPD ∨ Stouffer-МО,0.03,0.06550580431177445,0.03565505804311774,0.7341772151898734,0.024131060438344034,0.035269518346416215,3.0004591368227733
mo,ramp,0.05,1,Комбо: BOCPD ∨ Stouffer-МО,0.05,0.11691542288557213,0.05140961857379768,0.9716312056737588,0.026177321757432256,0.04277690879320911,4.995408631772269
mo,ramp,0.05,1,Комбо: оконный ∨ Stouffer ∨ пространств.,0.01,0.013266998341625208,0.009950248756218905,0.375,0.019880715705765408,0.015914064054107818,0.9993878175696358
mo,ramp,0.05,1,Комбо: оконный ∨ Stouffer ∨ пространств.,0.03,0.04975124378109453,0.02902155887230514,0.6666666666666666,0.020363477118458508,0.028898590805276327,2.998163452708907
mo,ramp,0.05,1,Комбо: оконный ∨ Stouffer ∨ пространств.,0.05,0.10862354892205639,0.0505804311774461,0.9007633587786259,0.02707955428867582,0.04335165844359012,4.999234771962045
mo,ramp,0.05,2,z-score (инновация),0.01,0.03980099502487562,0.012437810945273632,1.125,0.03986710963455149,0.03983402489626556,1.000153045607591
mo,ramp,0.05,2,z-score (инновация),0.03,0.09950248756218906,0.03399668325041459,0.9916666666666667,0.0374020156774916,0.054367730961120554,3.0004591368227733
mo,ramp,0.05,2,z-score (инновация),0.05,0.1517412935323383,0.05638474295190713,0.9726775956284153,0.03670219943327486,0.05910779013742062,5.0
mo,ramp,0.05,2,EWMA,0.01,0.028192371475953566,0.01077943615257048,1.0,0.03611293499671701,0.03166486047141696,1.000153045607591
mo,ramp,0.05,2,EWMA,0.03,0.08955223880597014,0.03648424543946932,0.9166666666666666,0.037602300376023,0.05296500155779416,3.0004591368227733
mo,ramp,0.05,2,EWMA,0.05,0.1310116086235489,0.06467661691542288,0.7911392405063291,0.03607348799785436,0.05657052348564506,5.0
mo,ramp,0.05,2,CUSUM классический,0.01,0.017412935323383085,0.014096185737976783,0.38095238095238093,0.03333333333333333,0.022875816993464054,1.000153045607591
mo,ramp,0.05,2,CUSUM классический,0.03,0.04311774461028192,0.03067993366500829,0.46153846153846156,0.026721014492753624,0.03299456901650804,3.0004591368227733
mo,ramp,0.05,2,CUSUM классический,0.05,0.07711442786069651,0.05306799336650083,0.4838709677419355,0.028540215758568892,0.041661442107056856,5.0
mo,ramp,0.05,2,Page-Hinkley,0.01,0.026533996683250415,0.014096185737976783,0.8125,0.03831168831168831,0.03135327233173356,1.000153045607591
mo,ramp,0.05,2,Page-Hinkley,0.03,0.06053067993366501,0.03565505804311774,0.6438356164383562,0.034641525981144485,0.04406486329539008,3.0004591368227733
mo,ramp,0.05,2,Page-Hinkley,0.05,0.09369817578772803,0.0538971807628524,0.672566371681416,0.03122914720405712,0.04684506246274071,5.0
mo,ramp,0.05,2,CUSUM оконный,0.01,0.015754560530679935,0.009950248756218905,0.5263157894736842,0.02334889926617745,0.01881427621620857,1.000153045607591
mo,ramp,0.05,2,CUSUM оконный,0.03,0.04809286898839138,0.028192371475953566,0.6379310344827587,0.024003523452983924,0.03202374680876929,3.0004591368227733
mo,ramp,0.05,2,CUSUM оконный,0.05,0.09867330016583747,0.0505804311774461,0.8235294117647058,0.02697342324474415,0.04236571581149037,5.0
mo,ramp,0.05,2,GLR (онлайн-разрыв),0.01,0.02321724709784411,0.011608623548922056,0.8214285714285714,0.03125,0.026641294005708846,1.000153045607591
mo,ramp,0.05,2,GLR (онлайн-разрыв),0.03,0.07048092868988391,0.03233830845771144,0.9176470588235294,0.03065304309195913,0.042724613821212246,3.0004591368227733
mo,ramp,0.05,2,GLR (онлайн-разрыв),0.05,0.12437810945273632,0.05638474295190713,0.9266666666666666,0.032197977647684936,0.05115370631853962,5.0
mo,ramp,0.05,2,BOCPD,0.01,0.02404643449419569,0.01077943615257048,0.896551724137931,0.027777777777777776,0.025777777777777778,1.000153045607591
mo,ramp,0.05,2,BOCPD,0.03,0.0845771144278607,0.03067993366500829,0.9901960784313726,0.031825414867015234,0.04624816610475793,3.0004591368227733
mo,ramp,0.05,2,BOCPD,0.05,0.15671641791044777,0.05223880597014925,0.9576719576719577,0.03542826116465318,0.05779176617584259,5.0
mo,ramp,0.05,2,BOCPD + новости,0.01,0.02321724709784411,0.01077943615257048,0.8571428571428571,0.027137042062415198,0.02502457771025114,1.000153045607591
mo,ramp,0.05,2,BOCPD + новости,0.03,0.09203980099502487,0.03233830845771144,0.9459459459459459,0.03379451122703561,0.04943707377001404,3.0004591368227733
mo,ramp,0.05,2,BOCPD + новости,0.05,0.16998341625207297,0.06135986733001658,0.8731707317073171,0.03905405405405405,0.06351532590668409,5.0
mo,ramp,0.05,2,Stouffer-МО,0.01,0.01990049751243781,0.004975124378109453,1.25,0.025547445255474453,0.02237315221733919,0.9963269054178145
mo,ramp,0.05,2,Stouffer-МО,0.03,0.0945273631840796,0.024875621890547265,1.368421052631579,0.030450669914738125,0.046062839410395656,2.998163452708907
mo,ramp,0.05,2,Stouffer-МО,0.05,0.15422885572139303,0.05970149253731343,1.0,0.036603221083455345,0.05916482174211772,5.0
mo,ramp,0.05,2,Пространственный,0.01,0.019071310116086235,0.014096185737976783,0.34782608695652173,0.030136986301369864,0.023359955680716495,1.000153045607591
mo,ramp,0.05,2,Пространственный,0.03,0.0439469320066335,0.028192371475953566,0.5471698113207547,0.02376599634369287,0.03084913474669234,3.0004591368227733
mo,ramp,0.05,2,Пространственный,0.05,0.07877280265339967,0.04892205638474295,0.6210526315789474,0.022523744911804613,0.035030976979961034,5.0
mo,ramp,0.05,2,Комбо: BOCPD ∨ Stouffer-МО,0.01,0.02404643449419569,0.011608623548922056,0.9310344827586207,0.029132362254591513,0.026346193725497943,0.9970921334557699
mo,ramp,0.05,2,Комбо: BOCPD ∨ Stouffer-МО,0.03,0.06218905472636816,0.022388059701492536,1.0933333333333333,0.024252923343438718,0.034896618766903045,3.0004591368227733
mo,ramp,0.05,2,Комбо: BOCPD ∨ Stouffer-МО,0.05,0.1417910447761194,0.04228855721393035,1.1929824561403508,0.03154655039753783,0.05161048110155362,5.0
mo,ramp,0.05,2,Комбо: оконный ∨ Stouffer ∨ пространств.,0.01,0.01990049751243781,0.012437810945273632,0.625,0.029355456285896617,0.02372051050663916,0.9993878175696358
mo,ramp,0.05,2,Комбо: оконный ∨ Stouffer ∨ пространств.,0.03,0.05472636815920398,0.02570480928689884,0.9090909090909091,0.024683267802533857,0.034021704917135395,2.999693908784818
mo,ramp,0.05,2,Комбо: оконный ∨ Stouffer ∨ пространств.,0.05,0.10862354892205639,0.04560530679933665,1.0381679389312977,0.027752678456176585,0.044209969493315925,4.996939087848179
mo,ramp,0.1,0,z-score (инновация),0.01,0.08706467661691543,0.022388059701492536,1.1714285714285715,0.09290646578782172,0.08989076016693998,1.000153045607591
mo,ramp,0.1,0,z-score (инновация),0.03,0.20812603648424544,0.04643449419568822,1.1314741035856575,0.08201959948870899,0.11766790217862484,3.0004591368227733
mo,ramp,0.1,0,z-score (инновация),0.05,0.2902155887230514,0.0912106135986733,0.9885714285714285,0.07451737451737452,0.11858595682452966,5.0
mo,ramp,0.1,0,EWMA,0.01,0.07711442786069651,0.01824212271973466,1.3333333333333333,0.08267477203647416,0.07979785552726963,1.000153045607591
mo,ramp,0.1,0,EWMA,0.03,0.18988391376451078,0.03980099502487562,1.262008733624454,0.07385892116182573,0.10635072623337047,3.0004591368227733
mo,ramp,0.1,0,EWMA,0.05,0.26119402985074625,0.06384742951907131,1.1746031746031746,0.06526395363487464,0.10443337835930727,5.0
mo,ramp,0.1,0,CUSUM классический,0.01,0.019071310116086235,0.013266998341625208,0.5652173913043478,0.031704095112285335,0.02381620105705965,1.000153045607591
mo,ramp,0.1,0,CUSUM классический,0.03,0.05721393034825871,0.029850746268656716,0.7971014492753623,0.031194690265486727,0.04037549333300133,3.0004591368227733
mo,ramp,0.1,0,CUSUM классический,0.05,0.09369817578772803,0.04892205638474295,0.7876106194690266,0.031245844967424545,0.04686384601198466,5.0
mo,ramp,0.1,0,Page-Hinkley,0.01,0.03897180762852405,0.013266998341625208,1.0212765957446808,0.051829268292682924,0.04449022774096553,1.000153045607591
mo,ramp,0.1,0,Page-Hinkley,0.03,0.09618573797678276,0.03648424543946932,0.9913793103448276,0.0462211118051218,0.06243817282513821,3.0004591368227733
mo,ramp,0.1,0,Page-Hinkley,0.05,0.16003316749585406,0.06384742951907131,1.0,0.04581398267854901,0.07123496008991713,5.0
mo,ramp,0.1,0,CUSUM оконный,0.01,0.05804311774461028,0.014096185737976783,1.3285714285714285,0.05516871987145153,0.056569428970452085,1.000153045607591
mo,ramp,0.1,0,CUSUM оконный,0.03,0.14925373134328357,0.04145936981757877,1.2444444444444445,0.05316119232959939,0.07839843203135936,3.0004591368227733
mo,ramp,0.1,0,CUSUM оконный,0.05,0.19734660033167495,0.05638474295190713,1.1764705882352942,0.04661976868963873,0.07542230427953374,5.0
mo,ramp,0.1,0,GLR (онлайн-разрыв),0.01,0.06882255389718077,0.014925373134328358,1.3012048192771084,0.06942053930005737,0.06912025327345618,1.000153045607591
mo,ramp,0.1,0,GLR (онлайн-разрыв),0.03,0.19402985074626866,0.0472636815920398,1.2777777777777777,0.07086302454473475,0.10381209430974102,3.0004591368227733
mo,ramp,0.1,0,GLR (онлайн-разрыв),0.05,0.2512437810945274,0.07048092868988391,1.1287128712871286,0.06335007964710207,0.10118642179256755,5.0
mo,ramp,0.1,0,BOCPD,0.01,0.07296849087893864,0.01990049751243781,1.0795454545454546,0.07717041800643087,0.07501065492257424,1.000153045607591
mo,ramp,0.1,0,BOCPD,0.03,0.19485903814262023,0.05555555555555555,1.025531914893617,0.07574118156243237,0.10908234888447549,3.0004591368227733
mo,ramp,0.1,0,BOCPD,0.05,0.29850746268656714,0.0845771144278607,0.9916666666666667,0.07280541807762438,0.11706009538617791,5.0
mo,ramp,0.1,0,BOCPD + новости,0.01,0.07711442786069651,0.02155887230514096,1.021505376344086,0.08071748878923767,0.07887483214361439,1.000153045607591
mo,ramp,0.1,0,BOCPD + новости,0.03,0.20149253731343283,0.06135986733001658,0.9465020576131687,0.07873166522864539,0.11322250433703657,3.0004591368227733
mo,ramp,0.1,0,BOCPD + новости,0.05,0.3076285240464345,0.09867330016583747,0.9002695417789758,0.07641411520498184,0.12241953926076231,5.0
mo,ramp,0.1,0,Stouffer-МО,0.01,0.11442786069651742,0.014925373134328358,1.608695652173913,0.07788944723618091,0.09268768280792981,0.9963269054178145
mo,ramp,0.1,0,Stouffer-МО,0.03,0.24378109452736318,0.05472636815920398,1.3673469387755102,0.07012487992315082,0.10891872963673459,2.998163452708907
mo,ramp,0.1,0,Stouffer-МО,0.05,0.3283582089552239,0.0845771144278607,1.2878787878787878,0.064576802507837,0.10792788930961397,5.0
mo,ramp,0.1,0,Пространственный,0.01,0.03814262023217247,0.014925373134328358,1.0434782608695652,0.04542664211172499,0.04146718805199235,1.000153045607591
mo,ramp,0.1,0,Пространственный,0.03,0.0945273631840796,0.04228855721393035,0.9649122807017544,0.04068922565912394,0.05689013817704077,3.0004591368227733
mo,ramp,0.1,0,Пространственный,0.05,0.14344941956882257,0.06135986733001658,1.0,0.03715405029697966,0.05902131286506107,5.0
mo,ramp,0.1,0,Комбо: BOCPD ∨ Stouffer-МО,0.01,0.07960199004975124,0.01658374792703151,1.2604166666666667,0.0717580727831881,0.07547678414987533,0.9978573614937252
mo,ramp,0.1,0,Комбо: BOCPD ∨ Stouffer-МО,0.03,0.22719734660033167,0.05804311774461028,1.2591240875912408,0.07429898196106448,0.11197835567156658,3.0004591368227733
mo,ramp,0.1,0,Комбо: BOCPD ∨ Stouffer-МО,0.05,0.3101160862354892,0.07379767827529021,1.2032085561497325,0.06681564245810055,0.10994354659519702,5.0
mo,ramp,0.1,0,Комбо: оконный ∨ Stouffer ∨ пространств.,0.01,0.06550580431177445,0.01658374792703151,1.2784810126582278,0.0600100857286939,0.06263762988429927,1.000153045607591
mo,ramp,0.1,0,Комбо: оконный ∨ Stouffer ∨ пространств.,0.03,0.1724709784411277,0.04560530679933665,1.3461538461538463,0.055863921217547,0.08439275087909116,3.0004591368227733
mo,ramp,0.1,0,Комбо: оконный ∨ Stouffer ∨ пространств.,0.05,0.2396351575456053,0.06135986733001658,1.2941176470588236,0.05056367898202924,0.08350712445251411,4.999234771962045
mo,ramp,0.1,1,z-score (инновация),0.01,0.07462686567164178,0.011608623548922056,1.3666666666666667,0.07554417413572344,0.0750827182489183,1.000153045607591
mo,ramp,0.1,1,z-score (инновация),0.03,0.17412935323383086,0.04643449419568822,1.119047619047619,0.06646655231560893,0.0962092662380847,3.0004591368227733
mo,ramp,0.1,1,z-score (инновация),0.05,0.24461028192371476,0.07462686567164178,1.0610169491525423,0.06104386307431993,0.09770491780124918,5.0
mo,ramp,0.1,1,EWMA,0.01,0.05721393034825871,0.005804311774461028,1.4927536231884058,0.059682539682539684,0.058422169078405146,1.000153045607591
mo,ramp,0.1,1,EWMA,0.03,0.1550580431177446,0.03150912106135987,1.2941176470588236,0.05933974091099039,0.08583208214072724,3.0004591368227733
mo,ramp,0.1,1,EWMA,0.05,0.22719734660033167,0.06550580431177445,1.1167883211678833,0.05724076659474553,0.0914430920780005,5.0
mo,ramp,0.1,1,CUSUM классический,0.01,0.014925373134328358,0.008291873963515755,0.7222222222222222,0.025499655410062026,0.018829516539440205,1.000153045607591
mo,ramp,0.1,1,CUSUM классический,0.03,0.05306799336650083,0.03233830845771144,0.609375,0.03115264797507788,0.039258986627407684,3.0004591368227733
mo,ramp,0.1,1,CUSUM классический,0.05,0.08955223880597014,0.04892205638474295,0.7037037037037037,0.02952571810287241,0.04440946464155936,5.0
mo,ramp,0.1,1,Page-Hinkley,0.01,0.02404643449419569,0.009950248756218905,0.9655172413793104,0.03335471456061578,0.027945850282145603,1.000153045607591
mo,ramp,0.1,1,Page-Hinkley,0.03,0.07296849087893864,0.02736318407960199,1.0113636363636365,0.03399615137908916,0.046382576699318785,3.0004591368227733
mo,ramp,0.1,1,Page-Hinkley,0.05,0.11940298507462686,0.04892205638474295,0.9305555555555556,0.03593508500772798,0.055244106181548173,5.0
mo,ramp,0.1,1,CUSUM оконный,0.01,0.02902155887230514,0.009950248756218905,1.2571428571428571,0.030113636363636363,0.02955751366337896,1.000153045607591
mo,ramp,0.1,1,CUSUM оконный,0.03,0.11359867330016583,0.03316749585406302,1.2554744525547445,0.039605873261205564,0.058734218511787624,3.0004591368227733
mo,ramp,0.1,1,CUSUM оконный,0.05,0.1691542288557214,0.05140961857379768,1.1764705882352942,0.038290186634557494,0.06244513237536385,5.0
mo,ramp,0.1,1,GLR (онлайн-разрыв),0.01,0.05306799336650083,0.009950248756218905,1.46875,0.0494047619047619,0.05117090040362589,1.000153045607591
mo,ramp,0.1,1,GLR (онлайн-разрыв),0.03,0.1550580431177446,0.03150912106135987,1.358288770053476,0.055320008075913585,0.08154664565851406,3.0004591368227733
mo,ramp,0.1,1,GLR (онлайн-разрыв),0.05,0.22802653399668324,0.05555555555555555,1.2436363636363637,0.053496417099085744,0.08666151391824306,5.0
mo,ramp,0.1,1,BOCPD,0.01,0.06135986733001658,0.011608623548922056,1.162162162162162,0.06168831168831169,0.06152365116177307,1.000153045607591
mo,ramp,0.1,1,BOCPD,0.03,0.18739635157545606,0.04145936981757877,1.1150442477876106,0.06697207678883071,0.09867830633198364,3.0004591368227733
mo,ramp,0.1,1,BOCPD,0.05,0.2744610281923715,0.06550580431177445,1.108761329305136,0.06359216922874787,0.10325932299799064,5.0
mo,ramp,0.1,1,BOCPD + новости,0.01,0.06053067993366501,0.012437810945273632,1.082191780821918,0.06080206985769728,0.06066607138120961,1.000153045607591
mo,ramp,0.1,1,BOCPD + новости,0.03,0.1890547263681592,0.04809286898839138,1.030701754385965,0.06858262573481384,0.10065209439602435,3.0004591368227733
mo,ramp,0.1,1,BOCPD + новости,0.05,0.28192371475953565,0.0779436152570481,0.9852941176470589,0.065820465846637,0.10672414535501598,5.0
mo,ramp,0.1,1,Stouffer-МО,0.01,0.05970149253731343,0.014925373134328358,1.5,0.046753246753246755,0.052439912600145674,0.9963269054178145
mo,ramp,0.1,1,Stouffer-МО,0.03,0.14925373134328357,0.029850746268656716,1.5333333333333334,0.03796203796203796,0.060528830837846444,2.998163452708907
mo,ramp,0.1,1,Stouffer-МО,0.05,0.24378109452736318,0.03482587064676617,1.5510204081632653,0.04169339320076972,0.07120819173671973,5.0
mo,ramp,0.1,1,Пространственный,0.01,0.024875621890547265,0.009950248756218905,1.1,0.031525851197982346,0.027808676307007788,1.000153045607591
mo,ramp,0.1,1,Пространственный,0.03,0.07960199004975124,0.029850746268656716,1.125,0.030513468013468013,0.04411610903524534,3.0004591368227733
mo,ramp,0.1,1,Пространственный,0.05,0.1252072968490879,0.05472636815920398,0.9602649006622517,0.03132191255433393,0.05010862851755935,5.0
mo,ramp,0.1,1,Комбо: BOCPD ∨ Stouffer-МО,0.01,0.06053067993366501,0.017412935323383085,1.0684931506849316,0.05906522855675398,0.059788975895677325,1.000153045607591
mo,ramp,0.1,1,Комбо: BOCPD ∨ Stouffer-МО,0.03,0.1583747927031509,0.0406301824212272,1.193717277486911,0.05139582177851729,0.07760670044366104,3.0004591368227733
mo,ramp,0.1,1,Комбо: BOCPD ∨ Stouffer-МО,0.05,0.2620232172470978,0.06799336650082918,1.1803797468354431,0.05130533484676504,0.08580889809532506,5.0
mo,ramp,0.1,1,Комбо: оконный ∨ Stouffer ∨ пространств.,0.01,0.03150912106135987,0.014925373134328358,0.8157894736842105,0.041928721174004195,0.035979737726648676,1.000153045607591
mo,ramp,0.1,1,Комбо: оконный ∨ Stouffer ∨ пространств.,0.03,0.10862354892205639,0.03233830845771144,1.3206106870229009,0.035544155368266765,0.05356168107890516,3.0004591368227733
mo,ramp,0.1,1,Комбо: оконный ∨ Stouffer ∨ пространств.,0.05,0.18325041459369817,0.06053067993366501,1.262443438914027,0.03547066848567531,0.05943656289921334,5.0
mo,ramp,0.1,2,z-score (инновация),0.01,0.0779436152570481,0.022388059701492536,1.0851063829787233,0.08035153797865663,0.07912926243793365,1.000153045607591
mo,ramp,0.1,2,z-score (инновация),0.03,0.19154228855721392,0.06965174129353234,0.9307359307359307,0.07824792685519881,0.11110697222129642,3.0004591368227733
mo,ramp,0.1,2,z-score (инновация),0.05,0.2570480928689884,0.10281923714759536,0.8741935483870967,0.06832298136645963,0.10795238698239838,5.0
mo,ramp,0.1,2,EWMA,0.01,0.07711442786069651,0.019071310116086235,1.2043010752688172,0.09014925373134329,0.08312394008541468,1.000153045607591
mo,ramp,0.1,2,EWMA,0.03,0.18159203980099503,0.05223880597014925,1.1278538812785388,0.07487283825025433,0.10602864241579853,3.0004591368227733
mo,ramp,0.1,2,EWMA,0.05,0.24875621890547264,0.08706467661691543,0.9933333333333333,0.06735945912107175,0.10601235891292012,5.0
mo,ramp,0.1,2,CUSUM классический,0.01,0.026533996683250415,0.015754560530679935,0.65625,0.042767295597484274,0.03274938293901632,1.000153045607591
mo,ramp,0.1,2,CUSUM классический,0.03,0.06135986733001658,0.03482587064676617,0.7027027027027027,0.03541887592788971,0.04491270406605707,3.0004591368227733
mo,ramp,0.1,2,CUSUM классический,0.05,0.0945273631840796,0.04892205638474295,0.7456140350877193,0.03204548391265021,0.04786453280782573,5.0
mo,ramp,0.1,2,Page-Hinkley,0.01,0.03150912106135987,0.012437810945273632,1.0789473684210527,0.04414469650521153,0.036771722330488546,1.000153045607591
mo,ramp,0.1,2,Page-Hinkley,0.03,0.08540630182421227,0.03150912106135987,1.0388349514563107,0.04007475083056478,0.05455224023951504,3.0004591368227733
mo,ramp,0.1,2,Page-Hinkley,0.05,0.1351575456053068,0.05555555555555555,1.0061349693251533,0.0394636984568682,0.06109012282651131,5.0
mo,ramp,0.1,2,CUSUM оконный,0.01,0.04809286898839138,0.00912106135986733,1.4655172413793103,0.044864864864864865,0.046422819892187966,1.000153045607591
mo,ramp,0.1,2,CUSUM оконный,0.03,0.1417910447761194,0.03731343283582089,1.2982456140350878,0.050188679245283016,0.07413600891861762,3.0004591368227733
mo,ramp,0.1,2,CUSUM оконный,0.05,0.19734660033167495,0.05721393034825871,1.1974789915966386,0.04577382346054788,0.07431139106471363,5.0
mo,ramp,0.1,2,GLR (онлайн-разрыв),0.01,0.05887230514096186,0.011608623548922056,1.352112676056338,0.0647607934655776,0.06167631867271874,1.000153045607591
mo,ramp,0.1,2,GLR (онлайн-разрыв),0.03,0.17661691542288557,0.03980099502487562,1.2769953051643192,0.06622249141934182,0.09632713502468364,3.0004591368227733
mo,ramp,0.1,2,GLR (онлайн-разрыв),0.05,0.24461028192371476,0.06882255389718077,1.1084745762711865,0.06107902175248863,0.09774994774646417,5.0
mo,ramp,0.1,2,BOCPD,0.01,0.06135986733001658,0.013266998341625208,0.972972972972973,0.06885245901639345,0.06489059629196593,1.000153045607591
mo,ramp,0.1,2,BOCPD,0.03,0.17661691542288557,0.04975124378109453,0.9812206572769953,0.06816202090592334,0.09836275998211826,3.0004591368227733
mo,ramp,0.1,2,BOCPD,0.05,0.2835820895522388,0.08706467661691543,0.9590643274853801,0.0696549921589127,0.11183938067024114,5.0
mo,ramp,0.1,2,BOCPD + новости,0.01,0.06301824212271974,0.015754560530679935,0.9210526315789473,0.07068062827225131,0.06662986654544274,1.000153045607591
mo,ramp,0.1,2,BOCPD + новости,0.03,0.1865671641791045,0.05804311774461028,0.8933333333333333,0.07292793767582774,0.10486485813682841,3.0004591368227733
mo,ramp,0.1,2,BOCPD + новости,0.05,0.2877280265339967,0.09867330016583747,0.8731988472622478,0.07123287671232877,0.11419458138990324,5.0
mo,ramp,0.1,2,Stouffer-МО,0.01,0.11442786069651742,0.009950248756218905,1.4782608695652173,0.07971014492753623,0.09396471680594243,0.9963269054178145
mo,ramp,0.1,2,Stouffer-МО,0.03,0.23383084577114427,0.03980099502487562,1.3829787234042554,0.06747891283973759,0.10473375528079108,2.998163452708907
mo,ramp,0.1,2,Stouffer-МО,0.05,0.31343283582089554,0.07462686567164178,1.2857142857142858,0.06001224739742805,0.10073667980126778,5.0
mo,ramp,0.1,2,Пространственный,0.01,0.03233830845771144,0.009950248756218905,1.1538461538461537,0.0377008652657602,0.034814294494687856,1.000153045607591
mo,ramp,0.1,2,Пространственный,0.03,0.08208955223880597,0.03150912106135987,1.0909090909090908,0.035289204426811445,0.04935944241619648,3.0004591368227733
mo,ramp,0.1,2,Пространственный,0.05,0.14013266998341625,0.05140961857379768,1.0591715976331362,0.03610971313537997,0.0574226292728377,5.0
mo,ramp,0.1,2,Комбо: BOCPD ∨ Stouffer-МО,0.01,0.07711442786069651,0.00912106135986733,1.4193548387096775,0.06377417668583377,0.06981273131697231,1.000153045607591
mo,ramp,0.1,2,Комбо: BOCPD ∨ Stouffer-МО,0.03,0.2023217247097844,0.04311774461028192,1.1721311475409837,0.06787491115849324,0.10164870518080357,3.0004591368227733
mo,ramp,0.1,2,Комбо: BOCPD ∨ Stouffer-МО,0.05,0.3009950248756219,0.07462686567164178,1.121212121212121,0.06523642732049037,0.10723186087039273,5.0
mo,ramp,0.1,2,Комбо: оконный ∨ Stouffer ∨ пространств.,0.01,0.06135986733001658,0.006633499170812604,1.5810810810810811,0.051321138211382115,0.05589332854717729,1.000153045607591
mo,ramp,0.1,2,Комбо: оконный ∨ Stouffer ∨ пространств.,0.03,0.15671641791044777,0.03316749585406302,1.306878306878307,0.051730288976097036,0.07778473171292452,2.999693908784818
mo,ramp,0.1,2,Комбо: оконный ∨ Stouffer ∨ пространств.,0.05,0.23880597014925373,0.06135986733001658,1.2465277777777777,0.050955414012738856,0.08398950131233596,5.0
mo,ramp,0.2,0,z-score (инновация),0.01,0.2155887230514096,0.04643449419568822,1.1153846153846154,0.23021949974476774,0.22266403100510232,1.000153045607591
mo,ramp,0.2,0,z-score (инновация),0.03,0.37728026533996684,0.1310116086235489,0.9032967032967033,0.16533084808946877,0.22991075815548437,3.0004591368227733
mo,ramp,0.2,0,z-score (инновация),0.05,0.5074626865671642,0.1890547263681592,0.8545751633986928,0.1402474274482599,0.21975984248821726,5.0
mo,ramp,0.2,0,EWMA,0.01,0.2222222222222222,0.020729684908789386,1.4179104477611941,0.18161732213875387,0.19987841945288753,1.000153045607591
mo,ramp,0.2,0,EWMA,0.03,0.38225538971807627,0.06882255389718077,1.2386117136659436,0.13636363636363635,0.2010174418604651,3.0004591368227733
mo,ramp,0.2,0,EWMA,0.05,0.4684908789386401,0.10862354892205639,1.1132743362831858,0.1137357830271216,0.18303585334703923,5.0
mo,ramp,0.2,0,CUSUM классический,0.01,0.02736318407960199,0.01077943615257048,1.0,0.03404017857142857,0.030338653524438212,1.000153045607591
mo,ramp,0.2,0,CUSUM классический,0.03,0.12603648424543948,0.03980099502487562,1.269736842105263,0.045402518122853876,0.06675696523013218,3.0004591368227733
mo,ramp,0.2,0,CUSUM классический,0.05,0.1956882255389718,0.05887230514096186,1.2076271186440677,0.04638022366097704,0.07498758056503589,5.0
mo,ramp,0.2,0,Page-Hinkley,0.01,0.08955223880597014,0.011608623548922056,1.6018518518518519,0.06893295561850803,0.0779012894619831,1.000153045607591
mo,ramp,0.2,0,Page-Hinkley,0.03,0.1998341625207297,0.03233830845771144,1.3443983402489628,0.06871318936284133,0.10226310223609952,3.0004591368227733
mo,ramp,0.2,0,Page-Hinkley,0.05,0.2752902155887231,0.05306799336650083,1.2590361445783131,0.06413862945875999,0.10403792953304981,5.0
mo,ramp,0.2,0,CUSUM оконный,0.01,0.1451077943615257,0.00912106135986733,1.7542857142857142,0.07386363636363637,0.09789577864796249,1.000153045607591
mo,ramp,0.2,0,CUSUM оконный,0.03,0.2860696517412935,0.02736318407960199,1.608695652173913,0.07127463054187193,0.1141168880992235,3.0004591368227733
mo,ramp,0.2,0,CUSUM оконный,0.05,0.3623548922056385,0.04809286898839138,1.4439359267734553,0.06602419520196842,0.11169634951208157,5.0
mo,ramp,0.2,0,GLR (онлайн-разрыв),0.01,0.21475953565505804,0.012437810945273632,1.5868725868725868,0.14829987709954937,0.17544683665936558,1.000153045607591
mo,ramp,0.2,0,GLR (онлайн-разрыв),0.03,0.36981757877280264,0.0538971807628524,1.3094170403587444,0.12161269001982816,0.183035166643991,3.0004591368227733
mo,ramp,0.2,0,GLR (онлайн-разрыв),0.05,0.4593698175787728,0.09203980099502487,1.1913357400722022,0.10577233150596582,0.1719518415232962,5.0
mo,ramp,0.2,0,BOCPD,0.01,0.18822553897180763,0.0505804311774461,0.8766519823788547,0.2149584487534626,0.20070573785154439,1.000153045607591
mo,ramp,0.2,0,BOCPD,0.03,0.3814262023217247,0.10945273631840796,0.8826086956521739,0.16121449559255632,0.22663774777466014,3.0004591368227733
mo,ramp,0.2,0,BOCPD,0.05,0.5082918739635157,0.17330016583747926,0.8531810766721044,0.13828502415458938,0.21741931786677324,5.0
mo,ramp,0.2,0,BOCPD + новости,0.01,0.19651741293532338,0.0538971807628524,0.8481012658227848,0.22063666300768386,0.20787976775696956,1.000153045607591
mo,ramp,0.2,0,BOCPD + новости,0.03,0.3880597014925373,0.1285240464344942,0.8012820512820513,0.16611489776046737,0.23264327785965663,3.0004591368227733
mo,ramp,0.2,0,BOCPD + новости,0.05,0.5232172470978441,0.20729684908789386,0.7432646592709984,0.14301152737752162,0.22462583582238108,5.0
mo,ramp,0.2,0,Stouffer-МО,0.01,0.3582089552238806,0.004975124378109453,1.875,0.10505319148936171,0.16246090570241206,0.9963269054178145
mo,ramp,0.2,0,Stouffer-МО,0.03,0.5422885572139303,0.009950248756218905,1.7522935779816513,0.09703113685734975,0.16460896074111225,2.998163452708907
mo,ramp,0.2,0,Stouffer-МО,0.05,0.6368159203980099,0.03482587064676617,1.5625,0.09297520661157024,0.16226037719903658,5.0
mo,ramp,0.2,0,Пространственный,0.01,0.06965174129353234,0.008291873963515755,1.5833333333333333,0.050724637681159424,0.05870020964360587,1.000153045607591
mo,ramp,0.2,0,Пространственный,0.03,0.1791044776119403,0.026533996683250415,1.5509259259259258,0.05089820359281437,0.0792694773654556,3.0004591368227733
mo,ramp,0.2,0,Пространственный,0.05,0.25207296849087896,0.0439469320066335,1.4375,0.048736462093862815,0.08168058195424376,5.0
mo,ramp,0.2,0,Комбо: BOCPD ∨ Stouffer-МО,0.01,0.20480928689883915,0.04145936981757877,1.0688259109311742,0.12779552715654952,0.15738624144769855,1.000153045607591
mo,ramp,0.2,0,Комбо: BOCPD ∨ Stouffer-МО,0.03,0.46766169154228854,0.09867330016583747,1.1826241134751774,0.12439439570511981,0.1965168326680076,3.0004591368227733
mo,ramp,0.2,0,Комбо: BOCPD ∨ Stouffer-МО,0.05,0.587893864013267,0.13018242122719734,1.150916784203103,0.1111310915303003,0.18692690809860035,5.0
mo,ramp,0.2,0,Комбо: оконный ∨ Stouffer ∨ пространств.,0.01,0.12935323383084577,0.007462686567164179,1.7884615384615385,0.05421686746987952,0.07640816326530613,1.000153045607591
mo,ramp,0.2,0,Комбо: оконный ∨ Stouffer ∨ пространств.,0.03,0.38723051409618575,0.024875621890547265,1.7516059957173447,0.07527457808732922,0.1260466708961736,2.998163452708907
mo,ramp,0.2,0,Комбо: оконный ∨ Stouffer ∨ пространств.,0.05,0.5140961857379768,0.03482587064676617,1.6838709677419355,0.07278422701308274,0.12751522346405075,4.99846954392409
mo,ramp,0.2,1,z-score (инновация),0.01,0.17661691542288557,0.02570480928689884,1.1690140845070423,0.20133111480865223,0.18816597855727005,1.000153045607591
mo,ramp,0.2,1,z-score (инновация),0.03,0.35572139303482586,0.0945273631840796,1.0419580419580419,0.1554001554001554,0.2163053384308787,3.0004591368227733
mo,ramp,0.2,1,z-score (инновация),0.05,0.4767827529021559,0.15754560530679934,0.9217391304347826,0.1322808276521947,0.2071022440934176,5.0
mo,ramp,0.2,1,EWMA,0.01,0.17827529021558872,0.009950248756218905,1.4837209302325582,0.16290726817042606,0.1702451652200396,1.000153045607591
mo,ramp,0.2,1,EWMA,0.03,0.3540630182421227,0.0472636815920398,1.3021077283372364,0.12818214413768375,0.18822192684803407,3.0004591368227733
mo,ramp,0.2,1,EWMA,0.05,0.4651741293532338,0.0812603648424544,1.213903743315508,0.10922871154703521,0.1769154578505631,5.0
mo,ramp,0.2,1,CUSUM классический,0.01,0.01990049751243781,0.0041459369817578775,1.375,0.023521932612841703,0.02156020103430694,1.000153045607591
mo,ramp,0.2,1,CUSUM классический,0.03,0.09701492537313433,0.020729684908789386,1.393162393162393,0.03835897435897436,0.05497947598747074,3.0004591368227733
mo,ramp,0.2,1,CUSUM классический,0.05,0.15920398009950248,0.0406301824212272,1.2604166666666667,0.04023201283475256,0.06423210250537217,5.0
mo,ramp,0.2,1,Page-Hinkley,0.01,0.07048092868988391,0.013266998341625208,1.4352941176470588,0.06845084920226453,0.0694510571243392,1.000153045607591
mo,ramp,0.2,1,Page-Hinkley,0.03,0.17164179104477612,0.028192371475953566,1.4202898550724639,0.059125022881200806,0.08795306959646247,3.0004591368227733
mo,ramp,0.2,1,Page-Hinkley,0.05,0.2669983416252073,0.0538971807628524,1.3012422360248448,0.060052517410663316,0.09805155446668562,5.0
mo,ramp,0.2,1,CUSUM оконный,0.01,0.1583747927031509,0.013266998341625208,1.706806282722513,0.08336252189141856,0.10923032007621948,1.000153045607591
mo,ramp,0.2,1,CUSUM оконный,0.03,0.2935323383084577,0.03067993366500829,1.5819209039548023,0.07422586520947176,0.11848922237212538,3.0004591368227733
mo,ramp,0.2,1,CUSUM оконный,0.05,0.3938640132669983,0.05223880597014925,1.4505263157894737,0.07194606560676192,0.12166746673735948,5.0
mo,ramp,0.2,1,GLR (онлайн-разрыв),0.01,0.2155887230514096,0.01658374792703151,1.5692307692307692,0.14685598377281947,0.17470523595972795,1.000153045607591
mo,ramp,0.2,1,GLR (онлайн-разрыв),0.03,0.3781094527363184,0.04228855721393035,1.3728070175438596,0.12068680865114743,0.18297179311105732,3.0004591368227733
mo,ramp,0.2,1,GLR (онлайн-разрыв),0.05,0.472636815920398,0.08291873963515754,1.2263157894736842,0.10515683147262095,0.17203716317666792,5.0
mo,ramp,0.2,1,BOCPD,0.01,0.1824212271973466,0.03814262023217247,0.9363636363636364,0.2023217247097844,0.19185680791445073,1.000153045607591
mo,ramp,0.2,1,BOCPD,0.03,0.37728026533996684,0.10945273631840796,0.865934065934066,0.15813312327688067,0.22285773190342642,3.0004591368227733
mo,ramp,0.2,1,BOCPD,0.05,0.5107794361525705,0.175787728026534,0.8165584415584416,0.1399152029073289,0.21966004992273863,5.0
mo,ramp,0.2,1,BOCPD + новости,0.01,0.18739635157545606,0.04145936981757877,0.8849557522123894,0.20856201975850713,0.1974134879294571,1.000153045607591
mo,ramp,0.2,1,BOCPD + новости,0.03,0.39303482587064675,0.1351575456053068,0.7869198312236287,0.16608187134502925,0.23349672692455795,3.0004591368227733
mo,ramp,0.2,1,BOCPD + новости,0.05,0.5281923714759535,0.2064676616915423,0.728414442700157,0.14467982667308618,0.22714203667621502,5.0
mo,ramp,0.2,1,Stouffer-МО,0.01,0.3482587064676617,0.01990049751243781,1.7428571428571429,0.11764705882352941,0.17587939698492466,0.9963269054178145
mo,ramp,0.2,1,Stouffer-МО,0.03,0.6119402985074627,0.04975124378109453,1.6422764227642277,0.11613351877607789,0.19521861234265186,2.998163452708907
mo,ramp,0.2,1,Stouffer-МО,0.05,0.7014925373134329,0.06467661691542288,1.49645390070922,0.10578842315369262,0.1838512067311241,5.0
mo,ramp,0.2,1,Пространственный,0.01,0.07213930348258707,0.014096185737976783,1.4827586206896552,0.05315315315315315,0.06120769836159404,1.000153045607591
mo,ramp,0.2,1,Пространственный,0.03,0.1998341625207297,0.02736318407960199,1.5601659751037344,0.05601116733554354,0.08749774500550529,3.0004591368227733
mo,ramp,0.2,1,Пространственный,0.05,0.269485903814262,0.0505804311774461,1.436923076923077,0.0516572442079592,0.08669591258395894,5.0
mo,ramp,0.2,1,Комбо: BOCPD ∨ Stouffer-МО,0.01,0.23051409618573798,0.03565505804311774,1.2050359712230216,0.1356687898089172,0.17080846571224997,1.000153045607591
mo,ramp,0.2,1,Комбо: BOCPD ∨ Stouffer-МО,0.03,0.47429519071310117,0.08955223880597014,1.1958041958041958,0.12799361362426823,0.2015868631354358,3.0004591368227733
mo,ramp,0.2,1,Комбо: BOCPD ∨ Stouffer-МО,0.05,0.593698175787728,0.16666666666666666,1.0516759776536313,0.11771000535045478,0.19646728081400713,5.0
mo,ramp,0.2,1,Комбо: оконный ∨ Stouffer ∨ пространств.,0.01,0.16500829187396351,0.013266998341625208,1.728643216080402,0.07257819617370179,0.10081384910671608,1.000153045607591
mo,ramp,0.2,1,Комбо: оконный ∨ Stouffer ∨ пространств.,0.03,0.4087893864013267,0.03399668325041459,1.6612576064908722,0.08653587745229777,0.14283522697876763,2.999693908784818
mo,ramp,0.2,1,Комбо: оконный ∨ Stouffer ∨ пространств.,0.05,0.5281923714759535,0.06550580431177445,1.5447409733124018,0.08280428079085797,0.1431647432993954,4.99846954392409
mo,ramp,0.2,2,z-score (инновация),0.01,0.2230514096185738,0.04809286898839138,1.1152416356877324,0.23189134808853118,0.2273854949584593,1.000153045607591
mo,ramp,0.2,2,z-score (инновация),0.03,0.37893864013267,0.12189054726368159,0.9277899343544858,0.16268210683601045,0.22763727823712884,3.0004591368227733
mo,ramp,0.2,2,z-score (инновация),0.05,0.4767827529021559,0.18407960199004975,0.8295652173913044,0.13490389123300517,0.21030326313638725,5.0
mo,ramp,0.2,2,EWMA,0.01,0.2155887230514096,0.02404643449419569,1.3807692307692307,0.18092252575011195,0.1967402257343108,1.000153045607591
mo,ramp,0.2,2,EWMA,0.03,0.38225538971807627,0.07048092868988391,1.2255965292841648,0.1364883401920439,0.20115290330785454,3.0004591368227733
mo,ramp,0.2,2,EWMA,0.05,0.47180762852404645,0.10696517412935323,1.1528998242530755,0.11291205782499178,0.18221644140908613,5.0
mo,ramp,0.2,2,CUSUM классический,0.01,0.03399668325041459,0.009950248756218905,1.2682926829268293,0.03875968992248062,0.0362222811202403,1.000153045607591
mo,ramp,0.2,2,CUSUM классический,0.03,0.1252072968490879,0.03150912106135987,1.271523178807947,0.04680932365303783,0.06814305344242608,3.0004591368227733
mo,ramp,0.2,2,CUSUM классический,0.05,0.19817578772802655,0.06218905472636816,1.1422594142259415,0.04969310670443815,0.0794611247075064,5.0
mo,ramp,0.2,2,Page-Hinkley,0.01,0.08623548922056384,0.011608623548922056,1.5576923076923077,0.06940509915014165,0.07691030652439669,1.000153045607591
mo,ramp,0.2,2,Page-Hinkley,0.03,0.1865671641791045,0.03316749585406302,1.36,0.06474301172227231,0.09612758460030739,3.0004591368227733
mo,ramp,0.2,2,Page-Hinkley,0.05,0.25787728026533996,0.05638474295190713,1.2154340836012862,0.06167800453514739,0.09954681908420034,5.0
mo,ramp,0.2,2,CUSUM оконный,0.01,0.15422885572139303,0.011608623548922056,1.6881720430107527,0.08301090397467464,0.1079302790460946,1.000153045607591
mo,ramp,0.2,2,CUSUM оконный,0.03,0.3067993366500829,0.0406301824212272,1.4891891891891893,0.08156136087484811,0.12886459197419203,3.0004591368227733
mo,ramp,0.2,2,CUSUM оконный,0.05,0.3888888888888889,0.06550580431177445,1.3901918976545842,0.07302353651176825,0.12295855411192567,5.0
mo,ramp,0.2,2,GLR (онлайн-разрыв),0.01,0.2064676616915423,0.013266998341625208,1.5461847389558232,0.14649158801805498,0.1713839524560059,1.000153045607591
mo,ramp,0.2,2,GLR (онлайн-разрыв),0.03,0.37893864013267,0.05887230514096186,1.3391684901531729,0.12088452088452088,0.18329609161706767,3.0004591368227733
mo,ramp,0.2,2,GLR (онлайн-разрыв),0.05,0.47761194029850745,0.09369817578772803,1.2152777777777777,0.1061937533086289,0.17375440192073974,5.0
mo,ramp,0.2,2,BOCPD,0.01,0.18739635157545606,0.04311774461028192,0.9026548672566371,0.20420586607636967,0.19544033485040943,1.000153045607591
mo,ramp,0.2,2,BOCPD,0.03,0.3988391376451078,0.11525704809286899,0.8607068607068608,0.16388349514563108,0.23231037128892762,3.0004591368227733
mo,ramp,0.2,2,BOCPD,0.05,0.5190713101160862,0.17330016583747926,0.8354632587859425,0.13719107896323085,0.21702280758032852,5.0
mo,ramp,0.2,2,BOCPD + новости,0.01,0.19485903814262023,0.0505804311774461,0.8595744680851064,0.21182266009852216,0.20298705342346052,1.000153045607591
mo,ramp,0.2,2,BOCPD + новости,0.03,0.412106135986733,0.13930348258706468,0.7746478873239436,0.17083493651404386,0.2415411399176977,3.0004591368227733
mo,ramp,0.2,2,BOCPD + новости,0.05,0.5381426202321725,0.20729684908789386,0.7395993836671803,0.1439158498685154,0.2270985727359996,5.0
mo,ramp,0.2,2,Stouffer-МО,0.01,0.373134328358209,0.009950248756218905,1.7866666666666666,0.11621966794380588,0.17723589903396697,0.9963269054178145
mo,ramp,0.2,2,Stouffer-МО,0.03,0.5771144278606966,0.04477611940298507,1.5,0.11572498298162015,0.19279087274042647,2.998163452708907
mo,ramp,0.2,2,Stouffer-МО,0.05,0.7313432835820896,0.06965174129353234,1.5170068027210883,0.10602289696366352,0.1851976719426503,5.0
mo,ramp,0.2,2,Пространственный,0.01,0.08623548922056384,0.009950248756218905,1.5865384615384615,0.06266907123534717,0.07258740767148876,1.000153045607591
mo,ramp,0.2,2,Пространственный,0.03,0.19651741293532338,0.0406301824212272,1.379746835443038,0.06080611535788742,0.09287499328209814,3.0004591368227733
mo,ramp,0.2,2,Пространственный,0.05,0.2802653399668325,0.06550580431177445,1.331360946745562,0.057161847789963444,0.0949566916079884,5.0
mo,ramp,0.2,2,Комбо: BOCPD ∨ Stouffer-МО,0.01,0.22802653399668324,0.04560530679933665,1.1490909090909092,0.13653723742838955,0.17080201299528602,1.000153045607591
mo,ramp,0.2,2,Комбо: BOCPD ∨ Stouffer-МО,0.03,0.5082918739635157,0.0978441127694859,1.1827079934747144,0.13251454427925016,0.210222819627265,3.0004591368227733
mo,ramp,0.2,2,Комбо: BOCPD ∨ Stouffer-МО,0.05,0.6243781094527363,0.15671641791044777,1.0690571049136786,0.11720784858482375,0.19736623683132976,4.99846954392409
mo,ramp,0.2,2,Комбо: оконный ∨ Stouffer ∨ пространств.,0.01,0.17827529021558872,0.012437810945273632,1.7627906976744185,0.07553317535545023,0.10610913806284292,1.000153045607591
mo,ramp,0.2,2,Комбо: оконный ∨ Stouffer ∨ пространств.,0.03,0.4046434494195688,0.03316749585406302,1.6352459016393444,0.08539944903581267,0.14103388803430755,3.0004591368227733
mo,ramp,0.2,2,Комбо: оконный ∨ Stouffer ∨ пространств.,0.05,0.5381426202321725,0.06882255389718077,1.4992295839753467,0.08371222251939021,0.14488627144145566,5.0
cluster,step,0.03,0,z-score (инновация),0.01,0.029491341991341992,0.016098484848484848,0.6513761467889908,0.18353576248313092,0.05081715730385226,1.000921201814059
cluster,step,0.03,0,z-score (инновация),0.03,0.08563311688311688,0.04883658008658009,0.6192733017377567,0.18469656992084432,0.1170137334669577,3.0009920634920637
cluster,step,0.03,0,z-score (инновация),0.05,0.13379329004329005,0.08062770562770563,0.5611729019211324,0.1862133085403108,0.1557098591699554,5.001062925170068
cluster,step,0.03,0,EWMA,0.01,0.024891774891774892,0.013798701298701298,0.6358695652173914,0.18746041798606713,0.043947957046165366,1.000921201814059
cluster,step,0.03,0,EWMA,0.03,0.07372835497835498,0.04153138528138528,0.6330275229357798,0.2013977128335451,0.10794122259452549,3.0009920634920637
cluster,step,0.03,0,EWMA,0.05,0.11431277056277056,0.06534090909090909,0.6059171597633136,0.19636410520887054,0.1445033515916046,5.001062925170068
cluster,step,0.03,0,CUSUM классический,0.01,0.015422077922077922,0.010551948051948052,0.5,0.17144678138942002,0.028298622165500706,1.000921201814059
cluster,step,0.03,0,CUSUM классический,0.03,0.04112554112554113,0.029897186147186148,0.39473684210526316,0.167670011148272,0.06605044852636956,3.0009920634920637
cluster,step,0.03,0,CUSUM классический,0.05,0.06926406926406926,0.050865800865800864,0.404296875,0.16780136163396075,0.09805398527142554,5.001062925170068
cluster,step,0.03,0,Page-Hinkley,0.01,0.018127705627705628,0.010281385281385282,0.6194029850746269,0.17661691542288557,0.032880594435804385,1.000921201814059
cluster,step,0.03,0,Page-Hinkley,0.03,0.05154220779220779,0.03206168831168831,0.5590551181102362,0.17657954311586746,0.07979335128633698,3.0009920634920637
cluster,step,0.03,0,Page-Hinkley,0.05,0.08400974025974026,0.054247835497835496,0.5185185185185185,0.17375366568914957,0.11325890321776351,5.001062925170068
cluster,step,0.03,0,CUSUM оконный,0.01,0.019615800865800864,0.008387445887445888,0.8344827586206897,0.1732394366197183,0.0352412548929721,1.000921201814059
cluster,step,0.03,0,CUSUM оконный,0.03,0.06398809523809523,0.03463203463203463,0.7251585623678647,0.1811700566156427,0.09457345594552455,3.0009920634920637
cluster,step,0.03,0,CUSUM оконный,0.05,0.09943181818181818,0.05654761904761905,0.6612244897959184,0.17544524441076165,0.12692830371934002,5.001062925170068
cluster,step,0.03,0,GLR (онлайн-разрыв),0.01,0.021239177489177488,0.010957792207792208,0.7197452229299363,0.18305814788226848,0.038062216298158306,1.000921201814059
cluster,step,0.03,0,GLR (онлайн-разрыв),0.03,0.06398809523809523,0.03409090909090909,0.6997885835095138,0.18718989625620208,0.09537400022981686,3.0009920634920637
cluster,step,0.03,0,GLR (онлайн-разрыв),0.05,0.10349025974025974,0.053436147186147184,0.6980392156862745,0.18681611956231653,0.13319479085246533,5.001062925170068
cluster,step,0.03,0,BOCPD,0.01,0.02462121212121212,0.013798701298701298,0.554945054945055,0.18268525311812178,0.04339403851438759,1.000921201814059
cluster,step,0.03,0,BOCPD,0.03,0.07291666666666667,0.03869047619047619,0.6233766233766234,0.18368794326241134,0.10439338976219266,3.0009920634920637
cluster,step,0.03,0,BOCPD,0.05,0.12905844155844157,0.07048160173160173,0.6090146750524109,0.19481429572529782,0.15526116591644729,5.001062925170068
cluster,step,0.03,0,BOCPD + новости,0.01,0.026244588744588744,0.01488095238095238,0.5360824742268041,0.19236311239193082,0.04618767543969155,1.000921201814059
cluster,step,0.03,0,BOCPD + новости,0.03,0.0818452380952381,0.045725108225108224,0.5619834710743802,0.20377184912603497,0.11678401786869767,3.0009920634920637
cluster,step,0.03,0,BOCPD + новости,0.05,0.14556277056277056,0.08143939393939394,0.5511152416356877,0.215926076912624,0.17389636339633316,5.001062925170068
cluster,step,0.03,0,Stouffer-МО,0.01,0.030032467532467532,0.012987012987012988,1.0,0.20327868852459016,0.052333207861387725,0.9991496598639455
cluster,step,0.03,0,Stouffer-МО,0.03,0.07954545454545454,0.03165584415584415,0.9693877551020408,0.18973214285714285,0.11209495101733233,2.997448979591837
cluster,step,0.03,0,Stouffer-МО,0.05,0.12012987012987013,0.045454545454545456,0.9797297297297297,0.18718861209964413,0.14634293061832182,4.995748299319728
cluster,step,0.03,0,Пространственный,0.01,0.02610930735930736,0.010281385281385282,0.9689119170984456,0.199867637326274,0.04618529187914296,1.000921201814059
cluster,step,0.03,0,Пространственный,0.03,0.0698051948051948,0.033279220779220776,0.7965116279069767,0.19120100083402836,0.10227207884839838,3.0009920634920637
cluster,step,0.03,0,Пространственный,0.05,0.10957792207792208,0.056818181818181816,0.7197530864197531,0.18527607361963191,0.13770996801291643,5.001062925170068
cluster,step,0.03,0,Комбо: BOCPD ∨ Stouffer-МО,0.01,0.025838744588744588,0.015963203463203464,0.5759162303664922,0.20657894736842106,0.04593230931359635,1.000921201814059
cluster,step,0.03,0,Комбо: BOCPD ∨ Stouffer-МО,0.03,0.0707521645021645,0.03557900432900433,0.768642447418738,0.18267132256656482,0.1019983712918638,3.0009920634920637
cluster,step,0.03,0,Комбо: BOCPD ∨ Stouffer-МО,0.05,0.12012987012987013,0.058712121212121215,0.7556306306306306,0.18793059453942332,0.14656913498904114,5.001062925170068
cluster,step,0.03,0,Комбо: оконный ∨ Stouffer ∨ пространств.,0.01,0.023403679653679652,0.011634199134199134,0.8265895953757225,0.1927319922128488,0.0417389481876039,1.000921201814059
cluster,step,0.03,0,Комбо: оконный ∨ Stouffer ∨ пространств.,0.03,0.07237554112554112,0.033955627705627704,0.8654205607476636,0.19041718298223875,0.1048852985160156,2.99390589569161
cluster,step,0.03,0,Комбо: оконный ∨ Stouffer ∨ пространств.,0.05,0.11539502164502165,0.05357142857142857,0.8440797186400938,0.18575216972034717,0.14235481027271604,5.001062925170068
cluster,step,0.03,1,z-score (инновация),0.01,0.027190332326283987,0.01460221550855992,0.6620370370370371,0.18591370558375633,0.04744213660528754,1.0015253692999357
cluster,step,0.03,1,z-score (инновация),0.03,0.08673212487411883,0.04808660624370594,0.613933236574746,0.20219638242894056,0.12139281134711531,3.0005619781631343
cluster,step,0.03,1,z-score (инновация),0.05,0.13783987915407855,0.08144511581067472,0.5808219178082191,0.20468365894682364,0.16473945685877806,5.001605651894669
cluster,step,0.03,1,EWMA,0.01,0.024546827794561934,0.01271399798590131,0.7333333333333333,0.20430107526881722,0.04382774100821549,1.0015253692999357
cluster,step,0.03,1,EWMA,0.03,0.0736404833836858,0.04003021148036254,0.6239316239316239,0.21543610123405146,0.10976204561259216,3.0005619781631343
cluster,step,0.03,1,EWMA,0.05,0.11392245720040282,0.06331822759315206,0.6287292817679558,0.21135204081632653,0.1480456904609681,5.001605651894669
cluster,step,0.03,1,CUSUM классический,0.01,0.013721047331319234,0.00944108761329305,0.45871559633027525,0.16782773907536416,0.02536808311351613,1.0015253692999357
cluster,step,0.03,1,CUSUM классический,0.03,0.04154078549848943,0.02945619335347432,0.4666666666666667,0.17035921703592172,0.06679429549728859,3.0005619781631343
cluster,step,0.03,1,CUSUM классический,0.05,0.0702416918429003,0.04934541792547835,0.4229390681003584,0.17436029317217436,0.10014114956493773,5.001605651894669
cluster,step,0.03,1,Page-Hinkley,0.01,0.01623867069486405,0.0076787512588116814,0.7906976744186046,0.16106531388712747,0.029502851825289746,1.0015253692999357
cluster,step,0.03,1,Page-Hinkley,0.03,0.04481369587109768,0.0263091641490433,0.5702247191011236,0.1709011943539631,0.07100774675123565,3.0005619781631343
cluster,step,0.03,1,Page-Hinkley,0.05,0.07275931520644512,0.04594662638469285,0.5242214532871973,0.16820631254811394,0.10157943461436685,5.001605651894669
cluster,step,0.03,1,CUSUM оконный,0.01,0.020644511581067473,0.011581067472306143,0.725609756097561,0.17619872905834777,0.03695871588781456,1.0015253692999357
cluster,step,0.03,1,CUSUM оконный,0.03,0.06268882175226587,0.03537260825780463,0.6726907630522089,0.17916984006092918,0.09288024735402545,3.0005619781631343
cluster,step,0.03,1,CUSUM оконный,0.05,0.10183786505538771,0.05954179254783484,0.6501854140914709,0.17459589590737132,0.12864183611085603,5.001605651894669
cluster,step,0.03,1,GLR (онлайн-разрыв),0.01,0.026057401812688823,0.012462235649546828,0.821256038647343,0.1950354609929078,0.04597269500539074,1.0015253692999357
cluster,step,0.03,1,GLR (онлайн-разрыв),0.03,0.07150050352467271,0.03688318227593152,0.75,0.19883040935672514,0.10517831078578742,3.0005619781631343
cluster,step,0.03,1,GLR (онлайн-разрыв),0.05,0.11807653575025176,0.061555891238670696,0.7153518123667377,0.20115287618590127,0.14880480236564733,5.001605651894669
cluster,step,0.03,1,BOCPD,0.01,0.028197381671701913,0.01472809667673716,0.6160714285714286,0.21262886597938144,0.04979172616706094,1.0015253692999357
cluster,step,0.03,1,BOCPD,0.03,0.08496978851963746,0.04405840886203424,0.6444444444444445,0.21637931034482757,0.12202262631151367,3.0005619781631343
cluster,step,0.03,1,BOCPD,0.05,0.1407351460221551,0.07464753272910372,0.6323792486583184,0.2187705673292089,0.17128355180455498,5.001605651894669
cluster,step,0.03,1,BOCPD + новости,0.01,0.030337361530715003,0.016112789526686808,0.5975103734439834,0.22418136020151133,0.05344259885161575,1.0015253692999357
cluster,step,0.03,1,BOCPD + новости,0.03,0.0931520644511581,0.050100704934541794,0.5972972972972973,0.23272035510462905,0.13304827421328677,3.0005619781631343
cluster,step,0.03,1,BOCPD + новости,0.05,0.15823262839879154,0.08887210473313192,0.5544948289578361,0.24374680959673303,0.1918938866059127,5.001605651894669
cluster,step,0.03,1,Stouffer-МО,0.01,0.0377643504531722,0.021148036253776436,0.66,0.21345707656612528,0.06417500244144031,0.9995183044315993
cluster,step,0.03,1,Stouffer-МО,0.03,0.09063444108761329,0.04758308157099698,0.7916666666666666,0.19230769230769232,0.12320328542094457,2.9985549132947975
cluster,step,0.03,1,Stouffer-МО,0.05,0.14954682779456194,0.07477341389728097,0.8434343434343434,0.19699409554482017,0.17002229808302,4.997591522157996
cluster,step,0.03,1,Пространственный,0.01,0.02530211480362538,0.01472809667673716,0.7014925373134329,0.1925638179800222,0.04472724824209544,1.0015253692999357
cluster,step,0.03,1,Пространственный,0.03,0.06394763343403827,0.03637965760322256,0.7204724409448819,0.17750337642292108,0.09402255849351462,3.0005619781631343
cluster,step,0.03,1,Пространственный,0.05,0.1020896273917422,0.056772406847935546,0.7163995067817509,0.17239771535143955,0.128239199283467,5.001605651894669
cluster,step,0.03,1,Комбо: BOCPD ∨ Stouffer-МО,0.01,0.036127895266868076,0.019133937562940583,0.7282229965156795,0.2091116173120729,0.06161130015216564,1.0015253692999357
cluster,step,0.03,1,Комбо: BOCPD ∨ Stouffer-МО,0.03,0.08862034239677745,0.05110775427995972,0.59375,0.21311185721858986,0.12518415853262954,3.0005619781631343
cluster,step,0.03,1,Комбо: BOCPD ∨ Stouffer-МО,0.05,0.14425981873111782,0.0823262839879154,0.6099476439790575,0.20925553319919518,0.17078276868581352,4.993577392421323
cluster,step,0.03,1,Комбо: оконный ∨ Stouffer ∨ пространств.,0.01,0.029833836858006044,0.015357502517623363,0.8227848101265823,0.19047619047619047,0.05158762549995918,1.0015253692999357
cluster,step,0.03,1,Комбо: оконный ∨ Stouffer ∨ пространств.,0.03,0.07615810674723061,0.04229607250755287,0.6909090909090909,0.1926732331086919,0.10916605677217538,3.0005619781631343
cluster,step,0.03,1,Комбо: оконный ∨ Stouffer ∨ пространств.,0.05,0.11618831822759315,0.06696878147029205,0.6793066088840737,0.18381576167335728,0.14237969176687715,5.001605651894669
cluster,step,0.03,2,z-score (инновация),0.01,0.028025995125913892,0.014757649607365286,0.6763285024154589,0.1784313725490196,0.048443093445253674,1.0014154281670204
cluster,step,0.03,2,z-score (инновация),0.03,0.07839155158407798,0.04481451394530192,0.6027633851468048,0.17556399374581194,0.10838695295394064,3.0007077140835103
cluster,step,0.03,2,z-score (инновация),0.05,0.13146493365827241,0.07622529109125373,0.5952626158599382,0.17719835040574697,0.15094357238559786,5.0
cluster,step,0.03,2,EWMA,0.01,0.02098564852423504,0.01083130246412131,0.6967741935483871,0.17526455026455026,0.037483174776994505,1.0014154281670204
cluster,step,0.03,2,EWMA,0.03,0.06715407527755213,0.03750338478202004,0.655241935483871,0.18340517241379312,0.09831131652933774,3.0007077140835103
cluster,step,0.03,2,EWMA,0.05,0.10898998104522069,0.05970755483346873,0.6347826086956522,0.18649180327868853,0.13757692814087025,5.0
cluster,step,0.03,2,CUSUM классический,0.01,0.014080693203357704,0.010425128621716762,0.41346153846153844,0.15664160401002505,0.02583871474257684,1.0014154281670204
cluster,step,0.03,2,CUSUM классический,0.03,0.04007581911724885,0.029109125372326024,0.40202702702702703,0.15991237677984665,0.06408997748783186,3.0007077140835103
cluster,step,0.03,2,CUSUM классический,0.05,0.06715407527755213,0.048470078526942864,0.40725806451612906,0.16178633507153362,0.09491213637388701,5.0
cluster,step,0.03,2,Page-Hinkley,0.01,0.018277822908204712,0.008935824532900082,0.762962962962963,0.17057057057057057,0.033017582250078475,1.0014154281670204
cluster,step,0.03,2,Page-Hinkley,0.03,0.05415651232060655,0.03330625507717303,0.5675,0.17354559748427673,0.08255192976822119,3.0007077140835103
cluster,step,0.03,2,Page-Hinkley,0.05,0.08367181153533712,0.05402112103980504,0.5048543689320388,0.17207674671171716,0.11259475493557411,5.0
cluster,step,0.03,2,CUSUM оконный,0.01,0.022745735174654752,0.012862171676144056,0.625,0.1850975753991721,0.04051302319883694,1.0014154281670204
cluster,step,0.03,2,CUSUM оконный,0.03,0.06539398862713242,0.03750338478202004,0.6376811594202898,0.18432333129210043,0.09653826041485096,3.0007077140835103
cluster,step,0.03,2,CUSUM оконный,0.05,0.1024911995667479,0.06133225020308692,0.618229854689564,0.17803169922594914,0.13009050236614061,5.0
cluster,step,0.03,2,GLR (онлайн-разрыв),0.01,0.02775521256431086,0.014351475764960736,0.7024390243902439,0.19954128440366972,0.04873203800197279,1.0014154281670204
cluster,step,0.03,2,GLR (онлайн-разрыв),0.03,0.07378824803682643,0.03912808015163823,0.6844036697247706,0.19459129727531516,0.10700182752347183,3.0007077140835103
cluster,step,0.03,2,GLR (онлайн-разрыв),0.05,0.11521797996209045,0.062009206607094504,0.6674500587544065,0.1935721295387635,0.1444540421224518,5.0
cluster,step,0.03,2,BOCPD,0.01,0.0231519090170593,0.012997562956945572,0.6140350877192983,0.17281420765027322,0.04083337344655644,1.0014154281670204
cluster,step,0.03,2,BOCPD,0.03,0.08529650690495533,0.04657460059572163,0.6206349206349207,0.19991173874669022,0.11957419369435615,3.0007077140835103
cluster,step,0.03,2,BOCPD,0.05,0.1479826699160574,0.08313024641213106,0.5800548947849954,0.20580408059814978,0.17216833181157054,5.0
cluster,step,0.03,2,BOCPD + новости,0.01,0.024911995667479016,0.013539128080151638,0.6195652173913043,0.1809011432414257,0.04379320504573885,1.0014154281670204
cluster,step,0.03,2,BOCPD + новости,0.03,0.09369076631464934,0.05388572975900352,0.5592485549132948,0.2193228380418374,0.13129477109270338,3.0007077140835103
cluster,step,0.03,2,BOCPD + новости,0.05,0.16774979691307879,0.09937720010831302,0.5125100887812752,0.23144051130776794,0.194514235289792,5.0
cluster,step,0.03,2,Stouffer-МО,0.01,0.03411860276198213,0.017871649065800164,0.7619047619047619,0.22321428571428573,0.05918994334676851,0.9978768577494692
cluster,step,0.03,2,Stouffer-МО,0.03,0.08773354995938261,0.036555645816409424,0.8518518518518519,0.2129237288135593,0.12426477533251475,2.9936305732484074
cluster,step,0.03,2,Stouffer-МО,0.05,0.1348497156783103,0.06580016246953696,0.7530120481927711,0.21025641025641026,0.16431477167103245,5.0
cluster,step,0.03,2,Пространственный,0.01,0.027890603845112376,0.016788518819388032,0.5436893203883495,0.21635434412265758,0.04941148918167533,1.0014154281670204
cluster,step,0.03,2,Пространственный,0.03,0.06959111833197942,0.039398862713241264,0.6478599221789884,0.1967079861816704,0.1028101748086226,3.0007077140835103
cluster,step,0.03,2,Пространственный,0.05,0.10817763336041158,0.0652585973463309,0.6120150187734669,0.18690794267670635,0.13703996763627813,5.0
cluster,step,0.03,2,Комбо: BOCPD ∨ Stouffer-МО,0.01,0.026672082317898728,0.011779041429731926,0.8477157360406091,0.1817632850241546,0.046518068045334274,0.9961075725406936
cluster,step,0.03,2,Комбо: BOCPD ∨ Stouffer-МО,0.03,0.0809639859193068,0.04522068778770647,0.6605351170568562,0.1998398077693232,0.11523937885464255,3.0007077140835103
cluster,step,0.03,2,Комбо: BOCPD ∨ Stouffer-МО,0.05,0.1372867587327376,0.07202816138640672,0.685404339250493,0.20570534424650938,0.16467212930155414,4.994692144373673
cluster,step,0.03,2,Комбо: оконный ∨ Stouffer ∨ пространств.,0.01,0.026672082317898728,0.012862171676144056,0.766497461928934,0.20136518771331058,0.04710483388889452,1.0014154281670204
cluster,step,0.03,2,Комбо: оконный ∨ Stouffer ∨ пространств.,0.03,0.07053885729759003,0.041023558082859464,0.6257197696737045,0.1945447252306458,0.10353687301311211,3.0007077140835103
cluster,step,0.03,2,Комбо: оконный ∨ Stouffer ∨ пространств.,0.05,0.11630111020850258,0.06349851069591118,0.6845168800931315,0.19603816886097356,0.14599160726564692,4.998230714791224
cluster,step,0.05,0,z-score (инновация),0.01,0.03844086021505377,0.025134408602150538,0.44755244755244755,0.24834874504623514,0.06657660680699001,1.0005011454753723
cluster,step,0.05,0,z-score (инновация),0.03,0.11559139784946236,0.08548387096774193,0.3488372093023256,0.2574363364005992,0.15954538094393597,3.001503436426117
cluster,step,0.05,0,z-score (инновация),0.05,0.1842741935483871,0.1336021505376344,0.3770970094821298,0.2538375140396855,0.21353322626096322,5.000715922107675
cluster,step,0.05,0,EWMA,0.01,0.02956989247311828,0.013440860215053764,0.7090909090909091,0.24803664921465968,0.05284037618190575,1.0005011454753723
cluster,step,0.05,0,EWMA,0.03,0.09637096774193549,0.04986559139784946,0.6443514644351465,0.2649154958256974,0.14132919595410126,3.001503436426117
cluster,step,0.05,0,EWMA,0.05,0.14946236559139786,0.08400537634408602,0.5881294964028777,0.2613095963906841,0.19015879389542503,5.000715922107675
cluster,step,0.05,0,CUSUM классический,0.01,0.013978494623655914,0.008870967741935484,0.5769230769230769,0.1561483409238777,0.025659899416484017,1.0005011454753723
cluster,step,0.05,0,CUSUM классический,0.03,0.04099462365591398,0.028091397849462366,0.46557377049180326,0.1643865842894969,0.06562398015324054,3.001503436426117
cluster,step,0.05,0,CUSUM классический,0.05,0.07190860215053764,0.04946236559139785,0.4747663551401869,0.16896597030613586,0.10088326560836088,5.000715922107675
cluster,step,0.05,0,Page-Hinkley,0.01,0.014381720430107527,0.007526881720430108,0.6915887850467289,0.16831683168316833,0.026499231536853452,1.0005011454753723
cluster,step,0.05,0,Page-Hinkley,0.03,0.04852150537634409,0.02446236559139785,0.7229916897506925,0.16799116997792493,0.07529521718693685,3.001503436426117
cluster,step,0.05,0,Page-Hinkley,0.05,0.0875,0.04798387096774193,0.6697388632872504,0.1806484817292846,0.11789544396727523,5.000715922107675
cluster,step,0.05,0,CUSUM оконный,0.01,0.02795698924731183,0.012768817204301076,0.8846153846153846,0.20512820512820512,0.04920747575112373,1.0005011454753723
cluster,step,0.05,0,CUSUM оконный,0.03,0.08884408602150537,0.038844086021505374,0.9152798789712556,0.20518064076346285,0.12399696241376548,3.001503436426117
cluster,step,0.05,0,CUSUM оконный,0.05,0.13830645161290323,0.060215053763440864,0.8872691933916423,0.20004182787828087,0.16354198951217103,5.000715922107675
cluster,step,0.05,0,GLR (онлайн-разрыв),0.01,0.035618279569892476,0.013172043010752688,0.9471698113207547,0.2412280701754386,0.062071462033133185,1.0005011454753723
cluster,step,0.05,0,GLR (онлайн-разрыв),0.03,0.10725806451612903,0.04247311827956989,0.8847117794486216,0.25570940478331233,0.1511259170887449,3.001503436426117
cluster,step,0.05,0,GLR (онлайн-разрыв),0.05,0.173252688172043,0.07822580645161291,0.7882079131109387,0.2607355442176871,0.20817676870624685,5.000715922107675
cluster,step,0.05,0,BOCPD,0.01,0.04206989247311828,0.02163978494623656,0.5814696485623003,0.26486817903126914,0.07260732275264103,1.0005011454753723
cluster,step,0.05,0,BOCPD,0.03,0.13561827956989247,0.076747311827957,0.5173439048562933,0.29528585757271814,0.1858703898778247,3.001503436426117
cluster,step,0.05,0,BOCPD,0.05,0.2172043010752688,0.13131720430107527,0.4907178217821782,0.2944378698224852,0.24999179255559922,5.000715922107675
cluster,step,0.05,0,BOCPD + новости,0.01,0.046370967741935484,0.025134408602150538,0.5449275362318841,0.2896755162241888,0.07994449970090718,1.0005011454753723
cluster,step,0.05,0,BOCPD + новости,0.03,0.15336021505376343,0.09112903225806451,0.4732690622261174,0.32576335877862594,0.20854385585462115,3.001503436426117
cluster,step,0.05,0,BOCPD + новости,0.05,0.24623655913978496,0.15658602150537634,0.43013100436681223,0.32766962979633174,0.28117571732489927,5.000715922107675
cluster,step,0.05,0,Stouffer-МО,0.01,0.041935483870967745,0.012903225806451613,1.25,0.24285714285714285,0.0715210355987055,0.9987113402061856
cluster,step,0.05,0,Stouffer-МО,0.03,0.13790322580645162,0.03870967741935484,1.1812865497076024,0.2276679841897233,0.17176489052813312,2.9961340206185567
cluster,step,0.05,0,Stouffer-МО,0.05,0.21693548387096775,0.07016129032258064,1.066914498141264,0.23135755258126195,0.22391453150206206,4.993556701030927
cluster,step,0.05,0,Пространственный,0.01,0.03387096774193549,0.016935483870967744,0.8492063492063492,0.22171945701357465,0.05876474115530682,1.0005011454753723
cluster,step,0.05,0,Пространственный,0.03,0.09583333333333334,0.039919354838709675,0.9284712482468443,0.2068178111237971,0.130976145940229,3.001503436426117
cluster,step,0.05,0,Пространственный,0.05,0.15604838709677418,0.06451612903225806,0.9336778639104221,0.20193610842207163,0.17605122238711413,5.000715922107675
cluster,step,0.05,0,Комбо: BOCPD ∨ Stouffer-МО,0.01,0.030107526881720432,0.013978494623655914,0.7991071428571429,0.232650363516193,0.05331544611656263,1.0005011454753723
cluster,step,0.05,0,Комбо: BOCPD ∨ Stouffer-МО,0.03,0.12056451612903225,0.05887096774193548,0.7670011148272018,0.26235063313715,0.16520723821421926,2.997923825887743
cluster,step,0.05,0,Комбо: BOCPD ∨ Stouffer-МО,0.05,0.20483870967741935,0.0989247311827957,0.739501312335958,0.26125103220478946,0.2296309896142158,5.000715922107675
cluster,step,0.05,0,Комбо: оконный ∨ Stouffer ∨ пространств.,0.01,0.02795698924731183,0.013172043010752688,0.8605769230769231,0.23157248157248156,0.049890822470720575,1.0005011454753723
cluster,step,0.05,0,Комбо: оконный ∨ Stouffer ∨ пространств.,0.03,0.10188172043010753,0.03951612903225806,1.036939313984169,0.2187551867219917,0.1390180249316942,3.001503436426117
cluster,step,0.05,0,Комбо: оконный ∨ Stouffer ∨ пространств.,0.05,0.16626344086021505,0.06196236559139785,1.026677445432498,0.2107728337236534,0.18589095499328354,5.000715922107675
cluster,step,0.05,1,z-score (инновация),0.01,0.041601255886970175,0.02564102564102564,0.5283018867924528,0.26262626262626265,0.07182507622944412,1.001422581611261
cluster,step,0.05,1,z-score (инновация),0.03,0.12087912087912088,0.0803244374672946,0.44372294372294374,0.26975421490960794,0.16694761744218603,3.000524109014675
cluster,step,0.05,1,z-score (инновация),0.05,0.1870748299319728,0.13160648874934588,0.40559440559440557,0.26264234112893353,0.21850965211633475,5.001497454327643
cluster,step,0.05,1,EWMA,0.01,0.03296703296703297,0.016221873364730507,0.6944444444444444,0.26252263126131564,0.058577969297064374,1.001422581611261
cluster,step,0.05,1,EWMA,0.03,0.09903192046049189,0.05206698063840921,0.6221928665785997,0.2775574940523394,0.14597888636759956,3.000524109014675
cluster,step,0.05,1,EWMA,0.05,0.15240711669283097,0.08437990580847723,0.5888412017167381,0.2659348441926346,0.1937666627835746,5.001497454327643
cluster,step,0.05,1,CUSUM классический,0.01,0.013343799058084773,0.009942438513867086,0.4215686274509804,0.16812964213369344,0.02472525065493001,1.001422581611261
cluster,step,0.05,1,CUSUM классический,0.03,0.042909471480900054,0.02773417059131345,0.5396341463414634,0.1686855091969493,0.06841566867928381,3.000524109014675
cluster,step,0.05,1,CUSUM классический,0.05,0.07469911041339612,0.04905808477237049,0.5061295971978984,0.1759283303038172,0.10487031853018224,5.001497454327643
cluster,step,0.05,1,Page-Hinkley,0.01,0.020015698587127158,0.01098901098901099,0.6928104575163399,0.18464144551101072,0.03611628156276495,1.001422581611261
cluster,step,0.05,1,Page-Hinkley,0.03,0.05886970172684458,0.032443746729461015,0.6644444444444444,0.1871959525199455,0.0895709718046968,3.000524109014675
cluster,step,0.05,1,Page-Hinkley,0.05,0.09720041862899005,0.054552590266875985,0.6460296096904441,0.19120725750174458,0.12888301534419586,5.001497454327643
cluster,step,0.05,1,CUSUM оконный,0.01,0.03427524856096285,0.016483516483516484,0.8396946564885496,0.2161654135338346,0.05916869263307556,1.001422581611261
cluster,step,0.05,1,CUSUM оконный,0.03,0.09340659340659341,0.04304029304029304,0.8795518207282913,0.20835364862668618,0.1289872013020641,3.000524109014675
cluster,step,0.05,1,CUSUM оконный,0.05,0.14822082679225537,0.06724228152799581,0.8729037952338923,0.20362704514094224,0.17156146957617366,5.001497454327643
cluster,step,0.05,1,GLR (онлайн-разрыв),0.01,0.03872318158032444,0.016221873364730507,0.8918918918918919,0.25748817656332107,0.06732193848564628,1.001422581611261
cluster,step,0.05,1,GLR (онлайн-разрыв),0.03,0.11826268969126112,0.04971219256933543,0.8517699115044248,0.2740653019793605,0.1652275669911316,3.000524109014675
cluster,step,0.05,1,GLR (онлайн-разрыв),0.05,0.18315018315018314,0.08385661957090529,0.7828571428571428,0.2703393295175797,0.2183631432734658,5.001497454327643
cluster,step,0.05,1,BOCPD,0.01,0.046703296703296704,0.02367870225013082,0.6050420168067226,0.2822857142857143,0.0801465886641917,1.001422581611261
cluster,step,0.05,1,BOCPD,0.03,0.14926739926739926,0.0892203035060178,0.4802804557405784,0.3108715184186882,0.20169119053877416,3.000524109014675
cluster,step,0.05,1,BOCPD,0.05,0.22959183673469388,0.13971742543171115,0.47293447293447294,0.30557413600891864,0.26218904309342467,5.001497454327643
cluster,step,0.05,1,BOCPD + новости,0.01,0.05088958660387232,0.02708006279434851,0.5655526992287918,0.3021702838063439,0.08710885668775034,1.001422581611261
cluster,step,0.05,1,BOCPD + новости,0.03,0.17111459968602827,0.10177917320774464,0.4648318042813456,0.34152629769680304,0.22799638503674702,3.000524109014675
cluster,step,0.05,1,BOCPD + новости,0.05,0.2586342229199372,0.16274201988487702,0.4339908952959029,0.3357196281654023,0.29217808546532636,5.001497454327643
cluster,step,0.05,1,Stouffer-МО,0.01,0.06436420722135008,0.012558869701726845,1.329268292682927,0.2300380228136882,0.10058493760327647,0.9995507637017071
cluster,step,0.05,1,Stouffer-МО,0.03,0.16169544740973313,0.0423861852433281,1.1893203883495145,0.22488356620093147,0.1881253124029018,2.998652291105121
cluster,step,0.05,1,Stouffer-МО,0.05,0.24489795918367346,0.076138147566719,1.0769230769230769,0.23103300471495927,0.23776352307607476,4.997753818508535
cluster,step,0.05,1,Пространственный,0.01,0.03453689167974882,0.01674515960230246,0.8484848484848485,0.2107107107107107,0.059346496525519564,1.001422581611261
cluster,step,0.05,1,Пространственный,0.03,0.1021716378859236,0.04774986917844061,0.8604353393085787,0.2071494042163153,0.13684677752300248,3.000524109014675
cluster,step,0.05,1,Пространственный,0.05,0.16156462585034015,0.0706436420722135,0.9157894736842105,0.2014422176437535,0.17931307416029674,5.001497454327643
cluster,step,0.05,1,Комбо: BOCPD ∨ Stouffer-МО,0.01,0.048534798534798536,0.021323914181057037,0.7978436657681941,0.240620957309185,0.08077646355103428,0.9920634920634921
cluster,step,0.05,1,Комбо: BOCPD ∨ Stouffer-МО,0.03,0.1466509680795395,0.06724228152799581,0.7591436217662801,0.2669603524229075,0.18930813631559107,3.000524109014675
cluster,step,0.05,1,Комбо: BOCPD ∨ Stouffer-МО,0.05,0.2360020931449503,0.11826268969126112,0.6956762749445676,0.26591375770020537,0.25006663291312675,5.001497454327643
cluster,step,0.05,1,Комбо: оконный ∨ Stouffer ∨ пространств.,0.01,0.04356357927786499,0.01792255363683935,0.978978978978979,0.2155564749689698,0.07247923448813914,0.9995507637017071
cluster,step,0.05,1,Комбо: оконный ∨ Stouffer ∨ пространств.,0.03,0.11813186813186813,0.0456567242281528,1.0044296788482836,0.21860872101502116,0.15338012366639814,3.000524109014675
cluster,step,0.05,1,Комбо: оконный ∨ Stouffer ∨ пространств.,0.05,0.18982208267922554,0.07378335949764521,0.9917298414886285,0.2136701083710214,0.20104133798332793,5.001497454327643
cluster,step,0.05,2,z-score (инновация),0.01,0.03913167666381034,0.023707512139388747,0.551094890510949,0.23905723905723905,0.06725437322823757,1.0011778563015312
cluster,step,0.05,2,z-score (инновация),0.03,0.10968294772922023,0.07597829191659526,0.3984375,0.23516531640026275,0.14959405506400122,3.0002617458447847
cluster,step,0.05,2,z-score (инновация),0.05,0.17395029991431019,0.12325049985718366,0.3842364532019704,0.23550065019505853,0.20009922419524578,5.000981546917942
cluster,step,0.05,2,EWMA,0.01,0.030277063696086834,0.013139103113396172,0.7547169811320755,0.22952933591231464,0.053497329811832195,1.0011778563015312
cluster,step,0.05,2,EWMA,0.03,0.09383033419023136,0.04884318766066838,0.624048706240487,0.2459349593495935,0.13583588355606133,3.0002617458447847
cluster,step,0.05,2,EWMA,0.05,0.14138817480719795,0.0792630676949443,0.5868686868686869,0.23961543202267965,0.17783972635436046,5.000981546917942
cluster,step,0.05,2,CUSUM классический,0.01,0.016281062553556127,0.010711225364181662,0.5087719298245614,0.17362491716368456,0.029770501607236297,1.0011778563015312
cluster,step,0.05,2,CUSUM классический,0.03,0.04641530991145387,0.030277063696086834,0.47692307692307695,0.1594496155402671,0.07190057562573295,3.0002617458447847
cluster,step,0.05,2,CUSUM классический,0.05,0.07569265924021708,0.049842902027992,0.49056603773584906,0.1576679340937896,0.10228209517267357,5.000981546917942
cluster,step,0.05,2,Page-Hinkley,0.01,0.01713796058269066,0.007712082262210797,0.775,0.1654533421575116,0.031058794297605368,1.0011778563015312
cluster,step,0.05,2,Page-Hinkley,0.03,0.05355612682090831,0.028706083976006855,0.6746666666666666,0.17667386609071276,0.08219578916398242,3.0002617458447847
cluster,step,0.05,2,Page-Hinkley,0.05,0.09397315052842045,0.051985147100828334,0.6504559270516718,0.18142712550607287,0.12381453512403472,5.000981546917942
cluster,step,0.05,2,CUSUM оконный,0.01,0.04384461582405027,0.015566980862610682,1.013029315960912,0.21565430085609458,0.0728733675870723,1.0011778563015312
cluster,step,0.05,2,CUSUM оконный,0.03,0.11211082547843473,0.041845187089403026,0.9821656050955414,0.21005917159763313,0.14619553242610875,3.0002617458447847
cluster,step,0.05,2,CUSUM оконный,0.05,0.16566695229934306,0.06998000571265353,0.9103448275862069,0.20353053435114504,0.18265716612383862,5.000981546917942
cluster,step,0.05,2,GLR (онлайн-разрыв),0.01,0.051985147100828334,0.02099400171379606,0.8708791208791209,0.2900763358778626,0.08816930137684853,1.0011778563015312
cluster,step,0.05,2,GLR (онлайн-разрыв),0.03,0.1319622964867181,0.05726935161382462,0.7987012987012987,0.2778930566640064,0.17894803936651296,3.0002617458447847
cluster,step,0.05,2,GLR (онлайн-разрыв),0.05,0.1958011996572408,0.09511568123393316,0.7293946024799417,0.2674705940496194,0.22609217266997542,5.000981546917942
cluster,step,0.05,2,BOCPD,0.01,0.057554984290202796,0.03384747215081405,0.4813895781637717,0.298932384341637,0.0965254323071637,1.0011778563015312
cluster,step,0.05,2,BOCPD,0.03,0.16009711510996857,0.099685804055984,0.4406779661016949,0.30611881892564924,0.2102405182364408,3.0002617458447847
cluster,step,0.05,2,BOCPD,0.05,0.2366466723793202,0.149528706083976,0.4357272178636089,0.2919406978040352,0.26140160951426794,5.000981546917942
cluster,step,0.05,2,BOCPD + новости,0.01,0.0614110254213082,0.03798914595829763,0.43953488372093025,0.3172069825436409,0.10290057873109604,1.0011778563015312
cluster,step,0.05,2,BOCPD + новости,0.03,0.17937732076549556,0.11568123393316196,0.40605095541401276,0.33537310895801464,0.2337378514632668,3.0002617458447847
cluster,step,0.05,2,BOCPD + новости,0.05,0.2703513281919452,0.17794915738360467,0.38827258320126784,0.3247817756014477,0.2950774670295344,5.000981546917942
cluster,step,0.05,2,Stouffer-МО,0.01,0.0805484147386461,0.012853470437017995,1.446808510638298,0.24601769911504426,0.12136186101809839,1.0011778563015312
cluster,step,0.05,2,Stouffer-МО,0.03,0.19108826049700087,0.05227077977720651,1.1524663677130045,0.24213836477987422,0.2136055183395222,2.9937180997251667
cluster,step,0.05,2,Stouffer-МО,0.05,0.2750642673521851,0.0805484147386461,1.1214953271028036,0.23811527135044172,0.2552596030035004,4.99607381232823
cluster,step,0.05,2,Пространственный,0.01,0.05255641245358469,0.019137389317337904,0.9972826086956522,0.24368441507967353,0.08646464252804603,1.0011778563015312
cluster,step,0.05,2,Пространственный,0.03,0.13010568409025994,0.047843473293344756,0.995609220636663,0.22297013041649139,0.16432550833343687,3.0002617458447847
cluster,step,0.05,2,Пространственный,0.05,0.1882319337332191,0.07554984290202799,0.9256449165402124,0.21327308169413434,0.1999716219624327,5.000981546917942
cluster,step,0.05,2,Комбо: BOCPD ∨ Stouffer-МО,0.01,0.06198229077406455,0.025278491859468722,0.8640552995391705,0.26774447949526814,0.10066162457886293,0.9979060332417223
cluster,step,0.05,2,Комбо: BOCPD ∨ Stouffer-МО,0.03,0.17495001428163381,0.07840616966580977,0.7844897959183673,0.2769735045069653,0.2144456597391416,2.9953540112550714
cluster,step,0.05,2,Комбо: BOCPD ∨ Stouffer-МО,0.05,0.2583547557840617,0.1305341331048272,0.6832504145936982,0.26987501062834796,0.26398925958546626,5.000981546917942
cluster,step,0.05,2,Комбо: оконный ∨ Stouffer ∨ пространств.,0.01,0.05769780062839189,0.01471008283347615,1.198019801980198,0.22939707456296826,0.09220440918040329,1.0011778563015312
cluster,step,0.05,2,Комбо: оконный ∨ Stouffer ∨ пространств.,0.03,0.15009997143673237,0.04527277920594116,1.1198858230256898,0.2312402292860865,0.18203772770389734,3.0002617458447847
cluster,step,0.05,2,Комбо: оконный ∨ Stouffer ∨ пространств.,0.05,0.2212225078548986,0.07440731219651528,1.039380245319561,0.22161899359857387,0.22142057323552955,4.999345635388038
cluster,step,0.1,0,z-score (инновация),0.01,0.13135017658245043,0.11885357239880467,0.12409513960703206,0.5226226993865031,0.2099370979223089,1.001619490212646
cluster,step,0.1,0,z-score (инновация),0.03,0.25971203477315946,0.2330888345558272,0.13232217573221758,0.4559284116331096,0.33092063505004327,3.0013378397408816
cluster,step,0.1,0,z-score (инновация),0.05,0.35723988046726435,0.32165172507470796,0.12775665399239544,0.42242355605889015,0.3871068812599688,5.001056189269117
cluster,step,0.1,0,EWMA,0.01,0.09005704971475142,0.04808475957620212,0.5520361990950227,0.4888167388167388,0.15209323421154344,1.001619490212646
cluster,step,0.1,0,EWMA,0.03,0.2089106221135561,0.12224938875305623,0.49739921976592977,0.4402309408214145,0.2833555112534091,3.0013378397408816
cluster,step,0.1,0,EWMA,0.05,0.284705243140451,0.1778049443086118,0.44561068702290074,0.40415171706817016,0.3340725855152188,5.001056189269117
cluster,step,0.1,0,CUSUM классический,0.01,0.020646563433849498,0.010594947025264874,0.7105263157894737,0.1785158277114686,0.03701239314908304,1.001619490212646
cluster,step,0.1,0,CUSUM классический,0.03,0.06275468622656886,0.03246400434664493,0.7294372294372294,0.18265916923635045,0.09341541723641489,3.0013378397408816
cluster,step,0.1,0,CUSUM классический,0.05,0.11668024993208367,0.05786471067644662,0.740395809080326,0.1925472179683512,0.14530699791202484,5.001056189269117
cluster,step,0.1,0,Page-Hinkley,0.01,0.03504482477587612,0.011138277641945124,0.9922480620155039,0.22212270488132557,0.060538367978927386,1.001619490212646
cluster,step,0.1,0,Page-Hinkley,0.03,0.1104319478402608,0.045096441184460746,0.8388683886838868,0.24531295067781944,0.15230232161666035,3.0013378397408816
cluster,step,0.1,0,Page-Hinkley,0.05,0.17766911165444174,0.07919043738114642,0.7522935779816514,0.24635922330097088,0.20645046919500928,5.001056189269117
cluster,step,0.1,0,CUSUM оконный,0.01,0.10567780494430862,0.018201575658788372,1.4395886889460154,0.2657471264367816,0.15122072117061178,1.001619490212646
cluster,step,0.1,0,CUSUM оконный,0.03,0.2393371366476501,0.04903558815539256,1.246878547105562,0.2610187384534178,0.2497081800436705,3.0013378397408816
cluster,step,0.1,0,CUSUM оконный,0.05,0.3162184189079055,0.07688128226025537,1.1378865979381443,0.25625956535047445,0.2830990773911772,5.001056189269117
cluster,step,0.1,0,GLR (онлайн-разрыв),0.01,0.14398261342026622,0.04523227383863081,0.9650943396226415,0.5074257425742574,0.22431546620557946,1.001619490212646
cluster,step,0.1,0,GLR (онлайн-разрыв),0.03,0.28660690029883185,0.14031513175767454,0.6867298578199053,0.45121127304314257,0.3505477881115996,3.0013378397408816
cluster,step,0.1,0,GLR (онлайн-разрыв),0.05,0.38209725618038576,0.21298560173865796,0.5933167436900106,0.41838259175056836,0.39941752626187227,5.001056189269117
cluster,step,0.1,0,BOCPD,0.01,0.17454496060853028,0.13311600108666125,0.2482490272373541,0.6259140099444281,0.2729687347612764,1.001619490212646
cluster,step,0.1,0,BOCPD,0.03,0.34773159467535997,0.26555283890247217,0.25078125,0.5431270196370868,0.42400089445268785,3.0013378397408816
cluster,step,0.1,0,BOCPD,0.05,0.45232273838630804,0.3523499049171421,0.24024024024024024,0.4859437751004016,0.468530883060887,5.001056189269117
cluster,step,0.1,0,BOCPD + новости,0.01,0.18785656071719642,0.14398261342026622,0.24295010845986983,0.6428970917225951,0.29075391047973176,1.001619490212646
cluster,step,0.1,0,BOCPD + новости,0.03,0.37625645205107305,0.2904102146155936,0.24007220216606498,0.5658519221642145,0.45197652933957433,3.0013378397408816
cluster,step,0.1,0,BOCPD + новости,0.05,0.49660418364574843,0.3928280358598207,0.22319474835886213,0.5118905591346536,0.5041315188896002,5.001056189269117
cluster,step,0.1,0,Stouffer-МО,0.01,0.2787286063569682,0.020374898125509373,1.6198830409356726,0.2965779467680608,0.2873763816172193,0.9928179129700042
cluster,step,0.1,0,Stouffer-МО,0.03,0.4792176039119804,0.06764466177669112,1.3078231292517006,0.29905975128905066,0.3682869518983578,2.999577524292353
cluster,step,0.1,0,Stouffer-МО,0.05,0.6120619396903015,0.1198044009779951,1.1984021304926764,0.29933035714285716,0.40204140332905713,4.995775242923532
cluster,step,0.1,0,Пространственный,0.01,0.1441184460744363,0.02078239608801956,1.4844486333647502,0.27049180327868855,0.1880458016907097,1.001619490212646
cluster,step,0.1,0,Пространственный,0.03,0.28918772072806304,0.05433306166802499,1.2728980742132456,0.2672144867990565,0.27776722427605316,3.0013378397408816
cluster,step,0.1,0,Пространственный,0.05,0.37462646020103235,0.0865254007063298,1.1511965192168239,0.2627666451195863,0.30888108860397845,5.001056189269117
cluster,step,0.1,0,Комбо: BOCPD ∨ Stouffer-МО,0.01,0.19288236892148872,0.11179027438196143,0.6330985915492958,0.4493350814759318,0.26990488938279394,1.001619490212646
cluster,step,0.1,0,Комбо: BOCPD ∨ Stouffer-МО,0.03,0.41388209725618036,0.2421896223852214,0.6215950114867083,0.42412451361867703,0.418940712200346,2.994296577946768
cluster,step,0.1,0,Комбо: BOCPD ∨ Stouffer-МО,0.05,0.5274381961423527,0.32966585167074164,0.5385011588977595,0.3941885404963742,0.4511806883937962,5.001056189269117
cluster,step,0.1,0,Комбо: оконный ∨ Stouffer ∨ пространств.,0.01,0.1575658788372725,0.017114914425427872,1.606896551724138,0.266803840877915,0.19812526536201858,1.001619490212646
cluster,step,0.1,0,Комбо: оконный ∨ Stouffer ∨ пространств.,0.03,0.3625373539798968,0.05175224123879381,1.43087298613713,0.2758597346330896,0.31331426802325296,3.0013378397408816
cluster,step,0.1,0,Комбо: оконный ∨ Stouffer ∨ пространств.,0.05,0.47038848139092637,0.08367291496875849,1.288478198094138,0.27025509010063187,0.3432822110764872,5.001056189269117
cluster,step,0.1,1,z-score (инновация),0.01,0.12900641025641027,0.1171207264957265,0.11904761904761904,0.5375925204518893,0.20807978545810943,1.000072337962963
cluster,step,0.1,1,z-score (инновация),0.03,0.2621527777777778,0.23504273504273504,0.13092205807437596,0.4623122904213442,0.3345819045106832,3.000217013888889
cluster,step,0.1,1,z-score (инновация),0.05,0.3579059829059829,0.3191773504273504,0.1369402985074627,0.42548982667671437,0.3887826632985075,5.000361689814815
cluster,step,0.1,1,EWMA,0.01,0.09121260683760683,0.04300213675213675,0.6222547584187409,0.48814655172413796,0.15370472303253344,1.000072337962963
cluster,step,0.1,1,EWMA,0.03,0.20392628205128205,0.12059294871794872,0.4950884086444008,0.43363636363636365,0.27739972533436313,3.000217013888889
cluster,step,0.1,1,EWMA,0.05,0.2865918803418803,0.17387820512820512,0.47530288909599255,0.3989962358845671,0.33357953203996726,5.000361689814815
cluster,step,0.1,1,CUSUM классический,0.01,0.019230769230769232,0.009748931623931624,0.7569444444444444,0.16675574559059328,0.034484664271898315,1.000072337962963
cluster,step,0.1,1,CUSUM классический,0.03,0.06583867521367522,0.03231837606837607,0.744421906693712,0.17612137203166228,0.09584721067294237,3.000217013888889
cluster,step,0.1,1,CUSUM классический,0.05,0.11191239316239317,0.05502136752136752,0.7386634844868735,0.18592510792089148,0.13972265883727522,5.000361689814815
cluster,step,0.1,1,Page-Hinkley,0.01,0.033520299145299144,0.011485042735042736,0.9880478087649402,0.20164609053497942,0.057484722076161766,1.000072337962963
cluster,step,0.1,1,Page-Hinkley,0.03,0.11084401709401709,0.03886217948717949,0.9180722891566265,0.23006553795740034,0.1496079417207775,3.000217013888889
cluster,step,0.1,1,Page-Hinkley,0.05,0.17681623931623933,0.07318376068376069,0.7862537764350453,0.23687494799900158,0.20248600297833885,5.000361689814815
cluster,step,0.1,1,CUSUM оконный,0.01,0.12259615384615384,0.02123397435897436,1.4095860566448801,0.2576675849403122,0.166142872235567,1.000072337962963
cluster,step,0.1,1,CUSUM оконный,0.03,0.24746260683760685,0.0562232905982906,1.193200215866163,0.2603626943005181,0.2537488026314176,3.000217013888889
cluster,step,0.1,1,CUSUM оконный,0.05,0.33026175213675213,0.0876068376068376,1.106348564496563,0.25505036134979797,0.2878238029988479,5.000361689814815
cluster,step,0.1,1,GLR (онлайн-разрыв),0.01,0.1530448717948718,0.04807692307692308,0.9406631762652705,0.5089806915132465,0.23532893288731038,1.000072337962963
cluster,step,0.1,1,GLR (онлайн-разрыв),0.03,0.28205128205128205,0.1387553418803419,0.6785037878787878,0.4503349282296651,0.3468594631538039,3.000217013888889
cluster,step,0.1,1,GLR (онлайн-разрыв),0.05,0.36324786324786323,0.20045405982905984,0.6077205882352941,0.4149295215405996,0.38737250669152484,5.000361689814815
cluster,step,0.1,1,BOCPD,0.01,0.18816773504273504,0.14089209401709402,0.2640170333569908,0.6559050772626932,0.29243963552019125,1.000072337962963
cluster,step,0.1,1,BOCPD,0.03,0.35510149572649574,0.265224358974359,0.2662655133508838,0.5573313960527909,0.4338055195878567,3.000217013888889
cluster,step,0.1,1,BOCPD,0.05,0.46033653846153844,0.35496794871794873,0.24775166811720337,0.5036466103099618,0.48101865160908847,5.000361689814815
cluster,step,0.1,1,BOCPD + новости,0.01,0.20285790598290598,0.1518429487179487,0.260697827518104,0.6720063025210085,0.3116410295715442,1.000072337962963
cluster,step,0.1,1,BOCPD + новости,0.03,0.38995726495726496,0.296474358974359,0.25,0.5805679096818337,0.466544671065689,3.000217013888889
cluster,step,0.1,1,BOCPD + новости,0.05,0.49933226495726496,0.390758547008547,0.2324150842471249,0.5267743979721166,0.5126863761121863,5.000361689814815
cluster,step,0.1,1,Stouffer-МО,0.01,0.3060897435897436,0.032852564102564104,1.486910994764398,0.2985856469355684,0.3022911318771788,0.9982638888888888
cluster,step,0.1,1,Stouffer-МО,0.03,0.5,0.09695512820512821,1.2307692307692308,0.29691341163616497,0.37257926306769495,2.9947916666666665
cluster,step,0.1,1,Stouffer-МО,0.05,0.6161858974358975,0.15144230769230768,1.071521456436931,0.2970016207455429,0.4008118958600279,4.991319444444445
cluster,step,0.1,1,Пространственный,0.01,0.1423611111111111,0.022970085470085472,1.4437148217636022,0.2679393216294529,0.18593272877021358,1.000072337962963
cluster,step,0.1,1,Пространственный,0.03,0.2775106837606838,0.05328525641025641,1.2844080846968238,0.26541161947380604,0.27132633733926637,3.000217013888889
cluster,step,0.1,1,Пространственный,0.05,0.36485042735042733,0.08707264957264957,1.158125915080527,0.2625495197264883,0.30535961923221283,5.000361689814815
cluster,step,0.1,1,Комбо: BOCPD ∨ Stouffer-МО,0.01,0.21461004273504272,0.12272970085470085,0.6228998133167393,0.4664762224836162,0.29397298743045497,1.000072337962963
cluster,step,0.1,1,Комбо: BOCPD ∨ Stouffer-МО,0.03,0.41466346153846156,0.25427350427350426,0.5504025764895331,0.4185424873382105,0.41659394495338364,3.000217013888889
cluster,step,0.1,1,Комбо: BOCPD ∨ Stouffer-МО,0.05,0.5291132478632479,0.3400106837606838,0.4873801110550227,0.3971088854901574,0.4537044939669585,5.000361689814815
cluster,step,0.1,1,Комбо: оконный ∨ Stouffer ∨ пространств.,0.01,0.17681623931623933,0.022702991452991452,1.552870090634441,0.2627445380551192,0.21138146764418678,1.000072337962963
cluster,step,0.1,1,Комбо: оконный ∨ Stouffer ∨ пространств.,0.03,0.3643162393162393,0.06196581196581197,1.3680351906158357,0.2704327675831402,0.3104315179791691,3.000217013888889
cluster,step,0.1,1,Комбо: оконный ∨ Stouffer ∨ пространств.,0.05,0.46260683760683763,0.09375,1.2448036951501156,0.2683181343859172,0.33964034169588064,5.000361689814815
cluster,step,0.1,2,z-score (инновация),0.01,0.1332296526697771,0.118066355624676,0.14785992217898833,0.541491395793499,0.2138445532403374,1.0007610350076104
cluster,step,0.1,2,z-score (инновация),0.03,0.2764385692068429,0.24481596682218768,0.14767932489451477,0.47686980609418284,0.34999002059931306,3.000380517503805
cluster,step,0.1,2,z-score (инновация),0.05,0.3724727838258165,0.3299637117677553,0.1485734168406402,0.43856655290102387,0.4028265891792486,5.0
cluster,step,0.1,2,EWMA,0.01,0.09020217729393468,0.04250907205806117,0.6264367816091954,0.507754800590842,0.15319024691962746,1.0007610350076104
cluster,step,0.1,2,EWMA,0.03,0.21682218766200104,0.12519440124416797,0.511655708308428,0.46095907607331155,0.2949215643585603,3.000380517503805
cluster,step,0.1,2,EWMA,0.05,0.30132192846034217,0.18299637117677553,0.4679569892473118,0.42116367767589064,0.3513034736662139,5.0
cluster,step,0.1,2,CUSUM классический,0.01,0.015292897874546397,0.008035251425609125,0.711864406779661,0.1659105638366818,0.028004468403658153,1.0007610350076104
cluster,step,0.1,2,CUSUM классический,0.03,0.06220839813374806,0.030585795749092794,0.7458333333333333,0.1934563439223892,0.09414367556071376,3.000380517503805
cluster,step,0.1,2,CUSUM классический,0.05,0.11586314152410575,0.05611715914981856,0.7583892617449665,0.2053191489361702,0.14813345764929506,5.0
cluster,step,0.1,2,Page-Hinkley,0.01,0.03667703473302229,0.013089683773976154,0.9893992932862191,0.2535275375512062,0.06408333423110955,1.0007610350076104
cluster,step,0.1,2,Page-Hinkley,0.03,0.11171591498185589,0.040694660445826855,0.888631090487239,0.26092055115801815,0.15644726568036246,3.000380517503805
cluster,step,0.1,2,Page-Hinkley,0.05,0.1797563504406428,0.07490927941938828,0.809661139149243,0.2617870386720819,0.21315179357081546,5.0
cluster,step,0.1,2,CUSUM оконный,0.01,0.08242612752721618,0.009849663037843442,1.5566037735849056,0.2421195652173913,0.122984088870022,1.0007610350076104
cluster,step,0.1,2,CUSUM оконный,0.03,0.21267496111975118,0.03758424053913945,1.3040828762949421,0.2578664620107444,0.2331005819524355,3.000380517503805
cluster,step,0.1,2,CUSUM оконный,0.05,0.29224987039917055,0.061560393986521515,1.1835920177383592,0.2563141915896906,0.2731049824954675,5.0
cluster,step,0.1,2,GLR (онлайн-разрыв),0.01,0.11404872991187144,0.02695697252462416,1.053409090909091,0.49475576865448007,0.18536744444067357,1.0007610350076104
cluster,step,0.1,2,GLR (онлайн-разрыв),0.03,0.2559616381544842,0.11534473820632452,0.7336708860759493,0.46453138435081687,0.33005791978153565,3.000380517503805
cluster,step,0.1,2,GLR (онлайн-разрыв),0.05,0.35057024364955935,0.1839035769828927,0.643992606284658,0.43516014234875444,0.3883118175096442,5.0
cluster,step,0.1,2,BOCPD,0.01,0.15513219284603422,0.11845515811301192,0.24812030075187969,0.6585365853658537,0.25111010104541803,1.0007610350076104
cluster,step,0.1,2,BOCPD,0.03,0.3299637117677553,0.24675997926386728,0.2666928515318146,0.5755529068997484,0.4194546396262128,3.000380517503805
cluster,step,0.1,2,BOCPD,0.05,0.4384396060134785,0.3344997407983411,0.25302985515814364,0.520376727400757,0.475907135473468,5.0
cluster,step,0.1,2,BOCPD + новости,0.01,0.16459305339554173,0.1272680145152929,0.23937007874015748,0.6735015772870663,0.2645373851926578,1.0007610350076104
cluster,step,0.1,2,BOCPD + новости,0.03,0.3570502851218248,0.2717729393468118,0.24936479128856626,0.5967134972403412,0.4467704231713057,3.000380517503805
cluster,step,0.1,2,BOCPD + новости,0.05,0.4774494556765163,0.3726023846552618,0.23154180238870792,0.5455230125523013,0.5092212615517825,5.0
cluster,step,0.1,2,Stouffer-МО,0.01,0.2161741835147745,0.00933125972006221,1.7050359712230216,0.27293404094010615,0.24126068834509343,0.9931506849315068
cluster,step,0.1,2,Stouffer-МО,0.03,0.41835147744945567,0.038880248833592534,1.4275092936802973,0.28552051542895895,0.3394024216913778,2.990867579908676
cluster,step,0.1,2,Stouffer-МО,0.05,0.5412130637636081,0.09020217729393468,1.2298850574712643,0.28968631178707227,0.37737906886439426,5.0
cluster,step,0.1,2,Пространственный,0.01,0.11417833074131674,0.012700881285640227,1.5527809307604994,0.2647688356164384,0.15955186562586288,1.0007610350076104
cluster,step,0.1,2,Пространственный,0.03,0.2409279419388284,0.03952825298081908,1.3469607315761163,0.26317644985016747,0.25156123002280195,3.000380517503805
cluster,step,0.1,2,Пространственный,0.05,0.3297045101088647,0.0658372213582167,1.2327044025157232,0.25892646015606524,0.2900602449156052,5.0
cluster,step,0.1,2,Комбо: BOCPD ∨ Stouffer-МО,0.01,0.14320891653706583,0.08177812337998963,0.6298642533936651,0.4508054522924411,0.21736632573052161,0.9969558599695586
cluster,step,0.1,2,Комбо: BOCPD ∨ Stouffer-МО,0.03,0.3509590461378953,0.20904613789528254,0.5901033973412112,0.4253712127714359,0.38459888269334713,3.000380517503805
cluster,step,0.1,2,Комбо: BOCPD ∨ Stouffer-МО,0.05,0.4735614307931571,0.2904354587869362,0.543240284619595,0.40361071932299014,0.435796940659236,5.0
cluster,step,0.1,2,Комбо: оконный ∨ Stouffer ∨ пространств.,0.01,0.10303265940902022,0.008164852255054433,1.6742138364779875,0.24027939464493597,0.14422228837654735,1.0007610350076104
cluster,step,0.1,2,Комбо: оконный ∨ Stouffer ∨ пространств.,0.03,0.29950751684810784,0.03343701399688958,1.498918217221982,0.26408779576587793,0.28068466209513165,3.000380517503805
cluster,step,0.1,2,Комбо: оконный ∨ Stouffer ∨ пространств.,0.05,0.40902021772939345,0.06039398652151374,1.3659695817490494,0.26535433070866143,0.3218842892967327,5.0
cluster,step,0.2,0,z-score (инновация),0.01,0.33879781420765026,0.32691256830601095,0.04314516129032258,0.7623690863127482,0.46911867754139397,1.001535455053043
cluster,step,0.2,0,z-score (инновация),0.03,0.5314207650273224,0.5088797814207651,0.04987146529562982,0.6440856440856441,0.5823540953407348,3.0011166945840313
cluster,step,0.2,0,z-score (инновация),0.05,0.6333333333333333,0.6066939890710382,0.05241587575496117,0.5762081784386617,0.603421780555271,5.00069793411502
cluster,step,0.2,0,EWMA,0.01,0.2609289617486339,0.1576502732240437,0.4350785340314136,0.6538237011091652,0.3730003670371039,1.001535455053043
cluster,step,0.2,0,EWMA,0.03,0.4438524590163934,0.31338797814207653,0.3268698060941828,0.5518387840955353,0.49198986733257044,3.0011166945840313
cluster,step,0.2,0,EWMA,0.05,0.5434426229508197,0.40150273224043714,0.2921065862242333,0.4980492863845128,0.5197567223048641,5.00069793411502
cluster,step,0.2,0,CUSUM классический,0.01,0.057650273224043716,0.016256830601092898,1.1113744075829384,0.20190820010314595,0.08969125725630409,1.001535455053043
cluster,step,0.2,0,CUSUM классический,0.03,0.17472677595628416,0.05095628415300547,0.9507427677873339,0.23793418647166362,0.20148973165463405,3.0011166945840313
cluster,step,0.2,0,CUSUM классический,0.05,0.2609289617486339,0.09781420765027322,0.8455497382198953,0.2460384661908794,0.253265034380363,5.00069793411502
cluster,step,0.2,0,Page-Hinkley,0.01,0.1319672131147541,0.027868852459016394,1.054865424430642,0.30429827417779226,0.1840961358098183,1.001535455053043
cluster,step,0.2,0,Page-Hinkley,0.03,0.2550546448087432,0.09221311475409837,0.8371719335832887,0.3063777845590479,0.27837037167942624,3.0011166945840313
cluster,step,0.2,0,Page-Hinkley,0.05,0.3576502732240437,0.16229508196721312,0.7142857142857143,0.307951657243633,0.3309455375996119,5.00069793411502
cluster,step,0.2,0,CUSUM оконный,0.01,0.3419398907103825,0.0412568306010929,1.3116260487415101,0.3173562438767051,0.3291897332764473,1.001535455053043
cluster,step,0.2,0,CUSUM оконный,0.03,0.5101092896174864,0.13401639344262295,1.0353508302088912,0.3225563576774879,0.39521023837357555,3.0011166945840313
cluster,step,0.2,0,CUSUM оконный,0.05,0.5907103825136611,0.20655737704918034,0.9003237742830712,0.3159835633758297,0.41172607898391284,5.00069793411502
cluster,step,0.2,0,GLR (онлайн-разрыв),0.01,0.385655737704918,0.20969945355191258,0.5972369819341127,0.6206134291240675,0.47570399198984353,1.001535455053043
cluster,step,0.2,0,GLR (онлайн-разрыв),0.03,0.5587431693989071,0.3747267759562842,0.4332518337408313,0.539492132730955,0.5489489247400386,3.0011166945840313
cluster,step,0.2,0,GLR (онлайн-разрыв),0.05,0.639207650273224,0.46407103825136614,0.3530668946356059,0.4926668541808977,0.5564511277340769,5.00069793411502
cluster,step,0.2,0,BOCPD,0.01,0.4468579234972678,0.3942622950819672,0.12106389483338428,0.8355171452467243,0.5822905726590538,1.001535455053043
cluster,step,0.2,0,BOCPD,0.03,0.6400273224043715,0.5549180327868852,0.13703308431163286,0.7072792557532235,0.6719748208621044,3.0011166945840313
cluster,step,0.2,0,BOCPD,0.05,0.7202185792349727,0.6308743169398907,0.13050075872534142,0.6280088917116545,0.6709604743744362,5.00069793411502
cluster,step,0.2,0,BOCPD + новости,0.01,0.46325136612021856,0.40901639344262297,0.12002359186080802,0.840080971659919,0.5971902123381642,1.001535455053043
cluster,step,0.2,0,BOCPD + новости,0.03,0.6691256830601093,0.5846994535519126,0.129644752960392,0.717954778224218,0.692680770574383,3.0011166945840313
cluster,step,0.2,0,BOCPD + новости,0.05,0.7524590163934426,0.6647540983606557,0.12200435729847495,0.6387916743414993,0.6909819461816893,5.00069793411502
cluster,step,0.2,0,Stouffer-МО,0.01,0.6918032786885245,0.11557377049180328,1.1386255924170616,0.34406482698204116,0.4595665685323736,0.9945561139028476
cluster,step,0.2,0,Stouffer-МО,0.03,0.8344262295081967,0.2581967213114754,0.899803536345776,0.3466407010710808,0.4898047446759913,2.994137353433836
cluster,step,0.2,0,Stouffer-МО,0.05,0.8877049180327868,0.38688524590163936,0.7202216066481995,0.34488541084404695,0.4967692317414106,4.993718592964824
cluster,step,0.2,0,Пространственный,0.01,0.3744535519125683,0.04590163934426229,1.3352790952207223,0.32205913635396727,0.34628568744030824,1.001535455053043
cluster,step,0.2,0,Пространственный,0.03,0.526775956284153,0.11489071038251367,1.112033195020747,0.32201431174718875,0.39969684714044135,3.0011166945840313
cluster,step,0.2,0,Пространственный,0.05,0.6030054644808743,0.173224043715847,0.9827820570910738,0.3161258077183963,0.4147951338039011,5.00069793411502
cluster,step,0.2,0,Комбо: BOCPD ∨ Stouffer-МО,0.01,0.5051912568306011,0.39549180327868855,0.3153055705786912,0.5592020592020592,0.5308263155269193,1.001535455053043
cluster,step,0.2,0,Комбо: BOCPD ∨ Stouffer-МО,0.03,0.6883879781420765,0.5543715846994536,0.25699543560230204,0.4991769190781494,0.5787092408402078,3.0011166945840313
cluster,step,0.2,0,Комбо: BOCPD ∨ Stouffer-МО,0.05,0.7639344262295082,0.6318306010928961,0.22281831187410586,0.45709876543209876,0.5719639490313893,5.00069793411502
cluster,step,0.2,0,Комбо: оконный ∨ Stouffer ∨ пространств.,0.01,0.5114754098360655,0.046994535519125684,1.4134615384615385,0.31979941766418635,0.393539014544682,0.9980457844779452
cluster,step,0.2,0,Комбо: оконный ∨ Stouffer ∨ пространств.,0.03,0.6672131147540984,0.12062841530054645,1.1721949221949222,0.31919249973059377,0.4318090222198369,3.0011166945840313
cluster,step,0.2,0,Комбо: оконный ∨ Stouffer ∨ пространств.,0.05,0.755464480874317,0.19316939890710383,1.0104882459312838,0.3193137797454344,0.44889299996131216,5.00069793411502
cluster,step,0.2,1,z-score (инновация),0.01,0.34623403700807925,0.33763356789158194,0.0312382386149793,0.7824647028063447,0.4800499961814622,1.0006784260515604
cluster,step,0.2,1,z-score (инновация),0.03,0.5311441230127704,0.5121188428459734,0.044406280667320906,0.6606652949245542,0.5888667825515193,3.0001507613447913
cluster,step,0.2,1,z-score (инновация),0.05,0.6359134740682825,0.6111545478238207,0.04733606557377049,0.5912053109202753,0.6127449563221168,5.001507613447912
cluster,step,0.2,1,EWMA,0.01,0.27273911910346627,0.17109721136304404,0.41423793597706643,0.6614373826763207,0.38622219409189895,1.0006784260515604
cluster,step,0.2,1,EWMA,0.03,0.45387021110242376,0.3227782121449049,0.32098765432098764,0.5625566636446057,0.5024025201006199,3.0001507613447913
cluster,step,0.2,1,EWMA,0.05,0.5497784727651811,0.41503778994005736,0.2773168997392747,0.5104476203952644,0.5293835248498469,5.001507613447912
cluster,step,0.2,1,CUSUM классический,0.01,0.061245764920510815,0.014073494917904612,1.176595744680851,0.19789473684210526,0.0935416459349189,1.0006784260515604
cluster,step,0.2,1,CUSUM классический,0.03,0.1690122491529841,0.0527756059421423,0.9105628373168851,0.2407987821259067,0.1986180978749813,3.0001507613447913
cluster,step,0.2,1,CUSUM классический,0.05,0.2524107375553818,0.09408391972895491,0.8322147651006712,0.24299011052937755,0.24761085191719437,5.001507613447912
cluster,step,0.2,1,Page-Hinkley,0.01,0.13995308835027365,0.03231691425592911,0.9990689013035382,0.308980652613341,0.19264667646010097,1.0006784260515604
cluster,step,0.2,1,Page-Hinkley,0.03,0.2595777951524629,0.1035965598123534,0.7886546184738956,0.30660873221669355,0.2811399241628684,3.0001507613447913
cluster,step,0.2,1,Page-Hinkley,0.05,0.35418295543393274,0.16275736252280426,0.7005150846210448,0.3033504524333578,0.32680182782971884,5.001507613447912
cluster,step,0.2,1,CUSUM оконный,0.01,0.3721657544956998,0.04730258014073495,1.2790616246498598,0.31186289500509684,0.339356223466631,1.0006784260515604
cluster,step,0.2,1,CUSUM оконный,0.03,0.5340109460516028,0.14516549387542352,1.0195217179111762,0.31413960024984383,0.39557596432194925,3.0001507613447913
cluster,step,0.2,1,CUSUM оконный,0.05,0.609981756580662,0.21553296846494657,0.8893398846400342,0.310823253008223,0.4118059999276529,5.001507613447912
cluster,step,0.2,1,GLR (онлайн-разрыв),0.01,0.4287203544435757,0.24133437581443837,0.5796352583586626,0.6160971433019382,0.5056067422646024,1.0006784260515604
cluster,step,0.2,1,GLR (онлайн-разрыв),0.03,0.5823560072973677,0.40135522543653895,0.4000895054822108,0.5398706896551724,0.5603091427752028,3.0001507613447913
cluster,step,0.2,1,GLR (онлайн-разрыв),0.05,0.6608027104508731,0.4899661193640865,0.3372115953460856,0.4960477975284818,0.566693322705195,5.001507613447912
cluster,step,0.2,1,BOCPD,0.01,0.47849882720875686,0.4246807401615846,0.11437908496732026,0.8457891453524641,0.6112101332980149,1.0006784260515604
cluster,step,0.2,1,BOCPD,0.03,0.661323951003388,0.5865259317174876,0.11645320197044334,0.7200273514663424,0.6894282896043542,3.0001507613447913
cluster,step,0.2,1,BOCPD,0.05,0.7366432108418035,0.6566327860307531,0.11356801698213338,0.6405668307914014,0.6852537996794682,5.001507613447912
cluster,step,0.2,1,BOCPD + новости,0.01,0.4946572843367214,0.4409695074276779,0.11037934668071654,0.8501632603700569,0.6254209177168674,1.0006784260515604
cluster,step,0.2,1,BOCPD + новости,0.03,0.6889497002866823,0.6132395100338807,0.11272933610743333,0.7276536312849162,0.7077729382862479,3.0001507613447913
cluster,step,0.2,1,BOCPD + новости,0.05,0.7677873338545739,0.6902528016679698,0.10454854039375425,0.6507603565810173,0.7044466146981152,5.001507613447912
cluster,step,0.2,1,Stouffer-МО,0.01,0.7380766223612197,0.12197028928850664,1.1641949152542372,0.3236724008975318,0.45000282961932603,0.9950248756218906
cluster,step,0.2,1,Stouffer-МО,0.03,0.872556684910086,0.2939796716184519,0.8646953405017921,0.3350218094836077,0.48415158238200856,2.9963817277250113
cluster,step,0.2,1,Stouffer-МО,0.05,0.90852228303362,0.40969507427677876,0.6746987951807228,0.33440633898724775,0.4888705677460989,4.997738579828132
cluster,step,0.2,1,Пространственный,0.01,0.3980974719833203,0.0471722700026062,1.3070376432078559,0.308868501529052,0.34785201619562817,1.0006784260515604
cluster,step,0.2,1,Пространственный,0.03,0.5383111806098514,0.11636695334897056,1.093923989348826,0.3100162769462861,0.3934453059717978,3.0001507613447913
cluster,step,0.2,1,Пространственный,0.05,0.6138910607245244,0.18034923117018503,0.9679473572489917,0.30690437601296594,0.40922412387087137,5.001507613447912
cluster,step,0.2,1,Комбо: BOCPD ∨ Stouffer-МО,0.01,0.530362262183998,0.42064112587959346,0.29778869778869776,0.5603902439024391,0.5449629238594433,1.0006784260515604
cluster,step,0.2,1,Комбо: BOCPD ∨ Stouffer-МО,0.03,0.7041959864477456,0.5853531404743288,0.22168763878608438,0.4976686228796527,0.5831875638786878,3.0001507613447913
cluster,step,0.2,1,Комбо: BOCPD ∨ Stouffer-МО,0.05,0.7749543914516549,0.6558509252019807,0.1972423070455692,0.45606153647264147,0.5742036028040691,5.001507613447912
cluster,step,0.2,1,Комбо: оконный ∨ Stouffer ∨ пространств.,0.01,0.537529319781079,0.045217617930675004,1.4084848484848485,0.3020852555822107,0.3867957672810519,1.0006784260515604
cluster,step,0.2,1,Комбо: оконный ∨ Stouffer ∨ пространств.,0.03,0.7011988532707845,0.12965858743810268,1.1488570897602677,0.30870958708031243,0.42868600717735816,3.0001507613447913
cluster,step,0.2,1,Комбо: оконный ∨ Stouffer ∨ пространств.,0.05,0.7756059421422987,0.20250195465207194,0.998991935483871,0.3077441950966403,0.44064835212940767,5.001507613447912
cluster,step,0.2,2,z-score (инновация),0.01,0.34826472962066185,0.3383104654291095,0.03360370799536501,0.7558375634517767,0.47682459555475737,1.001001001001001
cluster,step,0.2,2,z-score (инновация),0.03,0.5343018563357547,0.5153349475383374,0.04405840886203424,0.6412886816447647,0.582927000481837,3.0012155012155013
cluster,step,0.2,2,z-score (инновация),0.05,0.6298089857411892,0.604654291094969,0.05061939342161469,0.5746098328295601,0.6009445060660039,5.001430001430001
cluster,step,0.2,2,EWMA,0.01,0.2753564702717245,0.1735270379338176,0.4059599413776258,0.6466622604097819,0.38624516305164,1.001001001001001
cluster,step,0.2,2,EWMA,0.03,0.44417541027710516,0.31369383911756793,0.32616596002422776,0.5490770973545679,0.49108669370038466,3.0012155012155013
cluster,step,0.2,2,EWMA,0.05,0.5423728813559322,0.3961528114070487,0.3080357142857143,0.4997056803688806,0.5201657910378695,5.001430001430001
cluster,step,0.2,2,CUSUM классический,0.01,0.06846919558783966,0.018563357546408393,1.117878192534381,0.21633402156457904,0.10401719884282068,1.001001001001001
cluster,step,0.2,2,CUSUM классический,0.03,0.18065644336830777,0.055959106806564435,0.9225614296351452,0.2538433382137628,0.21108611142431546,3.0012155012155013
cluster,step,0.2,2,CUSUM классический,0.05,0.25450632230293246,0.10142588108689804,0.7970401691331924,0.2572495332918482,0.2558705754569653,5.001430001430001
cluster,step,0.2,2,Page-Hinkley,0.01,0.15160075329566855,0.03712671509281679,0.9840283939662822,0.3169360505973296,0.20509698968315057,1.001001001001001
cluster,step,0.2,2,Page-Hinkley,0.03,0.2806026365348399,0.11824051654560129,0.7535953978907,0.3225336478423755,0.30011058628058584,3.0012155012155013
cluster,step,0.2,2,Page-Hinkley,0.05,0.36844229217110575,0.17366155501748723,0.6798101496896678,0.31534646024349916,0.33983294469199193,5.001430001430001
cluster,step,0.2,2,CUSUM оконный,0.01,0.3372343287597525,0.04398708635996772,1.2848025528520144,0.32187641637709624,0.32937644552581913,1.001001001001001
cluster,step,0.2,2,CUSUM оконный,0.03,0.4971751412429379,0.13545870325531342,1.029491341991342,0.32332377196127643,0.39183121246143143,3.0012155012155013
cluster,step,0.2,2,CUSUM оконный,0.05,0.5768092547753565,0.2019101425881087,0.9029850746268657,0.31825999713343844,0.41019242115592536,5.001430001430001
cluster,step,0.2,2,GLR (онлайн-разрыв),0.01,0.3790691417810062,0.2066182405165456,0.5951029098651526,0.6202379854256987,0.470552194483983,1.001001001001001
cluster,step,0.2,2,GLR (онлайн-разрыв),0.03,0.5402206080172182,0.35942964756524076,0.43500996015936255,0.5449820500455447,0.5425908833648414,3.0012155012155013
cluster,step,0.2,2,GLR (онлайн-разрыв),0.05,0.6248318536454129,0.4487489911218725,0.3672766415500538,0.4999172048352376,0.5554380177715149,5.001430001430001
cluster,step,0.2,2,BOCPD,0.01,0.4401398977670164,0.3926553672316384,0.10971882640586797,0.8353920888272033,0.5765271156445742,1.001001001001001
cluster,step,0.2,2,BOCPD,0.03,0.6221415119720205,0.5469464622006995,0.12324324324324325,0.7107964894850141,0.6635207371824117,3.0012155012155013
cluster,step,0.2,2,BOCPD,0.05,0.7076943771859026,0.6240247511433952,0.12241018817715263,0.6358709677419355,0.6698629287895118,5.001430001430001
cluster,step,0.2,2,BOCPD + новости,0.01,0.4543987086359968,0.40624159268227067,0.10775606867969213,0.8406482106684673,0.5899237404465153,1.001001001001001
cluster,step,0.2,2,BOCPD + новости,0.03,0.6517352703793382,0.575195049771321,0.11929824561403508,0.7217162032598274,0.6849428813416797,3.0012155012155013
cluster,step,0.2,2,BOCPD + новости,0.05,0.7371536185095507,0.6583266074791498,0.1104014598540146,0.6474342928660826,0.6893871133964083,5.001430001430001
cluster,step,0.2,2,Stouffer-МО,0.01,0.6602098466505246,0.09443099273607748,1.2078239608801955,0.34007908816003724,0.4489174174174174,0.9974259974259975
cluster,step,0.2,2,Stouffer-МО,0.03,0.8224374495560937,0.27199354317998387,0.858684985279686,0.34799296337757873,0.4890550383877318,2.9922779922779923
cluster,step,0.2,2,Stouffer-МО,0.05,0.8789346246973365,0.37691686844229216,0.7235996326905417,0.34526139222812413,0.49577385974942856,4.997854997854998
cluster,step,0.2,2,Пространственный,0.01,0.3770513855259618,0.04533225719666398,1.3146628612201212,0.3221596373128177,0.3474508657377026,1.001001001001001
cluster,step,0.2,2,Пространственный,0.03,0.5049771320957762,0.11191821361312887,1.094832179009057,0.3203128532031285,0.3919850449302329,3.0012155012155013
cluster,step,0.2,2,Пространственный,0.05,0.5817863868711326,0.1673392520850148,0.9750289017341041,0.31455774402209463,0.40833739419831977,5.001430001430001
cluster,step,0.2,2,Комбо: BOCPD ∨ Stouffer-МО,0.01,0.4915254237288136,0.3775894538606403,0.3483853311439518,0.5728293413173653,0.529072061237212,1.001001001001001
cluster,step,0.2,2,Комбо: BOCPD ∨ Stouffer-МО,0.03,0.6614205004035513,0.537395749260156,0.24039048200122026,0.5009904556095804,0.5701346088189286,3.0012155012155013
cluster,step,0.2,2,Комбо: BOCPD ∨ Stouffer-МО,0.05,0.7491256389561475,0.6182405165456013,0.22715029628299516,0.46205554572793206,0.5715703980605576,5.001430001430001
cluster,step,0.2,2,Комбо: оконный ∨ Stouffer ∨ пространств.,0.01,0.4872208770513855,0.03914447134786118,1.4069574820541138,0.31427789934354483,0.3820910480855913,1.001001001001001
cluster,step,0.2,2,Комбо: оконный ∨ Stouffer ∨ пространств.,0.03,0.6620930858218994,0.11474307237019102,1.1696464851686306,0.3196703767123288,0.4311660684885914,3.0012155012155013
cluster,step,0.2,2,Комбо: оконный ∨ Stouffer ∨ пространств.,0.05,0.7429378531073446,0.1864406779661017,1.022270505160239,0.31797288989079836,0.4453420756098825,5.001430001430001
cluster,dip,0.03,0,z-score (инновация),0.01,0.03130148270181219,0.0171609006040637,0.6447368421052632,0.1882656350741457,0.053678288254729985,1.0009697977279024
cluster,dip,0.03,0,z-score (инновация),0.03,0.08937397034596375,0.05024711696869852,0.6789554531490015,0.18572358429160338,0.12067612986885587,3.001177611526739
cluster,dip,0.03,0,z-score (инновация),0.05,0.14758374519494782,0.08841295991213619,0.6120930232558139,0.18923743942871715,0.16583499682893715,5.001385425325575
cluster,dip,0.03,0,EWMA,0.01,0.021004942339373972,0.011120263591433279,0.6274509803921569,0.17355371900826447,0.037474413478192414,1.0009697977279024
cluster,dip,0.03,0,EWMA,0.03,0.06754530477759473,0.03940142778693026,0.5752032520325203,0.18202196816857208,0.09852837810842205,3.001177611526739
cluster,dip,0.03,0,EWMA,0.05,0.11271279516749039,0.06617243272926963,0.5639464068209501,0.18554121675006585,0.14023529155046452,5.001385425325575
cluster,dip,0.03,0,CUSUM классический,0.01,0.013042284459088413,0.008649093904448105,0.4631578947368421,0.1618374558303887,0.02413921854619878,1.0009697977279024
cluster,dip,0.03,0,CUSUM классический,0.03,0.038165842943437674,0.02814387699066447,0.36330935251798563,0.15561108587005906,0.06129757861206034,3.001177611526739
cluster,dip,0.03,0,CUSUM классический,0.05,0.06383855024711697,0.047226798462383306,0.35268817204301073,0.1575997813012575,0.09086901519881711,5.001385425325575
cluster,dip,0.03,0,Page-Hinkley,0.01,0.016749038989566173,0.010159253157605712,0.5901639344262295,0.16540880503144653,0.03041799862727476,1.0009697977279024
cluster,dip,0.03,0,Page-Hinkley,0.03,0.04873695771554091,0.029928610653487096,0.5492957746478874,0.16521015397419891,0.07526944603108353,3.001177611526739
cluster,dip,0.03,0,Page-Hinkley,0.05,0.08045030203185063,0.05326743547501373,0.4590443686006826,0.16777097137142144,0.10875155971889314,5.001385425325575
cluster,dip,0.03,0,CUSUM оконный,0.01,0.017435475013728722,0.009610104338275673,0.6220472440944882,0.16655473472128945,0.03156647214907281,1.0009697977279024
cluster,dip,0.03,0,CUSUM оконный,0.03,0.04942339373970346,0.02828116419549698,0.6111111111111112,0.1582468281430219,0.07532226069261344,3.001177611526739
cluster,dip,0.03,0,CUSUM оконный,0.05,0.0858045030203185,0.04942339373970346,0.5888,0.1644536652835408,0.11277046511737311,5.001385425325575
cluster,dip,0.03,0,GLR (онлайн-разрыв),0.01,0.02114222954420648,0.01043382756727073,0.6623376623376623,0.17503486750348676,0.037727414695088626,1.0009697977279024
cluster,dip,0.03,0,GLR (онлайн-разрыв),0.03,0.06177924217462932,0.0328116419549698,0.6177777777777778,0.18343062415806016,0.09242862142202056,3.001177611526739
cluster,dip,0.03,0,GLR (онлайн-разрыв),0.05,0.10214168039538715,0.055738605161998904,0.592741935483871,0.1897771253169625,0.13280510951104152,5.001385425325575
cluster,dip,0.03,0,BOCPD,0.01,0.02841845140032949,0.015513454146073587,0.7004830917874396,0.18848167539267016,0.049390080229055444,1.0009697977279024
cluster,dip,0.03,0,BOCPD,0.03,0.09239428885227896,0.04791323448654585,0.6864784546805349,0.20906148867313915,0.12815204758001214,3.001177611526739
cluster,dip,0.03,0,BOCPD,0.05,0.14923119165293794,0.08017572762218561,0.641214351425943,0.2155205532078371,0.1763522145352986,5.001385425325575
cluster,dip,0.03,0,BOCPD + новости,0.01,0.031026908292147173,0.0171609006040637,0.6769911504424779,0.20293554562858968,0.05382455567480286,1.0009697977279024
cluster,dip,0.03,0,BOCPD + новости,0.03,0.1015925315760571,0.055738605161998904,0.6202702702702703,0.2312041884816754,0.14115895622268473,3.001177611526739
cluster,dip,0.03,0,BOCPD + новости,0.05,0.17119714442613948,0.09555189456342669,0.5797914995990376,0.24140064340509776,0.2003263324838248,5.001385425325575
cluster,dip,0.03,0,Stouffer-МО,0.01,0.019769357495881382,0.009884678747940691,0.7916666666666666,0.16602316602316602,0.035331575884145296,0.9975062344139651
cluster,dip,0.03,0,Stouffer-МО,0.03,0.07084019769357495,0.030477759472817133,0.8372093023255814,0.1906519065190652,0.10329809987291157,2.9925187032418954
cluster,dip,0.03,0,Stouffer-МО,0.05,0.11696869851729819,0.051894563426688634,0.7816901408450704,0.20015220700152206,0.14765058216537846,4.997921862011638
cluster,dip,0.03,0,Пространственный,0.01,0.022652388797364087,0.011120263591433279,0.7454545454545455,0.1946843853820598,0.04058279052959094,1.0009697977279024
cluster,dip,0.03,0,Пространственный,0.03,0.05409115870400879,0.030065897858319604,0.5964467005076142,0.17440517440517442,0.08257268586487858,3.001177611526739
cluster,dip,0.03,0,Пространственный,0.05,0.08649093904448106,0.049972542559033495,0.5873015873015873,0.17005467545212394,0.11466334045599755,5.001385425325575
cluster,dip,0.03,0,Комбо: BOCPD ∨ Stouffer-МО,0.01,0.023613399231191653,0.013042284459088413,0.6511627906976745,0.16765285996055226,0.04139626017917615,1.0009697977279024
cluster,dip,0.03,0,Комбо: BOCPD ∨ Stouffer-МО,0.03,0.06933003844041735,0.03610653487095003,0.7188118811881188,0.18155872667398462,0.10034306234287423,3.001177611526739
cluster,dip,0.03,0,Комбо: BOCPD ∨ Stouffer-МО,0.05,0.12630422844590883,0.06699615595826469,0.6597826086956522,0.19845758354755785,0.15436563686692353,4.996190080354669
cluster,dip,0.03,0,Комбо: оконный ∨ Stouffer ∨ пространств.,0.01,0.02114222954420648,0.011806699615595826,0.6493506493506493,0.17503217503217502,0.03772735215017446,1.0009697977279024
cluster,dip,0.03,0,Комбо: оконный ∨ Stouffer ∨ пространств.,0.03,0.05340472267984624,0.026359143327841845,0.7095115681233933,0.16758620689655174,0.08099784838620395,3.001177611526739
cluster,dip,0.03,0,Комбо: оконный ∨ Stouffer ∨ пространств.,0.05,0.0900604063701263,0.0457166392092257,0.6737804878048781,0.16746020949530677,0.11712875466137157,4.997921862011638
cluster,dip,0.03,1,z-score (инновация),0.01,0.03388933015620863,0.017871326449563147,0.70703125,0.19356759976176297,0.057680162114532564,1.0017613386173492
cluster,dip,0.03,1,z-score (инновация),0.03,0.08551760656605772,0.046068308181096106,0.7058823529411765,0.1819169745707455,0.11634325069629253,3.001614560399237
cluster,dip,0.03,1,z-score (инновация),0.05,0.14217633042096903,0.08141382049245433,0.6527001862197392,0.19137254901960785,0.16314638387362468,5.001467782181124
cluster,dip,0.03,1,EWMA,0.01,0.02779984114376489,0.017606566057717765,0.5285714285714286,0.20945945945945946,0.049085027935488246,1.0017613386173492
cluster,dip,0.03,1,EWMA,0.03,0.06844056129203072,0.04130262112787927,0.5570599613152805,0.18865866957470012,0.10044297055865725,3.001614560399237
cluster,dip,0.03,1,EWMA,0.05,0.10762509928514694,0.06486629600211809,0.5485854858548586,0.18660987621456143,0.1365161053411277,5.001467782181124
cluster,dip,0.03,1,CUSUM классический,0.01,0.017606566057717765,0.011781837437119407,0.5112781954887218,0.19382716049382717,0.032280854721467286,1.0017613386173492
cluster,dip,0.03,1,CUSUM классический,0.03,0.043553084458565,0.03283028858882711,0.3708206686930091,0.17971334068357223,0.07011417234041857,3.001614560399237
cluster,dip,0.03,1,CUSUM классический,0.05,0.07108816521048451,0.052687317977230606,0.3575418994413408,0.17887267371803453,0.10174177871554535,5.001467782181124
cluster,dip,0.03,1,Page-Hinkley,0.01,0.021842732327243843,0.014694201747418586,0.4484848484848485,0.2016304347826087,0.039415556444119926,1.0017613386173492
cluster,dip,0.03,1,Page-Hinkley,0.03,0.05454064072014827,0.03905215779719354,0.3859223300970874,0.1929157494496698,0.0850392149725613,3.001614560399237
cluster,dip,0.03,1,Page-Hinkley,0.05,0.08406142441090812,0.06010060894890124,0.3952755905511811,0.18580997271148597,0.11575477166107848,5.001467782181124
cluster,dip,0.03,1,CUSUM оконный,0.01,0.018930368016944664,0.012178978024887478,0.4965034965034965,0.16645962732919253,0.03399473633322718,1.0017613386173492
cluster,dip,0.03,1,CUSUM оконный,0.03,0.0514958962139264,0.0329626687847498,0.5167095115681234,0.15783920658366743,0.07765607671237118,3.001614560399237
cluster,dip,0.03,1,CUSUM оконный,0.05,0.08498808578236695,0.05321683876092136,0.5373831775700935,0.15638229634381012,0.11012645295944842,5.001467782181124
cluster,dip,0.03,1,GLR (онлайн-разрыв),0.01,0.023298914482393435,0.011649457241196717,0.6931818181818182,0.18448381185094687,0.04137276116789003,1.0017613386173492
cluster,dip,0.03,1,GLR (онлайн-разрыв),0.03,0.06539581678580884,0.03746359544612126,0.5951417004048583,0.18228950642886768,0.09625900323585569,3.001614560399237
cluster,dip,0.03,1,GLR (онлайн-разрыв),0.05,0.10630129732592004,0.059703468361133175,0.5902864259028643,0.18048477315102548,0.13379844775320576,5.001467782181124
cluster,dip,0.03,1,BOCPD,0.01,0.029785544082605243,0.015620863118877415,0.6888888888888889,0.19491525423728814,0.05167455514948176,1.0017613386173492
cluster,dip,0.03,1,BOCPD,0.03,0.09703468361133175,0.05242255758538523,0.6753069577080492,0.21212719731384555,0.13315804273871118,3.001614560399237
cluster,dip,0.03,1,BOCPD,0.05,0.1595181360868414,0.08803283028858883,0.6597510373443983,0.21439619274241523,0.1829300372492669,5.001467782181124
cluster,dip,0.03,1,BOCPD + новости,0.01,0.03137410643367752,0.017606566057717765,0.6329113924050633,0.2082093991671624,0.05453116510320985,1.0017613386173492
cluster,dip,0.03,1,BOCPD + новости,0.03,0.11014032300767805,0.06142441090812814,0.6298076923076923,0.23629093678598628,0.15024718102457638,3.001614560399237
cluster,dip,0.03,1,BOCPD + новости,0.05,0.1821551495896214,0.10458035477892508,0.59375,0.243184421534937,0.2082914343729837,5.001467782181124
cluster,dip,0.03,1,Stouffer-МО,0.01,0.012708498808578236,0.007942811755361398,0.5625,0.12875536480686695,0.023133644994939515,1.0017613386173492
cluster,dip,0.03,1,Stouffer-МО,0.03,0.04447974583002383,0.023034154090548053,0.6428571428571429,0.1411451398135819,0.06764286935217366,2.9942756494936154
cluster,dip,0.03,1,Stouffer-МО,0.05,0.09531374106433678,0.04924543288324067,0.6833333333333333,0.16267942583732056,0.12020151430339096,4.997798326728313
cluster,dip,0.03,1,Пространственный,0.01,0.020651310563939634,0.013635160180037067,0.41025641025641024,0.15550636413945768,0.036460633644491355,1.0017613386173492
cluster,dip,0.03,1,Пространственный,0.03,0.05559968228752978,0.035742652899126294,0.5,0.15628790942175497,0.0820204528177762,3.001614560399237
cluster,dip,0.03,1,Пространственный,0.05,0.0884299708763569,0.056393963463065924,0.5,0.15722884166564305,0.11319554747940534,5.001467782181124
cluster,dip,0.03,1,Комбо: BOCPD ∨ Stouffer-МО,0.01,0.022372253110934603,0.013105639396346307,0.5857988165680473,0.17879548306148055,0.03976838312397101,1.0017613386173492
cluster,dip,0.03,1,Комбо: BOCPD ∨ Stouffer-МО,0.03,0.060894890124437384,0.03640455387873974,0.5630434782608695,0.171895713654441,0.08993121222187991,3.001614560399237
cluster,dip,0.03,1,Комбо: BOCPD ∨ Stouffer-МО,0.05,0.11040508339952343,0.06049774953666932,0.6354916067146283,0.17556962025316455,0.13556288943664474,5.001467782181124
cluster,dip,0.03,1,Комбо: оконный ∨ Stouffer ∨ пространств.,0.01,0.019062748212867357,0.011384696849351337,0.5486111111111112,0.16832917705735662,0.03424711832696485,1.0017613386173492
cluster,dip,0.03,1,Комбо: оконный ∨ Stouffer ∨ пространств.,0.03,0.04792163092401377,0.030182684670373314,0.494475138121547,0.1444297666226332,0.07196526834542795,3.001614560399237
cluster,dip,0.03,1,Комбо: оконный ∨ Stouffer ∨ пространств.,0.05,0.08432618480275351,0.050569234842467566,0.5557299843014128,0.15059781226151106,0.10811444642822586,4.999633054454719
cluster,dip,0.03,2,z-score (инновация),0.01,0.03125,0.017628205128205128,0.6623931623931624,0.19671052631578947,0.053932178932178935,1.000072337962963
cluster,dip,0.03,2,z-score (инновация),0.03,0.08613782051282051,0.04700854700854701,0.7069767441860465,0.18888396811337466,0.11831828615741535,3.000217013888889
cluster,dip,0.03,2,z-score (инновация),0.05,0.1388888888888889,0.07905982905982906,0.6759615384615385,0.18722002635046114,0.15947298722869394,5.000361689814815
cluster,dip,0.03,2,EWMA,0.01,0.023637820512820512,0.013087606837606838,0.5932203389830508,0.19640479360852198,0.042197110570733797,1.000072337962963
cluster,dip,0.03,2,EWMA,0.03,0.06503739316239317,0.038327991452991456,0.5626283367556468,0.1866061293984109,0.09645689331235917,3.000217013888889
cluster,dip,0.03,2,EWMA,0.05,0.10376602564102565,0.0642361111111111,0.5366795366795367,0.18260166980877995,0.1323323115878001,5.000361689814815
cluster,dip,0.03,2,CUSUM классический,0.01,0.015224358974358974,0.010683760683760684,0.45614035087719296,0.17859445519019987,0.028056988258499595,1.000072337962963
cluster,dip,0.03,2,CUSUM классический,0.03,0.04006410256410257,0.029246794871794872,0.36666666666666664,0.17346460384435067,0.06509385830650412,3.000217013888889
cluster,dip,0.03,2,CUSUM классический,0.05,0.06663995726495726,0.04927884615384615,0.3486973947895792,0.17426460337376273,0.09641150579160725,5.000361689814815
cluster,dip,0.03,2,Page-Hinkley,0.01,0.018162393162393164,0.010016025641025642,0.6764705882352942,0.18271767810026385,0.03304051304360029,1.000072337962963
cluster,dip,0.03,2,Page-Hinkley,0.03,0.044738247863247864,0.029513888888888888,0.46865671641791046,0.17820392890551917,0.07152107023561298,3.000217013888889
cluster,dip,0.03,2,Page-Hinkley,0.05,0.07318376068376069,0.05061431623931624,0.4233576642335766,0.1764217517642175,0.1034529016118042,5.000361689814815
cluster,dip,0.03,2,CUSUM оконный,0.01,0.01842948717948718,0.01108440170940171,0.5797101449275363,0.17048517520215634,0.03326321325269524,1.000072337962963
cluster,dip,0.03,2,CUSUM оконный,0.03,0.05114850427350427,0.03325320512820513,0.4908616187989556,0.16445623342175067,0.07802880815973791,3.000217013888889
cluster,dip,0.03,2,CUSUM оконный,0.05,0.0842681623931624,0.05448717948717949,0.4976228209191759,0.16155691815515863,0.11076253557587404,5.000361689814815
cluster,dip,0.03,2,GLR (онлайн-разрыв),0.01,0.019898504273504272,0.01014957264957265,0.6711409395973155,0.16279069767441862,0.03546231916087245,1.000072337962963
cluster,dip,0.03,2,GLR (онлайн-разрыв),0.03,0.06530448717948718,0.0343215811965812,0.6789366053169734,0.1761460101867572,0.09528350522724646,3.000217013888889
cluster,dip,0.03,2,GLR (онлайн-разрыв),0.05,0.10844017094017094,0.05956196581196581,0.6391625615763546,0.18038817708994037,0.135452942154969,5.000361689814815
cluster,dip,0.03,2,BOCPD,0.01,0.028712606837606836,0.01295405982905983,0.8372093023255814,0.18992248062015504,0.04988375451605419,1.000072337962963
cluster,dip,0.03,2,BOCPD,0.03,0.08466880341880342,0.03952991452991453,0.8028391167192429,0.19050646323373596,0.11723404128406495,3.000217013888889
cluster,dip,0.03,2,BOCPD,0.05,0.14610042735042736,0.07184829059829059,0.7495429616087751,0.1978865266071204,0.16809536391755145,5.000361689814815
cluster,dip,0.03,2,BOCPD + новости,0.01,0.030181623931623932,0.014289529914529914,0.8008849557522124,0.20063897763578276,0.05247027455874883,1.000072337962963
cluster,dip,0.03,2,BOCPD + новости,0.03,0.09375,0.04674145299145299,0.717948717948718,0.20917734601074825,0.12947247217365349,3.000217013888889
cluster,dip,0.03,2,BOCPD + новости,0.05,0.1638621794871795,0.08613782051282051,0.6625916870415648,0.22219515166280912,0.18862163147890976,5.000361689814815
cluster,dip,0.03,2,Stouffer-МО,0.01,0.011217948717948718,0.008012820512820512,0.2857142857142857,0.13963963963963963,0.020767537563403198,0.9982638888888888
cluster,dip,0.03,2,Stouffer-МО,0.03,0.05448717948717949,0.03445512820512821,0.5147058823529411,0.1675531914893617,0.08223280098280099,2.9947916666666665
cluster,dip,0.03,2,Stouffer-МО,0.05,0.09935897435897435,0.05929487179487179,0.5806451612903226,0.17669172932330826,0.1271933653426451,4.991319444444445
cluster,dip,0.03,2,Пространственный,0.01,0.022035256410256412,0.013888888888888888,0.5393939393939394,0.17672151127361366,0.03918461604603885,1.000072337962963
cluster,dip,0.03,2,Пространственный,0.03,0.06356837606837606,0.04180021367521367,0.5105042016806722,0.1738705261099159,0.09309904054948948,3.000217013888889
cluster,dip,0.03,2,Пространственный,0.05,0.10056089743589744,0.06236645299145299,0.5418326693227091,0.1729368932038835,0.12717242899606046,5.000361689814815
cluster,dip,0.03,2,Комбо: BOCPD ∨ Stouffer-МО,0.01,0.019097222222222224,0.00734508547008547,0.8531468531468531,0.1481994459833795,0.033834478397102366,1.000072337962963
cluster,dip,0.03,2,Комбо: BOCPD ∨ Stouffer-МО,0.03,0.06343482905982906,0.03552350427350427,0.6652631578947369,0.17533333333333334,0.09316350988349807,2.998408564814815
cluster,dip,0.03,2,Комбо: BOCPD ∨ Stouffer-МО,0.05,0.1077724358974359,0.05956196581196581,0.6418835192069393,0.17899920149055099,0.1345403621086326,5.000361689814815
cluster,dip,0.03,2,Комбо: оконный ∨ Stouffer ∨ пространств.,0.01,0.016426282051282052,0.00921474358974359,0.6260162601626016,0.15013404825737264,0.02961262405767755,1.000072337962963
cluster,dip,0.03,2,Комбо: оконный ∨ Stouffer ∨ пространств.,0.03,0.05141559829059829,0.0343215811965812,0.4805194805194805,0.16012351124834584,0.0778375795300338,3.000217013888889
cluster,dip,0.03,2,Комбо: оконный ∨ Stouffer ∨ пространств.,0.05,0.09188034188034189,0.060229700854700856,0.5058139534883721,0.16732386961093584,0.11862287465272812,4.994936342592593
cluster,dip,0.05,0,z-score (инновация),0.01,0.048115477145148355,0.0268644747393745,0.6611111111111111,0.2552467385138968,0.08096801763303495,1.0005779511631268
cluster,dip,0.05,0,z-score (инновация),0.03,0.14260892809409248,0.08794439989307672,0.5838800374882849,0.26474926253687314,0.185368108030942,3.0017338534893803
cluster,dip,0.05,0,z-score (инновация),0.05,0.21331194867682438,0.1325848703555199,0.5883458646616542,0.2559773371104816,0.232705183134689,5.001083658430862
cluster,dip,0.05,0,EWMA,0.01,0.03287890938251804,0.016974071103982892,0.6463414634146342,0.22998805256869773,0.0575329534250969,1.0005779511631268
cluster,dip,0.05,0,EWMA,0.03,0.09355787222667736,0.053327987169206094,0.5614285714285714,0.23263327948303716,0.13344736375262461,3.0017338534893803
cluster,dip,0.05,0,EWMA,0.05,0.1450147019513499,0.08366746859128575,0.5529953917050692,0.2262962962962963,0.17675905165736522,5.001083658430862
cluster,dip,0.05,0,CUSUM классический,0.01,0.015102913659449345,0.012296177492649024,0.24778761061946902,0.1929032258064516,0.02801264204474793,1.0005779511631268
cluster,dip,0.05,0,CUSUM классический,0.03,0.04036353916065223,0.031007751937984496,0.31125827814569534,0.1709090909090909,0.06530420700062571,3.0017338534893803
cluster,dip,0.05,0,CUSUM классический,0.05,0.06883186313819835,0.048650093557872226,0.39611650485436894,0.16565574875320124,0.09725369911240356,5.001083658430862
cluster,dip,0.05,0,Page-Hinkley,0.01,0.015771184175354183,0.009355787222667736,0.5423728813559322,0.1722520107238606,0.028896628282029414,1.0005779511631268
cluster,dip,0.05,0,Page-Hinkley,0.03,0.047580860732424485,0.02673082063619353,0.601123595505618,0.1691863050244553,0.07427351821567657,3.0017338534893803
cluster,dip,0.05,0,Page-Hinkley,0.05,0.07858861267040898,0.04731355252606255,0.5136054421768708,0.17175623416455527,0.10783592577309722,5.001083658430862
cluster,dip,0.05,0,CUSUM оконный,0.01,0.026597166533012563,0.013900026730820636,0.6381909547738693,0.21282633371169127,0.04728506127890488,1.0005779511631268
cluster,dip,0.05,0,CUSUM оконный,0.03,0.07391071905907512,0.03755680299385191,0.6943942133815552,0.2082844861273935,0.10910501564584188,3.0017338534893803
cluster,dip,0.05,0,CUSUM оконный,0.05,0.11534349104517509,0.058406843090082865,0.6639629200463499,0.20266378689704823,0.1470151805355095,5.001083658430862
cluster,dip,0.05,0,GLR (онлайн-разрыв),0.01,0.03715584068430901,0.016305800588078054,0.7482014388489209,0.25026624068157616,0.064705206525787,1.0005779511631268
cluster,dip,0.05,0,GLR (онлайн-разрыв),0.03,0.10104250200481155,0.05359529537556803,0.5886243386243386,0.25887038377986965,0.1453513464239358,3.0017338534893803
cluster,dip,0.05,0,GLR (онлайн-разрыв),0.05,0.1541031809676557,0.08286554397219995,0.572419774501301,0.25053509068378954,0.19082848619741602,5.001083658430862
cluster,dip,0.05,0,BOCPD,0.01,0.05800588078053996,0.029804865009355787,0.7050691244239631,0.3191283292978208,0.09816834075644328,1.0005779511631268
cluster,dip,0.05,0,BOCPD,0.03,0.1665330125634857,0.08460304731355253,0.6821829855537721,0.32003906885886374,0.2190716332070727,3.0017338534893803
cluster,dip,0.05,0,BOCPD,0.05,0.2457898957497995,0.13084736701416733,0.6340402392604676,0.30824372759856633,0.2734967355017107,5.001083658430862
cluster,dip,0.05,0,BOCPD + новости,0.01,0.06107992515370222,0.03207698476343224,0.6717724288840262,0.33397037744863833,0.10327234543925977,1.0005779511631268
cluster,dip,0.05,0,BOCPD + новости,0.03,0.17989842288158248,0.09516172146484897,0.6322436849925706,0.34283000949667614,0.2359717750355726,3.0017338534893803
cluster,dip,0.05,0,BOCPD + новости,0.05,0.2751937984496124,0.1545041432771986,0.5716367168528412,0.3363689776733255,0.30272168372761565,5.001083658430862
cluster,dip,0.05,0,Stouffer-МО,0.01,0.02566158781074579,0.011226944667201283,0.84375,0.19407894736842105,0.04532958788009748,0.9969657563935848
cluster,dip,0.05,0,Stouffer-МО,0.03,0.07858861267040898,0.028869286287089013,0.7755102040816326,0.21666666666666667,0.11534108913132045,3.0017338534893803
cluster,dip,0.05,0,Stouffer-МО,0.05,0.12750601443464316,0.05292702485966319,0.7358490566037735,0.22076023391812866,0.16164792141469705,4.995665366276549
cluster,dip,0.05,0,Пространственный,0.01,0.024726009088479016,0.010692328254477412,0.7837837837837838,0.1936245572609209,0.04385207368709363,1.0005779511631268
cluster,dip,0.05,0,Пространственный,0.03,0.07444533547179899,0.03488372093023256,0.7432675044883303,0.2081238688920169,0.10966411767508913,3.0017338534893803
cluster,dip,0.05,0,Пространственный,0.05,0.11948676824378508,0.0582731889869019,0.7080536912751678,0.212940313111546,0.15307747936048408,5.001083658430862
cluster,dip,0.05,0,Комбо: BOCPD ∨ Stouffer-МО,0.01,0.03822507350975675,0.01710772520716386,0.8566433566433567,0.23300438596491227,0.06567582886354069,0.9969657563935848
cluster,dip,0.05,0,Комбо: BOCPD ∨ Stouffer-МО,0.03,0.11828388131515638,0.05626837743918738,0.7062146892655368,0.2654474431818182,0.16364655090844663,3.0017338534893803
cluster,dip,0.05,0,Комбо: BOCPD ∨ Stouffer-МО,0.05,0.18404170008019247,0.09208767709168672,0.6521423384168482,0.2658820965457121,0.21751858175150082,4.997471463661321
cluster,dip,0.05,0,Комбо: оконный ∨ Stouffer ∨ пространств.,0.01,0.02392408446939321,0.00855386260358193,0.9329608938547486,0.18505123568414708,0.042370375510565994,0.9915474642392718
cluster,dip,0.05,0,Комбо: оконный ∨ Stouffer ∨ пространств.,0.03,0.07457898957497995,0.03608660785886127,0.7275985663082437,0.20076117982873454,0.10875685861552957,3.0017338534893803
cluster,dip,0.05,0,Комбо: оконный ∨ Stouffer ∨ пространств.,0.05,0.12309542902967122,0.0541299117882919,0.7209554831704669,0.21141061283693943,0.15559467890846715,4.995665366276549
cluster,dip,0.05,1,z-score (инновация),0.01,0.04240327952856777,0.027030489367153472,0.513595166163142,0.2696774193548387,0.07328365410844083,1.0003885003885005
cluster,dip,0.05,1,z-score (инновация),0.03,0.12349474763002818,0.0827568537022803,0.5,0.27350063802637176,0.1701576063100721,3.001165501165501
cluster,dip,0.05,1,z-score (инновация),0.05,0.19344094286446323,0.13284652831155522,0.4741721854304636,0.27582278481012656,0.22740056991650573,5.0
cluster,dip,0.05,1,EWMA,0.01,0.029336407891365615,0.017038175762234178,0.5065502183406113,0.24931318681318682,0.05249570413911958,1.0003885003885005
cluster,dip,0.05,1,EWMA,0.03,0.08762490392006149,0.04829618242377658,0.5482456140350878,0.2519239474875509,0.13002436381243707,3.001165501165501
cluster,dip,0.05,1,EWMA,0.05,0.13656161926723034,0.07814501665385601,0.5262664165103189,0.24879857201702596,0.1763354733284189,5.0
cluster,dip,0.05,1,CUSUM классический,0.01,0.013707404560594414,0.009479887266205482,0.40186915887850466,0.1875,0.02554715479506566,1.0003885003885005
cluster,dip,0.05,1,CUSUM классический,0.03,0.04086600051242634,0.027286702536510377,0.43573667711598746,0.18388030888030887,0.06687053342261215,3.001165501165501
cluster,dip,0.05,1,CUSUM классический,0.05,0.06571867794004611,0.047015116576992054,0.3684210526315789,0.1813375250071449,0.09647409991917479,5.0
cluster,dip,0.05,1,Page-Hinkley,0.01,0.017038175762234178,0.009992313604919293,0.5488721804511278,0.1994535519125683,0.03139449909137354,1.0003885003885005
cluster,dip,0.05,1,Page-Hinkley,0.03,0.048552395593133485,0.02895208813733026,0.5303430079155673,0.1864406779661017,0.07704177330980254,3.001165501165501
cluster,dip,0.05,1,Page-Hinkley,0.05,0.08365359979502947,0.0520112733794517,0.48085758039816234,0.19197022068598776,0.11652838993235799,5.0
cluster,dip,0.05,1,CUSUM оконный,0.01,0.02485267742761978,0.013323084806559056,0.6649484536082474,0.21754807692307693,0.04460920260129302,1.0003885003885005
cluster,dip,0.05,1,CUSUM оконный,0.03,0.07596720471432232,0.03920061491160646,0.6559865092748736,0.2198789298965046,0.11292077688820748,3.001165501165501
cluster,dip,0.05,1,CUSUM оконный,0.05,0.11798616448885473,0.061363054060978736,0.6503800217155266,0.2171826253899688,0.15290531658777917,5.0
cluster,dip,0.05,1,GLR (онлайн-разрыв),0.01,0.03164232641557776,0.014091724314629772,0.7246963562753036,0.24013921113689096,0.05591669965812826,1.0003885003885005
cluster,dip,0.05,1,GLR (онлайн-разрыв),0.03,0.09108378170637971,0.04675890340763515,0.6075949367088608,0.25552353506243997,0.13429635649609256,3.001165501165501
cluster,dip,0.05,1,GLR (онлайн-разрыв),0.05,0.14591339994875738,0.08121957468613887,0.5390693590869183,0.25587557603686634,0.1858471859353446,5.0
cluster,dip,0.05,1,BOCPD,0.01,0.050089674609274916,0.02600563668972585,0.670076726342711,0.29644670050761424,0.08569904825957116,1.0003885003885005
cluster,dip,0.05,1,BOCPD,0.03,0.14591339994875738,0.07878554957724827,0.62071992976295,0.3173547935619314,0.1999114878478659,3.001165501165501
cluster,dip,0.05,1,BOCPD,0.05,0.22815782731232384,0.12413528055342045,0.613700168444694,0.31296636747053097,0.26391622149721383,5.0
cluster,dip,0.05,1,BOCPD + новости,0.01,0.05598257750448373,0.029336407891365615,0.6475972540045767,0.3209028459273798,0.09533384592034665,1.0003885003885005
cluster,dip,0.05,1,BOCPD + новости,0.03,0.1635921086343838,0.09069946195234435,0.5794831636648394,0.3441656844586631,0.2217702645082639,3.001165501165501
cluster,dip,0.05,1,BOCPD + новости,0.05,0.2592877273891878,0.1491160645657187,0.5518774703557312,0.34522830111065406,0.29614917522550066,5.0
cluster,dip,0.05,1,Stouffer-МО,0.01,0.02536510376633359,0.016910069177555727,0.3939393939393939,0.23655913978494625,0.04581742450538008,0.9906759906759907
cluster,dip,0.05,1,Stouffer-МО,0.03,0.10760953112990007,0.04611837048424289,0.7428571428571429,0.27673649393605293,0.154961843843089,2.9953379953379953
cluster,dip,0.05,1,Stouffer-МО,0.05,0.16910069177555725,0.09146810146041506,0.5727272727272728,0.28462029355456286,0.2121545623393219,5.0
cluster,dip,0.05,1,Пространственный,0.01,0.03676658980271586,0.02011273379451704,0.6341463414634146,0.2428904428904429,0.06386575152251737,1.0003885003885005
cluster,dip,0.05,1,Пространственный,0.03,0.09403023315398411,0.04944914168588265,0.659400544959128,0.23454483695652173,0.13424211213996032,3.001165501165501
cluster,dip,0.05,1,Пространственный,0.05,0.13873943120676402,0.07097104791186266,0.6629732225300092,0.22692142550450836,0.17219753728238218,5.0
cluster,dip,0.05,1,Комбо: BOCPD ∨ Stouffer-МО,0.01,0.040097361004355625,0.022034332564693827,0.6006389776357828,0.2690274841437632,0.06979246295545893,1.0003885003885005
cluster,dip,0.05,1,Комбо: BOCPD ∨ Stouffer-МО,0.03,0.11772995131949782,0.06110684089162183,0.6637649619151251,0.2836423719478612,0.1663951433907164,3.001165501165501
cluster,dip,0.05,1,Комбо: BOCPD ∨ Stouffer-МО,0.05,0.19638739431206764,0.10658467845247245,0.6014350945857795,0.2921168039362499,0.23487232316741646,5.0
cluster,dip,0.05,1,Комбо: оконный ∨ Stouffer ∨ пространств.,0.01,0.03061747373815014,0.018959774532410965,0.502092050209205,0.24627277747101048,0.0544638192476059,0.9984459984459985
cluster,dip,0.05,1,Комбо: оконный ∨ Stouffer ∨ пространств.,0.03,0.08416602613374327,0.04240327952856777,0.6818873668188736,0.22592661575712422,0.12264299681650918,3.001165501165501
cluster,dip,0.05,1,Комбо: оконный ∨ Stouffer ∨ пространств.,0.05,0.14552908019472202,0.07507045862157315,0.6496478873239436,0.2376894987274538,0.1805274379913381,5.0
cluster,dip,0.05,2,z-score (инновация),0.01,0.04628185127405096,0.028211128445137807,0.5870786516853933,0.27121771217712176,0.07907070914634699,1.000983953981229
cluster,dip,0.05,2,z-score (инновация),0.03,0.14066562662506502,0.09152366094643785,0.5249537892791127,0.2810240375219855,0.1874858489343999,3.001059642749016
cluster,dip,0.05,2,z-score (инновация),0.05,0.21632865314612584,0.14469578783151327,0.5048076923076923,0.27695362691274383,0.2429156996550467,5.001135331516803
cluster,dip,0.05,2,EWMA,0.01,0.02782111284451378,0.013000520020800831,0.6261682242990654,0.22964509394572025,0.04962967491930434,1.000983953981229
cluster,dip,0.05,2,EWMA,0.03,0.09152366094643785,0.04966198647945918,0.5539772727272727,0.248619957537155,0.13379412378566166,3.001059642749016
cluster,dip,0.05,2,EWMA,0.05,0.14742589703588144,0.0843733749349974,0.5308641975308642,0.24270990447461036,0.18343215489645476,5.001135331516803
cluster,dip,0.05,2,CUSUM классический,0.01,0.012220488819552781,0.008190327613104524,0.5319148936170213,0.16382505559673832,0.022744367282007596,1.000983953981229
cluster,dip,0.05,2,CUSUM классический,0.03,0.0343213728549142,0.02379095163806552,0.4128787878787879,0.16289707750952986,0.05669704151765701,3.001059642749016
cluster,dip,0.05,2,CUSUM классический,0.05,0.06188247529901196,0.043031721268850756,0.42016806722689076,0.16457702839025795,0.08994485749751721,5.001135331516803
cluster,dip,0.05,2,Page-Hinkley,0.01,0.017290691627665108,0.0093603744149766,0.6240601503759399,0.18758434547908232,0.03166284304481902,1.000983953981229
cluster,dip,0.05,2,Page-Hinkley,0.03,0.0516120644825793,0.03224128965158606,0.47858942065491183,0.18846397633636172,0.08103278333094019,3.001059642749016
cluster,dip,0.05,2,Page-Hinkley,0.05,0.08541341653666147,0.052392095683827355,0.4764079147640791,0.18795457445451066,0.11745224669242638,5.001135331516803
cluster,dip,0.05,2,CUSUM оконный,0.01,0.02080083203328133,0.0109204368174727,0.63125,0.1953727506426735,0.03759863457590224,1.000983953981229
cluster,dip,0.05,2,CUSUM оконный,0.03,0.06799271970878835,0.03523140925637026,0.6500956022944551,0.20211662170574807,0.10175478371949828,3.001059642749016
cluster,dip,0.05,2,CUSUM оконный,0.05,0.10959438377535101,0.05850234009360374,0.6346381969157769,0.20419244854148252,0.14263406405077078,5.001135331516803
cluster,dip,0.05,2,GLR (онлайн-разрыв),0.01,0.030681227249089962,0.01391055642225689,0.7288135593220338,0.23298856831790962,0.05422217736870415,1.000983953981229
cluster,dip,0.05,2,GLR (онлайн-разрыв),0.03,0.09529381175247009,0.042381695267810715,0.6834924965893588,0.2505677517032551,0.13807580075376777,3.001059642749016
cluster,dip,0.05,2,GLR (онлайн-разрыв),0.05,0.15223608944357775,0.07618304732189288,0.6071733561058924,0.2523641335308192,0.18991056664336015,5.001135331516803
cluster,dip,0.05,2,BOCPD,0.01,0.05343213728549142,0.026651066042641707,0.7250608272506083,0.3103813559322034,0.09116945649458312,1.000983953981229
cluster,dip,0.05,2,BOCPD,0.03,0.15574622984919398,0.08840353614144565,0.5876460767946577,0.3235806339254615,0.21028015575524078,3.001059642749016
cluster,dip,0.05,2,BOCPD,0.05,0.24167966718668746,0.14066562662506502,0.5578267885960194,0.31555509527754766,0.2737203618399021,5.001135331516803
cluster,dip,0.05,2,BOCPD + новости,0.01,0.057982319292771714,0.029771190847633907,0.695067264573991,0.3274974253347065,0.09852170210223812,1.000983953981229
cluster,dip,0.05,2,BOCPD + новости,0.03,0.17303692147685906,0.10218408736349453,0.5379413974455297,0.35106205051011874,0.2318138356094082,3.001059642749016
cluster,dip,0.05,2,BOCPD + новости,0.05,0.2715808632345294,0.1669266770670827,0.49736716132120634,0.3468946540880503,0.3046521550813106,5.001135331516803
cluster,dip,0.05,2,Stouffer-МО,0.01,0.028081123244929798,0.0078003120124804995,0.9722222222222222,0.2527881040892193,0.05054718149907083,0.9990917347865577
cluster,dip,0.05,2,Stouffer-МО,0.03,0.09438377535101404,0.039781591263650544,0.743801652892562,0.24606741573033708,0.13643525002059478,2.997275204359673
cluster,dip,0.05,2,Stouffer-МО,0.05,0.15990639625585024,0.07644305772230889,0.6926829268292682,0.2472562943834732,0.19421162054094304,4.995458673932788
cluster,dip,0.05,2,Пространственный,0.01,0.0249609984399376,0.015080603224128965,0.5833333333333334,0.1940385739333723,0.044232018252368985,1.000983953981229
cluster,dip,0.05,2,Пространственный,0.03,0.06643265730629225,0.033931357254290175,0.675146771037182,0.19459572685379137,0.09905061686639093,3.001059642749016
cluster,dip,0.05,2,Пространственный,0.05,0.11128445137805512,0.05850234009360374,0.6425233644859814,0.2038248616004026,0.14396615375159982,5.001135331516803
cluster,dip,0.05,2,Комбо: BOCPD ∨ Stouffer-МО,0.01,0.035101404056162244,0.017420696827873113,0.7666666666666667,0.2727272727272727,0.06219765031098824,0.9915228580078717
cluster,dip,0.05,2,Комбо: BOCPD ∨ Stouffer-МО,0.03,0.11778471138845553,0.053562142485699425,0.7141280353200883,0.2815898012748406,0.16609459252624864,2.997275204359673
cluster,dip,0.05,2,Комбо: BOCPD ∨ Stouffer-МО,0.05,0.1955278211128445,0.10153406136245449,0.6190159574468085,0.2823952879581152,0.23106702437687035,4.989782016348774
cluster,dip,0.05,2,Комбо: оконный ∨ Stouffer ∨ пространств.,0.01,0.02535101404056162,0.012870514820592824,0.7692307692307693,0.21351179094964945,0.04532091474360642,1.000983953981229
cluster,dip,0.05,2,Комбо: оконный ∨ Stouffer ∨ пространств.,0.03,0.07410296411856475,0.03224128965158606,0.7894736842105263,0.21045998739760555,0.10961166105020616,3.001059642749016
cluster,dip,0.05,2,Комбо: оконный ∨ Stouffer ∨ пространств.,0.05,0.11921476859074363,0.054862194487779514,0.7164667393675027,0.2098164106406894,0.15204160833327288,5.001135331516803
cluster,dip,0.1,0,z-score (инновация),0.01,0.1393574297188755,0.11231593038821955,0.30835734870317005,0.5243988684582744,0.2201979210036145,1.001585242830379
cluster,dip,0.1,0,z-score (инновация),0.03,0.285140562248996,0.23239625167336012,0.29295774647887324,0.46308812061346505,0.3529541438518383,3.001152903876639
cluster,dip,0.1,0,z-score (инновация),0.05,0.3957161981258367,0.32021419009370816,0.30311231393775373,0.42393359086052435,0.40933918628984634,5.0007205649229
cluster,dip,0.1,0,EWMA,0.01,0.08848728246318607,0.041231593038821956,0.5627836611195158,0.43386952636282394,0.14699506039835614,1.001585242830379
cluster,dip,0.1,0,EWMA,0.03,0.20267737617135206,0.12382864792503347,0.42668428005284015,0.39333021661212403,0.26751047213861945,3.001152903876639
cluster,dip,0.1,0,EWMA,0.05,0.28366800535475234,0.18406961178045517,0.39405379896177445,0.36020076764098025,0.3173858946709462,5.0007205649229
cluster,dip,0.1,0,CUSUM классический,0.01,0.016867469879518072,0.011244979919678716,0.3968253968253968,0.19243104554201412,0.031016224439307894,1.001585242830379
cluster,dip,0.1,0,CUSUM классический,0.03,0.05220883534136546,0.03266398929049531,0.43333333333333335,0.19750161533491278,0.08258628573012068,3.001152903876639
cluster,dip,0.1,0,CUSUM классический,0.05,0.09129852744310575,0.05609103078982597,0.4442815249266862,0.19958688355280144,0.12528636965974055,5.0007205649229
cluster,dip,0.1,0,Page-Hinkley,0.01,0.029451137884872823,0.014323962516733601,0.5590909090909091,0.2522779043280182,0.05274480250464751,1.001585242830379
cluster,dip,0.1,0,Page-Hinkley,0.03,0.08500669344042838,0.04350736278447122,0.5401574803149606,0.23774920812371902,0.12523565922565055,3.001152903876639
cluster,dip,0.1,0,Page-Hinkley,0.05,0.14912985274431056,0.0749665327978581,0.5403949730700179,0.23396586451818085,0.18215445044448061,5.0007205649229
cluster,dip,0.1,0,CUSUM оконный,0.01,0.05528781793842035,0.01606425702811245,0.8983050847457628,0.36502627806975635,0.09603059519691809,1.001585242830379
cluster,dip,0.1,0,CUSUM оконный,0.03,0.1538152610441767,0.049531459170013385,0.7919930374238469,0.36017825879356996,0.21557047223575312,3.001152903876639
cluster,dip,0.1,0,CUSUM оконный,0.05,0.2281124497991968,0.08326639892904954,0.7312206572769953,0.342426629899547,0.2738174481022866,5.0007205649229
cluster,dip,0.1,0,GLR (онлайн-разрыв),0.01,0.10160642570281124,0.039223560910307896,0.6376811594202898,0.5019949220166848,0.16900528781052404,1.001585242830379
cluster,dip,0.1,0,GLR (онлайн-разрыв),0.03,0.2433734939759036,0.13801874163319947,0.4752475247524752,0.4619721689059501,0.31879909888975905,3.001152903876639
cluster,dip,0.1,0,GLR (онлайн-разрыв),0.05,0.33346720214190095,0.2105756358768407,0.4179044560417503,0.4232747370845168,0.37304194467459234,5.0007205649229
cluster,dip,0.1,0,BOCPD,0.01,0.19919678714859437,0.13346720214190094,0.4838709677419355,0.5858464012866907,0.29730522503220214,1.001585242830379
cluster,dip,0.1,0,BOCPD,0.03,0.3791164658634538,0.2653279785809906,0.3930084745762712,0.5265435915555163,0.44083062716153293,3.001152903876639
cluster,dip,0.1,0,BOCPD,0.05,0.48728246318607765,0.34966532797858096,0.3629120879120879,0.4890756302521008,0.4881774000649834,5.0007205649229
cluster,dip,0.1,0,BOCPD + новости,0.01,0.20776439089692103,0.14149933065595716,0.4536082474226804,0.598079561042524,0.3083962730224359,1.001585242830379
cluster,dip,0.1,0,BOCPD + новости,0.03,0.41285140562248995,0.29451137884872824,0.3657587548638132,0.5452322738386308,0.46989613844927147,3.001152903876639
cluster,dip,0.1,0,BOCPD + новости,0.05,0.5309236947791165,0.3937081659973226,0.3232476046394352,0.5101037037037037,0.5203055048994495,5.0007205649229
cluster,dip,0.1,0,Stouffer-МО,0.01,0.11325301204819277,0.02650602409638554,0.9645390070921985,0.5504201680672269,0.18785373220850943,0.9943795936013835
cluster,dip,0.1,0,Stouffer-МО,0.03,0.2642570281124498,0.07228915662650602,0.817629179331307,0.4940828402366864,0.34434392401532976,2.9939472546476438
cluster,dip,0.1,0,Stouffer-МО,0.05,0.39839357429718875,0.12208835341365462,0.7580645161290323,0.4554411106135244,0.42501157459579486,4.993514915693904
cluster,dip,0.1,0,Пространственный,0.01,0.06760374832663989,0.020214190093708166,0.9207920792079208,0.3987648875165417,0.11560812209607461,1.001585242830379
cluster,dip,0.1,0,Пространственный,0.03,0.18045515394912987,0.055957161981258365,0.8241839762611276,0.379167896134553,0.24453174707259426,3.001152903876639
cluster,dip,0.1,0,Пространственный,0.05,0.26987951807228916,0.09451137884872825,0.7465277777777778,0.3609568177745924,0.3088435034267237,5.0007205649229
cluster,dip,0.1,0,Комбо: BOCPD ∨ Stouffer-МО,0.01,0.15515394912985275,0.0713520749665328,0.723037100949094,0.5628167511336356,0.24325015364212024,1.001585242830379
cluster,dip,0.1,0,Комбо: BOCPD ∨ Stouffer-МО,0.03,0.3215528781793842,0.1682730923694779,0.6015820149875104,0.5332909918492643,0.40119900100710226,3.001152903876639
cluster,dip,0.1,0,Комбо: BOCPD ∨ Stouffer-МО,0.05,0.4495314591700134,0.2611780455153949,0.49880881477069683,0.48853765266801646,0.46822359054769896,5.0007205649229
cluster,dip,0.1,0,Комбо: оконный ∨ Stouffer ∨ пространств.,0.01,0.07456492637215528,0.021285140562248995,0.8797127468581688,0.42296327564373154,0.1267796493895773,1.001585242830379
cluster,dip,0.1,0,Комбо: оконный ∨ Stouffer ∨ пространств.,0.03,0.1890227576974565,0.055689424364123156,0.8470254957507082,0.41040635777477885,0.25883341172723157,3.001152903876639
cluster,dip,0.1,0,Комбо: оконный ∨ Stouffer ∨ пространств.,0.05,0.29036144578313255,0.08473895582329317,0.8224988473951129,0.39777922926192033,0.33568645568997796,4.993514915693904
cluster,dip,0.1,1,z-score (инновация),0.01,0.15376429901569566,0.12237297153498271,0.33217993079584773,0.5241508258024307,0.2377751472343423,1.00116499199068
cluster,dip,0.1,1,z-score (инновация),0.03,0.2995477520617185,0.24780526735834,0.2784191829484902,0.45687169629985586,0.3618492092017927,3.0016746759866026
cluster,dip,0.1,1,z-score (инновация),0.05,0.4031657355679702,0.3284118116520351,0.2936324645331574,0.4245034697296004,0.4135595538151219,5.0003640599970876
cluster,dip,0.1,1,EWMA,0.01,0.09297685554668794,0.049215216812982174,0.5135908440629471,0.4395959595959596,0.15348980973921372,1.00116499199068
cluster,dip,0.1,1,EWMA,0.03,0.21096036179835062,0.12928970470869913,0.43883984867591425,0.3913171884229179,0.2741341284173168,3.0016746759866026
cluster,dip,0.1,1,EWMA,0.05,0.2877094972067039,0.18502261239691406,0.4082293111419325,0.35981082907055306,0.3197459246309133,5.0003640599970876
cluster,dip,0.1,1,CUSUM классический,0.01,0.021282255919127427,0.013434424048949189,0.45625,0.20983419096626643,0.03864497756788044,1.00116499199068
cluster,dip,0.1,1,CUSUM классический,0.03,0.05972333067305134,0.038707102952913006,0.3986636971046771,0.21171531387445022,0.09316539080241315,3.0016746759866026
cluster,dip,0.1,1,CUSUM классический,0.05,0.0985634477254589,0.06304868316041501,0.4048582995951417,0.20572472594397076,0.13327457342092586,5.0003640599970876
cluster,dip,0.1,1,Page-Hinkley,0.01,0.03165735567970205,0.015030593242883746,0.6008403361344538,0.2484375,0.056158648701993504,1.00116499199068
cluster,dip,0.1,1,Page-Hinkley,0.03,0.0985634477254589,0.04894918861399308,0.5614035087719298,0.2471796598753999,0.14093052876155251,3.0016746759866026
cluster,dip,0.1,1,Page-Hinkley,0.05,0.1570896515030593,0.08153764299015695,0.5283657917019475,0.23809047237790232,0.18928861585816878,5.0003640599970876
cluster,dip,0.1,1,CUSUM оконный,0.01,0.05520085129023677,0.01968608672519287,0.7831325301204819,0.3693858845096242,0.09604829148096536,1.00116499199068
cluster,dip,0.1,1,CUSUM оконный,0.03,0.1452513966480447,0.05440276669326949,0.7234432234432234,0.3564643374657865,0.2063995180999369,3.0016746759866026
cluster,dip,0.1,1,CUSUM оконный,0.05,0.2140196860867252,0.08499600957701517,0.6793039154754505,0.33607874648453195,0.261507626869024,5.0003640599970876
cluster,dip,0.1,1,GLR (онлайн-разрыв),0.01,0.10601223729715349,0.04030327214684756,0.6624843161856964,0.47690763052208834,0.17346481973542346,1.00116499199068
cluster,dip,0.1,1,GLR (онлайн-разрыв),0.03,0.23171056131949988,0.12742750731577548,0.49483352468427094,0.4439660474843154,0.30449958080244727,3.0016746759866026
cluster,dip,0.1,1,GLR (онлайн-разрыв),0.05,0.31590848629954776,0.19499866985900505,0.4244210526315789,0.41297911498759704,0.3579800420769199,5.0003640599970876
cluster,dip,0.1,1,BOCPD,0.01,0.20297951582867785,0.13341314179303007,0.4855832241153342,0.5708285605192822,0.2994709111391675,1.00116499199068
cluster,dip,0.1,1,BOCPD,0.03,0.38268156424581007,0.26097366320830007,0.41640597844977406,0.528411083830235,0.44389158567351394,3.0016746759866026
cluster,dip,0.1,1,BOCPD,0.05,0.48071295557329075,0.3398510242085661,0.37437742114001105,0.4935755427558706,0.48705934302573517,5.0003640599970876
cluster,dip,0.1,1,BOCPD + новости,0.01,0.2140196860867252,0.14312317105613195,0.4642635177128651,0.5849299926308033,0.31337776768745695,1.00116499199068
cluster,dip,0.1,1,BOCPD + новости,0.03,0.41154562383612664,0.28731045490822027,0.38817065287653524,0.5451951321863198,0.46903546101839616,3.0016746759866026
cluster,dip,0.1,1,BOCPD + новости,0.05,0.5200851290236765,0.37842511306198456,0.34322250639386187,0.5127894290216995,0.5164115124675414,5.0003640599970876
cluster,dip,0.1,1,Stouffer-МО,0.01,0.11252992817238627,0.025538707102952914,0.9078014184397163,0.5347368421052632,0.18593229622284463,0.9938837920489296
cluster,dip,0.1,1,Stouffer-МО,0.03,0.2825219473264166,0.08060654429369513,0.8163841807909604,0.5057803468208093,0.3625361731512557,2.9925731760594148
cluster,dip,0.1,1,Stouffer-МО,0.05,0.38786911412609737,0.12290502793296089,0.7510288065843621,0.46870653685674546,0.42447339946481444,4.9912625600699
cluster,dip,0.1,1,Пространственный,0.01,0.06424581005586592,0.02194732641660016,0.8157349896480331,0.3875418060200669,0.1102196535377712,1.00116499199068
cluster,dip,0.1,1,Пространственный,0.03,0.16467145517424847,0.053737696195796755,0.7907915993537964,0.37876411543287325,0.22954565887704845,3.0016746759866026
cluster,dip,0.1,1,Пространственный,0.05,0.24474594306996542,0.08858739026336791,0.7277173913043479,0.3654164637116415,0.29314882736264125,5.0003640599970876
cluster,dip,0.1,1,Комбо: BOCPD ∨ Stouffer-МО,0.01,0.15629156690609206,0.06863527533918595,0.7804255319148936,0.5423551009703645,0.2426563596383153,0.9993446920052425
cluster,dip,0.1,1,Комбо: BOCPD ∨ Stouffer-МО,0.03,0.3355945730247406,0.1779728651237031,0.5695600475624257,0.52755436401549,0.41022904377594127,3.0016746759866026
cluster,dip,0.1,1,Комбо: BOCPD ∨ Stouffer-МО,0.05,0.4588986432561852,0.26762436818302743,0.5072463768115942,0.49133726899383984,0.474564270231761,5.0003640599970876
cluster,dip,0.1,1,Комбо: оконный ∨ Stouffer ∨ пространств.,0.01,0.0690343176376696,0.02261239691407289,0.7957610789980732,0.4052788420604513,0.11797331675315509,0.9957040920343673
cluster,dip,0.1,1,Комбо: оконный ∨ Stouffer ∨ пространств.,0.03,0.1934025006650705,0.05985634477254589,0.8356258596973866,0.4145616641901932,0.26375654082619865,3.0016746759866026
cluster,dip,0.1,1,Комбо: оконный ∨ Stouffer ∨ пространств.,0.05,0.2891726523011439,0.0945730247406225,0.7700091996320148,0.403115962309917,0.33676738153949753,5.0003640599970876
cluster,dip,0.1,2,z-score (инновация),0.01,0.14293507910529188,0.1163393344244408,0.30916030534351147,0.5163333333333333,0.22389104180406844,1.0005597537083684
cluster,dip,0.1,2,z-score (инновация),0.03,0.27768685215493727,0.2268139661756683,0.29273084479371314,0.4503926701570681,0.3435562159815216,3.001679261125105
cluster,dip,0.1,2,z-score (инновация),0.05,0.37752318603382434,0.3082378614293508,0.29552023121387283,0.4166737198476513,0.39613347543543864,5.0010495382031905
cluster,dip,0.1,2,EWMA,0.01,0.08701582105837424,0.042689579923622475,0.5313479623824452,0.4294478527607362,0.14471010994209652,1.0005597537083684
cluster,dip,0.1,2,EWMA,0.03,0.1950354609929078,0.1163393344244408,0.45594405594405596,0.3795911849249441,0.2576759788868697,3.001679261125105
cluster,dip,0.1,2,EWMA,0.05,0.27454991816693947,0.17144026186579378,0.425732737208147,0.3444036879151383,0.30553503010354727,5.0010495382031905
cluster,dip,0.1,2,CUSUM классический,0.01,0.016639388979814512,0.010092744135297326,0.4672131147540984,0.18018018018018017,0.03046534566930117,1.0005597537083684
cluster,dip,0.1,2,CUSUM классический,0.03,0.049236224768139665,0.03082378614293508,0.4293628808864266,0.18828451882845187,0.07805986752166527,3.001679261125105
cluster,dip,0.1,2,CUSUM классический,0.05,0.0894708128750682,0.052782324058919805,0.4923780487804878,0.1901840490797546,0.12169229848602717,5.0010495382031905
cluster,dip,0.1,2,Page-Hinkley,0.01,0.02823240589198036,0.013638843426077468,0.5845410628019324,0.23329493087557604,0.05036932094693242,1.0005597537083684
cluster,dip,0.1,2,Page-Hinkley,0.03,0.08210583742498637,0.04118930714675396,0.5415282392026578,0.22664624808575803,0.12054318575713584,3.001679261125105
cluster,dip,0.1,2,Page-Hinkley,0.05,0.13597926895799237,0.06710310965630115,0.551654964894684,0.22223466188983432,0.1687221197086485,5.0010495382031905
cluster,dip,0.1,2,CUSUM оконный,0.01,0.046917621385706494,0.014457174031642117,0.8866279069767442,0.32908027644869753,0.08212633051860047,1.0005597537083684
cluster,dip,0.1,2,CUSUM оконный,0.03,0.14157119476268412,0.04719039825422804,0.7784200385356455,0.34758078303983586,0.2011948390868608,3.001679261125105
cluster,dip,0.1,2,CUSUM оконный,0.05,0.2144026186579378,0.07719585379159848,0.7290076335877863,0.33274021352313166,0.26077422170652387,5.0010495382031905
cluster,dip,0.1,2,GLR (онлайн-разрыв),0.01,0.10815602836879433,0.03791598472449536,0.6897856242118537,0.489648033126294,0.17717640267978313,1.0005597537083684
cluster,dip,0.1,2,GLR (онлайн-разрыв),0.03,0.23663393344244407,0.12847790507364976,0.4974063400576369,0.4520496894409938,0.3106514880548067,3.001679261125105
cluster,dip,0.1,2,GLR (онлайн-разрыв),0.05,0.3168303327877796,0.19844517184942717,0.40335772707705553,0.4157591287636131,0.3596150642046659,5.0010495382031905
cluster,dip,0.1,2,BOCPD,0.01,0.2133115111838516,0.14879978177850517,0.4296675191815857,0.5765550239234449,0.3114091253835566,1.0005597537083684
cluster,dip,0.1,2,BOCPD,0.03,0.3862520458265139,0.2733224222585925,0.3771186440677966,0.5267583428221074,0.4456936965906239,3.001679261125105
cluster,dip,0.1,2,BOCPD,0.05,0.486088379705401,0.34574468085106386,0.36307519640852975,0.48741462180622314,0.4867505973594654,5.0010495382031905
cluster,dip,0.1,2,BOCPD + новости,0.01,0.2240861974904528,0.1601200218221495,0.4023128423615338,0.58984375,0.32478432193959705,1.0005597537083684
cluster,dip,0.1,2,BOCPD + новости,0.03,0.4154391707583197,0.30100927441352976,0.3486539724228496,0.5439523569870827,0.4710884129856859,3.001679261125105
cluster,dip,0.1,2,BOCPD + новости,0.05,0.5207310420076378,0.38120567375886527,0.3326348873755893,0.5047543581616482,0.5126182446673974,5.0010495382031905
cluster,dip,0.1,2,Stouffer-МО,0.01,0.12111292962356793,0.01800327332242226,1.0405405405405406,0.5291576673866091,0.19711128144077147,0.9970612930310663
cluster,dip,0.1,2,Stouffer-МО,0.03,0.2806873977086743,0.07364975450081833,0.8250728862973761,0.5073421439060205,0.36141930879679895,3.001679261125105
cluster,dip,0.1,2,Stouffer-МО,0.05,0.3862520458265139,0.11865793780687398,0.7478813559322034,0.4678030303030303,0.4231340168768714,4.995801847187238
cluster,dip,0.1,2,Пространственный,0.01,0.055100927441352976,0.017866884888161485,0.8985148514851485,0.3592039800995025,0.09554544049013519,1.0005597537083684
cluster,dip,0.1,2,Пространственный,0.03,0.1534369885433715,0.04869067103109656,0.816,0.3486495388669302,0.21309368955467142,3.001679261125105
cluster,dip,0.1,2,Пространственный,0.05,0.23827059465357336,0.08374249863611566,0.7475672581568403,0.34249471458773784,0.2810306263545031,5.0010495382031905
cluster,dip,0.1,2,Комбо: BOCPD ∨ Stouffer-МО,0.01,0.1493453355155483,0.062193126022913256,0.7707762557077625,0.5389390519187359,0.23388016639828235,0.9935628323537643
cluster,dip,0.1,2,Комбо: BOCPD ∨ Stouffer-МО,0.03,0.3558374249863612,0.19680851063829788,0.5446531238022231,0.5362124976113128,0.42778878078905497,2.9981808004478028
cluster,dip,0.1,2,Комбо: BOCPD ∨ Stouffer-МО,0.05,0.45662847790507366,0.2704582651391162,0.4755077658303465,0.49088786562033854,0.47313881271172775,5.0010495382031905
cluster,dip,0.1,2,Комбо: оконный ∨ Stouffer ∨ пространств.,0.01,0.06069285324604474,0.016775777414075287,0.9258426966292135,0.3793103448275862,0.10464208984896907,1.0005597537083684
cluster,dip,0.1,2,Комбо: оконный ∨ Stouffer ∨ пространств.,0.03,0.1946262956901255,0.05182760501909438,0.882270497547302,0.40622568093385214,0.26316697812523904,3.001679261125105
cluster,dip,0.1,2,Комбо: оконный ∨ Stouffer ∨ пространств.,0.05,0.2935079105291871,0.08715220949263502,0.8085501858736059,0.3954404728398536,0.3369335344233709,4.9975510775258885
cluster,dip,0.2,0,z-score (инновация),0.01,0.35031595576619273,0.3305687203791469,0.09545283727921834,0.6908376253727297,0.46489095825220605,1.0
cluster,dip,0.2,0,z-score (инновация),0.03,0.5493680884676145,0.5102685624012638,0.11526479750778816,0.6011892415128258,0.5741116514773078,3.0
cluster,dip,0.2,0,z-score (инновация),0.05,0.6575829383886256,0.6079515534491838,0.12052052052052052,0.5512160662024422,0.5997196872660289,5.0
cluster,dip,0.2,0,EWMA,0.01,0.25289626119010006,0.16179568193786203,0.36907860489328476,0.6466409579866044,0.36359380606145325,1.0
cluster,dip,0.2,0,EWMA,0.03,0.4327277514481306,0.3054239073196419,0.30301186492242166,0.5379740937470878,0.4796453639741569,3.0
cluster,dip,0.2,0,EWMA,0.05,0.535676671932596,0.40244865718799366,0.2605062668960433,0.48256116605934407,0.507733556530097,5.0
cluster,dip,0.2,0,CUSUM классический,0.01,0.029884149552396,0.013164823591363875,0.5859030837004405,0.26757235676314234,0.053763640436995906,1.0
cluster,dip,0.2,0,CUSUM классический,0.03,0.12493417588204318,0.045813586097946286,0.649104320337197,0.2793000990425883,0.17264309269254685,3.0
cluster,dip,0.2,0,CUSUM классический,0.05,0.19576092680358084,0.08859926276987888,0.5595158036314728,0.2682611506140918,0.2263472107269589,5.0
cluster,dip,0.2,0,Page-Hinkley,0.01,0.1018957345971564,0.027777777777777776,0.7351421188630491,0.3294956140350877,0.15565540544610215,1.0
cluster,dip,0.2,0,Page-Hinkley,0.03,0.20945234333859927,0.09860452869931544,0.5380263984915148,0.30092638709034764,0.24699202059426925,3.0
cluster,dip,0.2,0,Page-Hinkley,0.05,0.2976566614007372,0.1670616113744076,0.44935869084475893,0.3002190439376369,0.29893236172499343,5.0
cluster,dip,0.2,0,CUSUM оконный,0.01,0.18259610321221695,0.03185887309110058,0.8738284066330209,0.6821110009910802,0.2880762980521861,1.0
cluster,dip,0.2,0,CUSUM оконный,0.03,0.3399157451290153,0.11190100052659295,0.7083656080557708,0.5772516726711271,0.42787593330258,3.0
cluster,dip,0.2,0,CUSUM оконный,0.05,0.4327277514481306,0.1820695102685624,0.6133252205658656,0.5237262038073908,0.47389811355318623,5.0
cluster,dip,0.2,0,GLR (онлайн-разрыв),0.01,0.32727751448130593,0.20853080568720378,0.3696701528559936,0.6884823182711198,0.44365759429083196,1.0
cluster,dip,0.2,0,GLR (онлайн-разрыв),0.03,0.5011848341232228,0.36874670879410215,0.27344365642237983,0.572361530404781,0.5344136558099281,3.0
cluster,dip,0.2,0,GLR (онлайн-разрыв),0.05,0.5874144286466562,0.4570826750921538,0.23554459883460332,0.5151487456016085,0.5489133196779028,5.0
cluster,dip,0.2,0,BOCPD,0.01,0.47432859399684046,0.39520800421274355,0.2373022481265612,0.6885157927016252,0.5616963570233363,1.0
cluster,dip,0.2,0,BOCPD,0.03,0.6516587677725119,0.5496313849394419,0.19818181818181818,0.6325388497476641,0.6419564742547558,3.0
cluster,dip,0.2,0,BOCPD,0.05,0.7306477093206951,0.6299368088467614,0.16918918918918918,0.5876120619396903,0.6513699596779117,5.0
cluster,dip,0.2,0,BOCPD + новости,0.01,0.49091627172195895,0.4106108478146393,0.22821131670689193,0.693694367566759,0.574949846550207,1.0
cluster,dip,0.2,0,BOCPD + новости,0.03,0.6783833596629805,0.580173775671406,0.18067145352222005,0.6399785846393459,0.6586215936166908,3.0
cluster,dip,0.2,0,BOCPD + новости,0.05,0.7643496577145866,0.6670616113744076,0.15311746469169824,0.5975798452687959,0.6707541751431064,5.0
cluster,dip,0.2,0,Stouffer-МО,0.01,0.40363349131121645,0.060821484992101105,0.8767123287671232,0.8142292490118577,0.5397163138748817,1.0
cluster,dip,0.2,0,Stouffer-МО,0.03,0.6437598736176935,0.2093206951026856,0.6846625766871166,0.7024825446082235,0.6718404768905976,3.0
cluster,dip,0.2,0,Stouffer-МО,0.05,0.7480252764612955,0.31437598736176936,0.5892291446673706,0.6373086918856483,0.688242721728394,5.0
cluster,dip,0.2,0,Пространственный,0.01,0.258030542390732,0.04476040021063718,0.8913265306122449,0.7225552641438742,0.38026519550228205,1.0
cluster,dip,0.2,0,Пространственный,0.03,0.41311216429699843,0.13046340179041602,0.7281708094327597,0.6089314771289098,0.4922627375761204,3.0
cluster,dip,0.2,0,Пространственный,0.05,0.4955239599789363,0.19931542917324907,0.6315090329436769,0.5446308077887025,0.5189181898020642,5.0
cluster,dip,0.2,0,Комбо: BOCPD ∨ Stouffer-МО,0.01,0.48051606108478145,0.24499736703528172,0.5336986301369863,0.7448039989476454,0.5841580425036788,1.0
cluster,dip,0.2,0,Комбо: BOCPD ∨ Stouffer-МО,0.03,0.6853607161664034,0.4479989468141127,0.3722627737226277,0.6690654825703057,0.6771150745966102,3.0
cluster,dip,0.2,0,Комбо: BOCPD ∨ Stouffer-МО,0.05,0.7706687730384413,0.5401527119536598,0.3194396993508712,0.6154936421802867,0.684395601589291,4.996296296296296
cluster,dip,0.2,0,Комбо: оконный ∨ Stouffer ∨ пространств.,0.01,0.2934439178515008,0.0339652448657188,0.9470614625392553,0.7642436149312377,0.42406218019491837,1.0
cluster,dip,0.2,0,Комбо: оконный ∨ Stouffer ∨ пространств.,0.03,0.5194839389152185,0.11927330173775672,0.7977698935631019,0.6702239469641846,0.5853043088251869,3.0
cluster,dip,0.2,0,Комбо: оконный ∨ Stouffer ∨ пространств.,0.05,0.6259873617693523,0.2020800421274355,0.6992639327024185,0.6053071820017306,0.6154736051388704,5.0
cluster,dip,0.2,1,z-score (инновация),0.01,0.3441776400722954,0.3254583010586109,0.09114778694673668,0.6876172607879925,0.45873939848639184,1.0
cluster,dip,0.2,1,z-score (инновация),0.03,0.5495739736638265,0.512006196746708,0.11181583274606531,0.5990687002294507,0.5732549792300553,3.0
cluster,dip,0.2,1,z-score (инновация),0.05,0.6532403821327136,0.6039246062483863,0.12055335968379446,0.5498934219005601,0.597128246002891,5.0
cluster,dip,0.2,1,EWMA,0.01,0.24774076942938292,0.15827523883294603,0.3699843668577384,0.6521649907654422,0.359077280652495,1.0
cluster,dip,0.2,1,EWMA,0.03,0.4337722695584818,0.3029950942421895,0.3148809523809524,0.5388434310931323,0.480632459223831,3.0
cluster,dip,0.2,1,EWMA,0.05,0.5340821068938807,0.4013684482313452,0.2625090645395214,0.47768281101614435,0.504310512488399,5.0
cluster,dip,0.2,1,CUSUM классический,0.01,0.03317841466563388,0.013684482313452104,0.6108949416342413,0.2893006575014943,0.05952967498399747,1.0
cluster,dip,0.2,1,CUSUM классический,0.03,0.12277304415182029,0.04583010586108959,0.6445846477392219,0.27922291735265065,0.17055418881344048,3.0
cluster,dip,0.2,1,CUSUM классический,0.05,0.19403563129357088,0.08610895946294862,0.571523619427811,0.2706941351150705,0.22604236350264145,5.0
cluster,dip,0.2,1,Page-Hinkley,0.01,0.10302091402013942,0.028143557965401498,0.7330827067669173,0.3243101182654402,0.15636928884377027,1.0
cluster,dip,0.2,1,Page-Hinkley,0.03,0.21778982700748772,0.10637748515362767,0.5228215767634855,0.30834043358894253,0.25527294177918336,3.0
cluster,dip,0.2,1,Page-Hinkley,0.05,0.3129357087529047,0.17247611670539634,0.4608085808580858,0.30159304851556845,0.3071597000982544,5.0
cluster,dip,0.2,1,CUSUM оконный,0.01,0.18241673121611154,0.032532920216886134,0.8704883227176221,0.6823960880195599,0.2878783963475631,1.0
cluster,dip,0.2,1,CUSUM оконный,0.03,0.3465014200877872,0.11451071520784921,0.7082712369597616,0.5874823624269301,0.4359036562912734,3.0
cluster,dip,0.2,1,CUSUM оконный,0.05,0.44009811515620967,0.18164213787761424,0.6195365209738927,0.5340838455694454,0.4825572700923512,5.0
cluster,dip,0.2,1,GLR (онлайн-разрыв),0.01,0.32907306997159824,0.20513813581203202,0.37975676735974895,0.6930426261636453,0.4462541089529907,1.0
cluster,dip,0.2,1,GLR (онлайн-разрыв),0.03,0.5112316034082107,0.3719339013684482,0.28005050505050505,0.5751372642635474,0.541304808226711,3.0
cluster,dip,0.2,1,GLR (онлайн-разрыв),0.05,0.5959204750839143,0.4608830364058869,0.2378682842287695,0.5172214568241411,0.5537889597706673,5.0
cluster,dip,0.2,1,BOCPD,0.01,0.482571649883811,0.4051123160340821,0.22284644194756553,0.6842916942057722,0.5659956215906563,1.0
cluster,dip,0.2,1,BOCPD,0.03,0.6622773044151821,0.5580945003872967,0.1908382066276803,0.6339764978964166,0.6478179587063407,3.0
cluster,dip,0.2,1,BOCPD,0.05,0.7339271882261813,0.6333591531112832,0.16745822339489885,0.5924236969478779,0.6556271994080306,5.0
cluster,dip,0.2,1,BOCPD + новости,0.01,0.498579912212755,0.41995868835528016,0.21206628689798032,0.6904573280518546,0.5790367910262217,1.0
cluster,dip,0.2,1,BOCPD + новости,0.03,0.686289697908598,0.5902401239349342,0.1664785553047404,0.6411501296252652,0.6629524286491348,3.0
cluster,dip,0.2,1,BOCPD + новости,0.05,0.7606506584043378,0.6643428866511748,0.15105227427019688,0.5994055998748631,0.6704697124410626,5.0
cluster,dip,0.2,1,Stouffer-МО,0.01,0.4686289697908598,0.09450038729666925,0.8330578512396695,0.8029715762273901,0.5918458335317262,1.0
cluster,dip,0.2,1,Stouffer-МО,0.03,0.667699457784663,0.24089852827265684,0.6577726218097448,0.6916283998587072,0.6794533121313984,3.0
cluster,dip,0.2,1,Stouffer-МО,0.05,0.7575522850503486,0.35941130906274205,0.5357873210633947,0.6315506584251546,0.6888368449036624,5.0
cluster,dip,0.2,1,Пространственный,0.01,0.230570617092693,0.03989155693261038,0.8902575587905935,0.7126436781609196,0.34841433906933866,1.0
cluster,dip,0.2,1,Пространственный,0.03,0.38923315259488767,0.11463981409759876,0.7459369817578773,0.614183037853378,0.4764930093208439,3.0
cluster,dip,0.2,1,Пространственный,0.05,0.48760650658404336,0.1825458301058611,0.6589886153031507,0.5522230296624165,0.5179070856574051,5.0
cluster,dip,0.2,1,Комбо: BOCPD ∨ Stouffer-МО,0.01,0.5161373612186935,0.284275755228505,0.4827413706853427,0.736703160183244,0.6070046723472206,0.9980842911877394
cluster,dip,0.2,1,Комбо: BOCPD ∨ Stouffer-МО,0.03,0.710560289181513,0.47301833204234445,0.35683139534883723,0.6607067237566461,0.6847272723213457,2.9980842911877397
cluster,dip,0.2,1,Комбо: BOCPD ∨ Stouffer-МО,0.05,0.7884069197004906,0.5703588949135038,0.293925004093663,0.6089268755935423,0.6871402723191528,5.0
cluster,dip,0.2,1,Комбо: оконный ∨ Stouffer ∨ пространств.,0.01,0.30738445649367413,0.04040795249160857,0.9328013439731205,0.7649908134290964,0.43855223447196995,1.0
cluster,dip,0.2,1,Комбо: оконный ∨ Stouffer ∨ пространств.,0.03,0.5042602633617351,0.12445132971856442,0.7808499743983615,0.6615729258340667,0.5723030376999348,3.0
cluster,dip,0.2,1,Комбо: оконный ∨ Stouffer ∨ пространств.,0.05,0.6305189775367932,0.20255615801704105,0.702088452088452,0.6067282767947707,0.6183948946146226,5.0
cluster,dip,0.2,2,z-score (инновация),0.01,0.36666666666666664,0.34634794156706505,0.08873596522998914,0.6882780082987552,0.4784489822675276,1.000146006716309
cluster,dip,0.2,2,z-score (инновация),0.03,0.5532536520584329,0.5150066401062418,0.10825732117138742,0.5927653820148749,0.5723283866375357,3.000438020148927
cluster,dip,0.2,2,z-score (инновация),0.05,0.6571049136786189,0.6079681274900398,0.11742118027485852,0.5412917416516697,0.5936022294303546,5.0007300335815446
cluster,dip,0.2,2,EWMA,0.01,0.2707835325365206,0.17675962815405047,0.358018636586562,0.6495079485238455,0.3822181565979289,1.000146006716309
cluster,dip,0.2,2,EWMA,0.03,0.43798140770252325,0.31885790172642764,0.2819890842935112,0.5383146986637578,0.48299246093532355,3.000438020148927
cluster,dip,0.2,2,EWMA,0.05,0.5334661354581673,0.40677290836653385,0.24744834453572317,0.47844245968001026,0.5044583102285888,5.0007300335815446
cluster,dip,0.2,2,CUSUM классический,0.01,0.04169986719787517,0.016733067729083666,0.6337579617834395,0.2974588938714499,0.07314566389002046,1.000146006716309
cluster,dip,0.2,2,CUSUM классический,0.03,0.149800796812749,0.06201859229747676,0.6046099290780141,0.30135823429541597,0.20012324041326016,3.000438020148927
cluster,dip,0.2,2,CUSUM классический,0.05,0.2150066401062417,0.10743691899070384,0.5132798023471279,0.28623250993263083,0.24555899212987917,5.0007300335815446
cluster,dip,0.2,2,Page-Hinkley,0.01,0.10717131474103586,0.03266932270916335,0.7075588599752168,0.33273703041144903,0.16212406700246748,1.000146006716309
cluster,dip,0.2,2,Page-Hinkley,0.03,0.21354581673306772,0.10358565737051793,0.5223880597014925,0.31248730964467003,0.25371161780739965,3.000438020148927
cluster,dip,0.2,2,Page-Hinkley,0.05,0.2972111553784861,0.16892430278884463,0.4387846291331546,0.3110772895712017,0.3039861809412206,5.0007300335815446
cluster,dip,0.2,2,CUSUM оконный,0.01,0.19535192563081008,0.041035856573705176,0.8477226376614548,0.6548515728843598,0.30093152048595556,1.000146006716309
cluster,dip,0.2,2,CUSUM оконный,0.03,0.36108897742363877,0.13439575033200532,0.6675248253034204,0.5628765060240963,0.43994825697951195,3.000438020148927
cluster,dip,0.2,2,CUSUM оконный,0.05,0.45112881806108895,0.1954847277556441,0.6017073888725346,0.510760496435173,0.47909624443590815,5.0007300335815446
cluster,dip,0.2,2,GLR (онлайн-разрыв),0.01,0.32855245683930945,0.20743691899070385,0.3819725141471301,0.6912188400350745,0.44539721563690154,1.000146006716309
cluster,dip,0.2,2,GLR (онлайн-разрыв),0.03,0.49867197875166,0.36600265604249665,0.2782956058588549,0.5755219762994546,0.534347975776234,3.000438020148927
cluster,dip,0.2,2,GLR (онлайн-разрыв),0.05,0.5883134130146083,0.45365205843293493,0.2417607223476298,0.5191066536657845,0.5515475406765393,5.0007300335815446
cluster,dip,0.2,2,BOCPD,0.01,0.4800796812749004,0.3966799468791501,0.2392807745504841,0.6922600139459208,0.5669687177007452,1.000146006716309
cluster,dip,0.2,2,BOCPD,0.03,0.6632138114209828,0.5585657370517928,0.1918301962354826,0.636459483883924,0.6495612730469483,3.000438020148927
cluster,dip,0.2,2,BOCPD,0.05,0.7409030544488712,0.6325365205843293,0.17279082272808746,0.5916604983962497,0.657924448740303,5.0007300335815446
cluster,dip,0.2,2,BOCPD + новости,0.01,0.49667994687915007,0.4148738379814077,0.22058823529411764,0.6995454545454546,0.5809109199477005,1.000146006716309
cluster,dip,0.2,2,BOCPD + новости,0.03,0.6877822045152723,0.5839309428950863,0.17879899594516316,0.6432564982834723,0.6647746177897216,3.000438020148927
cluster,dip,0.2,2,BOCPD + новости,0.05,0.7718459495351926,0.6709163346613546,0.15227116311080524,0.6001040666026257,0.6752256097649332,5.0007300335815446
cluster,dip,0.2,2,Stouffer-МО,0.01,0.44621513944223107,0.09402390438247012,0.8160714285714286,0.8027777777777778,0.573600687583622,0.9964958388085852
cluster,dip,0.2,2,Stouffer-МО,0.03,0.6685258964143427,0.2557768924302789,0.636471990464839,0.6737138830162086,0.6711098634869542,3.000438020148927
cluster,dip,0.2,2,Stouffer-МО,0.05,0.7577689243027889,0.349003984063745,0.5573080967402734,0.6145691764066322,0.6786977982678807,4.993429697766097
cluster,dip,0.2,2,Пространственный,0.01,0.24847277556440903,0.04555112881806109,0.8669160876536611,0.6804559661702518,0.36402099529821325,1.000146006716309
cluster,dip,0.2,2,Пространственный,0.03,0.4102257636122178,0.1345285524568393,0.7170605373907414,0.5903316866619619,0.484068689667007,3.000438020148927
cluster,dip,0.2,2,Пространственный,0.05,0.504249667994688,0.2106241699867198,0.6215433236765868,0.5311285247115444,0.5173402030967703,5.0007300335815446
cluster,dip,0.2,2,Комбо: BOCPD ∨ Stouffer-МО,0.01,0.5183266932270917,0.28353253652058436,0.49039200614911604,0.7398843930635838,0.6095985562447722,0.9928456709008614
cluster,dip,0.2,2,Комбо: BOCPD ∨ Stouffer-МО,0.03,0.7058432934926959,0.4795484727755644,0.3403574788334901,0.6532527206771463,0.6785305041564187,2.9949627682873414
cluster,dip,0.2,2,Комбо: BOCPD ∨ Stouffer-МО,0.05,0.7915006640106241,0.5828685258964144,0.27869127516778525,0.5990880527243467,0.6819825097466613,5.0007300335815446
cluster,dip,0.2,2,Комбо: оконный ∨ Stouffer ∨ пространств.,0.01,0.3103585657370518,0.04289508632138114,0.9127086007702182,0.7409393791646351,0.4374723343288612,1.000146006716309
cluster,dip,0.2,2,Комбо: оконный ∨ Stouffer ∨ пространств.,0.03,0.5324037184594953,0.1439575033200531,0.7617859815415315,0.6462017151096607,0.5838089426712283,3.000438020148927
cluster,dip,0.2,2,Комбо: оконный ∨ Stouffer ∨ пространств.,0.05,0.6365205843293492,0.2346613545816733,0.6584602545378677,0.5857538411422987,0.6100829232243563,5.0007300335815446
cluster,ramp,0.03,0,z-score (инновация),0.01,0.026429341963322545,0.010113268608414239,0.9387755102040817,0.15453960077269802,0.04513901550118317,1.0007122507122508
cluster,ramp,0.03,0,z-score (инновация),0.03,0.0779395900755124,0.033845738942826324,0.8166089965397924,0.16104553119730186,0.10504271243465635,3.0003561253561255
cluster,ramp,0.03,0,z-score (инновация),0.05,0.12095469255663431,0.05461165048543689,0.7993311036789298,0.16169218790552817,0.1383877214207629,5.0
cluster,ramp,0.03,0,EWMA,0.01,0.021709816612729235,0.011057173678532902,0.7204968944099379,0.15337796713329277,0.038035863698259315,1.0007122507122508
cluster,ramp,0.03,0,EWMA,0.03,0.06944444444444445,0.03586839266450917,0.7184466019417476,0.17862402693035978,0.10000824567396605,3.0003561253561255
cluster,ramp,0.03,0,EWMA,0.05,0.10221143473570658,0.056499460625674215,0.658311345646438,0.17294698544698545,0.12848714209083595,5.0
cluster,ramp,0.03,0,CUSUM классический,0.01,0.015776699029126214,0.011866235167206042,0.37606837606837606,0.17863720073664824,0.028992838010277397,1.0007122507122508
cluster,ramp,0.03,0,CUSUM классический,0.03,0.042071197411003236,0.031014023732470336,0.4230769230769231,0.16005904681568958,0.06662907653193867,3.0003561253561255
cluster,ramp,0.03,0,CUSUM классический,0.05,0.06620819848975189,0.05016181229773463,0.35234215885947046,0.15974399164054337,0.09361592733386213,5.0
cluster,ramp,0.03,0,Page-Hinkley,0.01,0.013214670981661273,0.007011866235167206,0.7244897959183674,0.13836477987421383,0.024125236384795284,1.0007122507122508
cluster,ramp,0.03,0,Page-Hinkley,0.03,0.04058791801510248,0.02400215749730313,0.6445182724252492,0.14957559073181922,0.0638499137262251,3.0003561253561255
cluster,ramp,0.03,0,Page-Hinkley,0.05,0.06944444444444445,0.04288025889967637,0.5805825242718446,0.15406465575544434,0.09573600732939408,5.0
cluster,ramp,0.03,0,CUSUM оконный,0.01,0.0186084142394822,0.01267529665587918,0.5362318840579711,0.16129032258064516,0.0333671840998114,1.0007122507122508
cluster,ramp,0.03,0,CUSUM оконный,0.03,0.04948759439050701,0.02872168284789644,0.6893732970027248,0.14643628509719223,0.07397545924357293,3.0003561253561255
cluster,ramp,0.03,0,CUSUM оконный,0.05,0.08292880258899676,0.04975728155339806,0.6308943089430894,0.14738878143133463,0.10613844540912665,5.0
cluster,ramp,0.03,0,GLR (онлайн-разрыв),0.01,0.02063106796116505,0.00889967637540453,0.869281045751634,0.15354838709677418,0.03637475164297723,1.0007122507122508
cluster,ramp,0.03,0,GLR (онлайн-разрыв),0.03,0.057982740021574976,0.03128371089536138,0.7186046511627907,0.15925925925925927,0.08501383946223805,3.0003561253561255
cluster,ramp,0.03,0,GLR (онлайн-разрыв),0.05,0.09385113268608414,0.0482740021574973,0.764367816091954,0.15833771699105734,0.11784957269572964,5.0
cluster,ramp,0.03,0,BOCPD,0.01,0.023867313915857606,0.010787486515641856,0.7796610169491526,0.16846361185983827,0.04181099728441116,1.0007122507122508
cluster,ramp,0.03,0,BOCPD,0.03,0.06769147788565265,0.02912621359223301,0.8426294820717132,0.16609783845278725,0.09618410571170227,3.0003561253561255
cluster,ramp,0.03,0,BOCPD,0.05,0.11650485436893204,0.047599784250269686,0.8773148148148148,0.1719616060565094,0.1389025389025389,5.0
cluster,ramp,0.03,0,BOCPD + новости,0.01,0.02481121898597627,0.011866235167206042,0.7336956521739131,0.1758827448367755,0.043487758324947806,1.0007122507122508
cluster,ramp,0.03,0,BOCPD + новости,0.03,0.07241100323624595,0.03249730312837109,0.7858472998137802,0.17699910152740342,0.10277596832461153,3.0003561253561255
cluster,ramp,0.03,0,BOCPD + новости,0.05,0.12365156418554477,0.055960086299892124,0.7666303162486369,0.183591123066577,0.14777458002855245,5.0
cluster,ramp,0.03,0,Stouffer-МО,0.01,0.01779935275080906,0.011326860841423949,0.6363636363636364,0.14705882352941177,0.03175519630484988,0.9935897435897436
cluster,ramp,0.03,0,Stouffer-МО,0.03,0.04773462783171521,0.025889967637540454,0.711864406779661,0.13580246913580246,0.07063945578231291,2.9914529914529915
cluster,ramp,0.03,0,Stouffer-МО,0.05,0.07928802588996764,0.04611650485436893,0.6632653061224489,0.1359940872135994,0.1001727691393208,5.0
cluster,ramp,0.03,0,Пространственный,0.01,0.020765911542610573,0.012810140237324703,0.6233766233766234,0.16947040498442367,0.03699827144725883,1.0007122507122508
cluster,ramp,0.03,0,Пространственный,0.03,0.0540722761596548,0.032766990291262135,0.6807980049875312,0.15363365915852104,0.07999118207876146,3.0003561253561255
cluster,ramp,0.03,0,Пространственный,0.05,0.08441208198489752,0.049217907227615966,0.7204472843450479,0.14454580495952718,0.10658215361481112,5.0
cluster,ramp,0.03,0,Комбо: BOCPD ∨ Stouffer-МО,0.01,0.02332793959007551,0.011596548004314994,0.7456647398843931,0.16477987421383647,0.04086991256330977,0.9971509971509972
cluster,ramp,0.03,0,Комбо: BOCPD ∨ Stouffer-МО,0.03,0.05622977346278317,0.029395900755124056,0.7170263788968825,0.15347993652233052,0.0823056029436653,3.0003561253561255
cluster,ramp,0.03,0,Комбо: BOCPD ∨ Stouffer-МО,0.05,0.09317691477885652,0.045981661272923406,0.7670043415340086,0.15181518151815182,0.11547858436465162,4.996438746438747
cluster,ramp,0.03,0,Комбо: оконный ∨ Stouffer ∨ пространств.,0.01,0.021305285868392664,0.01307982740021575,0.6139240506329114,0.1717557251908397,0.0379082737073332,0.9935897435897436
cluster,ramp,0.03,0,Комбо: оконный ∨ Stouffer ∨ пространств.,0.03,0.052319309600863,0.031957928802589,0.634020618556701,0.1519982528936449,0.07784395579941045,2.993233618233618
cluster,ramp,0.03,0,Комбо: оконный ∨ Stouffer ∨ пространств.,0.05,0.08535598705501618,0.04962243797195254,0.6966824644549763,0.14770952628839146,0.10819183184084007,4.998219373219373
cluster,ramp,0.03,1,z-score (инновация),0.01,0.023246650906225373,0.0076175466246388235,0.9548022598870056,0.16445066480055984,0.04073502257099249,1.0002974862412612
cluster,ramp,0.03,1,z-score (инновация),0.03,0.06632519043866561,0.027055424218544784,0.8633663366336634,0.16455696202531644,0.09454409297435859,3.000892458723784
cluster,ramp,0.03,1,z-score (инновация),0.05,0.10966640399264513,0.04544260572629367,0.8562874251497006,0.16424783700809378,0.13151904466477998,5.001487431206307
cluster,ramp,0.03,1,EWMA,0.01,0.022195954820068295,0.01103230890464933,0.7514792899408284,0.1825860948667966,0.0395803510965255,1.0002974862412612
cluster,ramp,0.03,1,EWMA,0.03,0.06277909114788548,0.03152088258471237,0.7405857740585774,0.17567567567567569,0.09250189797103175,3.000892458723784
cluster,ramp,0.03,1,EWMA,0.05,0.10296821644339375,0.05279747832939322,0.7334183673469388,0.17837116154873164,0.13056515942196636,5.001487431206307
cluster,ramp,0.03,1,CUSUM классический,0.01,0.014841082216968742,0.010900971893879695,0.3805309734513274,0.17005545286506468,0.027299667419884693,1.0002974862412612
cluster,ramp,0.03,1,CUSUM классический,0.03,0.042947202521670606,0.029813501444707118,0.46788990825688076,0.16458377462402032,0.06811910971340557,3.000892458723784
cluster,ramp,0.03,1,CUSUM классический,0.05,0.06908326766482795,0.05135277121092724,0.39543726235741444,0.1692467802783921,0.09811705006804702,5.001487431206307
cluster,ramp,0.03,1,Page-Hinkley,0.01,0.019175203572366694,0.009718938796952981,0.7534246575342466,0.17116060961313012,0.03448683122711705,1.0002974862412612
cluster,ramp,0.03,1,Page-Hinkley,0.03,0.05161544523246651,0.03296558970317835,0.5470737913486005,0.18312461506877437,0.08053213011591673,3.000892458723784
cluster,ramp,0.03,1,Page-Hinkley,0.05,0.08090359863409509,0.05306015235093249,0.5146103896103896,0.17675360850848315,0.1110002173700904,5.001487431206307
cluster,ramp,0.03,1,CUSUM оконный,0.01,0.019831888626214867,0.010375623850801156,0.7880794701986755,0.16029143897996356,0.03529672705732663,1.0002974862412612
cluster,ramp,0.03,1,CUSUM оконный,0.03,0.05411084843708957,0.03007617546624639,0.6771844660194175,0.1550547860243953,0.0802248997318567,3.000892458723784
cluster,ramp,0.03,1,CUSUM оконный,0.05,0.08917783031258208,0.0512214342001576,0.6627393225331369,0.15554446800548835,0.11336211100653955,5.001487431206307
cluster,ramp,0.03,1,GLR (онлайн-разрыв),0.01,0.026004728132387706,0.012739690044654584,0.8333333333333334,0.17758620689655172,0.045366273599071055,1.0002974862412612
cluster,ramp,0.03,1,GLR (онлайн-разрыв),0.03,0.06304176516942474,0.031652219595482006,0.7583333333333333,0.16673648931713447,0.09149136090525874,3.000892458723784
cluster,ramp,0.03,1,GLR (онлайн-разрыв),0.05,0.10139217231415813,0.05214079327554505,0.7331606217616581,0.1657327854563566,0.12581383096020943,5.001487431206307
cluster,ramp,0.03,1,BOCPD,0.01,0.025873391121618072,0.011951667980036775,0.766497461928934,0.18593644354293443,0.04542571250450169,1.0002974862412612
cluster,ramp,0.03,1,BOCPD,0.03,0.06790123456790123,0.03007617546624639,0.7736943907156673,0.173963133640553,0.0976771537783005,3.000892458723784
cluster,ramp,0.03,1,BOCPD,0.05,0.11518255844496979,0.049120042027843445,0.8403648802736602,0.17501697216564835,0.13893132482271386,5.001487431206307
cluster,ramp,0.03,1,BOCPD + новости,0.01,0.02692408720777515,0.012739690044654584,0.7268292682926829,0.19108710330857528,0.047197997695218,1.0002974862412612
cluster,ramp,0.03,1,BOCPD + новости,0.03,0.07171000788022065,0.03401628578933544,0.7051282051282052,0.18470319634703197,0.10331034008536341,3.000892458723784
cluster,ramp,0.03,1,BOCPD + новости,0.05,0.12332545311268715,0.056868925663251906,0.7486687965921193,0.18826209299209434,0.1490271881045286,5.001487431206307
cluster,ramp,0.03,1,Stouffer-МО,0.01,0.013396375098502758,0.006304176516942475,0.7647058823529411,0.10357142857142858,0.023724164481124133,0.9928603302097277
cluster,ramp,0.03,1,Stouffer-МО,0.03,0.05358550039401103,0.028368794326241134,0.8529411764705882,0.13551401869158877,0.07680174478608845,3.000892458723784
cluster,ramp,0.03,1,Stouffer-МО,0.05,0.1008668242710796,0.05200945626477541,0.8203125,0.14787305874409182,0.11992838180966418,4.99776885319054
cluster,ramp,0.03,1,Пространственный,0.01,0.030995534541633833,0.017599159443131073,0.6483050847457628,0.20240963855421687,0.053758833706658564,1.0002974862412612
cluster,ramp,0.03,1,Пространственный,0.03,0.06553716837404781,0.038613081166272656,0.625250501002004,0.1680732627042557,0.09430268730878939,3.000892458723784
cluster,ramp,0.03,1,Пространственный,0.05,0.09797741003414762,0.06028368794326241,0.5911528150134048,0.1588733021598753,0.12120655252408809,5.001487431206307
cluster,ramp,0.03,1,Комбо: BOCPD ∨ Stouffer-МО,0.01,0.0225899658523772,0.009456264775413711,0.9011627906976745,0.15204326923076922,0.03933560823484215,1.0002974862412612
cluster,ramp,0.03,1,Комбо: BOCPD ∨ Stouffer-МО,0.03,0.05358550039401103,0.027318098240084056,0.6740196078431373,0.141720097280566,0.0777667657157538,3.000892458723784
cluster,ramp,0.03,1,Комбо: BOCPD ∨ Stouffer-МО,0.05,0.0960073548726031,0.04846335697399527,0.759233926128591,0.15451819011605164,0.11843010031903878,4.992190986166889
cluster,ramp,0.03,1,Комбо: оконный ∨ Stouffer ∨ пространств.,0.01,0.023246650906225373,0.011426319936958234,0.8192090395480226,0.16216216216216217,0.040663948078800756,0.9928603302097277
cluster,ramp,0.03,1,Комбо: оконный ∨ Stouffer ∨ пространств.,0.03,0.05358550039401103,0.030338849487785657,0.6299019607843137,0.14720096657269433,0.07856941328210021,3.000892458723784
cluster,ramp,0.03,1,Комбо: оконный ∨ Stouffer ∨ пространств.,0.05,0.09535066981875492,0.05555555555555555,0.6942148760330579,0.1560734463276836,0.11837931759575902,5.001487431206307
cluster,ramp,0.03,2,z-score (инновация),0.01,0.021612635078969242,0.010667775006927126,0.7435897435897436,0.14862914862914864,0.0377377102313161,1.001093344266776
cluster,ramp,0.03,2,z-score (инновация),0.03,0.06262122471598781,0.026184538653366583,0.8606194690265486,0.14847161572052403,0.08808896022010777,3.0015716823834904
cluster,ramp,0.03,2,z-score (инновация),0.05,0.10709337766694375,0.046550290939318374,0.8421733505821475,0.1510761007174005,0.1253382081555845,5.000341670083367
cluster,ramp,0.03,2,EWMA,0.01,0.020365752285951787,0.011360487669714602,0.673469387755102,0.17030260380014076,0.03638087319618152,1.001093344266776
cluster,ramp,0.03,2,EWMA,0.03,0.05901911886949293,0.030756442227763924,0.7089201877934272,0.16310767832803272,0.08667546263865557,3.0015716823834904
cluster,ramp,0.03,2,EWMA,0.05,0.0943474646716542,0.05112219451371571,0.6886930983847284,0.1625649439431228,0.11939937341462488,5.000341670083367
cluster,ramp,0.03,2,CUSUM классический,0.01,0.014685508451094486,0.009836519811582156,0.49056603773584906,0.16219751471550034,0.026932522188492826,1.001093344266776
cluster,ramp,0.03,2,CUSUM классический,0.03,0.0400387919091161,0.02881684677195899,0.44982698961937717,0.1583710407239819,0.06391805345356541,3.0015716823834904
cluster,ramp,0.03,2,CUSUM классический,0.05,0.06594624549736769,0.04821280133000831,0.3949579831932773,0.15685489253771193,0.09285402527097088,5.000341670083367
cluster,ramp,0.03,2,Page-Hinkley,0.01,0.014408423385979495,0.008035466888334718,0.7019230769230769,0.15217391304347827,0.026324353643102514,1.001093344266776
cluster,ramp,0.03,2,Page-Hinkley,0.03,0.03948462177888612,0.02396785813244666,0.6140350877192983,0.14366329649659065,0.061944366925795365,3.0015716823834904
cluster,ramp,0.03,2,Page-Hinkley,0.05,0.06469936270435024,0.040731504571903575,0.5460385438972163,0.14463152083908362,0.08940455480672606,5.000341670083367
cluster,ramp,0.03,2,CUSUM оконный,0.01,0.021612635078969242,0.01343862565807703,0.5769230769230769,0.16074450084602368,0.03810228999390672,1.001093344266776
cluster,ramp,0.03,2,CUSUM оконный,0.03,0.05846494873926295,0.03463563313937379,0.6469194312796208,0.1469033232628399,0.08364189054579343,3.0015716823834904
cluster,ramp,0.03,2,CUSUM оконный,0.05,0.08949847603214187,0.05486284289276808,0.6114551083591331,0.1432461228838641,0.11016633473196442,5.000341670083367
cluster,ramp,0.03,2,GLR (онлайн-разрыв),0.01,0.022166805209199225,0.011221945137157107,0.7375,0.15972653822249844,0.038930804093415,1.001093344266776
cluster,ramp,0.03,2,GLR (онлайн-разрыв),0.03,0.057772236076475476,0.03117206982543641,0.7146282973621103,0.15181236673773987,0.08369450592012961,3.0015716823834904
cluster,ramp,0.03,2,GLR (онлайн-разрыв),0.05,0.10044333610418399,0.05056802438348573,0.7751724137931034,0.15395301843899975,0.12157056891078327,5.000341670083367
cluster,ramp,0.03,2,BOCPD,0.01,0.0228595178719867,0.010113604876697145,0.8424242424242424,0.15814266487213996,0.039944988719597,1.001093344266776
cluster,ramp,0.03,2,BOCPD,0.03,0.06469936270435024,0.02978664449986146,0.8222698072805139,0.15582347588717016,0.09143433531572778,3.0015716823834904
cluster,ramp,0.03,2,BOCPD,0.05,0.114436131892491,0.04876697146023829,0.8813559322033898,0.16094626008478052,0.13376358099311755,5.000341670083367
cluster,ramp,0.03,2,BOCPD + новости,0.01,0.02396785813244666,0.011221945137157107,0.7687861271676301,0.16498993963782696,0.04185543558597167,1.001093344266776
cluster,ramp,0.03,2,BOCPD + новости,0.03,0.0712108617345525,0.033388750346356334,0.7704280155642024,0.16890080428954424,0.10018315244966403,3.0015716823834904
cluster,ramp,0.03,2,BOCPD + новости,0.05,0.1251039068994181,0.05763369354391798,0.7751937984496124,0.17509049470438395,0.14593546602764415,5.000341670083367
cluster,ramp,0.03,2,Stouffer-МО,0.01,0.01662510390689942,0.00997506234413965,0.55,0.11333333333333333,0.028996631273719667,0.994259942599426
cluster,ramp,0.03,2,Stouffer-МО,0.03,0.0656691604322527,0.03906899418121363,0.620253164556962,0.1396534148827727,0.08933184763319714,2.993029930299303
cluster,ramp,0.03,2,Stouffer-МО,0.05,0.11388196176226101,0.06234413965087282,0.7445255474452555,0.1460470730235365,0.1279743696140967,4.99179991799918
cluster,ramp,0.03,2,Пространственный,0.01,0.02507619839290662,0.01316154059296204,0.7016574585635359,0.15880263825469304,0.04331293948550928,1.001093344266776
cluster,ramp,0.03,2,Пространственный,0.03,0.057772236076475476,0.033942920476586314,0.6810551558752997,0.13697125068668742,0.0812672666170855,3.0015716823834904
cluster,ramp,0.03,2,Пространственный,0.05,0.09504017733444167,0.053893045164865615,0.6953352769679301,0.13783783783783785,0.1125063913123173,5.000341670083367
cluster,ramp,0.03,2,Комбо: BOCPD ∨ Stouffer-МО,0.01,0.016763646439456912,0.007896924355777223,0.7355371900826446,0.11572890025575447,0.02928524532293197,1.001093344266776
cluster,ramp,0.03,2,Комбо: BOCPD ∨ Stouffer-МО,0.03,0.06400665004156277,0.03228041008589637,0.7770562770562771,0.14562306900102986,0.0889267500628902,3.0015716823834904
cluster,ramp,0.03,2,Комбо: BOCPD ∨ Stouffer-МО,0.05,0.10044333610418399,0.052923247436963146,0.7310344827586207,0.14230443719018257,0.11776447808217202,5.000341670083367
cluster,ramp,0.03,2,Комбо: оконный ∨ Stouffer ∨ пространств.,0.01,0.018703241895261846,0.009697977279024661,0.6962962962962963,0.13355970571590267,0.032811652771147996,1.001093344266776
cluster,ramp,0.03,2,Комбо: оконный ∨ Stouffer ∨ пространств.,0.03,0.0630368523136603,0.0369908561928512,0.6835164835164835,0.14852398523985239,0.08850867325794802,3.0015716823834904
cluster,ramp,0.03,2,Комбо: оконный ∨ Stouffer ∨ пространств.,0.05,0.09504017733444167,0.05652535328345802,0.6545189504373178,0.13894389438943894,0.11287308802706396,4.99179991799918
cluster,ramp,0.05,0,z-score (инновация),0.01,0.027089783281733747,0.009932920536635708,0.9523809523809523,0.1896551724137931,0.04740795468538357,1.0013812154696133
cluster,ramp,0.05,0,z-score (инновация),0.03,0.08875128998968008,0.03341073271413829,0.9505813953488372,0.2035667681600696,0.12361065469298502,3.0003069367710253
cluster,ramp,0.05,0,z-score (инновация),0.05,0.15273477812177502,0.058565531475748195,0.9206081081081081,0.21100803957946815,0.17720358747290058,5.001151012891344
cluster,ramp,0.05,0,EWMA,0.01,0.02244582043343653,0.009545923632610939,0.9195402298850575,0.19104268719384185,0.04017180971034384,1.0013812154696133
cluster,ramp,0.05,0,EWMA,0.03,0.08333333333333333,0.03212074303405573,0.9829721362229102,0.2074564040889958,0.11890401516457005,3.0003069367710253
cluster,ramp,0.05,0,EWMA,0.05,0.13764189886480907,0.05933952528379773,0.8856607310215557,0.20614551448080998,0.16506863808347894,5.001151012891344
cluster,ramp,0.05,0,CUSUM классический,0.01,0.010319917440660475,0.006836945304437564,0.45,0.15041322314049588,0.019314648356663026,1.0013812154696133
cluster,ramp,0.05,0,CUSUM классический,0.03,0.03934468524251806,0.025541795665634675,0.5704918032786885,0.1645658263305322,0.0635061977796089,3.0003069367710253
cluster,ramp,0.05,0,CUSUM классический,0.05,0.07017543859649122,0.0468266253869969,0.5073529411764706,0.1711952884486682,0.09954566238921264,5.001151012891344
cluster,ramp,0.05,0,Page-Hinkley,0.01,0.01780185758513932,0.01019091847265222,0.6739130434782609,0.1744186046511628,0.03230639572993726,1.0013812154696133
cluster,ramp,0.05,0,Page-Hinkley,0.03,0.050696594427244585,0.02889576883384933,0.6921119592875318,0.16754993885038727,0.07784051520673835,3.0003069367710253
cluster,ramp,0.05,0,Page-Hinkley,0.05,0.08707430340557276,0.04940660474716202,0.6992592592592592,0.1705275924802911,0.1152830904104038,5.001151012891344
cluster,ramp,0.05,0,CUSUM оконный,0.01,0.017543859649122806,0.009932920536635708,0.7279411764705882,0.1440922190201729,0.031279324366593676,1.0013812154696133
cluster,ramp,0.05,0,CUSUM оконный,0.03,0.05804953560371517,0.03070175438596491,0.7622222222222222,0.14381744206615957,0.08271323839115122,3.0003069367710253
cluster,ramp,0.05,0,CUSUM оконный,0.05,0.09545923632610939,0.050696594427244585,0.7810810810810811,0.14462719298245613,0.11500859447870139,5.001151012891344
cluster,ramp,0.05,0,GLR (онлайн-разрыв),0.01,0.02089783281733746,0.00980392156862745,0.8703703703703703,0.17379497623896809,0.03730942478604567,1.0013812154696133
cluster,ramp,0.05,0,GLR (онлайн-разрыв),0.03,0.06437048503611971,0.02889576883384933,0.9158316633266533,0.17001281503630927,0.0933838491297075,3.0003069367710253
cluster,ramp,0.05,0,GLR (онлайн-разрыв),0.05,0.10990712074303406,0.049277605779153764,0.8990610328638498,0.1742443167624282,0.1347921469573951,5.001151012891344
cluster,ramp,0.05,0,BOCPD,0.01,0.024509803921568627,0.010835913312693499,0.8052631578947368,0.20059880239520958,0.043682357543356365,1.0013812154696133
cluster,ramp,0.05,0,BOCPD,0.03,0.07778637770897832,0.03018575851393189,0.9087893864013267,0.2066650683289379,0.11302967369794105,3.0003069367710253
cluster,ramp,0.05,0,BOCPD,0.05,0.13996388028895768,0.053147574819401446,0.9179723502304148,0.21418751718449272,0.16929774231285816,5.001151012891344
cluster,ramp,0.05,0,BOCPD + новости,0.01,0.02541279669762642,0.011996904024767802,0.7360406091370558,0.2088560885608856,0.04531218315059102,1.0013812154696133
cluster,ramp,0.05,0,BOCPD + новости,0.03,0.08010835913312693,0.03444272445820434,0.8099838969404187,0.2155887230514096,0.11681183137597913,3.0003069367710253
cluster,ramp,0.05,0,BOCPD + новости,0.05,0.15002579979360164,0.06217750257997936,0.819432502149613,0.2282051282051282,0.1810357342120406,5.001151012891344
cluster,ramp,0.05,0,Stouffer-МО,0.01,0.020123839009287926,0.007739938080495356,0.8846153846153846,0.10922330097087378,0.03398594085865334,1.0013812154696133
cluster,ramp,0.05,0,Stouffer-МО,0.03,0.0673374613003096,0.02631578947368421,1.103448275862069,0.12092283214001591,0.08650402462198643,2.992633517495396
cluster,ramp,0.05,0,Stouffer-МО,0.05,0.1153250773993808,0.04489164086687306,1.087248322147651,0.12408402540302882,0.1195443253086449,4.995395948434623
cluster,ramp,0.05,0,Пространственный,0.01,0.02038183694530444,0.011996904024767802,0.6835443037974683,0.16319444444444445,0.03623782475454315,1.0013812154696133
cluster,ramp,0.05,0,Пространственный,0.03,0.053147574819401446,0.029024767801857584,0.7839805825242718,0.1406669221924109,0.07714702343840087,3.0003069367710253
cluster,ramp,0.05,0,Пространственный,0.05,0.09158926728586171,0.047987616099071206,0.8098591549295775,0.13890754421311843,0.11039146365817948,5.001151012891344
cluster,ramp,0.05,0,Комбо: BOCPD ∨ Stouffer-МО,0.01,0.018575851393188854,0.008384932920536636,0.8541666666666666,0.1274390243902439,0.032425304148835765,0.999462860650706
cluster,ramp,0.05,0,Комбо: BOCPD ∨ Stouffer-МО,0.03,0.06824045407636739,0.029669762641898866,0.8449905482041588,0.1603645530347101,0.09574024694502885,3.0003069367710253
cluster,ramp,0.05,0,Комбо: BOCPD ∨ Stouffer-МО,0.05,0.12164602683178534,0.048761609907120744,0.9469777306468717,0.1631403118040089,0.13937024396690614,5.001151012891344
cluster,ramp,0.05,0,Комбо: оконный ∨ Stouffer ∨ пространств.,0.01,0.0196078431372549,0.010319917440660475,0.8552631578947368,0.13155080213903744,0.03412874583795782,1.0013812154696133
cluster,ramp,0.05,0,Комбо: оконный ∨ Stouffer ∨ пространств.,0.03,0.05714654282765738,0.03005675954592363,0.7697516930022573,0.14024173480270175,0.08120371078099854,3.0003069367710253
cluster,ramp,0.05,0,Комбо: оконный ∨ Stouffer ∨ пространств.,0.05,0.097781217750258,0.04734262125902993,0.895778364116095,0.13719668270707486,0.11418315237546756,4.99731430325353
cluster,ramp,0.05,1,z-score (инновация),0.01,0.025871459694989107,0.007489106753812636,1.0368421052631578,0.1838905775075988,0.04536109324378184,1.0013327721661054
cluster,ramp,0.05,1,z-score (инновация),0.03,0.07026143790849673,0.025326797385620915,0.9670542635658915,0.1770132136624283,0.10059424079025622,3.0004910213243545
cluster,ramp,0.05,1,z-score (инновация),0.05,0.12254901960784313,0.04833877995642701,0.9033333333333333,0.1826991591848368,0.14669769975260497,5.0014029180695845
cluster,ramp,0.05,1,EWMA,0.01,0.021922657952069716,0.009667755991285403,0.8260869565217391,0.19464033850493653,0.039406857445897156,1.0013327721661054
cluster,ramp,0.05,1,EWMA,0.03,0.0687636165577342,0.03022875816993464,0.8772277227722772,0.1923856724487497,0.10131472815259486,3.0004910213243545
cluster,ramp,0.05,1,EWMA,0.05,0.11083877995642702,0.04738562091503268,0.8820638820638821,0.18632546981207518,0.13899442994819827,5.0014029180695845
cluster,ramp,0.05,1,CUSUM классический,0.01,0.013888888888888888,0.009667755991285403,0.47058823529411764,0.16481994459833796,0.025618945102260492,1.0013327721661054
cluster,ramp,0.05,1,CUSUM классический,0.03,0.03771786492374728,0.025326797385620915,0.5126353790613718,0.15916787614900824,0.06098432949057042,3.0004910213243545
cluster,ramp,0.05,1,CUSUM классический,0.05,0.06222766884531591,0.04520697167755991,0.43326039387308535,0.1581654522074582,0.08931555881345837,5.0014029180695845
cluster,ramp,0.05,1,Page-Hinkley,0.01,0.016203703703703703,0.008442265795206972,0.8067226890756303,0.1611148878314072,0.02944595805859018,1.0013327721661054
cluster,ramp,0.05,1,Page-Hinkley,0.03,0.048883442265795204,0.026688453159041396,0.7214484679665738,0.16034482758620688,0.07492493368581211,3.0004910213243545
cluster,ramp,0.05,1,Page-Hinkley,0.05,0.08088235294117647,0.044662309368191724,0.6734006734006734,0.16608549657755392,0.10878651434811532,5.0014029180695845
cluster,ramp,0.05,1,CUSUM оконный,0.01,0.020969498910675382,0.011301742919389977,0.7532467532467533,0.1339835728952772,0.03626347452336186,1.0013327721661054
cluster,ramp,0.05,1,CUSUM оконный,0.03,0.07039760348583878,0.037173202614379085,0.758220502901354,0.15193462308205472,0.0962148719203752,3.0004910213243545
cluster,ramp,0.05,1,CUSUM оконный,0.05,0.10934095860566449,0.05664488017429194,0.7696139476961394,0.15169290933415663,0.12708119640707036,5.0014029180695845
cluster,ramp,0.05,1,GLR (онлайн-разрыв),0.01,0.0264161220043573,0.011165577342047931,0.9381443298969072,0.18299881936245574,0.04616785323320831,1.0013327721661054
cluster,ramp,0.05,1,GLR (онлайн-разрыв),0.03,0.08510348583877995,0.03349673202614379,0.9824,0.18128547885002746,0.11583082054553274,3.0004910213243545
cluster,ramp,0.05,1,GLR (онлайн-разрыв),0.05,0.13344226579520696,0.054057734204793026,0.926530612244898,0.1824429173132343,0.1541420589911487,5.0014029180695845
cluster,ramp,0.05,1,BOCPD,0.01,0.030364923747276687,0.013480392156862746,0.7802690582959642,0.21560574948665298,0.053232786303839506,1.0013327721661054
cluster,ramp,0.05,1,BOCPD,0.03,0.09667755991285402,0.039079520697167754,0.8887323943661972,0.21505376344086022,0.1333896951763656,3.0004910213243545
cluster,ramp,0.05,1,BOCPD,0.05,0.15890522875816993,0.0625,0.9023136246786633,0.2171312205676467,0.18351032904763542,5.0014029180695845
cluster,ramp,0.05,1,BOCPD + новости,0.01,0.030773420479302833,0.014161220043572984,0.7389380530973452,0.21928038017651053,0.05397244372479215,1.0013327721661054
cluster,ramp,0.05,1,BOCPD + новости,0.03,0.10103485838779956,0.04370915032679738,0.8045822102425876,0.2249840662842575,0.13944732379819147,3.0004910213243545
cluster,ramp,0.05,1,BOCPD + новости,0.05,0.16530501089324617,0.06998910675381263,0.8088962108731467,0.22501579279848388,0.19059316197290307,5.0014029180695845
cluster,ramp,0.05,1,Stouffer-МО,0.01,0.025326797385620915,0.00980392156862745,1.032258064516129,0.10675381263616558,0.04094063742335422,0.9995791245791246
cluster,ramp,0.05,1,Stouffer-МО,0.03,0.0857843137254902,0.029411764705882353,1.0857142857142856,0.13033359193173003,0.10346738929605223,2.9987373737373737
cluster,ramp,0.05,1,Stouffer-МО,0.05,0.13725490196078433,0.058823529411764705,0.9761904761904762,0.1427860696517413,0.13996586198488176,4.997895622895623
cluster,ramp,0.05,1,Пространственный,0.01,0.02832244008714597,0.01579520697167756,0.6730769230769231,0.1669811320754717,0.04843038001325995,1.0013327721661054
cluster,ramp,0.05,1,Пространственный,0.03,0.07761437908496732,0.03894335511982571,0.7929824561403509,0.15577041129527316,0.10360592678550322,3.0004910213243545
cluster,ramp,0.05,1,Пространственный,0.05,0.12145969498910675,0.06358932461873638,0.7612107623318386,0.15292790675815396,0.13538933094562366,5.0014029180695845
cluster,ramp,0.05,1,Комбо: BOCPD ∨ Stouffer-МО,0.01,0.03159041394335512,0.011437908496732025,0.8922413793103449,0.16445100935499754,0.05299977292065081,1.0013327721661054
cluster,ramp,0.05,1,Комбо: BOCPD ∨ Stouffer-МО,0.03,0.08333333333333333,0.03676470588235294,0.8741830065359477,0.16201698145901924,0.11005826614089811,2.99172278338945
cluster,ramp,0.05,1,Комбо: BOCPD ∨ Stouffer-МО,0.05,0.14338235294117646,0.061546840958605666,0.8926875593542261,0.1677756167468523,0.15462282852301465,5.0014029180695845
cluster,ramp,0.05,1,Комбо: оконный ∨ Stouffer ∨ пространств.,0.01,0.02369281045751634,0.010893246187363835,0.7873563218390804,0.12806539509536785,0.03998767804491646,0.9995791245791246
cluster,ramp,0.05,1,Комбо: оконный ∨ Stouffer ∨ пространств.,0.03,0.07135076252723312,0.035130718954248366,0.8416030534351145,0.1389196895295422,0.09427882692051248,3.0004910213243545
cluster,ramp,0.05,1,Комбо: оконный ∨ Stouffer ∨ пространств.,0.05,0.12540849673202614,0.06236383442265795,0.8262757871878393,0.14944312579879496,0.13637494718635207,5.0014029180695845
cluster,ramp,0.05,2,z-score (инновация),0.01,0.029350104821802937,0.009302935010482181,1.0625,0.18609143593045718,0.050703342836555025,1.0005973715651135
cluster,ramp,0.05,2,z-score (инновация),0.03,0.0915880503144654,0.030791404612159328,0.9685264663805436,0.20341880341880342,0.12630711026988367,3.0017921146953404
cluster,ramp,0.05,2,z-score (инновация),0.05,0.1495020964360587,0.054638364779874216,0.9430324276950044,0.20739508700102355,0.17375312407113958,5.001120071684587
cluster,ramp,0.05,2,EWMA,0.01,0.027253668763102725,0.011137316561844864,0.9423076923076923,0.187683284457478,0.047595892566002114,1.0005973715651135
cluster,ramp,0.05,2,EWMA,0.03,0.0870020964360587,0.03511530398322851,0.9246987951807228,0.21100917431192662,0.12320500822872632,3.0017921146953404
cluster,ramp,0.05,2,EWMA,0.05,0.13259958071278827,0.05660377358490566,0.8992094861660079,0.2097614145573453,0.1624850727991313,5.001120071684587
cluster,ramp,0.05,2,CUSUM классический,0.01,0.01650943396226415,0.011530398322851153,0.5,0.1721698113207547,0.030129716981132076,1.0005973715651135
cluster,ramp,0.05,2,CUSUM классический,0.03,0.04363207547169811,0.031053459119496855,0.4444444444444444,0.1673631424989553,0.06921864234582462,3.0017921146953404
cluster,ramp,0.05,2,CUSUM классический,0.05,0.07245807127882599,0.049528301886792456,0.49547920433996384,0.16471486761710794,0.10064319879022593,5.001120071684587
cluster,ramp,0.05,2,Page-Hinkley,0.01,0.018474842767295597,0.008123689727463312,0.8936170212765957,0.16336336336336335,0.03319558102004225,1.0005973715651135
cluster,ramp,0.05,2,Page-Hinkley,0.03,0.055424528301886794,0.028170859538784065,0.7659574468085106,0.1709875321591134,0.08371376768646094,3.0017921146953404
cluster,ramp,0.05,2,Page-Hinkley,0.05,0.09237421383647798,0.04939727463312369,0.7418439716312056,0.17597998331943285,0.1211534068210944,5.001120071684587
cluster,ramp,0.05,2,CUSUM оконный,0.01,0.02581236897274633,0.014281970649895177,0.700507614213198,0.1714424477901894,0.04486922846877411,1.0005973715651135
cluster,ramp,0.05,2,CUSUM оконный,0.03,0.07062368972746332,0.03825995807127883,0.7476808905380334,0.15865074241446095,0.09773877272433798,3.0017921146953404
cluster,ramp,0.05,2,CUSUM оконный,0.05,0.11333857442348008,0.05843815513626834,0.793063583815029,0.1566977256787897,0.13153710695272774,5.001120071684587
cluster,ramp,0.05,2,GLR (онлайн-разрыв),0.01,0.028432914046121593,0.014675052410901468,0.7419354838709677,0.2003376477208779,0.04979821768896484,1.0005973715651135
cluster,ramp,0.05,2,GLR (онлайн-разрыв),0.03,0.08385744234800839,0.03891509433962264,0.8578125,0.19268686144470334,0.1168581464395633,3.0017921146953404
cluster,ramp,0.05,2,GLR (онлайн-разрыв),0.05,0.1332547169811321,0.06079664570230608,0.8623402163225172,0.18806354658651783,0.1559846265606263,5.001120071684587
cluster,ramp,0.05,2,BOCPD,0.01,0.026336477987421385,0.011268343815513627,0.8208955223880597,0.19265419265419265,0.04633834755750933,1.0005973715651135
cluster,ramp,0.05,2,BOCPD,0.03,0.09185010482180293,0.03537735849056604,0.9144079885877318,0.21284364261168384,0.1283236761450455,3.0017921146953404
cluster,ramp,0.05,2,BOCPD,0.05,0.16221174004192873,0.06184486373165619,0.9111470113085622,0.2239563507169141,0.18814785691818176,5.001120071684587
cluster,ramp,0.05,2,BOCPD + новости,0.01,0.027384696016771487,0.012316561844863731,0.7607655502392344,0.19986357435197818,0.04816937193469599,1.0005973715651135
cluster,ramp,0.05,2,BOCPD + новости,0.03,0.09643605870020965,0.04061844863731656,0.8152173913043478,0.2221750212404418,0.13449427680954842,3.0017921146953404
cluster,ramp,0.05,2,BOCPD + новости,0.05,0.17072851153039834,0.06944444444444445,0.8250191864927091,0.23419702090374264,0.1974887014083399,5.001120071684587
cluster,ramp,0.05,2,Stouffer-МО,0.01,0.029874213836477988,0.01179245283018868,1.0789473684210527,0.1394335511982571,0.049205867475973705,0.9968637992831542
cluster,ramp,0.05,2,Stouffer-МО,0.03,0.10377358490566038,0.03930817610062893,1.0984848484848484,0.1505981703026038,0.12287615816259953,3.0017921146953404
cluster,ramp,0.05,2,Stouffer-МО,0.05,0.16745283018867924,0.06761006289308176,1.028169014084507,0.15712383488681758,0.162123982854876,4.995519713261649
cluster,ramp,0.05,2,Пространственный,0.01,0.03314989517819707,0.01899895178197065,0.6758893280632411,0.19973833406018315,0.05686251176211514,1.0005973715651135
cluster,ramp,0.05,2,Пространственный,0.03,0.08896750524109015,0.046776729559748424,0.7731958762886598,0.16806376253950803,0.11634548437378614,3.0017921146953404
cluster,ramp,0.05,2,Пространственный,0.05,0.1391509433962264,0.07272012578616352,0.7730696798493408,0.1651455140347856,0.1510379336624717,5.001120071684587
cluster,ramp,0.05,2,Комбо: BOCPD ∨ Stouffer-МО,0.01,0.02659853249475891,0.01139937106918239,0.8669950738916257,0.15727584517393434,0.04550179020632324,0.991263440860215
cluster,ramp,0.05,2,Комбо: BOCPD ∨ Stouffer-МО,0.03,0.08582285115303984,0.034067085953878404,0.9618320610687023,0.1709140332993544,0.11426741172078125,3.0017921146953404
cluster,ramp,0.05,2,Комбо: BOCPD ∨ Stouffer-МО,0.05,0.1505503144654088,0.05883123689727463,0.9295039164490861,0.1833565598248059,0.1653418355018816,5.001120071684587
cluster,ramp,0.05,2,Комбо: оконный ∨ Stouffer ∨ пространств.,0.01,0.03039832285115304,0.016247379454926623,0.7327586206896551,0.1768567911366434,0.05187953852571459,0.9968637992831542
cluster,ramp,0.05,2,Комбо: оконный ∨ Stouffer ∨ пространств.,0.03,0.08464360587002097,0.041273584905660375,0.8746130030959752,0.16049556525411798,0.11083437466936985,2.9961917562724016
cluster,ramp,0.05,2,Комбо: оконный ∨ Stouffer ∨ пространств.,0.05,0.14098532494758909,0.06629979035639413,0.8801115241635687,0.16230010207553588,0.1508937165543506,5.001120071684587
cluster,ramp,0.1,0,z-score (инновация),0.01,0.07925407925407925,0.017871017871017872,1.1666666666666667,0.3948205361199455,0.13200933796508316,1.0002286236854139
cluster,ramp,0.1,0,z-score (инновация),0.03,0.1864801864801865,0.05024605024605024,1.0777777777777777,0.3661994784876141,0.24711944862779012,3.0006858710562416
cluster,ramp,0.1,0,z-score (инновация),0.05,0.2701372701372701,0.08585858585858586,0.9798657718120806,0.35065458207452166,0.30517433895192264,5.001143118427069
cluster,ramp,0.1,0,EWMA,0.01,0.07174307174307175,0.01295001295001295,1.3267148014440433,0.32761310452418096,0.11770931243151582,1.0002286236854139
cluster,ramp,0.1,0,EWMA,0.03,0.1778036778036778,0.040015540015540016,1.2316096139839767,0.30944761374704327,0.22584208504275965,3.0006858710562416
cluster,ramp,0.1,0,EWMA,0.05,0.2463092463092463,0.06578606578606579,1.1377497371188223,0.28881093721892426,0.26587225248443797,5.001143118427069
cluster,ramp,0.1,0,CUSUM классический,0.01,0.01761201761201761,0.009065009065009065,0.7426470588235294,0.16253602305475504,0.031780387841383116,1.0002286236854139
cluster,ramp,0.1,0,CUSUM классический,0.03,0.056073556073556075,0.03056203056203056,0.7390300230946882,0.16737327188940093,0.08400400786231568,3.0006858710562416
cluster,ramp,0.1,0,CUSUM классический,0.05,0.09362859362859363,0.05011655011655012,0.7731673582295989,0.16699604743083005,0.11998562376085951,5.001143118427069
cluster,ramp,0.1,0,Page-Hinkley,0.01,0.0394975394975395,0.014374514374514374,1.0655737704918034,0.19985277880014723,0.06595932757051304,1.0002286236854139
cluster,ramp,0.1,0,Page-Hinkley,0.03,0.09984459984459984,0.03664853664853665,1.020752269779507,0.19300587293112653,0.13160705508045403,3.0006858710562416
cluster,ramp,0.1,0,Page-Hinkley,0.05,0.15993265993265993,0.06112406112406112,1.0105263157894737,0.1996247974759103,0.17758788861699124,5.001143118427069
cluster,ramp,0.1,0,CUSUM оконный,0.01,0.058793058793058794,0.01566951566951567,1.303964757709251,0.1497670290658975,0.08443860793813843,1.0002286236854139
cluster,ramp,0.1,0,CUSUM оконный,0.03,0.15332815332815333,0.04182854182854183,1.291385135135135,0.17300776074200264,0.162574570081229,3.0006858710562416
cluster,ramp,0.1,0,CUSUM оконный,0.05,0.21406371406371405,0.06203056203056203,1.2189957652752572,0.1752092050209205,0.1926973664293074,5.001143118427069
cluster,ramp,0.1,0,GLR (онлайн-разрыв),0.01,0.08093758093758094,0.01618751618751619,1.368,0.25491849353569423,0.1228650470913143,1.0002286236854139
cluster,ramp,0.1,0,GLR (онлайн-разрыв),0.03,0.19748769748769748,0.046620046620046623,1.2432786885245901,0.2612359550561798,0.22493231809148914,3.0006858710562416
cluster,ramp,0.1,0,GLR (онлайн-разрыв),0.05,0.2731157731157731,0.0723905723905724,1.1493598862019914,0.25431158378844493,0.26337846874822346,5.001143118427069
cluster,ramp,0.1,0,BOCPD,0.01,0.07498057498057498,0.02072002072002072,1.0189982728842832,0.37220956719817766,0.12481709559078172,1.0002286236854139
cluster,ramp,0.1,0,BOCPD,0.03,0.20810670810670812,0.06060606060606061,0.9719975108898569,0.37430340557275543,0.26749209101044796,3.0006858710562416
cluster,ramp,0.1,0,BOCPD,0.05,0.3150738150738151,0.09764309764309764,0.956432387998356,0.36487137489160804,0.338149067880525,5.001143118427069
cluster,ramp,0.1,0,BOCPD + новости,0.01,0.07795907795907796,0.022015022015022014,0.9750830564784053,0.37881508078994613,0.12930711534232964,1.0002286236854139
cluster,ramp,0.1,0,BOCPD + новости,0.03,0.21548821548821548,0.06915306915306915,0.8804086538461539,0.3840624044050168,0.2760765126924177,3.0006858710562416
cluster,ramp,0.1,0,BOCPD + новости,0.05,0.3264698264698265,0.11473711473711473,0.8437128123760412,0.37645044702301694,0.3496832194166163,5.001143118427069
cluster,ramp,0.1,0,Stouffer-МО,0.01,0.13442113442113443,0.01554001554001554,1.6358381502890174,0.150730411686587,0.1421093675081918,0.9945130315500685
cluster,ramp,0.1,0,Stouffer-МО,0.03,0.27816627816627815,0.03263403263403263,1.5726256983240223,0.1683673469387755,0.20976748728237996,2.994970278920896
cluster,ramp,0.1,0,Stouffer-МО,0.05,0.3838383838383838,0.05672105672105672,1.4615384615384615,0.18309154577288644,0.24792327712217904,4.995427526291724
cluster,ramp,0.1,0,Пространственный,0.01,0.0707070707070707,0.02072002072002072,1.26007326007326,0.1671185127807901,0.09937081054406381,1.0002286236854139
cluster,ramp,0.1,0,Пространственный,0.03,0.17275317275317276,0.04752654752654752,1.278110944527736,0.17442945618053787,0.17358726771178362,3.0006858710562416
cluster,ramp,0.1,0,Пространственный,0.05,0.24566174566174567,0.07174307174307175,1.2340537691091196,0.17890315328639886,0.20703388833892053,5.001143118427069
cluster,ramp,0.1,0,Комбо: BOCPD ∨ Stouffer-МО,0.01,0.08275058275058275,0.022144522144522144,1.1142410015649453,0.24710221285563752,0.12398168143569886,1.0002286236854139
cluster,ramp,0.1,0,Комбо: BOCPD ∨ Stouffer-МО,0.03,0.21328671328671328,0.05451955451955452,1.0941105039465695,0.2447265625,0.2279275598722487,2.993065081542448
cluster,ramp,0.1,0,Комбо: BOCPD ∨ Stouffer-МО,0.05,0.3300958300958301,0.0934990934990935,1.0533542565712044,0.25115995115995116,0.2852680531997637,5.001143118427069
cluster,ramp,0.1,0,Комбо: оконный ∨ Stouffer ∨ пространств.,0.01,0.0786065786065786,0.018648018648018648,1.3673805601317957,0.14831905075807514,0.10275483782867723,0.996418228928517
cluster,ramp,0.1,0,Комбо: оконный ∨ Stouffer ∨ пространств.,0.03,0.1895881895881896,0.044936544936544934,1.355191256830601,0.16260283109760618,0.17506168277476836,3.0006858710562416
cluster,ramp,0.1,0,Комбо: оконный ∨ Stouffer ∨ пространств.,0.05,0.27881377881377883,0.06785806785806786,1.3492800743149094,0.1687468030690537,0.2102461017835768,5.001143118427069
cluster,ramp,0.1,1,z-score (инновация),0.01,0.06789178152118427,0.01339969372128637,1.2612781954887218,0.36372795969773297,0.11442543894404383,1.001564945226917
cluster,ramp,0.1,1,z-score (инновация),0.03,0.17419601837672283,0.045303726391015826,1.084981684981685,0.357537226033127,0.2342586695535766,3.0007824726134587
cluster,ramp,0.1,1,z-score (инновация),0.05,0.25382848392036755,0.07567636549259826,1.0241327300150829,0.3376006607474706,0.28978167430748447,5.0
cluster,ramp,0.1,1,EWMA,0.01,0.059469116896375705,0.010974987238386932,1.3798283261802575,0.30237774786899957,0.09939087158621167,1.001564945226917
cluster,ramp,0.1,1,EWMA,0.03,0.1675599795814191,0.03637059724349158,1.2498095963442497,0.294374735654871,0.21356015501188194,3.0007824726134587
cluster,ramp,0.1,1,EWMA,0.05,0.23902501276161306,0.05768249106687085,1.191671115856914,0.27857335855174276,0.2572882925188508,5.0
cluster,ramp,0.1,1,CUSUM классический,0.01,0.015569167942827974,0.009188361408882083,0.6311475409836066,0.1590909090909091,0.02836267020923281,1.001564945226917
cluster,ramp,0.1,1,CUSUM классический,0.03,0.05206738131699847,0.028203164880040838,0.7671568627450981,0.15764005211241391,0.07827957807639041,3.0007824726134587
cluster,ramp,0.1,1,CUSUM классический,0.05,0.09150076569678407,0.04747320061255743,0.7726638772663877,0.16208082545141875,0.11696842476947861,5.0
cluster,ramp,0.1,1,Page-Hinkley,0.01,0.02628892291985707,0.010336906584992343,1.0097087378640777,0.16594454072790293,0.04538755279528831,1.001564945226917
cluster,ramp,0.1,1,Page-Hinkley,0.03,0.08575803981623277,0.02858601327207759,1.1413690476190477,0.1749437359339835,0.11509573978661036,3.0007824726134587
cluster,ramp,0.1,1,Page-Hinkley,0.05,0.13489025012761613,0.04913221031138336,1.0482497634815515,0.17908111591934445,0.15387579334785545,5.0
cluster,ramp,0.1,1,CUSUM оконный,0.01,0.03994384890250128,0.010592138846350178,1.2971246006389776,0.12229102167182662,0.060218547029986295,1.001564945226917
cluster,ramp,0.1,1,CUSUM оконный,0.03,0.12353241449719245,0.03279734558448188,1.3140495867768596,0.14379149737389754,0.13289429090301486,3.0007824726134587
cluster,ramp,0.1,1,CUSUM оконный,0.05,0.18657478305257785,0.05334354262378765,1.2551299589603284,0.1531262715312627,0.16820378097203884,5.0
cluster,ramp,0.1,1,GLR (онлайн-разрыв),0.01,0.06559469116896376,0.01174068402246044,1.4805447470817121,0.21885625965996908,0.10093697153027772,1.001564945226917
cluster,ramp,0.1,1,GLR (онлайн-разрыв),0.03,0.17100561510974988,0.03215926493108729,1.3694029850746268,0.23411214953271028,0.19764372550208759,3.0007824726134587
cluster,ramp,0.1,1,GLR (онлайн-разрыв),0.05,0.2470648289943849,0.05525778458397142,1.2613636363636365,0.23453314055246938,0.24063594088086981,5.0
cluster,ramp,0.1,1,BOCPD,0.01,0.05844818785094436,0.01339969372128637,1.1157205240174672,0.32440944881889766,0.09905062659904275,1.001564945226917
cluster,ramp,0.1,1,BOCPD,0.03,0.18810617662072485,0.0451761102603369,1.0522388059701493,0.3505929513946885,0.24484427840077566,3.0007824726134587
cluster,ramp,0.1,1,BOCPD,0.05,0.2885400714650332,0.07720775906074528,1.0225563909774436,0.345386025667142,0.3144142794558024,5.0
cluster,ramp,0.1,1,BOCPD + новости,0.01,0.06163859111791731,0.015058703420112302,1.0351966873706004,0.33213552361396304,0.10398025146836282,1.001564945226917
cluster,ramp,0.1,1,BOCPD + новости,0.03,0.19525267993874426,0.05385400714650332,0.9601307189542484,0.3609390283664819,0.2534173434472246,3.0007824726134587
cluster,ramp,0.1,1,BOCPD + новости,0.05,0.29900459418070446,0.09264931087289434,0.9167733674775929,0.3575067425831585,0.3256490863047862,5.0
cluster,ramp,0.1,1,Stouffer-МО,0.01,0.0903522205206738,0.013016845329249618,1.61864406779661,0.10714285714285714,0.09803378565494321,0.9976525821596244
cluster,ramp,0.1,1,Stouffer-МО,0.03,0.20750382848392038,0.03139356814701378,1.5608856088560885,0.12909979064898813,0.1591706047911511,2.992957746478873
cluster,ramp,0.1,1,Stouffer-МО,0.05,0.3101071975497703,0.04900459418070444,1.508641975308642,0.1504471330878485,0.20260254097134825,5.0
cluster,ramp,0.1,1,Пространственный,0.01,0.050663603879530374,0.013144461459928534,1.3778337531486147,0.11791334339297262,0.07087463640109498,1.001564945226917
cluster,ramp,0.1,1,Пространственный,0.03,0.139739663093415,0.035094435936702396,1.3415525114155251,0.14409299810759665,0.1418829455671106,3.0007824726134587
cluster,ramp,0.1,1,Пространственный,0.05,0.21669218989280245,0.05934150076569678,1.2909305064782097,0.15526634382566587,0.18090728406676596,5.0
cluster,ramp,0.1,1,Комбо: BOCPD ∨ Stouffer-МО,0.01,0.06495661051556917,0.016717713118938233,1.1316306483300589,0.22053571428571428,0.10035472937915974,1.001564945226917
cluster,ramp,0.1,1,Комбо: BOCPD ∨ Stouffer-МО,0.03,0.1861919346605411,0.044027565084226644,1.0932145305003427,0.21748743718592964,0.2006265839583806,3.0007824726134587
cluster,ramp,0.1,1,Комбо: BOCPD ∨ Stouffer-МО,0.05,0.2956865747830526,0.0759315977539561,1.093655589123867,0.22243737897432694,0.2538842152178793,5.0
cluster,ramp,0.1,1,Комбо: оконный ∨ Stouffer ∨ пространств.,0.01,0.0479836651352731,0.013527309851965288,1.321808510638298,0.11100254055110416,0.06700340714433618,1.001564945226917
cluster,ramp,0.1,1,Комбо: оконный ∨ Stouffer ∨ пространств.,0.03,0.15122511485451762,0.03586013272077591,1.381434599156118,0.13070491677533175,0.14021823739125916,3.0007824726134587
cluster,ramp,0.1,1,Комбо: оконный ∨ Stouffer ∨ пространств.,0.05,0.2285604900459418,0.057044410413476264,1.35678391959799,0.1407190412782956,0.17419223274047396,5.0
cluster,ramp,0.1,2,z-score (инновация),0.01,0.07909604519774012,0.018294323379069142,1.183673469387755,0.3827046918123275,0.13109735509285314,1.001001001001001
cluster,ramp,0.1,2,z-score (инновация),0.03,0.17998385794995964,0.05071294054344902,1.047085201793722,0.35171730515191546,0.2381166033931578,3.0012155012155013
cluster,ramp,0.1,2,z-score (инновация),0.05,0.2697067527576002,0.08434221146085553,1.0074812967581048,0.33624365482233504,0.29932213310877653,5.001430001430001
cluster,ramp,0.1,2,EWMA,0.01,0.07425343018563357,0.013989776701641109,1.3478260869565217,0.31643156690812047,0.12028170744577792,1.001001001001001
cluster,ramp,0.1,2,EWMA,0.03,0.17581382835620124,0.03941350551520043,1.2249426166794186,0.2927030369657826,0.21967722107538082,3.0012155012155013
cluster,ramp,0.1,2,EWMA,0.05,0.25490987355394135,0.06335754640839386,1.1656992084432718,0.27958683473389356,0.26667870385081505,5.001430001430001
cluster,ramp,0.1,2,CUSUM классический,0.01,0.01775625504439064,0.009954264191552327,0.696969696969697,0.1529790660225443,0.03181925445507624,1.001001001001001
cluster,ramp,0.1,2,CUSUM классический,0.03,0.05138552596179715,0.02649986548291633,0.8089005235602095,0.14255014326647564,0.07554065857844282,3.0012155012155013
cluster,ramp,0.1,2,CUSUM классический,0.05,0.08716707021791767,0.04465967177831585,0.7947530864197531,0.14673794457778747,0.1093667592361493,5.001430001430001
cluster,ramp,0.1,2,Page-Hinkley,0.01,0.03295668549905838,0.011568469195587839,1.126530612244898,0.1659607239122064,0.0549928274187639,1.001001001001001
cluster,ramp,0.1,2,Page-Hinkley,0.03,0.09106806564433684,0.03120796341135324,1.106351550960118,0.1711990982105115,0.11889228132817142,3.0012155012155013
cluster,ramp,0.1,2,Page-Hinkley,0.05,0.14595103578154425,0.05299973096583266,1.047926267281106,0.17592753875631423,0.1595434336743143,5.001430001430001
cluster,ramp,0.1,2,CUSUM оконный,0.01,0.05125100887812752,0.016142050040355124,1.20997375328084,0.13871916723240552,0.07484856220018296,1.001001001001001
cluster,ramp,0.1,2,CUSUM оконный,0.03,0.145682001614205,0.043583535108958835,1.254847645429363,0.1560904449307075,0.15070672429315377,3.0012155012155013
cluster,ramp,0.1,2,CUSUM оконный,0.05,0.20648372343287597,0.06107075598601022,1.226058631921824,0.15665993945509588,0.17815388738553442,5.001430001430001
cluster,ramp,0.1,2,GLR (онлайн-разрыв),0.01,0.07923056228140973,0.018159806295399514,1.3412563667232598,0.2444253859348199,0.11967004388578859,1.001001001001001
cluster,ramp,0.1,2,GLR (онлайн-разрыв),0.03,0.19639494215765402,0.04735001345170837,1.2589041095890412,0.2523385055573897,0.22087948404756716,3.0012155012155013
cluster,ramp,0.1,2,GLR (онлайн-разрыв),0.05,0.2753564702717245,0.07250470809792843,1.1729360039081582,0.24474311727725992,0.25914883422366825,5.001430001430001
cluster,ramp,0.1,2,BOCPD,0.01,0.07358084476728545,0.019639494215765402,1.012797074954296,0.3377272727272727,0.12083524234628272,1.001001001001001
cluster,ramp,0.1,2,BOCPD,0.03,0.20850147968792038,0.05622814097390368,1.007741935483871,0.36003830194701564,0.264074814551785,3.0012155012155013
cluster,ramp,0.1,2,BOCPD,0.05,0.3092547753564703,0.08555286521388217,1.001739886907351,0.35165056360708535,0.32909286592487985,5.001430001430001
cluster,ramp,0.1,2,BOCPD + новости,0.01,0.07532956685499058,0.021388216303470542,0.9553571428571429,0.3483348334833483,0.12387121554631765,1.001001001001001
cluster,ramp,0.1,2,BOCPD + новости,0.03,0.21737960721011568,0.06416464891041163,0.9195544554455446,0.37275425714732074,0.27461285955114995,3.0012155012155013
cluster,ramp,0.1,2,BOCPD + новости,0.05,0.31947807371536185,0.10519235942964757,0.8812631578947369,0.3635377637546835,0.34008682702684817,5.001430001430001
cluster,ramp,0.1,2,Stouffer-МО,0.01,0.1234866828087167,0.016142050040355124,1.542483660130719,0.132334581772784,0.12775762445497404,0.9974259974259975
cluster,ramp,0.1,2,Stouffer-МО,0.03,0.27037933817594834,0.0516545601291364,1.4268656716417911,0.155252556554075,0.19724594895709444,2.9922779922779923
cluster,ramp,0.1,2,Stouffer-МО,0.05,0.36642453591606133,0.07909604519774012,1.3766519823788546,0.1636876763875823,0.2262886214028313,4.997854997854998
cluster,ramp,0.1,2,Пространственный,0.01,0.059456550981974714,0.01762173796072101,1.2714932126696832,0.13663603675589292,0.08285787422226876,1.001001001001001
cluster,ramp,0.1,2,Пространственный,0.03,0.14864137745493677,0.0418348130212537,1.28868778280543,0.14917175239755884,0.14890609265429003,3.0012155012155013
cluster,ramp,0.1,2,Пространственный,0.05,0.2226257734732311,0.06362658057573312,1.2706948640483384,0.15560750464544745,0.18317923400205108,5.001430001430001
cluster,ramp,0.1,2,Комбо: BOCPD ∨ Stouffer-МО,0.01,0.07452246435297283,0.018563357546408393,1.111913357400722,0.20670698185816383,0.10954979213286667,1.001001001001001
cluster,ramp,0.1,2,Комбо: BOCPD ∨ Stouffer-МО,0.03,0.22585418348130212,0.05447941888619855,1.1197141155449672,0.2345173888785568,0.2301042747093468,3.0012155012155013
cluster,ramp,0.1,2,Комбо: BOCPD ∨ Stouffer-МО,0.05,0.3267419962335217,0.08380414312617702,1.0728694936187733,0.2356001713900961,0.2737851605127495,5.001430001430001
cluster,ramp,0.1,2,Комбо: оконный ∨ Stouffer ∨ пространств.,0.01,0.0676620930858219,0.018832391713747645,1.3101391650099403,0.12906556530717606,0.08878107293426918,1.001001001001001
cluster,ramp,0.1,2,Комбо: оконный ∨ Stouffer ∨ пространств.,0.03,0.1791767554479419,0.041565778853914444,1.3573573573573574,0.14288774635818338,0.15898779680562022,3.0012155012155013
cluster,ramp,0.1,2,Комбо: оконный ∨ Stouffer ∨ пространств.,0.05,0.2602905569007264,0.06564433683077751,1.3255813953488371,0.15077527184857029,0.19094449955001241,5.001430001430001
cluster,ramp,0.2,0,z-score (инновация),0.01,0.21079234972677596,0.042759562841530055,1.1484121840570318,0.6310564878279367,0.3160231954847408,1.001535455053043
cluster,ramp,0.2,0,z-score (инновация),0.03,0.3826502732240437,0.11912568306010929,0.958943234559086,0.5334263226063565,0.44563026502209335,3.0011166945840313
cluster,ramp,0.2,0,z-score (инновация),0.05,0.4934426229508197,0.1812841530054645,0.8585271317829457,0.48518170846184794,0.4892772990542368,5.00069793411502
cluster,ramp,0.2,0,EWMA,0.01,0.21106557377049182,0.01612021857923497,1.4330097087378642,0.41178503542422673,0.2790834382719383,1.001535455053043
cluster,ramp,0.2,0,EWMA,0.03,0.3831967213114754,0.06147540983606557,1.2623885918003566,0.36963060075576465,0.3762914287357627,3.0011166945840313
cluster,ramp,0.2,0,EWMA,0.05,0.47937158469945357,0.10218579234972677,1.1390709603875748,0.34654703643284396,0.4022788632612787,5.00069793411502
cluster,ramp,0.2,0,CUSUM классический,0.01,0.02745901639344262,0.007513661202185792,1.2487562189054726,0.10925492816572001,0.043887737615070345,1.001535455053043
cluster,ramp,0.2,0,CUSUM классический,0.03,0.10997267759562841,0.025683060109289616,1.3664596273291925,0.14293856149549755,0.12430713949935182,3.0011166945840313
cluster,ramp,0.2,0,CUSUM классический,0.05,0.18415300546448088,0.04494535519125683,1.290059347181009,0.16041968162083936,0.17146899689596015,5.00069793411502
cluster,ramp,0.2,0,Page-Hinkley,0.01,0.08060109289617487,0.007923497267759563,1.61864406779661,0.16214574898785425,0.10767698953738472,1.001535455053043
cluster,ramp,0.2,0,Page-Hinkley,0.03,0.1930327868852459,0.029781420765027322,1.4161358811040339,0.18789863816583346,0.19043111380075672,3.0011166945840313
cluster,ramp,0.2,0,Page-Hinkley,0.05,0.2778688524590164,0.054098360655737705,1.292527040314651,0.19927472656021525,0.2320988567306675,5.00069793411502
cluster,ramp,0.2,0,CUSUM оконный,0.01,0.16994535519125684,0.01051912568306011,1.7154340836012862,0.1452093023255814,0.15660657948218354,1.001535455053043
cluster,ramp,0.2,0,CUSUM оконный,0.03,0.3174863387978142,0.03538251366120219,1.5189328743545611,0.1779414101817026,0.2280613750661938,3.0011166945840313
cluster,ramp,0.2,0,CUSUM оконный,0.05,0.4004098360655738,0.05751366120218579,1.4223814397816446,0.18646892184635894,0.25444434449620673,5.00069793411502
cluster,ramp,0.2,0,GLR (онлайн-разрыв),0.01,0.22418032786885245,0.017896174863387977,1.5124923826934795,0.3035985808413583,0.2579141692488678,1.001535455053043
cluster,ramp,0.2,0,GLR (онлайн-разрыв),0.03,0.3957650273224044,0.058333333333333334,1.322057300655851,0.3109704365985773,0.34828087628175464,3.0011166945840313
cluster,ramp,0.2,0,GLR (онлайн-разрыв),0.05,0.4867486338797814,0.09726775956284153,1.2099354476564692,0.30594970153635387,0.3757308237075323,5.00069793411502
cluster,ramp,0.2,0,BOCPD,0.01,0.1871584699453552,0.045765027322404374,0.9321167883211678,0.6451887595799035,0.29014943952607214,1.001535455053043
cluster,ramp,0.2,0,BOCPD,0.03,0.40136612021857926,0.12158469945355191,0.8832539142273655,0.5775072593254411,0.47358903187558476,3.0011166945840313
cluster,ramp,0.2,0,BOCPD,0.05,0.5344262295081967,0.18579234972677597,0.8374233128834356,0.5321005917159763,0.533260875002558,5.00069793411502
cluster,ramp,0.2,0,BOCPD + новости,0.01,0.19494535519125683,0.05095628415300547,0.8871758934828311,0.6547258197850647,0.3004356538150025,1.001535455053043
cluster,ramp,0.2,0,BOCPD + новости,0.03,0.4113387978142076,0.1412568306010929,0.798737960810362,0.5865342645133129,0.48355709428412086,3.0011166945840313
cluster,ramp,0.2,0,BOCPD + новости,0.05,0.5449453551912569,0.2210382513661202,0.7347706192028077,0.5421372719374457,0.5435376867326076,5.00069793411502
cluster,ramp,0.2,0,Stouffer-МО,0.01,0.4532786885245902,0.01557377049180328,1.7739602169981916,0.1728839722150759,0.2503011600851499,0.9945561139028476
cluster,ramp,0.2,0,Stouffer-МО,0.03,0.6254098360655738,0.036065573770491806,1.6081258191349934,0.19800301431801054,0.3007799372269432,2.994137353433836
cluster,ramp,0.2,0,Stouffer-МО,0.05,0.7147540983606557,0.06229508196721312,1.4644495412844036,0.21523716699155296,0.33084535943138355,4.993718592964824
cluster,ramp,0.2,0,Пространственный,0.01,0.17144808743169399,0.010792349726775957,1.7482071713147411,0.13767533279728403,0.15271681762017206,1.001535455053043
cluster,ramp,0.2,0,Пространственный,0.03,0.3064207650273224,0.0273224043715847,1.6116807846633971,0.16461329715061057,0.21417106106227193,3.0011166945840313
cluster,ramp,0.2,0,Пространственный,0.05,0.39972677595628414,0.04795081967213115,1.4859876965140124,0.17881958978652154,0.24709852947194108,5.00069793411502
cluster,ramp,0.2,0,Комбо: BOCPD ∨ Stouffer-МО,0.01,0.19398907103825136,0.04685792349726776,0.9598591549295775,0.33928314380308044,0.24684286956476847,0.9997906197654941
cluster,ramp,0.2,0,Комбо: BOCPD ∨ Stouffer-МО,0.03,0.4244535519125683,0.12103825136612022,0.9485033794657226,0.32496736679719945,0.3681070267699959,3.0011166945840313
cluster,ramp,0.2,0,Комбо: BOCPD ∨ Stouffer-МО,0.05,0.569672131147541,0.18469945355191256,0.9146282973621103,0.31046291446758795,0.40189757471461246,5.00069793411502
cluster,ramp,0.2,0,Комбо: оконный ∨ Stouffer ∨ пространств.,0.01,0.2162568306010929,0.011202185792349727,1.7801642451042325,0.12570145903479238,0.1589889758879215,1.001535455053043
cluster,ramp,0.2,0,Комбо: оконный ∨ Stouffer ∨ пространств.,0.03,0.40710382513661203,0.03333333333333333,1.659731543624161,0.16207887394328072,0.2318514939502148,3.0011166945840313
cluster,ramp,0.2,0,Комбо: оконный ∨ Stouffer ∨ пространств.,0.05,0.5206284153005465,0.05218579234972678,1.5688795591708213,0.1786887443856003,0.2660607895372438,5.00069793411502
cluster,ramp,0.2,1,z-score (инновация),0.01,0.2007905138339921,0.03689064558629776,1.141732283464567,0.6318192742129296,0.3047365489589578,1.0005178280810771
cluster,ramp,0.2,1,z-score (инновация),0.03,0.36297760210803687,0.10764163372859024,0.981125226860254,0.5340373180233751,0.43219701430146523,3.001553484243231
cluster,ramp,0.2,1,z-score (инновация),0.05,0.4715415019762846,0.1670619235836627,0.8882369376920928,0.4869529200607483,0.47912331264106456,5.000739754401539
cluster,ramp,0.2,1,EWMA,0.01,0.20303030303030303,0.01870882740447958,1.4172615184944841,0.4188243526941917,0.27348524116106504,1.0005178280810771
cluster,ramp,0.2,1,EWMA,0.03,0.36376811594202896,0.05889328063241107,1.263672582397682,0.3748802299584797,0.36924058846881613,3.001553484243231
cluster,ramp,0.2,1,EWMA,0.05,0.4562582345191041,0.09354413702239789,1.1628645682933871,0.3466331377479743,0.39396169623329524,5.000739754401539
cluster,ramp,0.2,1,CUSUM классический,0.01,0.029776021080368906,0.009749670619235836,1.168141592920354,0.12732712765957446,0.04826504456088445,1.0005178280810771
cluster,ramp,0.2,1,CUSUM классический,0.03,0.108300395256917,0.02779973649538867,1.3126520681265206,0.1581262632267269,0.12855422881044123,3.001553484243231
cluster,ramp,0.2,1,CUSUM классический,0.05,0.16772068511198945,0.0458498023715415,1.2427336999214453,0.16683463834405768,0.16727648841105638,5.000739754401539
cluster,ramp,0.2,1,Page-Hinkley,0.01,0.08722002635046114,0.010276679841897233,1.5740181268882176,0.18153303273867868,0.11782798642448267,1.0005178280810771
cluster,ramp,0.2,1,Page-Hinkley,0.03,0.19617918313570487,0.03372859025032938,1.3687038280725319,0.20006713662302786,0.19810408565512022,3.001553484243231
cluster,ramp,0.2,1,Page-Hinkley,0.05,0.2774703557312253,0.05559947299077734,1.2853751187084521,0.20574218295943275,0.23628259667830642,5.000739754401539
cluster,ramp,0.2,1,CUSUM оконный,0.01,0.16495388669301714,0.010671936758893281,1.7292332268370607,0.1443576873024726,0.15397006511567063,1.0005178280810771
cluster,ramp,0.2,1,CUSUM оконный,0.03,0.3241106719367589,0.03504611330698287,1.5373983739837398,0.1780075091292496,0.22980300482720561,3.001553484243231
cluster,ramp,0.2,1,CUSUM оконный,0.05,0.4171277997364954,0.05757575757575758,1.4333543903979786,0.1908253205128205,0.2618575131150958,5.000739754401539
cluster,ramp,0.2,1,GLR (онлайн-разрыв),0.01,0.22779973649538868,0.014229249011857707,1.5569693464430308,0.3029408145687216,0.26005112137782443,1.0005178280810771
cluster,ramp,0.2,1,GLR (онлайн-разрыв),0.03,0.4005270092226614,0.05059288537549407,1.3453947368421053,0.3092693293330833,0.34903172302670266,3.001553484243231
cluster,ramp,0.2,1,GLR (онлайн-разрыв),0.05,0.4993412384716733,0.0927536231884058,1.2102902374670184,0.3050590451684051,0.37873820912160583,5.000739754401539
cluster,ramp,0.2,1,BOCPD,0.01,0.18708827404479578,0.037022397891963106,0.9873239436619718,0.6457512661789533,0.29012188787099286,1.0005178280810771
cluster,ramp,0.2,1,BOCPD,0.03,0.39855072463768115,0.11870882740447958,0.8661157024793389,0.579048023799405,0.47213646673387094,3.001553484243231
cluster,ramp,0.2,1,BOCPD,0.05,0.5270092226613966,0.18405797101449275,0.824,0.5328736939370247,0.5299252338546027,5.000739754401539
cluster,ramp,0.2,1,BOCPD + новости,0.01,0.19301712779973648,0.042028985507246375,0.9406143344709897,0.6566381451835496,0.298338426929455,1.0005178280810771
cluster,ramp,0.2,1,BOCPD + новости,0.03,0.4106719367588933,0.13978919631093545,0.7885787616297723,0.5886239289769795,0.4838033203661792,3.001553484243231
cluster,ramp,0.2,1,BOCPD + новости,0.05,0.5384716732542819,0.2152832674571805,0.723268901394666,0.5426005847139078,0.540528244261443,5.000739754401539
cluster,ramp,0.2,1,Stouffer-МО,0.01,0.3549407114624506,0.005533596837944664,1.866369710467706,0.1512630014858841,0.21212565610250747,0.9986684420772304
cluster,ramp,0.2,1,Stouffer-МО,0.03,0.6007905138339921,0.03162055335968379,1.6263157894736842,0.20089026514418423,0.3010998112591817,2.9960053262316912
cluster,ramp,0.2,1,Stouffer-МО,0.05,0.7209486166007905,0.0616600790513834,1.4890350877192982,0.2194065757818765,0.33642791269597294,4.993342210386152
cluster,ramp,0.2,1,Пространственный,0.01,0.1992094861660079,0.013438735177865613,1.7222222222222223,0.15040518638573744,0.17140092935985574,1.0005178280810771
cluster,ramp,0.2,1,Пространственный,0.03,0.3486166007905138,0.0386034255599473,1.5430839002267573,0.18282329713721618,0.23985868069678762,3.001553484243231
cluster,ramp,0.2,1,Пространственный,0.05,0.4251646903820817,0.059156785243741766,1.4378679888441277,0.1903431449708799,0.2629606957041849,5.000739754401539
cluster,ramp,0.2,1,Комбо: BOCPD ∨ Stouffer-МО,0.01,0.1882740447957839,0.03610013175230566,1.019594121763471,0.3414525471557998,0.24271634890748053,1.0005178280810771
cluster,ramp,0.2,1,Комбо: BOCPD ∨ Stouffer-МО,0.03,0.410935441370224,0.11343873517786561,0.9329913433792882,0.3241948516680134,0.36244773401881797,3.001553484243231
cluster,ramp,0.2,1,Комбо: BOCPD ∨ Stouffer-МО,0.05,0.5544137022397891,0.17733860342555996,0.909458174904943,0.3130338060620506,0.4001400192729231,5.000739754401539
cluster,ramp,0.2,1,Комбо: оконный ∨ Stouffer ∨ пространств.,0.01,0.2,0.011330698287220026,1.7727272727272727,0.12259550257382823,0.1520114218526917,1.0005178280810771
cluster,ramp,0.2,1,Комбо: оконный ∨ Stouffer ∨ пространств.,0.03,0.4022397891963109,0.03320158102766799,1.6550933508024894,0.16454703113386737,0.23355293645539807,3.001553484243231
cluster,ramp,0.2,1,Комбо: оконный ∨ Stouffer ∨ пространств.,0.05,0.52832674571805,0.05401844532279315,1.56857855361596,0.1838712868022815,0.272800861983472,5.000739754401539
cluster,ramp,0.2,2,z-score (инновация),0.01,0.2176151761517615,0.04078590785907859,1.1214196762141968,0.6051772895366544,0.32011902869182723,1.0001413627367826
cluster,ramp,0.2,2,z-score (инновация),0.03,0.38685636856368566,0.12615176151761517,0.92784588441331,0.5192926045016077,0.44339652125830925,3.0004240882103477
cluster,ramp,0.2,2,z-score (инновация),0.05,0.49701897018970187,0.1886178861788618,0.8426935659760088,0.47330708153121165,0.4848733017709327,5.000706813683913
cluster,ramp,0.2,2,EWMA,0.01,0.22574525745257454,0.023577235772357725,1.3883553421368546,0.40581053932931543,0.2901083487624204,1.0001413627367826
cluster,ramp,0.2,2,EWMA,0.03,0.39173441734417347,0.07032520325203252,1.2120373573158076,0.36936804070496276,0.38022259074553194,3.0004240882103477
cluster,ramp,0.2,2,EWMA,0.05,0.48143631436314366,0.11016260162601627,1.115676892766676,0.34576955782312924,0.4024778525746632,5.000706813683913
cluster,ramp,0.2,2,CUSUM классический,0.01,0.03401084010840109,0.010704607046070461,1.1673306772908367,0.12572759022118743,0.0535387878722045,1.0001413627367826
cluster,ramp,0.2,2,CUSUM классический,0.03,0.12493224932249322,0.03102981029810298,1.3210412147505424,0.15624344176285415,0.13884446799774267,3.0004240882103477
cluster,ramp,0.2,2,CUSUM классический,0.05,0.19607046070460704,0.05203252032520325,1.2563925362819628,0.16856270810210877,0.18127899852531434,5.000706813683913
cluster,ramp,0.2,2,Page-Hinkley,0.01,0.09173441734417344,0.00989159891598916,1.5937961595273265,0.16986947063089194,0.11913337399919167,1.0001413627367826
cluster,ramp,0.2,2,Page-Hinkley,0.03,0.20149051490514905,0.034959349593495934,1.371217215870881,0.19944034596794707,0.20046018864415782,3.0004240882103477
cluster,ramp,0.2,2,Page-Hinkley,0.05,0.27479674796747966,0.056910569105691054,1.2465483234714003,0.20607362329216633,0.23552443613535212,5.000706813683913
cluster,ramp,0.2,2,CUSUM оконный,0.01,0.17262872628726286,0.01056910569105691,1.7260596546310831,0.1477579938473012,0.15922803707911268,1.0001413627367826
cluster,ramp,0.2,2,CUSUM оконный,0.03,0.325609756097561,0.034959349593495934,1.5393258426966292,0.1791916640353647,0.23116636243181415,3.0004240882103477
cluster,ramp,0.2,2,CUSUM оконный,0.05,0.4157181571815718,0.05718157181571816,1.4194915254237288,0.1900048677592082,0.26080723442239556,5.000706813683913
cluster,ramp,0.2,2,GLR (онлайн-разрыв),0.01,0.23902439024390243,0.017344173441734417,1.5005668934240364,0.3111297472145681,0.27035186341869666,1.0001413627367826
cluster,ramp,0.2,2,GLR (онлайн-разрыв),0.03,0.41016260162601625,0.06517615176151761,1.2917079616782292,0.3122258602582319,0.35455541691350434,3.0004240882103477
cluster,ramp,0.2,2,GLR (онлайн-разрыв),0.05,0.5036585365853659,0.10840108401084012,1.1711057304277643,0.30794502799500256,0.38220419159665714,5.000706813683913
cluster,ramp,0.2,2,BOCPD,0.01,0.2029810298102981,0.04715447154471545,0.92456608811749,0.6385292594510616,0.30803979060350845,1.0001413627367826
cluster,ramp,0.2,2,BOCPD,0.03,0.416260162601626,0.13306233062330625,0.8346354166666666,0.5774514944939696,0.4837822949469295,3.0004240882103477
cluster,ramp,0.2,2,BOCPD,0.05,0.5467479674796748,0.19444444444444445,0.8168525402726147,0.5312566673778536,0.5388910097538782,5.000706813683913
cluster,ramp,0.2,2,BOCPD + новости,0.01,0.21043360433604336,0.055284552845528454,0.866709594333548,0.6482084690553745,0.317722247095828,1.0001413627367826
cluster,ramp,0.2,2,BOCPD + новости,0.03,0.4281842818428184,0.15392953929539296,0.7503164556962025,0.586033634126333,0.49482539563371947,3.0004240882103477
cluster,ramp,0.2,2,BOCPD + новости,0.05,0.558130081300813,0.22547425474254743,0.7193493566399611,0.5411584303338677,0.5495132451984285,5.000706813683913
cluster,ramp,0.2,2,Stouffer-МО,0.01,0.4373983739837398,0.008130081300813009,1.804832713754647,0.16864608076009502,0.24343270836254255,0.996607294317218
cluster,ramp,0.2,2,Stouffer-МО,0.03,0.6268292682926829,0.034959349593495934,1.5745784695201037,0.20299065420560747,0.30667010949286067,3.0004240882103477
cluster,ramp,0.2,2,Stouffer-МО,0.05,0.7365853658536585,0.07317073170731707,1.4183222958057395,0.22329329962073324,0.342698682051698,4.993638676844784
cluster,ramp,0.2,2,Пространственный,0.01,0.20582655826558266,0.009078590785907859,1.7781435154707044,0.14555234425176622,0.17051984538741133,1.0001413627367826
cluster,ramp,0.2,2,Пространственный,0.03,0.34552845528455284,0.03184281842818428,1.5952941176470588,0.1745716034271726,0.2319532769065562,3.0004240882103477
cluster,ramp,0.2,2,Пространственный,0.05,0.42276422764227645,0.051355013550135505,1.4810897435897437,0.18438592213281313,0.25677922335179804,5.000706813683913
cluster,ramp,0.2,2,Комбо: BOCPD ∨ Stouffer-МО,0.01,0.21341463414634146,0.046341463414634146,0.993015873015873,0.3460091373286751,0.26399812528377053,1.0001413627367826
cluster,ramp,0.2,2,Комбо: BOCPD ∨ Stouffer-МО,0.03,0.44281842818428185,0.13279132791327913,0.9115667074663403,0.32882933393137476,0.3774045515097368,3.0004240882103477
cluster,ramp,0.2,2,Комбо: BOCPD ∨ Stouffer-МО,0.05,0.5747967479674797,0.19146341463414634,0.8856671381423856,0.31417972295670704,0.4062863055196426,5.000706813683913
cluster,ramp,0.2,2,Комбо: оконный ∨ Stouffer ∨ пространств.,0.01,0.2424119241192412,0.011246612466124661,1.7970933482392397,0.13313946137311924,0.1718784392998266,1.0001413627367826
cluster,ramp,0.2,2,Комбо: оконный ∨ Stouffer ∨ пространств.,0.03,0.4323848238482385,0.034417344173441736,1.6618614854277656,0.16757323018655063,0.24153729124433285,3.0004240882103477
cluster,ramp,0.2,2,Комбо: оконный ∨ Stouffer ∨ пространств.,0.05,0.5463414634146342,0.052710027100271,1.5758928571428572,0.18324693221339983,0.2744435018748652,5.000706813683913
