month,territory_id,МО,регион,category,score,отклонение_от_уровня_2023_%,первая_тревога,новости_±1_мес
2024-12,1347,Мокроусовский муниципальный округ,Курганская область,Общественное питание,304.93,-21.1,True,
2024-12,1568,Сосновский муниципальный округ,Нижегородская область,Общественное питание,191.44,-64.8,True,
2024-12,227,городской округ Инта,Республика Коми,Маркетплейсы,159.07,-22.6,True,
2024-11,1070,Чагодощенский муниципальный округ,Вологодская область,Транспорт,107.06,-10.2,True,
2024-12,699,Казачинский муниципальный район,Красноярский край,Общественное питание,97.98,182.0,True,
2024-08,1179,городской округ Пионерский,Калининградская область,Транспорт,94.95,-5.2,True,
2024-01,895,городской округ город Новодвинск,Архангельская область,Общественное питание,94.25,14.9,True,
2024-04,1153,Качугский муниципальный район,Иркутская область,Общественное питание,89.01,-24.4,True,
2024-04,22,городской округ город Агидель,Республика Башкортостан,Транспорт,85.46,-26.9,True,
2024-11,602,Шелопугинский муниципальный район,Забайкальский край,Продовольствие,84.99,-20.0,True,
2024-09,2142,муниципальный округ Торопецкий,Тверская область,Маркетплейсы,83.17,-25.7,True,"2024-09-18 [emergency,attack] Город Торопец Тверской области подвергся атаке ВСУ. Объявлена эвакуация жителей || 2024-09-19 [attack] Стало известно о разрушениях в 13 храмах Торопца после атаки украинских дронов"
2024-07,2341,Облученский муниципальный район,Еврейская автономная область,Здоровье,81.34,8.0,True,
2024-09,2241,городской округ город Муравленко,Ямало-Ненецкий автономный округ,Транспорт,73.37,-5.8,True,
2024-04,1700,Саракташский муниципальный район,Оренбургская область,Маркетплейсы,70.32,-13.7,True,2024-04-07 [emergency] Власти Оренбургской области назвали сроки улучшения ситуации с паводком
2024-05,1124,Пестяковский муниципальный район,Ивановская область,Транспорт,69.28,9.3,True,
2024-11,1425,Становлянский муниципальный район,Липецкая область,Общественное питание,68.68,-67.5,True,
2024-05,243,Усть-Цилемский муниципальный район,Республика Коми,Транспорт,67.91,-22.2,True,2024-06-26 [emergency] В Коми заявили об эвакуации всех пассажиров сошедшего с рельсов поезда
2024-03,1021,Калачевский муниципальный район,Волгоградская область,Общественное питание,65.62,-17.9,True,
2024-12,2132,муниципальный округ Оленинский,Тверская область,Транспорт,62.81,-11.6,True,
2024-08,1301,Юрьянский муниципальный район,Кировская область,Все категории,60.44,-11.1,True,
2024-12,2012,городской округ Тавдинский,Свердловская область,Общественное питание,60.27,-1.6,True,
2024-03,580,Газимуро-Заводский муниципальный округ,Забайкальский край,Транспорт,57.14,32.4,True,
2024-03,517,Бийский муниципальный район,Алтайский край,Маркетплейсы,56.22,6.4,True,2024-04-13 [emergency] Глава МЧС не исключил второй волны паводка в Алтайском крае
2024-05,1774,муниципальный округ Невельский,Псковская область,Продовольствие,55.37,-18.9,True,
2024-03,1179,городской округ Пионерский,Калининградская область,Транспорт,55.29,-21.9,True,
2024-05,1662,Усть-Ишимский муниципальный район,Омская область,Общественное питание,54.96,54.3,True,2024-05-06 [emergency] В районе Омской области объявили эвакуацию
2024-12,1641,Кормиловский муниципальный район,Омская область,Общественное питание,54.75,-41.3,True,
2024-05,434,муниципальный округ Кезский район,Удмуртская Республика,Маркетплейсы,54.36,-9.6,True,
2024-01,1411,городской округ город Елец,Липецкая область,Общественное питание,53.19,29.9,True,
2024-11,226,муниципальный округ Вуктыл,Республика Коми,Маркетплейсы,53.15,-24.3,True,
2024-07,517,Бийский муниципальный район,Алтайский край,Маркетплейсы,52.01,49.2,True,
2024-03,2171,Арсеньевский муниципальный район,Тульская область,Все категории,51.77,-5.7,True,
2024-08,2563,внутригородская территория города федерального значения муниципальный округ Ломоносовский,Москва,Маркетплейсы,50.4,-21.7,True,2024-08-02 [emergency] Кинотеатр в центре Москвы эвакуировали
2024-02,708,Мотыгинский муниципальный район,Красноярский край,Транспорт,50.19,15.4,True,
2024-05,774,муниципальный округ Юсьвинский,Пермский край,Общественное питание,49.79,-24.8,True,
2024-01,403,Дзун-Хемчикский муниципальный район,Республика Тыва,Продовольствие,49.64,-14.9,True,
2024-11,883,Свободненский муниципальный район,Амурская область,Здоровье,49.64,-3.2,True,
2024-04,2046,Велижский муниципальный район,Смоленская область,Маркетплейсы,49.4,-20.2,True,
2024-01,1956,городской округ Долинский,Сахалинская область,Транспорт,48.13,-31.8,True,
2024-10,1907,Хворостянский муниципальный район,Самарская область,Транспорт,47.99,-8.7,True,2024-09-29 [emergency] В Самарской области начали тушить лесной пожар
2024-06,1305,городской округ город Волгореченск,Костромская область,Здоровье,47.52,-35.7,True,
2024-01,1270,Вятскополянский муниципальный район,Кировская область,Маркетплейсы,46.7,11.2,True,
2024-03,410,Тандинский муниципальный район,Республика Тыва,Общественное питание,45.39,92.7,True,
2024-01,1411,городской округ город Елец,Липецкая область,Все категории,45.02,15.6,True,
2024-01,1956,городской округ Долинский,Сахалинская область,Общественное питание,44.18,-42.2,True,
2024-08,2496,внутригородская территория города федерального значения муниципальный округ Бескудниковский,Москва,Маркетплейсы,43.73,-16.6,True,2024-08-02 [emergency] Кинотеатр в центре Москвы эвакуировали
2024-02,1274,Кильмезский муниципальный район,Кировская область,Общественное питание,43.44,34.2,True,
2024-12,899,муниципальный округ Вилегодский,Архангельская область,Общественное питание,42.15,-21.0,True,
2024-11,2229,Белоярский муниципальный район,Ханты-Мансийский автономный округ — Югра,Продовольствие,41.82,-7.8,True,
2024-05,891,городской округ город Коряжма,Архангельская область,Продовольствие,41.61,-19.1,True,
2024-05,1653,Павлоградский муниципальный район,Омская область,Маркетплейсы,41.26,-5.6,True,2024-05-06 [emergency] В районе Омской области объявили эвакуацию
2024-02,2563,внутригородская территория города федерального значения муниципальный округ Ломоносовский,Москва,Маркетплейсы,41.23,-11.0,True,2024-01-04 [utility] Десятки домов в Москве остались в мороз без света и тепла
2024-06,1305,городской округ город Волгореченск,Костромская область,Все категории,41.08,-18.3,True,
2024-05,1207,Кировский муниципальный район,Калужская область,Транспорт,41.06,5.6,True,
2024-05,1066,Тотемский муниципальный округ,Вологодская область,Общественное питание,40.98,89.9,True,
2024-01,22,городской округ город Агидель,Республика Башкортостан,Транспорт,40.79,-36.5,True,
2024-01,1710,Болховский муниципальный район,Орловская область,Общественное питание,40.34,-4.3,True,
2024-04,1204,Думиничский муниципальный район,Калужская область,Транспорт,40.34,7.2,True,
2024-01,386,Новошешминский муниципальный район,Республика Татарстан,Продовольствие,40.3,7.0,True,
2024-08,78,Федоровский муниципальный район,Республика Башкортостан,Здоровье,39.21,-27.9,True,2024-07-28 [emergency] В Башкирии из-за паводка коровам пришлось передвигаться вплавь
2024-01,1858,Пителинский муниципальный район,Рязанская область,Общественное питание,38.72,-56.5,True,
2024-04,1542,Большемурашкинский муниципальный округ,Нижегородская область,Общественное питание,38.58,-39.5,True,
2024-09,1957,городской округ Корсаковский,Сахалинская область,Транспорт,38.23,-4.1,True,
2024-06,2604,внутригородская территория города федерального значения поселение Рязановское,Москва,Здоровье,37.89,17.3,True,2024-05-18 [emergency] Людей эвакуировали из Большого театра в Москве
2024-01,699,Казачинский муниципальный район,Красноярский край,Общественное питание,37.69,-50.7,True,
2024-08,806,Чугуевский муниципальный округ,Приморский край,Транспорт,37.51,3.7,True,2024-07-31 [emergency] В Приморье рассказали о масштабе подтопления
2024-01,618,Карагинский муниципальный район,Камчатский край,Транспорт,37.24,-54.3,True,
2024-07,2015,городской округ Алапаевское,Свердловская область,Транспорт,37.23,-16.4,True,
2024-06,226,муниципальный округ Вуктыл,Республика Коми,Маркетплейсы,37.08,35.6,True,2024-06-26 [emergency] В Коми заявили об эвакуации всех пассажиров сошедшего с рельсов поезда
2024-10,276,Куженерский муниципальный район,Республика Марий Эл,Транспорт,37.08,-18.1,True,
2024-01,1404,Подпорожский муниципальный район,Ленинградская область,Маркетплейсы,36.8,-13.5,True,
2024-01,1653,Павлоградский муниципальный район,Омская область,Маркетплейсы,36.69,15.3,True,2024-01-10 [utility] Губернатор Омской области обратился к жителям региона после отключения света
2024-05,742,муниципальный округ Еловский,Пермский край,Транспорт,36.66,13.3,True,
2024-08,396,Черемшанский муниципальный район,Республика Татарстан,Продовольствие,36.29,-10.1,True,2024-07-30 [emergency] По Татарстану прокатились ураганы с ливнями и крупным градом. Смерч раскидал самолеты в аэропорту
2024-01,1311,Вохомский муниципальный район,Костромская область,Транспорт,35.8,-21.9,True,
2024-03,883,Свободненский муниципальный район,Амурская область,Здоровье,35.76,0.4,True,2024-03-19 [emergency] В Амурской области ввели региональный режим ЧС из-за обвала на руднике
2024-01,2087,Мучкапский муниципальный округ,Тамбовская область,Маркетплейсы,35.71,15.3,True,
2024-05,2132,муниципальный округ Оленинский,Тверская область,Транспорт,35.71,2.6,True,
2024-12,1329,Судиславский муниципальный район,Костромская область,Все категории,35.5,-8.4,True,
2024-12,1557,Ковернинский муниципальный округ,Нижегородская область,Общественное питание,35.4,4.9,True,
2024-01,34,Аургазинский муниципальный район,Республика Башкортостан,Все категории,35.31,0.5,True,
2024-04,1715,Залегощенский муниципальный район,Орловская область,Транспорт,35.12,15.2,True,
2024-02,1044,Чернышковский муниципальный район,Волгоградская область,Общественное питание,34.91,50.1,True,
2024-11,528,Калманский муниципальный район,Алтайский край,Общественное питание,34.4,31.2,True,
2024-05,706,Манский муниципальный район,Красноярский край,Общественное питание,34.39,77.9,True,
2024-02,185,Малодербетовский муниципальный район,Республика Калмыкия,Маркетплейсы,34.33,-12.8,True,
2024-01,1987,городской округ Камышловский,Свердловская область,Маркетплейсы,34.15,8.8,True,
2024-06,1291,муниципальный округ Санчурский,Кировская область,Транспорт,33.77,34.7,True,
2024-01,1410,городской округ город Липецк,Липецкая область,Общественное питание,33.75,22.3,True,
2024-06,1956,городской округ Долинский,Сахалинская область,Здоровье,33.75,-13.7,True,
2024-05,2200,Викуловский муниципальный район,Тюменская область,Транспорт,33.7,-12.2,True,2024-04-14 [emergency] В двух деревнях Тюменской области началась эвакуация из-за паводка
2024-07,458,Таштыпский муниципальный район,Республика Хакасия,Транспорт,33.69,18.1,True,
2024-05,2269,Старомайнский муниципальный район,Ульяновская область,Общественное питание,33.44,54.6,True,
2024-06,332,Оймяконский муниципальный район,Республика Саха (Якутия),Все категории,33.3,0.2,True,
2024-01,1956,городской округ Долинский,Сахалинская область,Все категории,33.16,-20.1,True,
2024-05,895,городской округ город Новодвинск,Архангельская область,Транспорт,33.07,-1.8,True,
2024-05,613,Мильковский муниципальный округ,Камчатский край,Маркетплейсы,33.02,2.3,True,
2024-08,2485,внутригородская территория города федерального значения муниципальный округ Проспект Вернадского,Москва,Маркетплейсы,32.87,-19.5,True,2024-08-02 [emergency] Кинотеатр в центре Москвы эвакуировали
2024-07,1036,Руднянский муниципальный район,Волгоградская область,Транспорт,32.74,-2.9,True,
2024-12,1774,муниципальный округ Невельский,Псковская область,Продовольствие,32.7,-5.2,True,
2024-05,1955,городской округ Анивский,Сахалинская область,Продовольствие,32.21,-20.6,True,
2024-09,2087,Мучкапский муниципальный округ,Тамбовская область,Маркетплейсы,32.09,2.8,True,2024-10-19 [emergency] В Тамбовской области поручили ввести режим ЧС из-за взрыва газа в доме
2024-06,1179,городской округ Пионерский,Калининградская область,Транспорт,32.07,-42.1,True,
2024-02,458,Таштыпский муниципальный район,Республика Хакасия,Транспорт,31.75,24.9,True,
2024-09,212,Лахденпохский муниципальный район,Республика Карелия,Здоровье,31.69,-2.4,True,
2024-05,1955,городской округ Анивский,Сахалинская область,Все категории,31.44,-15.8,True,
2024-12,1992,городской округ Верхний Тагил,Свердловская область,Транспорт,31.19,-9.8,True,
2024-01,1227,городской округ Березовский,Кемеровская область,Маркетплейсы,31.08,6.4,True,
2024-09,2537,внутригородская территория города федерального значения муниципальный округ Замоскворечье,Москва,Здоровье,31.01,-1.2,True,2024-08-02 [emergency] Кинотеатр в центре Москвы эвакуировали
2024-11,214,Медвежьегорский муниципальный район,Республика Карелия,Транспорт,31.01,-13.7,True,
2024-06,1715,Залегощенский муниципальный район,Орловская область,Все категории,31.0,-10.3,True,2024-07-12 [emergency] Глава Орловской области назвал власти затопленного весной Орска полными бездельниками
2024-01,1760,Сосновоборский муниципальный район,Пензенская область,Продовольствие,30.99,8.6,True,
2024-02,1633,Азовский немецкий национальный муниципальный район,Омская область,Маркетплейсы,30.48,21.2,True,2024-01-10 [utility] Губернатор Омской области обратился к жителям региона после отключения света
2024-12,612,Елизовский муниципальный район,Камчатский край,Маркетплейсы,30.42,-14.8,True,
2024-02,1146,Братский муниципальный район,Иркутская область,Транспорт,30.35,8.7,True,
2024-12,1785,Пушкиногорский муниципальный район,Псковская область,Общественное питание,30.25,-30.2,True,
2024-03,453,Алтайский муниципальный район,Республика Хакасия,Транспорт,30.16,-12.3,True,
2024-04,1688,Кваркенский муниципальный район,Оренбургская область,Транспорт,30.11,20.8,True,2024-04-07 [emergency] Власти Оренбургской области назвали сроки улучшения ситуации с паводком
2024-11,1724,Новодеревеньковский муниципальный район,Орловская область,Общественное питание,30.11,-40.8,True,
2024-10,1852,Касимовский муниципальный район,Рязанская область,Здоровье,29.97,-30.5,True,
2024-09,1776,Новосокольнический муниципальный район,Псковская область,Транспорт,29.94,-21.0,True,
2024-04,198,Зеленчукский муниципальный район,Карачаево-Черкесская Республика,Маркетплейсы,29.93,-7.9,True,
2024-07,1610,Каргатский муниципальный район,Новосибирская область,Транспорт,29.46,11.1,True,
2024-02,2589,внутригородская территория города федерального значения поселение Внуковское,Москва,Маркетплейсы,29.21,-11.7,True,2024-01-04 [utility] Десятки домов в Москве остались в мороз без света и тепла
2024-05,2329,Некрасовский муниципальный район,Ярославская область,Транспорт,29.15,11.7,True,
2024-04,2080,Жердевский муниципальный округ,Тамбовская область,Транспорт,29.12,7.7,True,
2024-05,214,Медвежьегорский муниципальный район,Республика Карелия,Транспорт,29.09,-5.7,True,
2024-07,1657,Седельниковский муниципальный район,Омская область,Здоровье,29.04,33.0,True,
2024-08,903,Котласский муниципальный округ,Архангельская область,Маркетплейсы,28.85,-13.4,True,
2024-03,1732,Хотынецкий муниципальный район,Орловская область,Все категории,28.77,19.3,True,
2024-03,693,Емельяновский муниципальный район,Красноярский край,Транспорт,28.65,8.4,True,
2024-05,11,Кош-Агачский муниципальный район,Республика Алтай,Все категории,28.63,2.3,True,
2024-02,2416,внутригородская территория города федерального значения поселок Песочный,Санкт-Петербург,Маркетплейсы,28.47,-12.2,True,
2024-08,61,Кигинский муниципальный район,Республика Башкортостан,Здоровье,28.47,-18.4,True,2024-07-28 [emergency] В Башкирии из-за паводка коровам пришлось передвигаться вплавь
2024-05,1894,Кинельский муниципальный район,Самарская область,Маркетплейсы,28.34,-18.9,True,
2024-04,2019,городской округ Белоярский,Свердловская область,Общественное питание,28.29,-6.6,True,
2024-06,804,Хорольский муниципальный округ,Приморский край,Здоровье,28.23,12.6,True,2024-07-31 [emergency] В Приморье рассказали о масштабе подтопления
2024-05,1955,городской округ Анивский,Сахалинская область,Транспорт,28.22,-23.6,True,
2024-05,1955,городской округ Анивский,Сахалинская область,Общественное питание,28.1,-18.0,True,
2024-02,218,Прионежский муниципальный район,Республика Карелия,Транспорт,28.03,5.4,True,
2024-01,295,Инсарский муниципальный район,Республика Мордовия,Маркетплейсы,27.7,12.9,True,
2024-03,435,муниципальный округ Кизнерский район,Удмуртская Республика,Продовольствие,27.66,5.3,True,
2024-07,1194,муниципальный округ Полесский,Калининградская область,Продовольствие,27.57,-14.2,True,
2024-09,1649,Нововаршавский муниципальный район,Омская область,Все категории,27.52,-2.2,True,
2024-09,1037,Светлоярский муниципальный район,Волгоградская область,Маркетплейсы,27.44,-7.3,True,
2024-11,1276,Котельничский муниципальный район,Кировская область,Продовольствие,27.32,-17.6,True,
2024-09,2222,городской округ город Нягань,Ханты-Мансийский автономный округ — Югра,Здоровье,27.22,1.0,True,
2024-12,1348,Петуховский муниципальный округ,Курганская область,Продовольствие,27.18,-0.6,True,
2024-06,2336,Угличский муниципальный район,Ярославская область,Здоровье,27.03,9.0,True,
2024-04,2229,Белоярский муниципальный район,Ханты-Мансийский автономный округ — Югра,Продовольствие,27.01,-8.4,True,
2024-07,2250,муниципальный округ Ямальский район,Ямало-Ненецкий автономный округ,Маркетплейсы,26.98,88.3,True,
2024-02,1610,Каргатский муниципальный район,Новосибирская область,Транспорт,26.92,-1.5,True,
2024-01,380,Лениногорский муниципальный район,Республика Татарстан,Все категории,26.87,8.8,True,
2024-11,1955,городской округ Анивский,Сахалинская область,Общественное питание,26.63,2.4,True,
2024-02,2496,внутригородская территория города федерального значения муниципальный округ Бескудниковский,Москва,Маркетплейсы,26.54,-4.1,True,2024-01-04 [utility] Десятки домов в Москве остались в мороз без света и тепла
2024-10,71,Салаватский муниципальный район,Республика Башкортостан,Здоровье,26.42,16.4,True,
2024-02,2485,внутригородская территория города федерального значения муниципальный округ Проспект Вернадского,Москва,Маркетплейсы,26.37,-7.0,True,2024-01-04 [utility] Десятки домов в Москве остались в мороз без света и тепла
2024-01,1906,Сызранский муниципальный район,Самарская область,Общественное питание,26.33,18.0,True,
2024-01,2030,городской округ Пышминский,Свердловская область,Маркетплейсы,26.32,10.0,True,
2024-04,1112,городской округ Шуя,Ивановская область,Транспорт,26.11,9.8,True,
2024-08,393,Тетюшский муниципальный район,Республика Татарстан,Здоровье,26.1,24.8,True,2024-07-30 [emergency] По Татарстану прокатились ураганы с ливнями и крупным градом. Смерч раскидал самолеты в аэропорту
2024-05,1348,Петуховский муниципальный округ,Курганская область,Продовольствие,26.06,-7.9,True,2024-04-12 [emergency] В МЧС сообщили о сотнях остающихся затопленными объектах в Курганской области
2024-11,434,муниципальный округ Кезский район,Удмуртская Республика,Маркетплейсы,26.04,20.3,True,
2024-01,19,Чойский муниципальный район,Республика Алтай,Все категории,26.03,-15.2,True,
2024-11,756,городской округ Очерский,Пермский край,Транспорт,25.99,-4.4,True,
2024-12,455,Бейский муниципальный район,Республика Хакасия,Транспорт,25.96,17.2,True,
2024-04,1265,муниципальный округ Афанасьевский,Кировская область,Маркетплейсы,25.69,18.1,True,
2024-07,1751,Малосердобинский муниципальный район,Пензенская область,Транспорт,25.63,-22.1,True,
2024-10,2270,Сурский муниципальный район,Ульяновская область,Здоровье,25.39,14.8,True,
2024-11,1744,Иссинский муниципальный район,Пензенская область,Общественное питание,25.37,9.2,True,
2024-01,1066,Тотемский муниципальный округ,Вологодская область,Транспорт,25.34,-19.9,True,
2024-12,497,Цивильский муниципальный округ,Чувашская Республика,Общественное питание,25.24,6.4,True,
2024-01,571,Шипуновский муниципальный район,Алтайский край,Все категории,25.23,-9.8,True,
2024-12,603,Шилкинский муниципальный район,Забайкальский край,Маркетплейсы,25.08,5.8,True,
2024-05,420,городской округ город Глазов,Удмуртская Республика,Транспорт,25.05,6.9,True,
2024-06,1775,муниципальный округ Новоржевский,Псковская область,Здоровье,24.97,-8.6,True,
2024-12,2490,внутригородская территория города федерального значения муниципальный округ Фили-Давыдково,Москва,Общественное питание,24.97,3.8,True,2024-12-21 [emergency] В Москве задержали пенсионерку-поджигательницу после эвакуации торгового центра
2024-07,1926,Екатериновский муниципальный район,Саратовская область,Транспорт,24.86,-13.2,True,
2024-04,2134,муниципальный округ Рамешковский,Тверская область,Маркетплейсы,24.82,21.9,True,
2024-12,2274,Чердаклинский муниципальный район,Ульяновская область,Транспорт,24.81,7.2,True,
2024-07,1892,Исаклинский муниципальный район,Самарская область,Здоровье,24.76,-22.8,True,
2024-01,428,муниципальный округ Граховский район,Удмуртская Республика,Все категории,24.64,4.5,True,
2024-01,1676,городской округ Ясненский,Оренбургская область,Транспорт,24.56,-10.9,True,
2024-10,1739,Белинский муниципальный район,Пензенская область,Продовольствие,24.5,-0.1,True,
2024-11,2041,Слободо-Туринский муниципальный район,Свердловская область,Маркетплейсы,24.47,-1.9,True,
2024-12,388,Пестречинский муниципальный район,Республика Татарстан,Продовольствие,24.32,-14.6,True,2024-12-21 [emergency] В Татарстане ввели режим чрезвычайной ситуации для органов власти и МЧС
2024-07,670,городской округ город Дивногорск,Красноярский край,Транспорт,24.27,21.0,True,
2024-02,706,Манский муниципальный район,Красноярский край,Общественное питание,24.24,5.4,True,
2024-09,1204,Думиничский муниципальный район,Калужская область,Транспорт,24.06,24.4,True,
2024-11,891,городской округ город Коряжма,Архангельская область,Продовольствие,23.73,-16.8,True,
2024-12,2519,внутригородская территория города федерального значения муниципальный округ Останкинский,Москва,Общественное питание,23.72,3.0,True,2024-12-21 [emergency] В Москве задержали пенсионерку-поджигательницу после эвакуации торгового центра
2024-06,519,Бурлинский муниципальный район,Алтайский край,Транспорт,23.71,-19.4,True,
2024-05,1686,Домбаровский муниципальный район,Оренбургская область,Продовольствие,23.7,-15.4,True,2024-04-07 [emergency] Власти Оренбургской области назвали сроки улучшения ситуации с паводком
2024-09,1430,городской округ город Магадан,Магаданская область,Здоровье,23.68,-3.7,True,
2024-01,1994,городской округ Красноуральск,Свердловская область,Маркетплейсы,23.51,15.5,True,
2024-12,884,Селемджинский муниципальный район,Амурская область,Все категории,23.49,-1.6,True,
2024-05,243,Усть-Цилемский муниципальный район,Республика Коми,Маркетплейсы,23.45,-49.9,True,2024-06-26 [emergency] В Коми заявили об эвакуации всех пассажиров сошедшего с рельсов поезда
2024-11,1249,Промышленновский муниципальный округ,Кемеровская область,Здоровье,23.42,4.0,True,
2024-12,2495,внутригородская территория города федерального значения муниципальный округ Беговой,Москва,Общественное питание,23.36,15.3,True,2024-12-21 [emergency] В Москве задержали пенсионерку-поджигательницу после эвакуации торгового центра
2024-12,1253,Тяжинский муниципальный округ,Кемеровская область,Продовольствие,23.25,9.1,True,
2024-02,770,муниципальный округ Косинский,Пермский край,Здоровье,23.24,21.6,True,
2024-07,1710,Болховский муниципальный район,Орловская область,Здоровье,23.24,-32.1,True,2024-07-12 [emergency] Глава Орловской области назвал власти затопленного весной Орска полными бездельниками
2024-10,2043,Таборинский муниципальный район,Свердловская область,Транспорт,23.2,5.8,True,
2024-10,1265,муниципальный округ Афанасьевский,Кировская область,Маркетплейсы,23.15,0.8,True,
2024-05,1935,Новобурасский муниципальный район,Саратовская область,Транспорт,23.1,28.5,True,
2024-03,1608,Искитимский муниципальный район,Новосибирская область,Общественное питание,23.01,32.8,True,
2024-06,2593,внутригородская территория города федерального значения поселение Киевский,Москва,Здоровье,22.98,46.3,True,2024-05-18 [emergency] Людей эвакуировали из Большого театра в Москве
2024-03,1430,городской округ город Магадан,Магаданская область,Транспорт,22.95,8.1,True,
2024-01,2206,Омутинский муниципальный район,Тюменская область,Продовольствие,22.92,-7.6,True,
2024-11,1117,Ивановский муниципальный район,Ивановская область,Все категории,22.87,10.8,True,
2024-02,2114,муниципальный округ Весьегонский,Тверская область,Здоровье,22.83,18.2,True,
2024-03,829,Арзгирский муниципальный округ,Ставропольский край,Общественное питание,22.79,-44.0,True,
2024-01,877,Константиновский муниципальный район,Амурская область,Продовольствие,22.5,-11.9,True,
2024-01,1473,городской округ Протвино,Московская область,Общественное питание,22.5,12.6,True,2024-01-29 [emergency] Более 100 жителей эвакуировали из дома в Подмосковье из-за трещины на фасаде
2024-03,1504,городской округ Талдомский,Московская область,Общественное питание,22.41,-11.6,True,2024-03-04 [emergency] Воробьев рассказал о подготовке Подмосковья к паводку
2024-08,2352,внутригородская территория города федерального значения муниципальный округ Сенной округ,Санкт-Петербург,Транспорт,22.39,-6.1,True,
2024-12,562,Третьяковский муниципальный район,Алтайский край,Общественное питание,22.37,-21.4,True,
2024-02,297,Кадошкинский муниципальный район,Республика Мордовия,Общественное питание,22.33,-36.1,True,
2024-04,31,Альшеевский муниципальный район,Республика Башкортостан,Маркетплейсы,22.32,4.2,True,
2024-07,543,Павловский муниципальный район,Алтайский край,Транспорт,22.31,11.7,True,
2024-12,2176,Дубенский муниципальный район,Тульская область,Продовольствие,22.29,-6.8,True,
2024-11,1265,муниципальный округ Афанасьевский,Кировская область,Транспорт,22.25,-16.4,True,
2024-06,578,Балейский муниципальный район,Забайкальский край,Продовольствие,22.23,13.0,True,
2024-02,2035,городской округ Тугулымский,Свердловская область,Маркетплейсы,22.21,6.0,True,
2024-09,70,Нуримановский муниципальный район,Республика Башкортостан,Транспорт,22.17,-17.9,True,
2024-02,1775,муниципальный округ Новоржевский,Псковская область,Здоровье,22.09,-9.0,True,
2024-06,1037,Светлоярский муниципальный район,Волгоградская область,Маркетплейсы,22.09,-16.0,True,
2024-12,1020,Иловлинский муниципальный район,Волгоградская область,Общественное питание,22.0,-6.2,True,
2024-01,1070,Чагодощенский муниципальный округ,Вологодская область,Транспорт,21.94,-8.4,True,
2024-02,1116,Заволжский муниципальный район,Ивановская область,Общественное питание,21.91,36.9,True,
2024-05,243,Усть-Цилемский муниципальный район,Республика Коми,Все категории,21.87,-16.7,True,2024-06-26 [emergency] В Коми заявили об эвакуации всех пассажиров сошедшего с рельсов поезда
2024-01,852,Нанайский муниципальный район,Хабаровский край,Все категории,21.84,-10.8,True,
2024-02,1040,Старополтавский муниципальный район,Волгоградская область,Общественное питание,21.81,-10.4,True,
2024-06,2058,Новодугинский муниципальный район,Смоленская область,Продовольствие,21.79,-5.6,True,
2024-02,1143,городской округ город Свирск,Иркутская область,Маркетплейсы,21.76,13.1,True,
2024-11,2208,Сорокинский муниципальный район,Тюменская область,Продовольствие,21.7,-12.3,True,
2024-02,782,городской округ Находкинский,Приморский край,Здоровье,21.63,-7.1,True,
2024-06,1774,муниципальный округ Невельский,Псковская область,Здоровье,21.61,-17.7,True,
2024-10,1510,муниципальный округ город Оленегорск,Мурманская область,Транспорт,21.59,-19.1,True,
2024-12,876,Ивановский муниципальный округ,Амурская область,Все категории,21.59,0.8,True,
2024-12,396,Черемшанский муниципальный район,Республика Татарстан,Транспорт,21.58,-16.6,True,2024-12-21 [emergency] В Татарстане ввели режим чрезвычайной ситуации для органов власти и МЧС
2024-12,62,Краснокамский муниципальный район,Республика Башкортостан,Все категории,21.54,-8.1,True,
2024-11,774,муниципальный округ Юсьвинский,Пермский край,Общественное питание,21.5,-12.5,True,
2024-02,2488,внутригородская территория города федерального значения муниципальный округ Тропарево-Никулино,Москва,Маркетплейсы,21.48,-8.5,True,2024-01-04 [utility] Десятки домов в Москве остались в мороз без света и тепла
2024-11,1265,муниципальный округ Афанасьевский,Кировская область,Все категории,21.4,-14.3,True,
2024-01,1871,Чучковский муниципальный район,Рязанская область,Все категории,21.39,-8.4,True,
2024-05,1959,городской округ Макаровский,Сахалинская область,Транспорт,21.38,-36.5,True,
2024-01,1680,Александровский муниципальный район,Оренбургская область,Маркетплейсы,21.34,19.5,True,
2024-08,1715,Залегощенский муниципальный район,Орловская область,Транспорт,21.2,-17.1,True,2024-07-12 [emergency] Глава Орловской области назвал власти затопленного весной Орска полными бездельниками
2024-02,1396,Выборгский муниципальный район,Ленинградская область,Маркетплейсы,21.15,-9.7,True,
2024-11,1348,Петуховский муниципальный округ,Курганская область,Здоровье,21.15,7.5,True,
2024-09,1278,муниципальный округ Лебяжский,Кировская область,Продовольствие,21.13,-10.0,True,
2024-08,2501,внутригородская территория города федерального значения муниципальный округ Западное Дегунино,Москва,Маркетплейсы,21.09,-18.2,True,2024-08-02 [emergency] Кинотеатр в центре Москвы эвакуировали
2024-09,2292,Аргаяшский муниципальный район,Челябинская область,Здоровье,21.08,12.4,True,
2024-03,678,городской округ город Норильск,Красноярский край,Общественное питание,21.06,-5.9,True,
2024-02,2362,внутригородская территория города федерального значения поселок Левашово,Санкт-Петербург,Маркетплейсы,20.99,-8.9,True,
2024-11,1928,Ивантеевский муниципальный район,Саратовская область,Транспорт,20.97,-1.2,True,
2024-01,414,Улуг-Хемский муниципальный район,Республика Тыва,Маркетплейсы,20.94,-13.5,True,
2024-06,908,Няндомский муниципальный округ,Архангельская область,Транспорт,20.92,11.3,True,
2024-06,1350,Притобольный муниципальный округ,Курганская область,Транспорт,20.9,-18.1,True,2024-05-10 [emergency] Правительство направит миллиарды рублей жителям Курганской области после паводка
2024-11,744,муниципальный округ Карагайский,Пермский край,Транспорт,20.87,7.3,True,
2024-02,1303,городской округ город Кострома,Костромская область,Маркетплейсы,20.76,-4.1,True,
2024-04,2578,внутригородская территория города федерального значения муниципальный округ Нагатинский затон,Москва,Транспорт,20.7,12.8,True,2024-03-22 [emergency] Стало известно об эвакуации всех торговых центров Москвы
2024-03,547,Поспелихинский муниципальный район,Алтайский край,Здоровье,20.67,-7.8,True,2024-04-13 [emergency] Глава МЧС не исключил второй волны паводка в Алтайском крае
2024-01,1291,муниципальный округ Санчурский,Кировская область,Все категории,20.63,5.2,True,
2024-09,22,городской округ город Агидель,Республика Башкортостан,Все категории,20.63,-13.4,True,
2024-08,2582,внутригородская территория города федерального значения муниципальный округ Царицыно,Москва,Маркетплейсы,20.61,-16.8,True,2024-08-02 [emergency] Кинотеатр в центре Москвы эвакуировали
2024-10,70,Нуримановский муниципальный район,Республика Башкортостан,Здоровье,20.57,-10.2,True,
2024-02,603,Шилкинский муниципальный район,Забайкальский край,Маркетплейсы,20.56,9.5,True,
2024-09,238,Сысольский муниципальный район,Республика Коми,Все категории,20.52,-8.4,True,
2024-03,1667,городской округ город Бугуруслан,Оренбургская область,Общественное питание,20.48,-5.0,True,2024-04-07 [emergency] Власти Оренбургской области назвали сроки улучшения ситуации с паводком
2024-04,585,муниципальный район Город Краснокаменск и Краснокаменский район,Забайкальский край,Общественное питание,20.43,8.0,True,
2024-11,78,Федоровский муниципальный район,Республика Башкортостан,Транспорт,20.43,-24.3,True,
2024-08,8,Теучежский муниципальный район,Республика Адыгея,Продовольствие,20.34,5.3,True,
2024-08,1864,Сапожковский муниципальный район,Рязанская область,Здоровье,20.33,-18.7,True,
2024-04,1715,Залегощенский муниципальный район,Орловская область,Общественное питание,20.32,-32.4,True,
2024-12,860,Хабаровский муниципальный район,Хабаровский край,Маркетплейсы,20.24,69.3,True,
2024-09,218,Прионежский муниципальный район,Республика Карелия,Транспорт,20.19,-12.2,True,
2024-01,320,Вилюйский муниципальный район,Республика Саха (Якутия),Продовольствие,20.16,-11.4,True,
2024-02,1860,Путятинский муниципальный округ,Рязанская область,Транспорт,20.13,35.7,True,
2024-11,791,Красноармейский муниципальный округ,Приморский край,Продовольствие,20.09,-2.2,True,
2024-01,26,городской округ город Октябрьский,Республика Башкортостан,Общественное питание,20.04,8.5,True,
2024-06,1270,Вятскополянский муниципальный район,Кировская область,Маркетплейсы,19.95,11.7,True,
2024-01,1622,Северный муниципальный район,Новосибирская область,Общественное питание,19.87,-39.3,True,
2024-02,1037,Светлоярский муниципальный район,Волгоградская область,Маркетплейсы,19.86,-7.3,True,
2024-09,2265,Павловский муниципальный район,Ульяновская область,Продовольствие,19.81,-6.0,True,
2024-09,2545,внутригородская территория города федерального значения муниципальный округ Якиманка,Москва,Здоровье,19.74,-4.8,True,2024-08-02 [emergency] Кинотеатр в центре Москвы эвакуировали
2024-12,1776,Новосокольнический муниципальный район,Псковская область,Транспорт,19.74,-0.4,True,
2024-03,2018,городской округ Ачитский,Свердловская область,Маркетплейсы,19.69,17.4,True,
2024-08,928,Приволжский муниципальный район,Астраханская область,Все категории,19.66,5.7,True,
2024-08,198,Зеленчукский муниципальный район,Карачаево-Черкесская Республика,Маркетплейсы,19.65,1.9,True,
2024-01,356,Агрызский муниципальный район,Республика Татарстан,Транспорт,19.58,-15.9,True,
2024-02,792,Лазовский муниципальный округ,Приморский край,Продовольствие,19.58,-5.9,True,
2024-05,2593,внутригородская территория города федерального значения поселение Киевский,Москва,Общественное питание,19.56,49.8,True,2024-04-01 [emergency] В Москве эвакуировали студентов из нескольких вузов из-за угрозы взрыва
2024-05,1903,Приволжский муниципальный район,Самарская область,Транспорт,19.55,-15.0,True,
2024-07,1426,Тербунский муниципальный район,Липецкая область,Здоровье,19.55,-6.5,True,"2024-08-09 [emergency,attack] Эвакуированным из-за атаки ВСУ жителям Липецкой области разрешили возвращаться домой"
2024-04,744,муниципальный округ Карагайский,Пермский край,Транспорт,19.47,0.5,True,
2024-05,2087,Мучкапский муниципальный округ,Тамбовская область,Маркетплейсы,19.47,-9.6,True,
2024-09,2301,Катав-Ивановский муниципальный район,Челябинская область,Маркетплейсы,19.42,-8.3,True,
2024-03,1438,муниципальный округ Ягоднинский,Магаданская область,Общественное питание,19.4,-51.7,True,
2024-11,1305,городской округ город Волгореченск,Костромская область,Все категории,19.28,-4.9,True,
2024-09,1351,Сафакулевский муниципальный округ,Курганская область,Продовольствие,19.22,-13.8,True,
2024-03,480,городской округ город Канаш,Чувашская Республика,Транспорт,19.16,-2.9,True,
2024-06,1249,Промышленновский муниципальный округ,Кемеровская область,Маркетплейсы,19.15,14.9,True,
2024-08,2030,городской округ Пышминский,Свердловская область,Маркетплейсы,19.09,13.3,True,
2024-08,853,Николаевский муниципальный район,Хабаровский край,Продовольствие,19.08,3.4,True,
2024-08,1519,Кольский муниципальный район,Мурманская область,Здоровье,19.03,-7.1,True,
2024-12,2569,внутригородская территория города федерального значения муниципальный округ Ясенево,Москва,Общественное питание,18.95,10.9,True,2024-12-21 [emergency] В Москве задержали пенсионерку-поджигательницу после эвакуации торгового центра
2024-05,790,Кировский муниципальный район,Приморский край,Продовольствие,18.94,-11.7,True,
2024-08,1005,Суздальский муниципальный район,Владимирская область,Здоровье,18.94,29.1,True,2024-09-22 [emergency] Во Владимирской области эвакуировали жителей двух районов
2024-01,74,Татышлинский муниципальный район,Республика Башкортостан,Все категории,18.92,9.0,True,
2024-02,1764,городской округ город Псков,Псковская область,Маркетплейсы,18.91,-4.8,True,
2024-08,2488,внутригородская территория города федерального значения муниципальный округ Тропарево-Никулино,Москва,Маркетплейсы,18.91,-20.6,True,2024-08-02 [emergency] Кинотеатр в центре Москвы эвакуировали
2024-09,1146,Братский муниципальный район,Иркутская область,Продовольствие,18.9,-9.8,True,
2024-02,1021,Калачевский муниципальный район,Волгоградская область,Маркетплейсы,18.84,-4.5,True,
2024-11,1929,Калининский муниципальный район,Саратовская область,Маркетплейсы,18.82,-2.5,True,
2024-05,34,Аургазинский муниципальный район,Республика Башкортостан,Все категории,18.8,-11.2,True,
2024-06,2601,внутригородская территория города федерального значения поселение Новофедоровское,Москва,Здоровье,18.78,2.4,True,2024-05-18 [emergency] Людей эвакуировали из Большого театра в Москве
2024-12,2160,Тегульдетский муниципальный район,Томская область,Все категории,18.78,7.6,True,
2024-06,198,Зеленчукский муниципальный район,Карачаево-Черкесская Республика,Транспорт,18.77,-6.2,True,
2024-08,2579,внутригородская территория города федерального значения муниципальный округ Нагорный,Москва,Маркетплейсы,18.77,-17.6,True,2024-08-02 [emergency] Кинотеатр в центре Москвы эвакуировали
2024-03,1287,Оричевский муниципальный район,Кировская область,Здоровье,18.76,-7.4,True,
2024-08,2538,внутригородская территория города федерального значения муниципальное образование Савелки,Москва,Маркетплейсы,18.76,-18.3,True,2024-08-02 [emergency] Кинотеатр в центре Москвы эвакуировали
2024-02,1184,городской округ Балтийский,Калининградская область,Здоровье,18.73,-5.1,True,
2024-05,1253,Тяжинский муниципальный округ,Кемеровская область,Продовольствие,18.72,-5.2,True,
2024-01,1419,Задонский муниципальный район,Липецкая область,Все категории,18.71,8.5,True,
2024-11,2581,внутригородская территория города федерального значения муниципальный округ Орехово-Борисово Южное,Москва,Здоровье,18.67,5.7,True,2024-10-03 [emergency] Эвакуированные из Ливана россияне прилетели в Москву
2024-10,1645,Москаленский муниципальный район,Омская область,Здоровье,18.66,-9.7,True,
2024-05,2167,городской округ город Донской,Тульская область,Общественное питание,18.62,8.5,True,
2024-01,2329,Некрасовский муниципальный район,Ярославская область,Транспорт,18.6,-19.2,True,
2024-08,2466,внутригородская территория города федерального значения муниципальный округ Гольяново,Москва,Маркетплейсы,18.58,-17.9,True,2024-08-02 [emergency] Кинотеатр в центре Москвы эвакуировали
2024-02,2588,внутригородская территория города федерального значения городской округ Щербинка,Москва,Маркетплейсы,18.57,-10.3,True,2024-01-04 [utility] Десятки домов в Москве остались в мороз без света и тепла
2024-10,895,городской округ город Новодвинск,Архангельская область,Транспорт,18.57,-11.5,True,
2024-12,2579,внутригородская территория города федерального значения муниципальный округ Нагорный,Москва,Общественное питание,18.57,9.4,True,2024-12-21 [emergency] В Москве задержали пенсионерку-поджигательницу после эвакуации торгового центра
2024-02,2222,городской округ город Нягань,Ханты-Мансийский автономный округ — Югра,Общественное питание,18.54,-2.4,True,
2024-11,773,муниципальный округ Юрлинский,Пермский край,Продовольствие,18.54,-10.3,True,
2024-02,212,Лахденпохский муниципальный район,Республика Карелия,Здоровье,18.48,-1.9,True,
2024-12,852,Нанайский муниципальный район,Хабаровский край,Все категории,18.43,2.3,True,
2024-04,540,Михайловский муниципальный район,Алтайский край,Все категории,18.42,1.9,True,2024-04-13 [emergency] Глава МЧС не исключил второй волны паводка в Алтайском крае
2024-06,1122,Лухский муниципальный район,Ивановская область,Здоровье,18.42,-41.3,True,
2024-11,1594,Холмский муниципальный район,Новгородская область,Общественное питание,18.37,42.2,True,
2024-07,2146,городской округ город Стрежевой,Томская область,Маркетплейсы,18.34,-11.8,True,
2024-08,2585,внутригородская территория города федерального значения муниципальный округ Чертаново Южное,Москва,Маркетплейсы,18.34,-18.0,True,2024-08-02 [emergency] Кинотеатр в центре Москвы эвакуировали
2024-07,1128,Савинский муниципальный район,Ивановская область,Все категории,18.31,-7.8,True,
2024-06,722,Ужурский муниципальный район,Красноярский край,Здоровье,18.3,-11.6,True,
2024-10,2046,Велижский муниципальный район,Смоленская область,Маркетплейсы,18.29,-11.7,True,
2024-04,1217,Спас-Деменский муниципальный район,Калужская область,Маркетплейсы,18.27,-13.9,True,
2024-10,1003,Собинский муниципальный район,Владимирская область,Все категории,18.22,8.0,True,2024-09-22 [emergency] Во Владимирской области эвакуировали жителей двух районов
2024-11,1860,Путятинский муниципальный округ,Рязанская область,Транспорт,18.21,-12.7,True,
2024-04,1473,городской округ Протвино,Московская область,Общественное питание,18.11,2.4,True,2024-03-04 [emergency] Воробьев рассказал о подготовке Подмосковья к паводку
2024-06,1719,Кромской муниципальный район,Орловская область,Продовольствие,18.04,-8.9,True,2024-07-12 [emergency] Глава Орловской области назвал власти затопленного весной Орска полными бездельниками
2024-08,2597,внутригородская территория города федерального значения поселение Марушкинское,Москва,Маркетплейсы,18.03,-15.1,True,2024-08-02 [emergency] Кинотеатр в центре Москвы эвакуировали
2024-08,2146,городской округ город Стрежевой,Томская область,Здоровье,18.0,-9.4,True,
2024-01,923,Икрянинский муниципальный район,Астраханская область,Маркетплейсы,17.93,-11.2,True,
2024-03,2045,городской округ город Десногорск,Смоленская область,Общественное питание,17.93,11.1,True,
2024-06,770,муниципальный округ Косинский,Пермский край,Здоровье,17.91,-15.6,True,
2024-06,1055,Вытегорский муниципальный район,Вологодская область,Маркетплейсы,17.9,13.3,True,
2024-12,458,Таштыпский муниципальный район,Республика Хакасия,Транспорт,17.89,31.7,True,
2024-08,2507,внутригородская территория города федерального значения муниципальный округ Тимирязевский,Москва,Маркетплейсы,17.85,-17.7,True,2024-08-02 [emergency] Кинотеатр в центре Москвы эвакуировали
2024-05,1068,Устюженский муниципальный округ,Вологодская область,Общественное питание,17.83,31.7,True,
2024-11,26,городской округ город Октябрьский,Республика Башкортостан,Общественное питание,17.81,0.5,True,
2024-08,780,городской округ Дальнереченский,Приморский край,Продовольствие,17.78,6.1,True,2024-07-31 [emergency] В Приморье рассказали о масштабе подтопления
2024-09,1780,муниципальный округ Печорский,Псковская область,Транспорт,17.74,-12.2,True,
2024-06,433,муниципальный округ Каракулинский район,Удмуртская Республика,Продовольствие,17.73,-11.8,True,
2024-02,2132,муниципальный округ Оленинский,Тверская область,Транспорт,17.71,-5.4,True,
2024-04,285,Юринский муниципальный район,Республика Марий Эл,Транспорт,17.65,19.9,True,
2024-07,1570,Тонкинский муниципальный округ,Нижегородская область,Транспорт,17.61,-1.9,True,
2024-07,834,Курский муниципальный округ,Ставропольский край,Транспорт,17.6,-3.3,True,
2024-12,241,Усть-Вымский муниципальный район,Республика Коми,Все категории,17.56,-8.8,True,
2024-12,907,Мезенский муниципальный округ,Архангельская область,Продовольствие,17.54,-11.6,True,
2024-11,62,Краснокамский муниципальный район,Республика Башкортостан,Здоровье,17.5,36.7,True,
2024-04,1865,Сараевский муниципальный район,Рязанская область,Продовольствие,17.46,-7.5,True,
2024-03,306,Теньгушевский муниципальный район,Республика Мордовия,Продовольствие,17.41,-9.9,True,
2024-11,2045,городской округ город Десногорск,Смоленская область,Общественное питание,17.35,10.3,True,
2024-04,1673,городской округ город Орск,Оренбургская область,Маркетплейсы,17.33,-5.9,True,2024-04-05 [emergency] Для эвакуации после прорыва дамбы в Орске подготовили шесть ПВР || 2024-04-05 [emergency] Сотни спасателей направились эвакуировать жителей Орска || 2024-04-07 [emergency] Власти Оренбургской области назвали сроки улучшения ситуации с паводком
2024-12,225,городской округ Воркута,Республика Коми,Маркетплейсы,17.33,-16.7,True,
2024-10,1889,Борский муниципальный район,Самарская область,Продовольствие,17.32,-1.7,True,2024-09-29 [emergency] В Самарской области начали тушить лесной пожар
2024-02,2204,Казанский муниципальный район,Тюменская область,Транспорт,17.28,-8.5,True,
2024-11,1232,городской округ Мысковский,Кемеровская область,Общественное питание,17.28,22.2,True,
2024-12,736,муниципальный округ Березовский,Пермский край,Общественное питание,17.28,-26.7,True,
2024-03,1184,городской округ Балтийский,Калининградская область,Транспорт,17.23,-16.9,True,
2024-08,618,Карагинский муниципальный район,Камчатский край,Маркетплейсы,17.23,31.0,True,
2024-03,1945,Самойловский муниципальный район,Саратовская область,Все категории,17.22,-1.4,True,
2024-12,1463,городской округ Луховицы,Московская область,Здоровье,17.18,9.7,True,2024-12-21 [emergency] В Подмосковье эвакуировали посетителей ТЦ из-за запуска фейерверка
2024-09,2486,внутригородская территория города федерального значения муниципальный округ Раменки,Москва,Здоровье,17.14,-1.9,True,2024-08-02 [emergency] Кинотеатр в центре Москвы эвакуировали
2024-01,1423,Лев-Толстовский муниципальный район,Липецкая область,Все категории,17.12,6.5,True,
2024-09,2488,внутригородская территория города федерального значения муниципальный округ Тропарево-Никулино,Москва,Здоровье,17.12,-1.8,True,2024-08-02 [emergency] Кинотеатр в центре Москвы эвакуировали
2024-12,1034,Ольховский муниципальный район,Волгоградская область,Продовольствие,17.1,-11.3,True,
2024-09,2269,Старомайнский муниципальный район,Ульяновская область,Транспорт,17.09,2.9,True,
2024-12,1755,Нижнеломовский муниципальный район,Пензенская область,Продовольствие,17.07,-3.3,True,
2024-11,203,Урупский муниципальный район,Карачаево-Черкесская Республика,Продовольствие,17.03,-10.0,True,
2024-08,719,Тасеевский муниципальный район,Красноярский край,Здоровье,17.02,1.5,True,
2024-12,402,Барун-Хемчикский муниципальный район,Республика Тыва,Здоровье,17.02,-62.9,True,
2024-04,899,муниципальный округ Вилегодский,Архангельская область,Общественное питание,16.99,2.8,True,
2024-12,1062,Нюксенский муниципальный округ,Вологодская область,Общественное питание,16.91,77.0,True,
2024-12,2431,внутригородская территория города федерального значения муниципальный округ Рыбацкое,Санкт-Петербург,Общественное питание,16.91,6.3,True,2024-12-30 [emergency] В Санкт-Петербурге из-за угрозы наводнения закрыли дамбу
2024-01,22,городской округ город Агидель,Республика Башкортостан,Все категории,16.9,2.1,True,
2024-01,873,Бурейский муниципальный округ,Амурская область,Общественное питание,16.9,-16.4,True,
2024-07,702,Кежемский муниципальный район,Красноярский край,Маркетплейсы,16.78,3.4,True,
2024-04,1337,Варгашинский муниципальный округ,Курганская область,Транспорт,16.76,-29.5,True,2024-04-12 [emergency] В МЧС сообщили о сотнях остающихся затопленными объектах в Курганской области
2024-03,1282,Нагорский муниципальный район,Кировская область,Здоровье,16.74,19.5,True,
2024-12,359,Актанышский муниципальный район,Республика Татарстан,Продовольствие,16.7,-13.2,True,2024-12-21 [emergency] В Татарстане ввели режим чрезвычайной ситуации для органов власти и МЧС
2024-12,1537,Ардатовский муниципальный округ,Нижегородская область,Маркетплейсы,16.69,-1.6,True,
2024-02,1928,Ивантеевский муниципальный район,Саратовская область,Транспорт,16.68,-18.8,True,
2024-01,1276,Котельничский муниципальный район,Кировская область,Продовольствие,16.66,-12.6,True,
2024-09,1025,Котельниковский муниципальный район,Волгоградская область,Здоровье,16.66,-10.5,True,
2024-04,2047,Вяземский муниципальный район,Смоленская область,Транспорт,16.63,14.8,True,
2024-01,276,Куженерский муниципальный район,Республика Марий Эл,Транспорт,16.59,-10.5,True,
2024-08,1317,Макарьевский муниципальный район,Костромская область,Транспорт,16.56,9.9,True,
2024-06,794,Надеждинский муниципальный район,Приморский край,Здоровье,16.54,15.4,True,2024-07-31 [emergency] В Приморье рассказали о масштабе подтопления
2024-01,51,Дюртюлинский муниципальный район,Республика Башкортостан,Все категории,16.53,6.8,True,
2024-04,405,Кызылский муниципальный район,Республика Тыва,Транспорт,16.51,4.8,True,
2024-06,1568,Сосновский муниципальный округ,Нижегородская область,Транспорт,16.51,18.5,True,
2024-09,2137,муниципальный округ Селижаровский,Тверская область,Маркетплейсы,16.46,-15.2,True,
2024-01,1406,Сланцевский муниципальный район,Ленинградская область,Маркетплейсы,16.44,-11.8,True,
2024-06,1593,муниципальный округ Хвойнинский,Новгородская область,Продовольствие,16.44,-7.9,True,
2024-11,1305,городской округ город Волгореченск,Костромская область,Продовольствие,16.44,-12.5,True,
2024-07,1430,городской округ город Магадан,Магаданская область,Здоровье,16.42,19.1,True,2024-06-23 [attack] В ходе атаки ВСУ на Севастополь погибла дочь заммэра Магадана
2024-03,1657,Седельниковский муниципальный район,Омская область,Все категории,16.39,3.7,True,
2024-12,598,Улётовский муниципальный район,Забайкальский край,Маркетплейсы,16.38,46.3,True,
2024-02,1783,Псковский муниципальный район,Псковская область,Маркетплейсы,16.35,-10.0,True,
2024-01,56,Илишевский муниципальный район,Республика Башкортостан,Все категории,16.32,4.8,True,
2024-02,1141,городской округ город Усть-Илимск,Иркутская область,Общественное питание,16.32,5.0,True,
2024-05,1392,Бокситогорский муниципальный район,Ленинградская область,Транспорт,16.32,11.6,True,
2024-07,1545,Варнавинский муниципальный округ,Нижегородская область,Транспорт,16.27,-8.2,True,
2024-08,2513,внутригородская территория города федерального значения муниципальный округ Бибирево,Москва,Маркетплейсы,16.26,-20.5,True,2024-08-02 [emergency] Кинотеатр в центре Москвы эвакуировали
2024-01,1420,Измалковский муниципальный район,Липецкая область,Общественное питание,16.24,-34.5,True,
2024-02,1244,Крапивинский муниципальный округ,Кемеровская область,Общественное питание,16.24,-32.5,True,
2024-05,2018,городской округ Ачитский,Свердловская область,Маркетплейсы,16.21,-9.5,True,
2024-05,1396,Выборгский муниципальный район,Ленинградская область,Маркетплейсы,16.19,-3.3,True,
2024-03,332,Оймяконский муниципальный район,Республика Саха (Якутия),Все категории,16.1,-14.5,True,
2024-03,359,Актанышский муниципальный район,Республика Татарстан,Маркетплейсы,16.07,14.0,True,
2024-05,35,Баймакский муниципальный район,Республика Башкортостан,Общественное питание,16.03,-31.1,True,
2024-12,1039,Среднеахтубинский муниципальный район,Волгоградская область,Общественное питание,16.02,27.6,True,
2024-03,1610,Каргатский муниципальный район,Новосибирская область,Общественное питание,16.01,12.0,True,
2024-02,2507,внутригородская территория города федерального значения муниципальный округ Тимирязевский,Москва,Маркетплейсы,15.98,-5.9,True,2024-01-04 [utility] Десятки домов в Москве остались в мороз без света и тепла
2024-05,1193,муниципальный округ Озерский,Калининградская область,Транспорт,15.98,24.9,True,
2024-04,392,Спасский муниципальный район,Республика Татарстан,Транспорт,15.97,11.0,True,"2024-05-31 [emergency,attack,economy] После сообщений о беспилотниках в Татарстане на предприятиях объявили эвакуацию"
2024-07,2171,Арсеньевский муниципальный район,Тульская область,Все категории,15.97,3.2,True,
2024-08,1449,городской округ Зарайск,Московская область,Здоровье,15.96,9.7,True,2024-07-06 [emergency] В Подмосковье мужчину придавило деревом во время урагана
2024-03,2216,городской округ город Ханты-Мансийск,Ханты-Мансийский автономный округ — Югра,Маркетплейсы,15.94,-5.4,True,
2024-08,1766,Бежаницкий муниципальный район,Псковская область,Транспорт,15.92,-13.2,True,
2024-08,2456,внутригородская территория города федерального значения муниципальный округ Дворцовый округ,Санкт-Петербург,Транспорт,15.89,3.5,True,
2024-01,236,муниципальный район Сосногорск,Республика Коми,Маркетплейсы,15.88,7.9,True,
2024-01,2046,Велижский муниципальный район,Смоленская область,Все категории,15.87,-8.9,True,
2024-03,739,городской округ Горнозаводский,Пермский край,Общественное питание,15.87,38.7,True,
2024-06,2041,Слободо-Туринский муниципальный район,Свердловская область,Маркетплейсы,15.87,9.1,True,
2024-05,300,Краснослободский муниципальный район,Республика Мордовия,Общественное питание,15.86,57.6,True,
2024-12,790,Кировский муниципальный район,Приморский край,Продовольствие,15.84,-0.2,True,
2024-08,2499,внутригородская территория города федерального значения муниципальный округ Головинский,Москва,Маркетплейсы,15.83,-16.5,True,2024-08-02 [emergency] Кинотеатр в центре Москвы эвакуировали
2024-10,720,Туруханский муниципальный район,Красноярский край,Здоровье,15.83,-7.2,True,
2024-04,2155,Колпашевский муниципальный район,Томская область,Транспорт,15.81,-4.7,True,
2024-01,405,Кызылский муниципальный район,Республика Тыва,Все категории,15.8,-4.8,True,
2024-02,1266,Белохолуницкий муниципальный район,Кировская область,Маркетплейсы,15.8,-15.4,True,
2024-04,2211,Уватский муниципальный район,Тюменская область,Транспорт,15.8,-25.7,True,2024-04-14 [emergency] В двух деревнях Тюменской области началась эвакуация из-за паводка
2024-07,2244,муниципальный округ Красноселькупский район,Ямало-Ненецкий автономный округ,Маркетплейсы,15.79,73.1,True,
2024-09,2416,внутригородская территория города федерального значения поселок Песочный,Санкт-Петербург,Здоровье,15.79,-13.2,True,2024-10-23 [emergency] Дамбу в Санкт-Петербурге перевели в режим готовности
2024-06,1212,Малоярославецкий муниципальный район,Калужская область,Здоровье,15.78,6.8,True,
2024-12,1955,городской округ Анивский,Сахалинская область,Транспорт,15.78,12.9,True,
2024-05,1321,муниципальный район город Нерехта и Нерехтский район,Костромская область,Общественное питание,15.77,12.7,True,
2024-01,1426,Тербунский муниципальный район,Липецкая область,Все категории,15.73,7.8,True,
2024-12,1955,городской округ Анивский,Сахалинская область,Все категории,15.72,-5.2,True,
2024-03,167,городской округ Нальчик,Кабардино-Балкарская Республика,Общественное питание,15.67,-13.0,True,
2024-04,1676,городской округ Ясненский,Оренбургская область,Транспорт,15.65,-8.5,True,2024-04-07 [emergency] Власти Оренбургской области назвали сроки улучшения ситуации с паводком
2024-05,1249,Промышленновский муниципальный округ,Кемеровская область,Здоровье,15.65,5.8,True,
2024-01,1288,Орловский муниципальный район,Кировская область,Транспорт,15.61,-27.5,True,
2024-07,2087,Мучкапский муниципальный округ,Тамбовская область,Продовольствие,15.59,7.0,True,
2024-12,452,городской округ город Черногорск,Республика Хакасия,Транспорт,15.58,12.7,True,
2024-02,43,Благоварский муниципальный район,Республика Башкортостан,Транспорт,15.56,17.2,True,
2024-09,1015,Городищенский муниципальный район,Волгоградская область,Все категории,15.56,5.3,True,
2024-02,824,городской округ город-курорт Пятигорск,Ставропольский край,Маркетплейсы,15.52,-2.0,True,
2024-02,2555,внутригородская территория города федерального значения муниципальный округ Рязанский,Москва,Маркетплейсы,15.51,-6.0,True,2024-01-04 [utility] Десятки домов в Москве остались в мороз без света и тепла
2024-05,1766,Бежаницкий муниципальный район,Псковская область,Транспорт,15.51,-1.8,True,
2024-10,1244,Крапивинский муниципальный округ,Кемеровская область,Здоровье,15.44,15.8,True,
2024-11,74,Татышлинский муниципальный район,Республика Башкортостан,Все категории,15.43,-4.7,True,
2024-05,319,Верхоянский муниципальный район,Республика Саха (Якутия),Транспорт,15.42,-6.4,True,
2024-08,2559,внутригородская территория города федерального значения муниципальный округ Гагаринский,Москва,Маркетплейсы,15.42,-18.9,True,2024-08-02 [emergency] Кинотеатр в центре Москвы эвакуировали
2024-03,1582,Любытинский муниципальный район,Новгородская область,Здоровье,15.39,12.1,True,
2024-04,2457,внутригородская территория города федерального значения муниципальный округ № 78,Санкт-Петербург,Транспорт,15.39,18.1,True,
2024-05,1743,Земетчинский муниципальный район,Пензенская область,Здоровье,15.35,-3.2,True,
2024-12,295,Инсарский муниципальный район,Республика Мордовия,Маркетплейсы,15.35,-1.3,True,
2024-10,548,Ребрихинский муниципальный район,Алтайский край,Все категории,15.33,-6.7,True,
2024-06,2206,Омутинский муниципальный район,Тюменская область,Маркетплейсы,15.3,22.7,True,
2024-07,2516,внутригородская территория города федерального значения муниципальный округ Лосиноостровский,Москва,Здоровье,15.3,0.7,True,2024-06-06 [emergency] Из здания на ВДНХ в Москве эвакуировали детей из-за удара молнии
2024-08,55,Иглинский муниципальный район,Республика Башкортостан,Здоровье,15.29,7.3,True,2024-07-28 [emergency] В Башкирии из-за паводка коровам пришлось передвигаться вплавь
2024-07,1732,Хотынецкий муниципальный район,Орловская область,Продовольствие,15.28,8.5,True,2024-07-12 [emergency] Глава Орловской области назвал власти затопленного весной Орска полными бездельниками
2024-07,1024,Клетский муниципальный район,Волгоградская область,Транспорт,15.25,-17.7,True,
2024-12,1274,Кильмезский муниципальный район,Кировская область,Общественное питание,15.19,-38.0,True,
2024-05,907,Мезенский муниципальный округ,Архангельская область,Здоровье,15.13,-22.7,True,
2024-01,1407,Тихвинский муниципальный район,Ленинградская область,Общественное питание,15.1,20.1,True,
2024-11,11,Кош-Агачский муниципальный район,Республика Алтай,Все категории,15.09,-0.6,True,
2024-08,2555,внутригородская территория города федерального значения муниципальный округ Рязанский,Москва,Маркетплейсы,15.08,-15.2,True,2024-08-02 [emergency] Кинотеатр в центре Москвы эвакуировали
2024-04,1241,Гурьевский муниципальный округ,Кемеровская область,Общественное питание,15.05,7.5,True,
2024-02,2439,внутригородская территория города федерального значения муниципальный округ Введенский,Санкт-Петербург,Маркетплейсы,15.04,0.4,True,
2024-12,1764,городской округ город Псков,Псковская область,Маркетплейсы,15.03,4.3,True,
2024-01,1286,муниципальный округ Опаринский,Кировская область,Общественное питание,15.02,-52.4,True,
2024-08,2439,внутригородская территория города федерального значения муниципальный округ Введенский,Санкт-Петербург,Маркетплейсы,15.02,-11.3,True,
2024-02,2362,внутригородская территория города федерального значения поселок Левашово,Санкт-Петербург,Здоровье,15.0,-14.4,True,
2024-12,2260,Майнский муниципальный район,Ульяновская область,Транспорт,15.0,-9.0,True,
2024-09,2142,муниципальный округ Торопецкий,Тверская область,Транспорт,14.96,27.5,True,"2024-09-18 [emergency,attack] Город Торопец Тверской области подвергся атаке ВСУ. Объявлена эвакуация жителей || 2024-09-19 [attack] Стало известно о разрушениях в 13 храмах Торопца после атаки украинских дронов"
2024-12,2229,Белоярский муниципальный район,Ханты-Мансийский автономный округ — Югра,Общественное питание,14.96,3.6,True,
2024-05,226,муниципальный округ Вуктыл,Республика Коми,Продовольствие,14.91,-9.8,True,2024-06-26 [emergency] В Коми заявили об эвакуации всех пассажиров сошедшего с рельсов поезда
2024-10,1251,Тисульский муниципальный округ,Кемеровская область,Транспорт,14.91,18.0,True,
2024-01,812,городской округ город-курорт Ессентуки,Ставропольский край,Общественное питание,14.9,15.5,True,
2024-03,1686,Домбаровский муниципальный район,Оренбургская область,Здоровье,14.87,-11.9,True,2024-04-07 [emergency] Власти Оренбургской области назвали сроки улучшения ситуации с паводком
2024-01,2205,Нижнетавдинский муниципальный район,Тюменская область,Продовольствие,14.83,-6.9,True,
2024-01,1582,Любытинский муниципальный район,Новгородская область,Маркетплейсы,14.82,12.4,True,
2024-04,1649,Нововаршавский муниципальный район,Омская область,Все категории,14.8,10.5,True,2024-05-06 [emergency] В районе Омской области объявили эвакуацию
2024-04,903,Котласский муниципальный округ,Архангельская область,Маркетплейсы,14.79,8.7,True,
2024-11,1970,городской округ Южно-Курильский,Сахалинская область,Транспорт,14.79,-34.9,True,
2024-01,2067,Хиславичский муниципальный район,Смоленская область,Общественное питание,14.77,25.4,True,
2024-02,1444,городской округ Долгопрудный,Московская область,Маркетплейсы,14.73,-10.5,True,2024-01-29 [emergency] Более 100 жителей эвакуировали из дома в Подмосковье из-за трещины на фасаде
2024-05,212,Лахденпохский муниципальный район,Республика Карелия,Транспорт,14.72,3.3,True,
2024-06,1623,Сузунский муниципальный район,Новосибирская область,Здоровье,14.72,9.7,True,
2024-01,1526,городской округ город Выкса,Нижегородская область,Маркетплейсы,14.71,-7.0,True,
2024-09,2176,Дубенский муниципальный район,Тульская область,Транспорт,14.67,-8.8,True,
2024-08,1582,Любытинский муниципальный район,Новгородская область,Маркетплейсы,14.66,-9.6,True,
2024-01,1549,Володарский муниципальный округ,Нижегородская область,Продовольствие,14.64,2.2,True,
2024-11,1305,городской округ город Волгореченск,Костромская область,Здоровье,14.64,-10.5,True,
2024-02,2585,внутригородская территория города федерального значения муниципальный округ Чертаново Южное,Москва,Маркетплейсы,14.63,-7.2,True,2024-01-04 [utility] Десятки домов в Москве остались в мороз без света и тепла
2024-01,1991,городской округ Кировградский,Свердловская область,Все категории,14.62,10.9,True,
2024-01,224,городской округ Сыктывкар,Республика Коми,Общественное питание,14.58,6.5,True,
2024-02,2036,городской округ Туринский,Свердловская область,Общественное питание,14.56,4.1,True,
2024-03,1190,городской округ Светлогорский,Калининградская область,Общественное питание,14.56,-7.5,True,
2024-04,295,Инсарский муниципальный район,Республика Мордовия,Маркетплейсы,14.56,1.8,True,
2024-06,1583,Маловишерский муниципальный район,Новгородская область,Маркетплейсы,14.55,-11.5,True,
2024-06,2310,Пластовский муниципальный район,Челябинская область,Транспорт,14.55,-15.8,True,2024-07-26 [emergency] В Челябинской области эвакуировали 20 человек из-за прорыва дамбы
2024-08,806,Чугуевский муниципальный округ,Приморский край,Маркетплейсы,14.55,-18.8,True,2024-07-31 [emergency] В Приморье рассказали о масштабе подтопления
2024-05,846,Бикинский муниципальный район,Хабаровский край,Общественное питание,14.51,39.3,True,
2024-08,2402,внутригородская территория города федерального значения муниципальный округ Ржевка,Санкт-Петербург,Маркетплейсы,14.51,-9.8,True,
2024-07,341,Усть-Янский муниципальный район,Республика Саха (Якутия),Здоровье,14.46,67.4,True,2024-08-20 [emergency] Природные пожары в Якутии охватили более 50 населенных пунктов
2024-10,1047,Бабаевский муниципальный округ,Вологодская область,Здоровье,14.4,4.1,True,
2024-11,243,Усть-Цилемский муниципальный район,Республика Коми,Маркетплейсы,14.39,-37.9,True,
2024-09,1013,Алексеевский муниципальный район,Волгоградская область,Продовольствие,14.37,-8.4,True,
2024-01,1055,Вытегорский муниципальный район,Вологодская область,Общественное питание,14.35,-25.4,True,
2024-12,303,Рузаевский муниципальный район,Республика Мордовия,Общественное питание,14.33,15.4,True,
2024-12,1128,Савинский муниципальный район,Ивановская область,Продовольствие,14.33,-10.2,True,
2024-08,1961,городской округ Ногликский,Сахалинская область,Продовольствие,14.28,6.4,True,
2024-12,781,городской округ Лесозаводский,Приморский край,Транспорт,14.27,15.1,True,
2024-06,582,Каларский муниципальный округ,Забайкальский край,Продовольствие,14.26,2.6,True,
2024-12,217,Питкярантский муниципальный округ,Республика Карелия,Общественное питание,14.26,25.8,True,
2024-01,2206,Омутинский муниципальный район,Тюменская область,Маркетплейсы,14.25,15.2,True,
2024-09,2243,городской округ город Ноябрьск,Ямало-Ненецкий автономный округ,Здоровье,14.24,4.8,True,
2024-04,2043,Таборинский муниципальный район,Свердловская область,Общественное питание,14.23,19.0,True,
2024-09,1037,Светлоярский муниципальный район,Волгоградская область,Все категории,14.21,2.6,True,
2024-09,1208,Износковский муниципальный район,Калужская область,Маркетплейсы,14.19,6.6,True,
2024-07,1667,городской округ город Бугуруслан,Оренбургская область,Здоровье,14.16,8.6,True,
2024-05,1704,Тоцкий муниципальный район,Оренбургская область,Маркетплейсы,14.14,9.1,True,2024-04-07 [emergency] Власти Оренбургской области назвали сроки улучшения ситуации с паводком
2024-09,2035,городской округ Тугулымский,Свердловская область,Маркетплейсы,14.13,8.3,True,
2024-09,569,Целинный муниципальный район,Алтайский край,Все категории,14.12,-3.7,True,
2024-09,1179,городской округ Пионерский,Калининградская область,Продовольствие,14.12,-1.6,True,
2024-08,778,городской округ Большой Камень,Приморский край,Маркетплейсы,14.11,-15.4,True,2024-07-31 [emergency] В Приморье рассказали о масштабе подтопления
2024-10,43,Благоварский муниципальный район,Республика Башкортостан,Транспорт,14.09,5.9,True,
2024-07,2035,городской округ Тугулымский,Свердловская область,Маркетплейсы,14.08,16.8,True,
2024-12,212,Лахденпохский муниципальный район,Республика Карелия,Общественное питание,14.08,3.4,True,
2024-04,1928,Ивантеевский муниципальный район,Саратовская область,Транспорт,14.04,0.3,True,
2024-09,2008,городской округ Режевской,Свердловская область,Транспорт,14.04,-2.2,True,
2024-11,2120,муниципальный округ Калязинский,Тверская область,Здоровье,14.03,19.5,True,
2024-05,1619,Мошковский муниципальный район,Новосибирская область,Общественное питание,14.02,83.5,True,
2024-06,22,городской округ город Агидель,Республика Башкортостан,Все категории,14.02,-5.8,True,2024-07-28 [emergency] В Башкирии из-за паводка коровам пришлось передвигаться вплавь
2024-04,2231,Кондинский муниципальный район,Ханты-Мансийский автономный округ — Югра,Транспорт,14.01,-1.6,True,
2024-09,818,городской округ город Лермонтов,Ставропольский край,Все категории,14.01,15.9,True,
2024-02,78,Федоровский муниципальный район,Республика Башкортостан,Здоровье,14.0,25.1,True,
2024-06,2027,городской округ Бисертский,Свердловская область,Маркетплейсы,14.0,10.5,True,
2024-09,450,городской округ город Саяногорск,Республика Хакасия,Продовольствие,14.0,-7.9,True,
2024-05,1449,городской округ Зарайск,Московская область,Маркетплейсы,13.99,-6.7,True,2024-05-17 [emergency] Жители Подмосковья приняли огромный черный столб в небе за смерч
2024-08,824,городской округ город-курорт Пятигорск,Ставропольский край,Маркетплейсы,13.99,-11.9,True,
2024-01,1959,городской округ Макаровский,Сахалинская область,Общественное питание,13.98,-45.4,True,
2024-01,698,Ирбейский муниципальный район,Красноярский край,Все категории,13.97,2.8,True,
2024-03,1179,городской округ Пионерский,Калининградская область,Все категории,13.97,-7.0,True,
2024-07,694,Енисейский муниципальный район,Красноярский край,Маркетплейсы,13.97,-14.1,True,
2024-08,1549,Володарский муниципальный округ,Нижегородская область,Продовольствие,13.93,-9.3,True,
2024-02,404,Каа-Хемский муниципальный район,Республика Тыва,Продовольствие,13.92,15.3,True,
2024-02,1212,Малоярославецкий муниципальный район,Калужская область,Маркетплейсы,13.92,-7.5,True,
2024-08,2619,городской округ город Переславль-Залесский,Ярославская область,Транспорт,13.86,18.9,True,
2024-02,1110,городской округ Кохма,Ивановская область,Общественное питание,13.84,11.8,True,
2024-02,1281,муниципальный округ Мурашинский,Кировская область,Продовольствие,13.83,1.7,True,
2024-12,71,Салаватский муниципальный район,Республика Башкортостан,Транспорт,13.82,-10.3,True,
2024-09,1537,Ардатовский муниципальный округ,Нижегородская область,Маркетплейсы,13.79,4.5,True,
2024-12,2574,внутригородская территория города федерального значения муниципальный округ Донской,Москва,Здоровье,13.79,11.4,True,2024-12-21 [emergency] В Москве задержали пенсионерку-поджигательницу после эвакуации торгового центра
2024-09,1731,Урицкий муниципальный район,Орловская область,Транспорт,13.75,-48.0,True,
2024-03,1674,городской округ Соль-Илецкий,Оренбургская область,Общественное питание,13.74,-13.5,True,2024-04-07 [emergency] Власти Оренбургской области назвали сроки улучшения ситуации с паводком
2024-06,743,городской округ Ильинский,Пермский край,Маркетплейсы,13.74,17.2,True,
2024-12,2036,городской округ Туринский,Свердловская область,Здоровье,13.7,-0.3,True,
2024-02,2299,Карталинский муниципальный район,Челябинская область,Общественное питание,13.69,1.6,True,
2024-07,1060,Междуреченский муниципальный округ,Вологодская область,Здоровье,13.69,4.4,True,
2024-02,2445,внутригородская территория города федерального значения город Петергоф,Санкт-Петербург,Маркетплейсы,13.68,-7.9,True,
2024-09,281,Оршанский муниципальный район,Республика Марий Эл,Здоровье,13.68,25.5,True,
2024-04,2456,внутригородская территория города федерального значения муниципальный округ Дворцовый округ,Санкт-Петербург,Транспорт,13.67,9.8,True,
2024-09,751,городской округ Нытвенский,Пермский край,Транспорт,13.67,5.4,True,
2024-02,2470,внутригородская территория города федерального значения муниципальный округ Новогиреево,Москва,Маркетплейсы,13.64,-8.4,True,2024-01-04 [utility] Десятки домов в Москве остались в мороз без света и тепла
2024-01,17,Усть-Коксинский муниципальный район,Республика Алтай,Все категории,13.63,-11.6,True,
2024-02,2538,внутригородская территория города федерального значения муниципальное образование Савелки,Москва,Маркетплейсы,13.63,-6.6,True,2024-01-04 [utility] Десятки домов в Москве остались в мороз без света и тепла
2024-07,720,Туруханский муниципальный район,Красноярский край,Здоровье,13.62,28.5,True,
2024-01,13,Онгудайский муниципальный район,Республика Алтай,Все категории,13.61,-14.0,True,
2024-05,1431,муниципальный округ Ольский,Магаданская область,Общественное питание,13.61,-37.5,True,
2024-12,2475,внутригородская территория города федерального значения муниципальный округ Соколиная гора,Москва,Общественное питание,13.61,3.2,True,2024-12-21 [emergency] В Москве задержали пенсионерку-поджигательницу после эвакуации торгового центра
2024-09,1660,Тевризский муниципальный район,Омская область,Транспорт,13.58,41.3,True,
2024-02,2464,внутригородская территория города федерального значения муниципальный округ Восточное Измайлово,Москва,Маркетплейсы,13.57,-10.1,True,2024-01-04 [utility] Десятки домов в Москве остались в мороз без света и тепла
2024-05,230,Ижемский муниципальный район,Республика Коми,Транспорт,13.57,-18.0,True,2024-06-26 [emergency] В Коми заявили об эвакуации всех пассажиров сошедшего с рельсов поезда
2024-11,2037,городской округ Шалинский,Свердловская область,Транспорт,13.56,-10.7,True,
2024-12,806,Чугуевский муниципальный округ,Приморский край,Транспорт,13.56,13.3,True,
2024-11,1956,городской округ Долинский,Сахалинская область,Транспорт,13.54,-25.6,True,
2024-02,1948,Татищевский муниципальный район,Саратовская область,Маркетплейсы,13.53,16.0,True,
2024-03,1699,Сакмарский муниципальный район,Оренбургская область,Общественное питание,13.53,21.2,True,2024-04-07 [emergency] Власти Оренбургской области назвали сроки улучшения ситуации с паводком
2024-10,1184,городской округ Балтийский,Калининградская область,Транспорт,13.53,23.3,True,
2024-10,1261,городской округ город Котельнич,Кировская область,Здоровье,13.53,2.2,True,
2024-12,1869,Старожиловский муниципальный район,Рязанская область,Продовольствие,13.53,-9.7,True,
2024-12,1166,Усть-Удинский муниципальный район,Иркутская область,Общественное питание,13.5,-15.3,True,
2024-01,1125,Приволжский муниципальный район,Ивановская область,Общественное питание,13.49,26.0,True,
2024-12,808,Яковлевский муниципальный округ,Приморский край,Транспорт,13.49,10.7,True,
2024-12,1287,Оричевский муниципальный район,Кировская область,Продовольствие,13.47,-10.3,True,
2024-01,382,Менделеевский муниципальный район,Республика Татарстан,Продовольствие,13.46,4.5,True,
2024-06,1957,городской округ Корсаковский,Сахалинская область,Транспорт,13.46,-13.8,True,
2024-07,36,Бакалинский муниципальный район,Республика Башкортостан,Здоровье,13.45,-5.2,True,2024-07-28 [emergency] В Башкирии из-за паводка коровам пришлось передвигаться вплавь
2024-01,210,Кемский муниципальный район,Республика Карелия,Маркетплейсы,13.43,-25.8,True,
2024-05,764,муниципальный округ Частинский,Пермский край,Продовольствие,13.43,-8.8,True,
2024-02,1400,Кировский муниципальный район,Ленинградская область,Маркетплейсы,13.41,-13.5,True,
2024-12,1170,Аларский муниципальный район,Иркутская область,Общественное питание,13.41,17.2,True,
2024-02,1651,Оконешниковский муниципальный район,Омская область,Транспорт,13.4,-3.5,True,2024-01-10 [utility] Губернатор Омской области обратился к жителям региона после отключения света
2024-12,993,Гороховецкий муниципальный район,Владимирская область,Общественное питание,13.4,-20.6,True,
2024-03,517,Бийский муниципальный район,Алтайский край,Общественное питание,13.37,-9.9,True,2024-04-13 [emergency] Глава МЧС не исключил второй волны паводка в Алтайском крае
2024-03,1981,городской округ Верхнесалдинский,Свердловская область,Общественное питание,13.37,-6.1,True,
2024-01,1124,Пестяковский муниципальный район,Ивановская область,Транспорт,13.35,-22.6,True,
2024-07,2023,городской округ Ирбитское,Свердловская область,Маркетплейсы,13.34,-1.2,True,
2024-09,756,городской округ Очерский,Пермский край,Транспорт,13.34,5.6,True,
2024-01,1317,Макарьевский муниципальный район,Костромская область,Общественное питание,13.32,-55.0,True,
2024-10,2593,внутригородская территория города федерального значения поселение Киевский,Москва,Здоровье,13.32,45.1,True,"2024-09-18 [emergency,economy] Студентов МГУ эвакуировали из-за звуков стрельбы у офиса Wildberries в центре Москвы"
2024-06,2114,муниципальный округ Весьегонский,Тверская область,Здоровье,13.3,2.1,True,
2024-04,2129,муниципальный округ Максатихинский,Тверская область,Транспорт,13.27,2.6,True,
2024-05,71,Салаватский муниципальный район,Республика Башкортостан,Маркетплейсы,13.27,31.0,True,
2024-09,742,муниципальный округ Еловский,Пермский край,Транспорт,13.27,2.9,True,
2024-12,1629,Черепановский муниципальный район,Новосибирская область,Общественное питание,13.26,7.0,True,
2024-01,766,городской округ Чернушинский,Пермский край,Транспорт,13.21,9.1,True,
2024-09,2574,внутригородская территория города федерального значения муниципальный округ Донской,Москва,Здоровье,13.18,3.4,True,2024-08-02 [emergency] Кинотеатр в центре Москвы эвакуировали
2024-06,2048,Гагаринский муниципальный район,Смоленская область,Здоровье,13.15,16.4,True,
2024-11,1301,Юрьянский муниципальный район,Кировская область,Транспорт,13.14,-25.8,True,
2024-01,1251,Тисульский муниципальный округ,Кемеровская область,Транспорт,13.13,-10.1,True,
2024-11,15,Улаганский муниципальный район,Республика Алтай,Все категории,13.13,-8.7,True,
2024-02,214,Медвежьегорский муниципальный район,Республика Карелия,Транспорт,13.12,-14.9,True,
2024-05,1404,Подпорожский муниципальный район,Ленинградская область,Транспорт,13.11,11.2,True,
2024-08,2589,внутригородская территория города федерального значения поселение Внуковское,Москва,Маркетплейсы,13.11,-21.9,True,2024-08-02 [emergency] Кинотеатр в центре Москвы эвакуировали
2024-05,2202,Исетский муниципальный район,Тюменская область,Продовольствие,13.1,-11.6,True,2024-04-14 [emergency] В двух деревнях Тюменской области началась эвакуация из-за паводка
2024-11,2234,Октябрьский муниципальный район,Ханты-Мансийский автономный округ — Югра,Продовольствие,13.1,-5.8,True,
2024-09,215,Муезерский муниципальный район,Республика Карелия,Здоровье,13.09,-3.8,True,
2024-04,1687,Илекский муниципальный район,Оренбургская область,Маркетплейсы,13.07,-12.0,True,2024-04-07 [emergency] Власти Оренбургской области назвали сроки улучшения ситуации с паводком
2024-12,2269,Старомайнский муниципальный район,Ульяновская область,Общественное питание,13.07,100.4,True,
2024-05,1673,городской округ город Орск,Оренбургская область,Общественное питание,13.05,16.0,True,2024-04-05 [emergency] Для эвакуации после прорыва дамбы в Орске подготовили шесть ПВР || 2024-04-05 [emergency] Сотни спасателей направились эвакуировать жителей Орска || 2024-04-07 [emergency] Власти Оренбургской области назвали сроки улучшения ситуации с паводком
2024-05,1895,Кинель-Черкасский муниципальный район,Самарская область,Общественное питание,13.05,-30.9,True,
2024-10,708,Мотыгинский муниципальный район,Красноярский край,Транспорт,13.05,13.0,True,
2024-09,1444,городской округ Долгопрудный,Московская область,Здоровье,13.04,-0.1,True,2024-10-24 [emergency] В Подмосковье затопило школу
2024-10,2225,городской округ город Радужный,Ханты-Мансийский автономный округ — Югра,Все категории,12.99,-11.4,True,
2024-12,1873,Шиловский муниципальный район,Рязанская область,Здоровье,12.99,19.8,True,
2024-08,45,Буздякский муниципальный район,Республика Башкортостан,Продовольствие,12.97,-8.2,True,2024-07-28 [emergency] В Башкирии из-за паводка коровам пришлось передвигаться вплавь
2024-07,1047,Бабаевский муниципальный округ,Вологодская область,Здоровье,12.96,-3.9,True,
2024-02,2333,Ростовский муниципальный район,Ярославская область,Маркетплейсы,12.94,-9.9,True,
2024-03,1714,Должанский муниципальный район,Орловская область,Все категории,12.93,9.0,True,
2024-11,2118,муниципальный округ Зубцовский,Тверская область,Транспорт,12.93,18.7,True,
2024-12,2486,внутригородская территория города федерального значения муниципальный округ Раменки,Москва,Общественное питание,12.92,9.7,True,2024-12-21 [emergency] В Москве задержали пенсионерку-поджигательницу после эвакуации торгового центра
2024-12,2216,городской округ город Ханты-Мансийск,Ханты-Мансийский автономный округ — Югра,Маркетплейсы,12.91,-1.7,True,
2024-03,1152,Катангский муниципальный район,Иркутская область,Транспорт,12.9,99.2,True,
2024-09,2114,муниципальный округ Весьегонский,Тверская область,Здоровье,12.89,14.4,True,
2024-01,1968,городской округ Углегорский,Сахалинская область,Все категории,12.84,-1.2,True,
2024-07,2259,Кузоватовский муниципальный район,Ульяновская область,Транспорт,12.84,-1.8,True,
2024-08,2516,внутригородская территория города федерального значения муниципальный округ Лосиноостровский,Москва,Маркетплейсы,12.84,-19.0,True,2024-08-02 [emergency] Кинотеатр в центре Москвы эвакуировали
2024-11,903,Котласский муниципальный округ,Архангельская область,Маркетплейсы,12.84,2.0,True,
2024-09,302,Ромодановский муниципальный район,Республика Мордовия,Здоровье,12.83,-17.9,True,
2024-12,840,Туркменский муниципальный округ,Ставропольский край,Общественное питание,12.82,-41.0,True,
2024-12,1610,Каргатский муниципальный район,Новосибирская область,Общественное питание,12.82,-6.6,True,
2024-12,1058,Кирилловский муниципальный округ,Вологодская область,Общественное питание,12.81,4.9,True,
2024-01,1957,городской округ Корсаковский,Сахалинская область,Транспорт,12.78,-5.9,True,
2024-08,2472,внутригородская территория города федерального значения муниципальный округ Метрогородок,Москва,Маркетплейсы,12.77,-17.7,True,2024-08-02 [emergency] Кинотеатр в центре Москвы эвакуировали
2024-04,708,Мотыгинский муниципальный район,Красноярский край,Продовольствие,12.76,-6.3,True,
2024-05,1568,Сосновский муниципальный округ,Нижегородская область,Общественное питание,12.75,-16.7,True,
2024-07,398,Ютазинский муниципальный район,Республика Татарстан,Продовольствие,12.75,-13.7,True,2024-07-30 [emergency] По Татарстану прокатились ураганы с ливнями и крупным градом. Смерч раскидал самолеты в аэропорту
2024-09,1704,Тоцкий муниципальный район,Оренбургская область,Маркетплейсы,12.75,5.6,True,
2024-08,1968,городской округ Углегорский,Сахалинская область,Продовольствие,12.73,8.0,True,
2024-04,1398,Кингисеппский муниципальный район,Ленинградская область,Общественное питание,12.72,-2.6,True,
2024-10,1054,Вологодский муниципальный округ,Вологодская область,Все категории,12.71,3.2,True,
2024-10,228,муниципальный округ Усинск,Республика Коми,Транспорт,12.7,-9.3,True,
2024-05,905,Ленский муниципальный район,Архангельская область,Все категории,12.69,1.7,True,
2024-02,1750,Лунинский муниципальный район,Пензенская область,Общественное питание,12.67,-9.6,True,
2024-06,2244,муниципальный округ Красноселькупский район,Ямало-Ненецкий автономный округ,Все категории,12.67,-1.6,True,
2024-03,2130,муниципальный округ Молоковский,Тверская область,Транспорт,12.65,-33.3,True,
2024-12,1955,городской округ Анивский,Сахалинская область,Продовольствие,12.64,-6.3,True,
2024-04,2511,внутригородская территория города федерального значения муниципальный округ Алтуфьевский,Москва,Транспорт,12.63,7.8,True,2024-03-22 [emergency] Стало известно об эвакуации всех торговых центров Москвы
2024-11,1130,Фурмановский муниципальный район,Ивановская область,Все категории,12.61,4.5,True,
2024-11,555,Солонешенский муниципальный район,Алтайский край,Здоровье,12.6,16.8,True,
2024-01,348,Дигорский муниципальный район,Республика Северная Осетия — Алания,Транспорт,12.59,-18.5,True,
2024-01,1352,Целинный муниципальный округ,Курганская область,Общественное питание,12.59,-42.9,True,
2024-02,2412,внутригородская территория города федерального значения город Сестрорецк,Санкт-Петербург,Маркетплейсы,12.59,-11.7,True,
2024-06,741,городской округ Добрянский,Пермский край,Транспорт,12.59,4.3,True,
2024-01,390,Сабинский муниципальный район,Республика Татарстан,Маркетплейсы,12.58,20.3,True,
2024-06,1339,Звериноголовский муниципальный округ,Курганская область,Маркетплейсы,12.58,-24.4,True,2024-05-10 [emergency] Правительство направит миллиарды рублей жителям Курганской области после паводка
2024-07,327,Мирнинский муниципальный район,Республика Саха (Якутия),Здоровье,12.57,36.3,True,2024-08-20 [emergency] Природные пожары в Якутии охватили более 50 населенных пунктов
2024-12,1277,Куменский муниципальный район,Кировская область,Продовольствие,12.57,-16.0,True,
2024-02,32,Архангельский муниципальный район,Республика Башкортостан,Здоровье,12.56,10.8,True,
2024-05,909,Онежский муниципальный район,Архангельская область,Транспорт,12.56,-11.3,True,
2024-09,2046,Велижский муниципальный район,Смоленская область,Все категории,12.56,3.5,True,
2024-12,2222,городской округ город Нягань,Ханты-Мансийский автономный округ — Югра,Общественное питание,12.56,-5.9,True,
2024-03,1571,Тоншаевский муниципальный округ,Нижегородская область,Транспорт,12.55,-7.2,True,
2024-05,455,Бейский муниципальный район,Республика Хакасия,Транспорт,12.54,11.5,True,
2024-11,1279,муниципальный округ Лузский,Кировская область,Транспорт,12.54,-13.7,True,
2024-11,1430,городской округ город Магадан,Магаданская область,Транспорт,12.51,10.0,True,
2024-11,1622,Северный муниципальный район,Новосибирская область,Здоровье,12.5,-6.8,True,
2024-06,1710,Болховский муниципальный район,Орловская область,Продовольствие,12.49,-7.6,True,2024-07-12 [emergency] Глава Орловской области назвал власти затопленного весной Орска полными бездельниками
2024-08,227,городской округ Инта,Республика Коми,Маркетплейсы,12.48,-7.0,True,
2024-11,1719,Кромской муниципальный район,Орловская область,Продовольствие,12.48,-3.5,True,
2024-01,1392,Бокситогорский муниципальный район,Ленинградская область,Продовольствие,12.47,5.3,True,
2024-05,1775,муниципальный округ Новоржевский,Псковская область,Транспорт,12.47,-0.6,True,
2024-07,383,Мензелинский муниципальный район,Республика Татарстан,Здоровье,12.47,-8.6,True,2024-07-30 [emergency] По Татарстану прокатились ураганы с ливнями и крупным градом. Смерч раскидал самолеты в аэропорту
2024-07,1959,городской округ Макаровский,Сахалинская область,Маркетплейсы,12.46,108.6,True,
2024-09,1975,городской округ Малышевский,Свердловская область,Транспорт,12.46,-26.6,True,
2024-06,1066,Тотемский муниципальный округ,Вологодская область,Транспорт,12.45,8.6,True,
2024-12,1892,Исаклинский муниципальный район,Самарская область,Здоровье,12.45,-15.2,True,
2024-05,236,муниципальный район Сосногорск,Республика Коми,Маркетплейсы,12.43,20.4,True,2024-06-26 [emergency] В Коми заявили об эвакуации всех пассажиров сошедшего с рельсов поезда
2024-06,447,муниципальный округ Ярский район,Удмуртская Республика,Здоровье,12.43,-2.5,True,
2024-11,2538,внутригородская территория города федерального значения муниципальное образование Савелки,Москва,Здоровье,12.43,7.3,True,2024-10-03 [emergency] Эвакуированные из Ливана россияне прилетели в Москву
2024-12,453,Алтайский муниципальный район,Республика Хакасия,Транспорт,12.42,5.9,True,
2024-02,1143,городской округ город Свирск,Иркутская область,Общественное питание,12.41,10.8,True,
2024-07,569,Целинный муниципальный район,Алтайский край,Все категории,12.39,3.7,True,
2024-04,1885,Безенчукский муниципальный район,Самарская область,Транспорт,12.37,11.5,True,
2024-08,342,Хангаласский муниципальный район,Республика Саха (Якутия),Транспорт,12.37,-29.0,True,2024-08-20 [emergency] Природные пожары в Якутии охватили более 50 населенных пунктов
2024-05,746,муниципальный округ Кишертский,Пермский край,Общественное питание,12.36,30.6,True,
2024-01,271,городской округ город Козьмодемьянск,Республика Марий Эл,Продовольствие,12.35,4.8,True,
2024-03,854,Охотский муниципальный округ,Хабаровский край,Общественное питание,12.34,-44.9,True,
2024-09,2206,Омутинский муниципальный район,Тюменская область,Продовольствие,12.33,-1.7,True,
2024-08,2554,внутригородская территория города федерального значения муниципальный округ Печатники,Москва,Маркетплейсы,12.32,-18.1,True,2024-08-02 [emergency] Кинотеатр в центре Москвы эвакуировали
2024-02,2559,внутригородская территория города федерального значения муниципальный округ Гагаринский,Москва,Маркетплейсы,12.31,-7.2,True,2024-01-04 [utility] Десятки домов в Москве остались в мороз без света и тепла
2024-01,1411,городской округ город Елец,Липецкая область,Маркетплейсы,12.3,18.2,True,
2024-03,77,Учалинский муниципальный район,Республика Башкортостан,Общественное питание,12.29,4.2,True,
2024-02,1179,городской округ Пионерский,Калининградская область,Продовольствие,12.27,-8.8,True,
2024-11,1270,Вятскополянский муниципальный район,Кировская область,Маркетплейсы,12.27,5.4,True,
2024-08,595,Сретенский муниципальный район,Забайкальский край,Маркетплейсы,12.26,-5.1,True,
2024-08,1348,Петуховский муниципальный округ,Курганская область,Продовольствие,12.26,-15.4,True,
2024-12,781,городской округ Лесозаводский,Приморский край,Все категории,12.25,3.6,True,
2024-01,760,городской округ Суксунский,Пермский край,Транспорт,12.23,3.1,True,
2024-07,2362,внутригородская территория города федерального значения поселок Левашово,Санкт-Петербург,Маркетплейсы,12.19,6.9,True,
2024-08,854,Охотский муниципальный округ,Хабаровский край,Продовольствие,12.19,5.0,True,
2024-08,2241,городской округ город Муравленко,Ямало-Ненецкий автономный округ,Маркетплейсы,12.19,-13.5,True,
2024-12,1912,городской округ город Шиханы,Саратовская область,Все категории,12.17,9.2,True,
2024-01,761,муниципальный округ Уинский,Пермский край,Маркетплейсы,12.15,13.3,True,
2024-02,1959,городской округ Макаровский,Сахалинская область,Маркетплейсы,12.14,23.4,True,
2024-10,1570,Тонкинский муниципальный округ,Нижегородская область,Транспорт,12.13,-8.0,True,
2024-12,497,Цивильский муниципальный округ,Чувашская Республика,Все категории,12.12,0.6,True,
2024-02,2605,внутригородская территория города федерального значения поселение Сосенское,Москва,Маркетплейсы,12.11,-11.3,True,2024-01-04 [utility] Десятки домов в Москве остались в мороз без света и тепла
2024-06,215,Муезерский муниципальный район,Республика Карелия,Транспорт,12.08,11.1,True,2024-07-29 [emergency] Стало известно о пропавших без вести из-за прорыва дамбы в Карелии
2024-10,1872,Шацкий муниципальный район,Рязанская область,Все категории,12.08,4.3,True,
2024-03,736,муниципальный округ Березовский,Пермский край,Общественное питание,12.05,29.9,True,
2024-04,437,муниципальный округ Красногорский район,Удмуртская Республика,Все категории,12.05,4.2,True,
2024-04,523,Ельцовский муниципальный район,Алтайский край,Транспорт,12.05,9.2,True,2024-04-13 [emergency] Глава МЧС не исключил второй волны паводка в Алтайском крае
2024-01,2241,городской округ город Муравленко,Ямало-Ненецкий автономный округ,Транспорт,12.04,3.7,True,
2024-03,2137,муниципальный округ Селижаровский,Тверская область,Маркетплейсы,12.03,-12.7,True,
2024-11,2202,Исетский муниципальный район,Тюменская область,Транспорт,12.02,-5.6,True,
2024-01,538,Локтевский муниципальный район,Алтайский край,Общественное питание,12.01,-25.1,True,
2024-04,452,городской округ город Черногорск,Республика Хакасия,Транспорт,12.01,0.1,True,
2024-07,2129,муниципальный округ Максатихинский,Тверская область,Транспорт,12.0,-1.6,True,
2024-09,2068,Холм-Жирковский муниципальный район,Смоленская область,Здоровье,11.99,2.7,True,
2024-04,548,Ребрихинский муниципальный район,Алтайский край,Все категории,11.97,3.7,True,2024-04-13 [emergency] Глава МЧС не исключил второй волны паводка в Алтайском крае
2024-12,2584,внутригородская территория города федерального значения муниципальный округ Чертаново Центральное,Москва,Общественное питание,11.96,3.5,True,2024-12-21 [emergency] В Москве задержали пенсионерку-поджигательницу после эвакуации торгового центра
2024-11,1592,Старорусский муниципальный район,Новгородская область,Транспорт,11.95,-4.9,True,
2024-02,381,Мамадышский муниципальный район,Республика Татарстан,Маркетплейсы,11.94,22.6,True,
2024-05,2515,внутригородская территория города федерального значения муниципальный округ Лианозово,Москва,Транспорт,11.94,6.5,True,2024-04-01 [emergency] В Москве эвакуировали студентов из нескольких вузов из-за угрозы взрыва
2024-06,306,Теньгушевский муниципальный район,Республика Мордовия,Продовольствие,11.94,0.2,True,
2024-07,2274,Чердаклинский муниципальный район,Ульяновская область,Транспорт,11.93,-10.0,True,
2024-05,1017,Дубовский муниципальный район,Волгоградская область,Здоровье,11.92,12.6,True,
2024-08,2523,внутригородская территория города федерального значения муниципальный округ Северное Медведково,Москва,Маркетплейсы,11.92,-17.9,True,2024-08-02 [emergency] Кинотеатр в центре Москвы эвакуировали
2024-01,1315,Костромской муниципальный район,Костромская область,Общественное питание,11.91,7.7,True,
2024-02,1059,Кичменгско-Городецкий муниципальный округ,Вологодская область,Транспорт,11.91,3.3,True,
2024-02,2120,муниципальный округ Калязинский,Тверская область,Общественное питание,11.91,-8.8,True,
2024-01,799,Пожарский муниципальный округ,Приморский край,Маркетплейсы,11.9,16.5,True,
2024-08,2546,внутригородская территория города федерального значения муниципальный округ Выхино-Жулебино,Москва,Здоровье,11.88,-1.5,True,2024-08-02 [emergency] Кинотеатр в центре Москвы эвакуировали
2024-12,1932,Краснопартизанский муниципальный район,Саратовская область,Общественное питание,11.88,-36.4,True,
2024-06,2037,городской округ Шалинский,Свердловская область,Здоровье,11.87,-12.8,True,
2024-08,75,Туймазинский муниципальный район,Республика Башкортостан,Здоровье,11.86,8.0,True,2024-07-28 [emergency] В Башкирии из-за паводка коровам пришлось передвигаться вплавь
2024-03,1902,Похвистневский муниципальный район,Самарская область,Маркетплейсы,11.85,24.0,True,
2024-10,184,Лаганский муниципальный район,Республика Калмыкия,Здоровье,11.85,-14.6,True,
2024-03,361,Алькеевский муниципальный район,Республика Татарстан,Общественное питание,11.84,-26.5,True,
2024-02,2601,внутригородская территория города федерального значения поселение Новофедоровское,Москва,Здоровье,11.83,-16.2,True,2024-01-04 [utility] Десятки домов в Москве остались в мороз без света и тепла
2024-03,2054,Ершичский муниципальный район,Смоленская область,Общественное питание,11.81,111.0,True,
2024-07,2248,муниципальный округ Тазовский район,Ямало-Ненецкий автономный округ,Здоровье,11.81,77.3,True,
2024-08,716,Северо-Енисейский муниципальный район,Красноярский край,Продовольствие,11.8,5.3,True,
2024-01,15,Улаганский муниципальный район,Республика Алтай,Все категории,11.79,-16.4,True,
2024-04,414,Улуг-Хемский муниципальный район,Республика Тыва,Маркетплейсы,11.79,-5.6,True,
2024-05,1339,Звериноголовский муниципальный округ,Курганская область,Общественное питание,11.78,332.3,True,2024-04-12 [emergency] В МЧС сообщили о сотнях остающихся затопленными объектах в Курганской области
2024-02,12,Майминский муниципальный район,Республика Алтай,Маркетплейсы,11.77,-9.1,True,
2024-08,1444,городской округ Долгопрудный,Московская область,Маркетплейсы,11.77,-21.8,True,2024-07-06 [emergency] В Подмосковье мужчину придавило деревом во время урагана
2024-07,1705,Тюльганский муниципальный район,Оренбургская область,Все категории,11.76,-8.2,True,
2024-08,1408,Тосненский муниципальный район,Ленинградская область,Маркетплейсы,11.73,-14.9,True,
2024-02,55,Иглинский муниципальный район,Республика Башкортостан,Общественное питание,11.72,7.7,True,
2024-03,1338,Далматовский муниципальный округ,Курганская область,Маркетплейсы,11.72,13.6,True,2024-04-12 [emergency] В МЧС сообщили о сотнях остающихся затопленными объектах в Курганской области
2024-09,2204,Казанский муниципальный район,Тюменская область,Транспорт,11.71,3.1,True,
2024-04,365,Атнинский муниципальный район,Республика Татарстан,Маркетплейсы,11.67,33.6,True,"2024-05-31 [emergency,attack,economy] После сообщений о беспилотниках в Татарстане на предприятиях объявили эвакуацию"
2024-06,930,Черноярский муниципальный район,Астраханская область,Транспорт,11.67,-30.0,True,
2024-08,1633,Азовский немецкий национальный муниципальный район,Омская область,Маркетплейсы,11.67,21.3,True,
2024-04,2019,городской округ Белоярский,Свердловская область,Транспорт,11.66,2.1,True,
2024-07,1760,Сосновоборский муниципальный район,Пензенская область,Продовольствие,11.66,-5.6,True,
2024-07,2018,городской округ Ачитский,Свердловская область,Маркетплейсы,11.65,13.6,True,
2024-08,2543,внутригородская территория города федерального значения муниципальный округ Тверской,Москва,Маркетплейсы,11.65,-19.0,True,2024-08-02 [emergency] Кинотеатр в центре Москвы эвакуировали
2024-08,2564,внутригородская территория города федерального значения муниципальный округ Обручевский,Москва,Маркетплейсы,11.65,-18.0,True,2024-08-02 [emergency] Кинотеатр в центре Москвы эвакуировали
2024-09,2297,Еманжелинский муниципальный район,Челябинская область,Транспорт,11.65,4.2,True,
2024-10,613,Мильковский муниципальный округ,Камчатский край,Маркетплейсы,11.64,-4.9,True,
2024-10,2227,городской округ город Урай,Ханты-Мансийский автономный округ — Югра,Здоровье,11.63,-8.8,True,
2024-02,902,Коношский муниципальный район,Архангельская область,Здоровье,11.62,3.1,True,
2024-03,2506,внутригородская территория города федерального значения муниципальный округ Сокол,Москва,Здоровье,11.62,6.7,True,2024-03-22 [emergency] Стало известно об эвакуации всех торговых центров Москвы
2024-04,2458,внутригородская территория города федерального значения муниципальный округ Литейный округ,Санкт-Петербург,Транспорт,11.62,6.1,True,
2024-02,2185,Тепло-Огаревский муниципальный район,Тульская область,Маркетплейсы,11.6,8.0,True,
2024-06,2276,городской округ Верхнеуфалейский,Челябинская область,Маркетплейсы,11.6,7.0,True,2024-07-26 [emergency] В Челябинской области эвакуировали 20 человек из-за прорыва дамбы
2024-09,693,Емельяновский муниципальный район,Красноярский край,Транспорт,11.59,8.2,True,
2024-12,2440,внутригородская территория города федерального значения муниципальный округ Кронверкское,Санкт-Петербург,Общественное питание,11.58,6.8,True,2024-12-30 [emergency] В Санкт-Петербурге из-за угрозы наводнения закрыли дамбу
2024-07,316,Булунский муниципальный район,Республика Саха (Якутия),Транспорт,11.57,60.7,True,2024-08-20 [emergency] Природные пожары в Якутии охватили более 50 населенных пунктов
2024-01,74,Татышлинский муниципальный район,Республика Башкортостан,Транспорт,11.56,12.3,True,
2024-01,1678,Адамовский муниципальный район,Оренбургская область,Транспорт,11.55,-14.1,True,
2024-02,1328,Солигаличский муниципальный округ,Костромская область,Маркетплейсы,11.52,-20.6,True,
2024-09,2250,муниципальный округ Ямальский район,Ямало-Ненецкий автономный округ,Здоровье,11.52,-15.1,True,
2024-07,2595,внутригородская территория города федерального значения поселение Кокошкино,Москва,Здоровье,11.51,27.4,True,2024-06-06 [emergency] Из здания на ВДНХ в Москве эвакуировали детей из-за удара молнии
2024-08,2588,внутригородская территория города федерального значения городской округ Щербинка,Москва,Маркетплейсы,11.49,-20.9,True,2024-08-02 [emergency] Кинотеатр в центре Москвы эвакуировали
2024-10,2316,Чебаркульский муниципальный район,Челябинская область,Все категории,11.49,21.4,True,
2024-03,2321,Большесельский муниципальный район,Ярославская область,Продовольствие,11.47,2.3,True,
2024-01,2001,городской округ Нижняя Салда,Свердловская область,Все категории,11.46,8.8,True,
2024-09,34,Аургазинский муниципальный район,Республика Башкортостан,Все категории,11.46,-14.9,True,
2024-10,1339,Звериноголовский муниципальный округ,Курганская область,Транспорт,11.46,-30.0,True,
2024-12,2480,внутригородская территория города федерального значения муниципальный округ Крылатское,Москва,Общественное питание,11.46,4.2,True,2024-12-21 [emergency] В Москве задержали пенсионерку-поджигательницу после эвакуации торгового центра
2024-08,2537,внутригородская территория города федерального значения муниципальный округ Замоскворечье,Москва,Маркетплейсы,11.45,-18.5,True,2024-08-02 [emergency] Кинотеатр в центре Москвы эвакуировали
2024-02,2297,Еманжелинский муниципальный район,Челябинская область,Транспорт,11.44,-13.1,True,
2024-04,1938,Перелюбский муниципальный район,Саратовская область,Маркетплейсы,11.44,-16.4,True,
2024-11,891,городской округ город Коряжма,Архангельская область,Общественное питание,11.43,-8.4,True,
2024-08,390,Сабинский муниципальный район,Республика Татарстан,Маркетплейсы,11.42,-5.0,True,2024-07-30 [emergency] По Татарстану прокатились ураганы с ливнями и крупным градом. Смерч раскидал самолеты в аэропорту
2024-01,40,Белорецкий муниципальный район,Республика Башкортостан,Общественное питание,11.41,21.4,True,
2024-12,188,Сарпинский муниципальный район,Республика Калмыкия,Все категории,11.41,-7.6,True,
2024-03,879,Мазановский муниципальный район,Амурская область,Транспорт,11.4,17.8,True,2024-03-19 [emergency] В Амурской области ввели региональный режим ЧС из-за обвала на руднике
2024-01,815,Ипатовский муниципальный округ,Ставропольский край,Продовольствие,11.39,-5.3,True,
2024-02,1270,Вятскополянский муниципальный район,Кировская область,Все категории,11.39,8.2,True,
2024-09,1589,муниципальный округ Пестовский,Новгородская область,Транспорт,11.38,-12.8,True,
2024-10,506,городской округ город Белокуриха,Алтайский край,Здоровье,11.38,10.2,True,
2024-01,2234,Октябрьский муниципальный район,Ханты-Мансийский автономный округ — Югра,Общественное питание,11.37,19.9,True,
2024-07,318,Верхнеколымский муниципальный район,Республика Саха (Якутия),Маркетплейсы,11.37,85.2,True,2024-08-20 [emergency] Природные пожары в Якутии охватили более 50 населенных пунктов
2024-08,2517,внутригородская территория города федерального значения муниципальный округ Марфино,Москва,Маркетплейсы,11.36,-18.2,True,2024-08-02 [emergency] Кинотеатр в центре Москвы эвакуировали
2024-12,388,Пестречинский муниципальный район,Республика Татарстан,Все категории,11.36,-11.9,True,2024-12-21 [emergency] В Татарстане ввели режим чрезвычайной ситуации для органов власти и МЧС
2024-04,31,Альшеевский муниципальный район,Республика Башкортостан,Общественное питание,11.35,-37.4,True,
2024-06,68,Мишкинский муниципальный район,Республика Башкортостан,Здоровье,11.34,-10.2,True,2024-07-28 [emergency] В Башкирии из-за паводка коровам пришлось передвигаться вплавь
2024-01,690,Большемуртинский муниципальный район,Красноярский край,Общественное питание,11.33,-51.6,True,
2024-05,760,городской округ Суксунский,Пермский край,Здоровье,11.31,13.1,True,
2024-11,789,Кавалеровский муниципальный округ,Приморский край,Маркетплейсы,11.31,21.5,True,
2024-11,1147,Жигаловский муниципальный район,Иркутская область,Все категории,11.3,-1.5,True,
2024-12,1281,муниципальный округ Мурашинский,Кировская область,Продовольствие,11.3,-10.9,True,
2024-11,2573,внутригородская территория города федерального значения муниципальный округ Даниловский,Москва,Здоровье,11.27,5.1,True,2024-10-03 [emergency] Эвакуированные из Ливана россияне прилетели в Москву
2024-05,884,Селемджинский муниципальный район,Амурская область,Общественное питание,11.25,-39.6,True,
2024-10,1508,муниципальный округ город Кировск,Мурманская область,Здоровье,11.25,-3.4,True,
2024-05,2461,внутригородская территория города федерального значения муниципальный округ Владимирский округ,Санкт-Петербург,Здоровье,11.22,10.3,True,
2024-12,2513,внутригородская территория города федерального значения муниципальный округ Бибирево,Москва,Общественное питание,11.21,5.5,True,2024-12-21 [emergency] В Москве задержали пенсионерку-поджигательницу после эвакуации торгового центра
2024-03,2488,внутригородская территория города федерального значения муниципальный округ Тропарево-Никулино,Москва,Здоровье,11.2,0.4,True,2024-03-22 [emergency] Стало известно об эвакуации всех торговых центров Москвы
2024-07,1702,Северный муниципальный район,Оренбургская область,Все категории,11.2,-7.2,True,
2024-12,2511,внутригородская территория города федерального значения муниципальный округ Алтуфьевский,Москва,Здоровье,11.16,8.6,True,2024-12-21 [emergency] В Москве задержали пенсионерку-поджигательницу после эвакуации торгового центра
2024-04,1733,Шаблыкинский муниципальный район,Орловская область,Транспорт,11.15,45.4,True,
2024-04,1990,городской округ Качканарский,Свердловская область,Общественное питание,11.15,12.9,True,
2024-05,1699,Сакмарский муниципальный район,Оренбургская область,Продовольствие,11.15,-4.4,True,2024-04-07 [emergency] Власти Оренбургской области назвали сроки улучшения ситуации с паводком
2024-01,744,муниципальный округ Карагайский,Пермский край,Транспорт,11.14,6.3,True,
2024-01,2077,городской округ город Уварово,Тамбовская область,Все категории,11.14,6.8,True,
2024-02,347,Ардонский муниципальный район,Республика Северная Осетия — Алания,Все категории,11.14,-5.6,True,
2024-03,1212,Малоярославецкий муниципальный район,Калужская область,Все категории,11.08,-0.2,True,
2024-04,1270,Вятскополянский муниципальный район,Кировская область,Общественное питание,11.08,3.5,True,
2024-09,215,Муезерский муниципальный район,Республика Карелия,Продовольствие,11.08,-8.0,True,
2024-01,71,Салаватский муниципальный район,Республика Башкортостан,Все категории,11.07,4.8,True,
2024-05,1755,Нижнеломовский муниципальный район,Пензенская область,Общественное питание,11.06,22.0,True,
2024-06,1644,Марьяновский муниципальный район,Омская область,Здоровье,11.06,-11.5,True,2024-05-06 [emergency] В районе Омской области объявили эвакуацию
2024-01,1737,Башмаковский муниципальный район,Пензенская область,Продовольствие,11.05,-8.4,True,
2024-02,2592,внутригородская территория города федерального значения поселение Десеновское,Москва,Маркетплейсы,11.04,-9.3,True,2024-01-04 [utility] Десятки домов в Москве остались в мороз без света и тепла
2024-07,312,Алданский муниципальный район,Республика Саха (Якутия),Здоровье,11.04,29.5,True,2024-08-20 [emergency] Природные пожары в Якутии охватили более 50 населенных пунктов
2024-02,1212,Малоярославецкий муниципальный район,Калужская область,Здоровье,11.03,-4.4,True,
2024-06,1522,Терский муниципальный район,Мурманская область,Маркетплейсы,11.03,-0.2,True,
2024-03,1744,Иссинский муниципальный район,Пензенская область,Общественное питание,11.02,71.3,True,
2024-05,342,Хангаласский муниципальный район,Республика Саха (Якутия),Здоровье,11.02,-17.2,True,
2024-07,1788,муниципальный округ Струго-Красненский,Псковская область,Продовольствие,11.02,-4.4,True,
2024-08,1483,городской округ Черноголовка,Московская область,Транспорт,11.02,12.5,True,2024-07-06 [emergency] В Подмосковье мужчину придавило деревом во время урагана
2024-10,883,Свободненский муниципальный район,Амурская область,Продовольствие,11.01,-11.3,True,
2024-03,33,Аскинский муниципальный район,Республика Башкортостан,Общественное питание,11.0,25.2,True,
2024-05,1319,Межевской муниципальный округ,Костромская область,Все категории,11.0,9.9,True,
2024-05,47,Бурзянский муниципальный район,Республика Башкортостан,Общественное питание,10.99,13.2,True,
2024-08,2883,муниципальный округ Кимрский,Тверская область,Здоровье,10.99,10.7,True,
2024-01,1228,городской округ Калтанский,Кемеровская область,Маркетплейсы,10.98,9.9,True,
2024-05,2242,городской округ город Новый Уренгой,Ямало-Ненецкий автономный округ,Маркетплейсы,10.98,-0.6,True,
2024-12,2040,Камышловский муниципальный район,Свердловская область,Общественное питание,10.98,10.0,True,
2024-02,2500,внутригородская территория города федерального значения муниципальный округ Дмитровский,Москва,Маркетплейсы,10.97,-6.4,True,2024-01-04 [utility] Десятки домов в Москве остались в мороз без света и тепла
2024-09,578,Балейский муниципальный район,Забайкальский край,Все категории,10.97,-6.8,True,
2024-05,1507,муниципальный округ город Апатиты,Мурманская область,Транспорт,10.96,12.3,True,
2024-09,218,Прионежский муниципальный район,Республика Карелия,Продовольствие,10.96,-5.6,True,
2024-01,1410,городской округ город Липецк,Липецкая область,Все категории,10.95,13.9,True,
2024-02,538,Локтевский муниципальный район,Алтайский край,Все категории,10.95,-9.1,True,
2024-12,2486,внутригородская территория города федерального значения муниципальный округ Раменки,Москва,Здоровье,10.95,4.7,True,2024-12-21 [emergency] В Москве задержали пенсионерку-поджигательницу после эвакуации торгового центра
2024-03,1350,Притобольный муниципальный округ,Курганская область,Общественное питание,10.94,-38.6,True,2024-04-12 [emergency] В МЧС сообщили о сотнях остающихся затопленными объектах в Курганской области
2024-05,563,Троицкий муниципальный район,Алтайский край,Общественное питание,10.94,-17.2,True,2024-04-13 [emergency] Глава МЧС не исключил второй волны паводка в Алтайском крае
2024-12,342,Хангаласский муниципальный район,Республика Саха (Якутия),Транспорт,10.94,-1.9,True,
2024-12,852,Нанайский муниципальный район,Хабаровский край,Транспорт,10.94,0.2,True,
2024-10,1266,Белохолуницкий муниципальный район,Кировская область,Маркетплейсы,10.93,6.5,True,
2024-04,2883,муниципальный округ Кимрский,Тверская область,Общественное питание,10.91,9.2,True,
2024-10,848,Верхнебуреинский муниципальный район,Хабаровский край,Здоровье,10.91,-2.5,True,
2024-07,1987,городской округ Камышловский,Свердловская область,Маркетплейсы,10.9,7.3,True,
2024-10,994,Гусь-Хрустальный муниципальный район,Владимирская область,Продовольствие,10.9,-8.1,True,2024-09-22 [emergency] Во Владимирской области эвакуировали жителей двух районов
2024-12,2468,внутригородская территория города федерального значения муниципальный округ Измайлово,Москва,Общественное питание,10.9,4.8,True,2024-12-21 [emergency] В Москве задержали пенсионерку-поджигательницу после эвакуации торгового центра
2024-08,1702,Северный муниципальный район,Оренбургская область,Транспорт,10.88,-33.8,True,
2024-09,1355,Шатровский муниципальный округ,Курганская область,Транспорт,10.88,-0.7,True,
2024-01,1331,Чухломский муниципальный район,Костромская область,Общественное питание,10.87,-16.6,True,
2024-02,2171,Арсеньевский муниципальный район,Тульская область,Маркетплейсы,10.87,-9.2,True,
2024-09,209,Калевальский муниципальный район,Республика Карелия,Все категории,10.85,-4.6,True,
2024-02,899,муниципальный округ Вилегодский,Архангельская область,Общественное питание,10.84,-16.3,True,
2024-09,1015,Городищенский муниципальный район,Волгоградская область,Транспорт,10.84,12.4,True,
2024-08,2270,Сурский муниципальный район,Ульяновская область,Здоровье,10.83,-6.7,True,
2024-09,2160,Тегульдетский муниципальный район,Томская область,Все категории,10.82,-3.1,True,
2024-05,1929,Калининский муниципальный район,Саратовская область,Маркетплейсы,10.81,-10.8,True,
2024-11,554,Советский муниципальный район,Алтайский край,Здоровье,10.8,24.8,True,
2024-03,2081,Знаменский муниципальный округ,Тамбовская область,Общественное питание,10.79,-23.7,True,
2024-12,1339,Звериноголовский муниципальный округ,Курганская область,Общественное питание,10.79,5.0,True,
2024-06,1147,Жигаловский муниципальный район,Иркутская область,Все категории,10.78,9.8,True,
2024-02,925,Красноярский муниципальный район,Астраханская область,Общественное питание,10.77,-24.8,True,
2024-03,1055,Вытегорский муниципальный район,Вологодская область,Общественное питание,10.77,-7.8,True,
2024-05,320,Вилюйский муниципальный район,Республика Саха (Якутия),Продовольствие,10.77,-5.4,True,
2024-08,1131,Шуйский муниципальный район,Ивановская область,Маркетплейсы,10.77,24.9,True,
2024-01,708,Мотыгинский муниципальный район,Красноярский край,Маркетплейсы,10.76,122.2,True,
2024-11,2516,внутригородская территория города федерального значения муниципальный округ Лосиноостровский,Москва,Здоровье,10.76,7.7,True,2024-10-03 [emergency] Эвакуированные из Ливана россияне прилетели в Москву
2024-12,2259,Кузоватовский муниципальный район,Ульяновская область,Продовольствие,10.76,-9.7,True,
2024-03,2127,муниципальный округ Лесной,Тверская область,Здоровье,10.73,-3.9,True,
2024-07,325,Ленский муниципальный район,Республика Саха (Якутия),Продовольствие,10.73,4.0,True,2024-08-20 [emergency] Природные пожары в Якутии охватили более 50 населенных пунктов
2024-02,510,городской округ город Рубцовск,Алтайский край,Общественное питание,10.72,2.7,True,
2024-01,1483,городской округ Черноголовка,Московская область,Все категории,10.7,-4.5,True,2024-01-29 [emergency] Более 100 жителей эвакуировали из дома в Подмосковье из-за трещины на фасаде
2024-10,1653,Павлоградский муниципальный район,Омская область,Маркетплейсы,10.7,9.2,True,
2024-01,993,Гороховецкий муниципальный район,Владимирская область,Продовольствие,10.69,5.7,True,
2024-06,1003,Собинский муниципальный район,Владимирская область,Транспорт,10.68,6.8,True,
2024-09,2559,внутригородская территория города федерального значения муниципальный округ Гагаринский,Москва,Продовольствие,10.67,2.5,True,2024-08-02 [emergency] Кинотеатр в центре Москвы эвакуировали
2024-04,1404,Подпорожский муниципальный район,Ленинградская область,Маркетплейсы,10.65,-6.3,True,
2024-06,930,Черноярский муниципальный район,Астраханская область,Продовольствие,10.65,-15.3,True,
2024-02,702,Кежемский муниципальный район,Красноярский край,Маркетплейсы,10.64,7.1,True,
2024-04,1336,Белозерский муниципальный округ,Курганская область,Транспорт,10.63,-1.1,True,2024-04-12 [emergency] В МЧС сообщили о сотнях остающихся затопленными объектах в Курганской области
2024-08,2542,внутригородская территория города федерального значения муниципальный округ Таганский,Москва,Маркетплейсы,10.62,-20.1,True,2024-08-02 [emergency] Кинотеатр в центре Москвы эвакуировали
2024-06,2296,Верхнеуральский муниципальный район,Челябинская область,Транспорт,10.61,-14.9,True,2024-07-26 [emergency] В Челябинской области эвакуировали 20 человек из-за прорыва дамбы
2024-07,365,Атнинский муниципальный район,Республика Татарстан,Маркетплейсы,10.61,55.6,True,2024-07-30 [emergency] По Татарстану прокатились ураганы с ливнями и крупным градом. Смерч раскидал самолеты в аэропорту
2024-11,74,Татышлинский муниципальный район,Республика Башкортостан,Продовольствие,10.61,-8.5,True,
2024-11,1568,Сосновский муниципальный округ,Нижегородская область,Здоровье,10.6,17.8,True,
2024-06,222,Сортавальский муниципальный район,Республика Карелия,Маркетплейсы,10.59,-5.9,True,2024-07-29 [emergency] Стало известно о пропавших без вести из-за прорыва дамбы в Карелии
2024-09,698,Ирбейский муниципальный район,Красноярский край,Все категории,10.59,-2.9,True,
2024-10,76,Уфимский муниципальный район,Республика Башкортостан,Транспорт,10.58,14.6,True,
2024-06,2292,Аргаяшский муниципальный район,Челябинская область,Транспорт,10.57,-12.3,True,2024-07-26 [emergency] В Челябинской области эвакуировали 20 человек из-за прорыва дамбы
2024-07,1912,городской округ город Шиханы,Саратовская область,Здоровье,10.57,-7.3,True,
2024-03,1003,Собинский муниципальный район,Владимирская область,Общественное питание,10.55,-21.0,True,
2024-01,831,Грачёвский муниципальный округ,Ставропольский край,Продовольствие,10.54,-5.4,True,
2024-12,1130,Фурмановский муниципальный район,Ивановская область,Общественное питание,10.54,-33.4,True,
2024-04,1709,городской округ город Мценск,Орловская область,Транспорт,10.53,-1.1,True,
2024-07,1906,Сызранский муниципальный район,Самарская область,Транспорт,10.53,7.9,True,
2024-11,680,городской округ город Шарыпово,Красноярский край,Общественное питание,10.53,14.0,True,
2024-07,71,Салаватский муниципальный район,Республика Башкортостан,Здоровье,10.52,4.6,True,2024-07-28 [emergency] В Башкирии из-за паводка коровам пришлось передвигаться вплавь
2024-10,595,Сретенский муниципальный район,Забайкальский край,Здоровье,10.51,-10.7,True,
2024-06,2057,Монастырщинский муниципальный район,Смоленская область,Все категории,10.5,-6.0,True,
2024-05,1634,Большереченский муниципальный район,Омская область,Все категории,10.48,8.8,True,2024-05-06 [emergency] В районе Омской области объявили эвакуацию
2024-07,1965,городской округ Смирныховский,Сахалинская область,Здоровье,10.47,-23.8,True,
2024-12,2230,Березовский муниципальный район,Ханты-Мансийский автономный округ — Югра,Продовольствие,10.47,-9.9,True,
2024-03,1896,Клявлинский муниципальный район,Самарская область,Все категории,10.46,6.8,True,
2024-11,2416,внутригородская территория города федерального значения поселок Песочный,Санкт-Петербург,Маркетплейсы,10.46,-6.5,True,2024-10-23 [emergency] Дамбу в Санкт-Петербурге перевели в режим готовности
2024-02,797,Партизанский муниципальный округ,Приморский край,Маркетплейсы,10.45,28.3,True,
2024-12,204,Усть-Джегутинский муниципальный район,Карачаево-Черкесская Республика,Продовольствие,10.44,-0.2,True,
2024-02,2403,внутригородская территория города федерального значения город Красное Село,Санкт-Петербург,Маркетплейсы,10.43,-4.5,True,
2024-05,1959,городской округ Макаровский,Сахалинская область,Маркетплейсы,10.43,54.0,True,
2024-06,1889,Борский муниципальный район,Самарская область,Продовольствие,10.43,-6.7,True,
2024-07,848,Верхнебуреинский муниципальный район,Хабаровский край,Здоровье,10.43,19.6,True,
2024-01,1034,Ольховский муниципальный район,Волгоградская область,Продовольствие,10.42,-3.5,True,
2024-10,318,Верхнеколымский муниципальный район,Республика Саха (Якутия),Все категории,10.42,-17.2,True,
2024-06,2233,Нижневартовский муниципальный район,Ханты-Мансийский автономный округ — Югра,Все категории,10.41,4.0,True,
2024-07,1483,городской округ Черноголовка,Московская область,Все категории,10.41,0.1,True,2024-07-06 [emergency] В Подмосковье мужчину придавило деревом во время урагана
2024-08,2416,внутригородская территория города федерального значения поселок Песочный,Санкт-Петербург,Маркетплейсы,10.41,-19.1,True,
2024-11,3,Гиагинский муниципальный район,Республика Адыгея,Транспорт,10.41,-6.2,True,"2024-10-10 [emergency,attack] В Адыгее из-за возгорания после атаки дронов ВСУ решили эвакуировать жителей"
2024-02,2600,"внутригородская территория города федерального значения поселение Мосрентген""""",Москва,Маркетплейсы,10.4,-7.5,True,2024-01-04 [utility] Десятки домов в Москве остались в мороз без света и тепла
2024-05,217,Питкярантский муниципальный округ,Республика Карелия,Маркетплейсы,10.4,-4.4,True,
2024-11,1582,Любытинский муниципальный район,Новгородская область,Здоровье,10.4,18.2,True,
2024-12,184,Лаганский муниципальный район,Республика Калмыкия,Общественное питание,10.4,-37.8,True,
2024-01,235,Прилузский муниципальный район,Республика Коми,Продовольствие,10.39,3.8,True,
2024-06,1895,Кинель-Черкасский муниципальный район,Самарская область,Все категории,10.39,-8.5,True,
2024-11,991,Александровский муниципальный район,Владимирская область,Здоровье,10.39,9.0,True,
2024-01,2045,городской округ город Десногорск,Смоленская область,Общественное питание,10.38,-2.1,True,
2024-01,413,Тоджинский муниципальный район,Республика Тыва,Продовольствие,10.37,-16.7,True,
2024-04,1526,городской округ город Выкса,Нижегородская область,Маркетплейсы,10.36,-0.1,True,
2024-03,1159,Ольхонский муниципальный район,Иркутская область,Здоровье,10.34,8.6,True,
2024-10,1269,Верхошижемский муниципальный район,Кировская область,Маркетплейсы,10.34,46.8,True,
2024-05,1407,Тихвинский муниципальный район,Ленинградская область,Транспорт,10.33,7.5,True,
2024-09,2601,внутригородская территория города федерального значения поселение Новофедоровское,Москва,Здоровье,10.32,-9.1,True,2024-08-02 [emergency] Кинотеатр в центре Москвы эвакуировали
2024-01,1613,Кочковский муниципальный район,Новосибирская область,Общественное питание,10.3,-34.8,True,
2024-02,2456,внутригородская территория города федерального значения муниципальный округ Дворцовый округ,Санкт-Петербург,Маркетплейсы,10.3,-5.8,True,
2024-01,204,Усть-Джегутинский муниципальный район,Карачаево-Черкесская Республика,Маркетплейсы,10.27,22.3,True,
2024-10,1124,Пестяковский муниципальный район,Ивановская область,Транспорт,10.27,-42.6,True,
2024-11,1071,Череповецкий муниципальный район,Вологодская область,Транспорт,10.26,-6.8,True,
2024-08,1731,Урицкий муниципальный район,Орловская область,Все категории,10.25,-16.5,True,2024-07-12 [emergency] Глава Орловской области назвал власти затопленного весной Орска полными бездельниками
2024-02,207,городской округ Костомукшский,Республика Карелия,Все категории,10.24,5.6,True,
2024-09,2573,внутригородская территория города федерального значения муниципальный округ Даниловский,Москва,Здоровье,10.23,-3.8,True,2024-08-02 [emergency] Кинотеатр в центре Москвы эвакуировали
2024-08,373,Елабужский муниципальный район,Республика Татарстан,Маркетплейсы,10.22,0.6,True,2024-07-30 [emergency] По Татарстану прокатились ураганы с ливнями и крупным градом. Смерч раскидал самолеты в аэропорту
2024-10,548,Ребрихинский муниципальный район,Алтайский край,Продовольствие,10.22,-2.5,True,
2024-12,2467,внутригородская территория города федерального значения муниципальный округ Ивановское,Москва,Общественное питание,10.22,1.1,True,2024-12-21 [emergency] В Москве задержали пенсионерку-поджигательницу после эвакуации торгового центра
2024-02,1690,Курманаевский муниципальный район,Оренбургская область,Транспорт,10.21,-10.4,True,
2024-08,1526,городской округ город Выкса,Нижегородская область,Маркетплейсы,10.21,-9.7,True,
2024-10,1128,Савинский муниципальный район,Ивановская область,Продовольствие,10.21,0.5,True,
2024-12,1040,Старополтавский муниципальный район,Волгоградская область,Общественное питание,10.21,-12.8,True,
2024-02,1448,городской округ Жуковский,Московская область,Маркетплейсы,10.2,-11.2,True,2024-01-29 [emergency] Более 100 жителей эвакуировали из дома в Подмосковье из-за трещины на фасаде
2024-07,1895,Кинель-Черкасский муниципальный район,Самарская область,Здоровье,10.19,-12.3,True,
2024-01,39,Белокатайский муниципальный район,Республика Башкортостан,Маркетплейсы,10.18,23.0,True,
2024-03,2341,Облученский муниципальный район,Еврейская автономная область,Транспорт,10.18,-10.2,True,
2024-03,2550,внутригородская территория города федерального значения муниципальный округ Люблино,Москва,Здоровье,10.18,3.4,True,2024-03-22 [emergency] Стало известно об эвакуации всех торговых центров Москвы
2024-11,15,Улаганский муниципальный район,Республика Алтай,Маркетплейсы,10.18,-21.1,True,
2024-02,241,Усть-Вымский муниципальный район,Республика Коми,Все категории,10.17,1.6,True,
2024-01,378,Кукморский муниципальный район,Республика Татарстан,Все категории,10.16,6.5,True,
2024-02,2119,муниципальный округ Калининский,Тверская область,Маркетплейсы,10.15,-9.8,True,
2024-01,1410,городской округ город Липецк,Липецкая область,Маркетплейсы,10.14,19.8,True,
2024-02,70,Нуримановский муниципальный район,Республика Башкортостан,Здоровье,10.13,-12.0,True,
2024-07,791,Красноармейский муниципальный округ,Приморский край,Продовольствие,10.13,3.7,True,2024-07-31 [emergency] В Приморье рассказали о масштабе подтопления
2024-10,1253,Тяжинский муниципальный округ,Кемеровская область,Маркетплейсы,10.13,-1.5,True,
2024-01,12,Майминский муниципальный район,Республика Алтай,Все категории,10.11,-4.8,True,
2024-02,2256,Вешкаймский муниципальный район,Ульяновская область,Общественное питание,10.11,75.2,True,
2024-02,2582,внутригородская территория города федерального значения муниципальный округ Царицыно,Москва,Маркетплейсы,10.11,-5.9,True,2024-01-04 [utility] Десятки домов в Москве остались в мороз без света и тепла
2024-05,41,Бижбулякский муниципальный район,Республика Башкортостан,Все категории,10.11,-3.4,True,
2024-12,380,Лениногорский муниципальный район,Республика Татарстан,Все категории,10.11,-4.2,True,2024-12-21 [emergency] В Татарстане ввели режим чрезвычайной ситуации для органов власти и МЧС
2024-10,380,Лениногорский муниципальный район,Республика Татарстан,Здоровье,10.1,11.6,True,
2024-05,458,Таштыпский муниципальный район,Республика Хакасия,Здоровье,10.08,7.1,True,
2024-02,1059,Кичменгско-Городецкий муниципальный округ,Вологодская область,Общественное питание,10.06,19.3,True,
2024-05,1051,Великоустюгский муниципальный округ,Вологодская область,Общественное питание,10.06,21.6,True,
2024-05,1776,Новосокольнический муниципальный район,Псковская область,Транспорт,10.06,18.1,True,
2024-04,541,Новичихинский муниципальный район,Алтайский край,Транспорт,10.05,-0.8,True,2024-04-13 [emergency] Глава МЧС не исключил второй волны паводка в Алтайском крае
2024-06,330,Нерюнгринский муниципальный район,Республика Саха (Якутия),Все категории,10.05,5.0,True,
2024-09,2499,внутригородская территория города федерального значения муниципальный округ Головинский,Москва,Продовольствие,10.05,3.1,True,2024-08-02 [emergency] Кинотеатр в центре Москвы эвакуировали
2024-11,1120,Комсомольский муниципальный район,Ивановская область,Общественное питание,10.04,10.6,True,
2024-09,722,Ужурский муниципальный район,Красноярский край,Здоровье,10.03,6.1,True,
2024-11,22,городской округ город Агидель,Республика Башкортостан,Транспорт,10.03,-39.4,True,
2024-02,779,городской округ Дальнегорский,Приморский край,Все категории,10.02,4.6,True,
2024-02,1687,Илекский муниципальный район,Оренбургская область,Общественное питание,10.02,-34.6,True,
2024-04,1227,городской округ Березовский,Кемеровская область,Маркетплейсы,10.02,10.5,True,
2024-08,1404,Подпорожский муниципальный район,Ленинградская область,Маркетплейсы,10.01,-3.3,True,
2024-02,2516,внутригородская территория города федерального значения муниципальный округ Лосиноостровский,Москва,Маркетплейсы,10.0,-8.1,True,2024-01-04 [utility] Десятки домов в Москве остались в мороз без света и тепла
2024-05,2021,городской округ Верхотурский,Свердловская область,Маркетплейсы,9.98,-8.2,True,
2024-05,1708,городской округ город Ливны,Орловская область,Общественное питание,9.97,1.5,True,
2024-02,594,Приаргунский муниципальный округ,Забайкальский край,Маркетплейсы,9.96,22.4,True,
2024-04,1059,Кичменгско-Городецкий муниципальный округ,Вологодская область,Маркетплейсы,9.96,12.4,True,
2024-12,56,Илишевский муниципальный район,Республика Башкортостан,Продовольствие,9.96,-6.5,True,
2024-07,1568,Сосновский муниципальный округ,Нижегородская область,Продовольствие,9.95,-3.4,True,
2024-11,1743,Земетчинский муниципальный район,Пензенская область,Общественное питание,9.95,1.6,True,
2024-04,1040,Старополтавский муниципальный район,Волгоградская область,Общественное питание,9.94,11.3,True,
2024-04,2062,Сафоновский муниципальный район,Смоленская область,Транспорт,9.94,13.1,True,
2024-05,1309,Антроповский муниципальный район,Костромская область,Продовольствие,9.93,-17.8,True,
2024-10,1507,муниципальный округ город Апатиты,Мурманская область,Транспорт,9.93,2.2,True,
2024-03,1898,Красноармейский муниципальный район,Самарская область,Общественное питание,9.92,-56.3,True,
2024-04,587,Кыринский муниципальный район,Забайкальский край,Транспорт,9.92,-7.4,True,
2024-07,1225,городской округ Анжеро-Судженский,Кемеровская область,Маркетплейсы,9.92,-2.7,True,
2024-01,1697,Переволоцкий муниципальный район,Оренбургская область,Транспорт,9.91,-12.7,True,
2024-07,1692,Новоорский муниципальный район,Оренбургская область,Транспорт,9.9,12.0,True,
2024-07,374,Заинский муниципальный район,Республика Татарстан,Транспорт,9.89,7.7,True,2024-07-30 [emergency] По Татарстану прокатились ураганы с ливнями и крупным градом. Смерч раскидал самолеты в аэропорту
2024-12,1858,Пителинский муниципальный район,Рязанская область,Общественное питание,9.89,73.2,True,
2024-01,1991,городской округ Кировградский,Свердловская область,Маркетплейсы,9.88,12.4,True,
2024-05,2,городской округ город Адыгейск,Республика Адыгея,Все категории,9.88,-11.7,True,
2024-01,2052,Духовщинский муниципальный район,Смоленская область,Общественное питание,9.86,-46.0,True,
2024-05,1072,Шекснинский муниципальный район,Вологодская область,Транспорт,9.85,3.3,True,
2024-05,2200,Викуловский муниципальный район,Тюменская область,Здоровье,9.85,-11.2,True,2024-04-14 [emergency] В двух деревнях Тюменской области началась эвакуация из-за паводка
2024-01,854,Охотский муниципальный округ,Хабаровский край,Продовольствие,9.84,-6.5,True,
2024-06,317,Верхневилюйский муниципальный район,Республика Саха (Якутия),Все категории,9.84,10.9,True,
2024-04,1427,Усманский муниципальный район,Липецкая область,Общественное питание,9.83,-11.9,True,
2024-06,917,муниципальный район Заполярный район,Ненецкий автономный округ,Транспорт,9.82,-8.8,True,
2024-11,1904,Сергиевский муниципальный район,Самарская область,Продовольствие,9.82,-1.7,True,
2024-03,741,городской округ Добрянский,Пермский край,Маркетплейсы,9.81,-2.3,True,
2024-01,516,Баевский муниципальный район,Алтайский край,Общественное питание,9.79,-48.2,True,
2024-01,1261,городской округ город Котельнич,Кировская область,Все категории,9.79,4.4,True,
2024-03,716,Северо-Енисейский муниципальный район,Красноярский край,Здоровье,9.79,8.2,True,
2024-04,1244,Крапивинский муниципальный округ,Кемеровская область,Общественное питание,9.78,-21.0,True,
2024-07,1534,городской округ город Первомайск,Нижегородская область,Продовольствие,9.77,-5.1,True,
2024-08,1291,муниципальный округ Санчурский,Кировская область,Все категории,9.77,-3.1,True,
2024-07,1728,Свердловский муниципальный район,Орловская область,Все категории,9.76,-6.5,True,2024-07-12 [emergency] Глава Орловской области назвал власти затопленного весной Орска полными бездельниками
2024-10,2079,Гавриловский муниципальный округ,Тамбовская область,Все категории,9.75,19.4,True,2024-10-19 [emergency] В Тамбовской области поручили ввести режим ЧС из-за взрыва газа в доме
2024-11,367,Балтасинский муниципальный район,Республика Татарстан,Общественное питание,9.74,26.4,True,2024-12-21 [emergency] В Татарстане ввели режим чрезвычайной ситуации для органов власти и МЧС
2024-12,1313,Кадыйский муниципальный район,Костромская область,Продовольствие,9.74,-6.0,True,
2024-01,2043,Таборинский муниципальный район,Свердловская область,Транспорт,9.73,-11.2,True,
2024-01,2302,Кизильский муниципальный район,Челябинская область,Продовольствие,9.73,-9.2,True,
2024-05,782,городской округ Находкинский,Приморский край,Здоровье,9.73,0.1,True,
2024-12,1305,городской округ город Волгореченск,Костромская область,Общественное питание,9.73,-15.0,True,
2024-01,1193,муниципальный округ Озерский,Калининградская область,Общественное питание,9.72,-22.0,True,
2024-01,2160,Тегульдетский муниципальный район,Томская область,Маркетплейсы,9.72,13.4,True,
2024-06,1351,Сафакулевский муниципальный округ,Курганская область,Здоровье,9.72,-22.2,True,2024-05-10 [emergency] Правительство направит миллиарды рублей жителям Курганской области после паводка
2024-11,391,Сармановский муниципальный район,Республика Татарстан,Продовольствие,9.72,-8.8,True,2024-12-21 [emergency] В Татарстане ввели режим чрезвычайной ситуации для органов власти и МЧС
2024-04,929,Харабалинский муниципальный район,Астраханская область,Общественное питание,9.71,-21.3,True,
2024-09,1625,Тогучинский муниципальный район,Новосибирская область,Здоровье,9.71,8.6,True,
2024-03,1532,городской округ Семеновский,Нижегородская область,Транспорт,9.7,-6.5,True,
2024-05,298,Ковылкинский муниципальный район,Республика Мордовия,Общественное питание,9.69,1.2,True,
2024-05,1673,городской округ город Орск,Оренбургская область,Здоровье,9.69,10.6,True,2024-04-05 [emergency] Для эвакуации после прорыва дамбы в Орске подготовили шесть ПВР || 2024-04-05 [emergency] Сотни спасателей направились эвакуировать жителей Орска || 2024-04-07 [emergency] Власти Оренбургской области назвали сроки улучшения ситуации с паводком
2024-07,3012,Кусинский муниципальный район,Челябинская область,Все категории,9.69,-4.0,True,2024-07-26 [emergency] В Челябинской области эвакуировали 20 человек из-за прорыва дамбы
2024-03,1052,Верховажский муниципальный округ,Вологодская область,Все категории,9.67,1.6,True,
2024-08,34,Аургазинский муниципальный район,Республика Башкортостан,Транспорт,9.67,-20.1,True,2024-07-28 [emergency] В Башкирии из-за паводка коровам пришлось передвигаться вплавь
2024-07,1510,муниципальный округ город Оленегорск,Мурманская область,Транспорт,9.66,10.9,True,
2024-04,1355,Шатровский муниципальный округ,Курганская область,Транспорт,9.63,-3.2,True,2024-04-12 [emergency] В МЧС сообщили о сотнях остающихся затопленными объектах в Курганской области
2024-07,2538,внутригородская территория города федерального значения муниципальное образование Савелки,Москва,Здоровье,9.63,3.8,True,2024-06-06 [emergency] Из здания на ВДНХ в Москве эвакуировали детей из-за удара молнии
2024-12,2134,муниципальный округ Рамешковский,Тверская область,Общественное питание,9.63,-57.2,True,
2024-05,1034,Ольховский муниципальный район,Волгоградская область,Продовольствие,9.62,1.7,True,
2024-05,1406,Сланцевский муниципальный район,Ленинградская область,Все категории,9.62,5.4,True,
2024-07,1130,Фурмановский муниципальный район,Ивановская область,Маркетплейсы,9.61,13.2,True,
2024-10,2245,муниципальный округ Надымский район,Ямало-Ненецкий автономный округ,Все категории,9.61,-6.8,True,
2024-11,1166,Усть-Удинский муниципальный район,Иркутская область,Маркетплейсы,9.6,-17.4,True,
2024-08,2220,городской округ город Нефтеюганск,Ханты-Мансийский автономный округ — Югра,Маркетплейсы,9.59,-10.2,True,
2024-04,1265,муниципальный округ Афанасьевский,Кировская область,Транспорт,9.58,-14.5,True,
2024-09,1348,Петуховский муниципальный округ,Курганская область,Здоровье,9.58,-0.1,True,
2024-09,1657,Седельниковский муниципальный район,Омская область,Все категории,9.58,-4.9,True,
2024-05,337,Таттинский муниципальный район,Республика Саха (Якутия),Маркетплейсы,9.57,185.5,True,
2024-08,422,городской округ город Сарапул,Удмуртская Республика,Здоровье,9.57,14.8,True,
2024-02,1857,Александро-Невский муниципальный район,Рязанская область,Транспорт,9.56,16.5,True,
2024-08,1393,Волосовский муниципальный район,Ленинградская область,Маркетплейсы,9.56,-5.9,True,
2024-11,2321,Большесельский муниципальный район,Ярославская область,Продовольствие,9.56,6.5,True,
2024-09,792,Лазовский муниципальный округ,Приморский край,Продовольствие,9.55,-3.9,True,2024-08-16 [utility] Владивосток и Приморье остались без света. На дорогах после отключения светофоров начались массовые ДТП
2024-07,318,Верхнеколымский муниципальный район,Республика Саха (Якутия),Все категории,9.54,11.8,True,2024-08-20 [emergency] Природные пожары в Якутии охватили более 50 населенных пунктов
2024-01,68,Мишкинский муниципальный район,Республика Башкортостан,Все категории,9.53,2.0,True,
2024-02,783,городской округ Партизанский,Приморский край,Маркетплейсы,9.53,9.5,True,
2024-07,2234,Октябрьский муниципальный район,Ханты-Мансийский автономный округ — Югра,Здоровье,9.53,24.5,True,
2024-11,1658,Таврический муниципальный район,Омская область,Транспорт,9.52,10.0,True,
2024-01,486,Вурнарский муниципальный округ,Чувашская Республика,Транспорт,9.51,-5.6,True,
2024-09,2488,внутригородская территория города федерального значения муниципальный округ Тропарево-Никулино,Москва,Продовольствие,9.51,0.3,True,2024-08-02 [emergency] Кинотеатр в центре Москвы эвакуировали
2024-10,878,Магдагачинский муниципальный район,Амурская область,Продовольствие,9.51,-4.9,True,
2024-01,1438,муниципальный округ Ягоднинский,Магаданская область,Маркетплейсы,9.49,32.2,True,
2024-03,44,Благовещенский муниципальный район,Республика Башкортостан,Общественное питание,9.49,3.9,True,
2024-10,1404,Подпорожский муниципальный район,Ленинградская область,Здоровье,9.49,16.9,True,
2024-05,1714,Должанский муниципальный район,Орловская область,Все категории,9.48,-3.1,True,
2024-06,808,Яковлевский муниципальный округ,Приморский край,Транспорт,9.48,-37.8,True,2024-07-31 [emergency] В Приморье рассказали о масштабе подтопления
2024-08,2497,внутригородская территория города федерального значения муниципальный округ Войковский,Москва,Здоровье,9.48,1.5,True,2024-08-02 [emergency] Кинотеатр в центре Москвы эвакуировали
2024-01,767,городской округ Чусовской,Пермский край,Маркетплейсы,9.47,-4.8,True,
2024-07,77,Учалинский муниципальный район,Республика Башкортостан,Здоровье,9.47,0.4,True,2024-07-28 [emergency] В Башкирии из-за паводка коровам пришлось передвигаться вплавь
2024-08,2001,городской округ Нижняя Салда,Свердловская область,Здоровье,9.47,-2.4,True,
2024-05,225,городской округ Воркута,Республика Коми,Все категории,9.46,4.8,True,2024-06-26 [emergency] В Коми заявили об эвакуации всех пассажиров сошедшего с рельсов поезда
2024-01,211,Кондопожский муниципальный район,Республика Карелия,Продовольствие,9.44,4.0,True,
2024-03,3,Гиагинский муниципальный район,Республика Адыгея,Транспорт,9.44,-0.3,True,
2024-07,60,Кармаскалинский муниципальный район,Республика Башкортостан,Все категории,9.44,-3.8,True,2024-07-28 [emergency] В Башкирии из-за паводка коровам пришлось передвигаться вплавь
2024-09,766,городской округ Чернушинский,Пермский край,Здоровье,9.42,2.8,True,
2024-12,1936,Новоузенский муниципальный район,Саратовская область,Общественное питание,9.42,10.8,True,
2024-02,2466,внутригородская территория города федерального значения муниципальный округ Гольяново,Москва,Маркетплейсы,9.41,-6.8,True,2024-01-04 [utility] Десятки домов в Москве остались в мороз без света и тепла
2024-07,1276,Котельничский муниципальный район,Кировская область,Продовольствие,9.41,-8.4,True,
2024-10,908,Няндомский муниципальный округ,Архангельская область,Транспорт,9.41,-3.8,True,
2024-06,1272,Зуевский муниципальный район,Кировская область,Транспорт,9.4,2.6,True,
2024-07,1273,муниципальный округ Кикнурский,Кировская область,Продовольствие,9.4,2.9,True,
2024-03,1037,Светлоярский муниципальный район,Волгоградская область,Все категории,9.39,-2.4,True,
2024-04,423,муниципальный округ Алнашский район,Удмуртская Республика,Все категории,9.39,7.8,True,
2024-04,1858,Пителинский муниципальный район,Рязанская область,Общественное питание,9.39,0.3,True,
2024-05,209,Калевальский муниципальный район,Республика Карелия,Все категории,9.39,2.6,True,
2024-05,901,муниципальный округ Каргопольский,Архангельская область,Общественное питание,9.39,57.0,True,
2024-06,2602,внутригородская территория города федерального значения поселение Первомайское,Москва,Здоровье,9.39,13.4,True,2024-05-18 [emergency] Людей эвакуировали из Большого театра в Москве
2024-11,770,муниципальный округ Косинский,Пермский край,Здоровье,9.39,15.6,True,
2024-12,1348,Петуховский муниципальный округ,Курганская область,Все категории,9.39,2.4,True,
2024-11,1232,городской округ Мысковский,Кемеровская область,Продовольствие,9.38,1.6,True,
2024-01,1229,городской округ Киселевский,Кемеровская область,Общественное питание,9.37,19.8,True,
2024-02,671,городской округ город Енисейск,Красноярский край,Продовольствие,9.37,4.2,True,
2024-04,2205,Нижнетавдинский муниципальный район,Тюменская область,Транспорт,9.37,-11.0,True,2024-04-14 [emergency] В двух деревнях Тюменской области началась эвакуация из-за паводка
2024-07,870,Архаринский муниципальный округ,Амурская область,Транспорт,9.37,31.7,True,
2024-12,714,Рыбинский муниципальный район,Красноярский край,Общественное питание,9.36,14.6,True,
2024-05,1454,городской округ Кашира,Московская область,Транспорт,9.35,17.8,True,2024-05-17 [emergency] Жители Подмосковья приняли огромный черный столб в небе за смерч
2024-08,2105,городской округ Осташковский,Тверская область,Транспорт,9.35,3.4,True,
2024-12,2559,внутригородская территория города федерального значения муниципальный округ Гагаринский,Москва,Общественное питание,9.35,5.7,True,2024-12-21 [emergency] В Москве задержали пенсионерку-поджигательницу после эвакуации торгового центра
2024-02,2595,внутригородская территория города федерального значения поселение Кокошкино,Москва,Продовольствие,9.34,5.8,True,2024-01-04 [utility] Десятки домов в Москве остались в мороз без света и тепла
2024-04,586,Красночикойский муниципальный район,Забайкальский край,Транспорт,9.34,-1.0,True,
2024-05,1679,Акбулакский муниципальный район,Оренбургская область,Все категории,9.34,-3.3,True,2024-04-07 [emergency] Власти Оренбургской области назвали сроки улучшения ситуации с паводком
2024-06,1886,Богатовский муниципальный район,Самарская область,Продовольствие,9.34,-2.8,True,
2024-10,1039,Среднеахтубинский муниципальный район,Волгоградская область,Транспорт,9.34,15.0,True,
2024-08,2532,внутригородская территория города федерального значения муниципальный округ Хорошево-Мневники,Москва,Маркетплейсы,9.33,-17.4,True,2024-08-02 [emergency] Кинотеатр в центре Москвы эвакуировали
2024-11,1539,Балахнинский муниципальный округ,Нижегородская область,Здоровье,9.33,9.4,True,
2024-11,2056,Краснинский муниципальный район,Смоленская область,Транспорт,9.33,-5.4,True,
2024-03,2497,внутригородская территория города федерального значения муниципальный округ Войковский,Москва,Общественное питание,9.32,-1.9,True,2024-03-22 [emergency] Стало известно об эвакуации всех торговых центров Москвы
2024-11,508,городской округ город Заринск,Алтайский край,Транспорт,9.32,2.4,True,
2024-03,1127,Родниковский муниципальный район,Ивановская область,Общественное питание,9.31,13.8,True,
2024-06,805,Черниговский муниципальный округ,Приморский край,Продовольствие,9.3,-2.8,True,2024-07-31 [emergency] В Приморье рассказали о масштабе подтопления
2024-06,1965,городской округ Смирныховский,Сахалинская область,Транспорт,9.29,-35.1,True,
2024-01,327,Мирнинский муниципальный район,Республика Саха (Якутия),Общественное питание,9.28,12.0,True,
2024-06,216,Олонецкий муниципальный район,Республика Карелия,Здоровье,9.28,-3.7,True,2024-07-29 [emergency] Стало известно о пропавших без вести из-за прорыва дамбы в Карелии
2024-08,1884,Алексеевский муниципальный район,Самарская область,Продовольствие,9.27,-3.2,True,2024-09-29 [emergency] В Самарской области начали тушить лесной пожар
2024-12,2425,внутригородская территория города федерального значения муниципальный округ Новоизмайловское,Санкт-Петербург,Общественное питание,9.27,4.7,True,2024-12-30 [emergency] В Санкт-Петербурге из-за угрозы наводнения закрыли дамбу
2024-03,2489,внутригородская территория города федерального значения муниципальный округ Филевский парк,Москва,Здоровье,9.26,3.9,True,2024-03-22 [emergency] Стало известно об эвакуации всех торговых центров Москвы
2024-04,39,Белокатайский муниципальный район,Республика Башкортостан,Маркетплейсы,9.26,0.4,True,
2024-10,1037,Светлоярский муниципальный район,Волгоградская область,Транспорт,9.26,27.9,True,
2024-09,47,Бурзянский муниципальный район,Республика Башкортостан,Транспорт,9.25,6.9,True,
2024-11,269,городской округ город Йошкар-Ола,Республика Марий Эл,Здоровье,9.24,15.2,True,
2024-06,2619,городской округ город Переславль-Залесский,Ярославская область,Транспорт,9.23,4.9,True,
2024-05,298,Ковылкинский муниципальный район,Республика Мордовия,Транспорт,9.22,1.5,True,
2024-05,819,Минераловодский муниципальный округ,Ставропольский край,Маркетплейсы,9.22,-4.9,True,
2024-06,486,Вурнарский муниципальный округ,Чувашская Республика,Здоровье,9.22,-10.5,True,
2024-07,414,Улуг-Хемский муниципальный район,Республика Тыва,Маркетплейсы,9.22,-13.4,True,
2024-11,1540,Богородский муниципальный округ,Нижегородская область,Здоровье,9.22,20.1,True,
2024-12,2400,внутригородская территория города федерального значения муниципальный округ Малая Охта,Санкт-Петербург,Общественное питание,9.22,5.0,True,2024-12-30 [emergency] В Санкт-Петербурге из-за угрозы наводнения закрыли дамбу
2024-01,2037,городской округ Шалинский,Свердловская область,Транспорт,9.21,-7.9,True,
2024-06,1967,городской округ Тымовский,Сахалинская область,Здоровье,9.21,-11.6,True,
2024-03,1868,Спасский муниципальный район,Рязанская область,Транспорт,9.19,-13.6,True,
2024-12,1002,Селивановский муниципальный район,Владимирская область,Продовольствие,9.19,-8.8,True,
2024-06,1707,городской округ город Орёл,Орловская область,Здоровье,9.18,6.7,True,2024-07-12 [emergency] Глава Орловской области назвал власти затопленного весной Орска полными бездельниками
2024-11,715,Саянский муниципальный район,Красноярский край,Здоровье,9.18,3.2,True,
2024-03,204,Усть-Джегутинский муниципальный район,Карачаево-Черкесская Республика,Продовольствие,9.17,12.8,True,
2024-09,1506,городской округ город Мурманск,Мурманская область,Здоровье,9.17,1.8,True,
2024-12,2387,внутригородская территория города федерального значения муниципальный округ Дачное,Санкт-Петербург,Общественное питание,9.17,4.9,True,2024-12-30 [emergency] В Санкт-Петербурге из-за угрозы наводнения закрыли дамбу
2024-01,2055,Кардымовский муниципальный район,Смоленская область,Общественное питание,9.16,96.2,True,
2024-02,1291,муниципальный округ Санчурский,Кировская область,Транспорт,9.16,12.2,True,
2024-09,68,Мишкинский муниципальный район,Республика Башкортостан,Здоровье,9.16,19.5,True,
2024-09,559,Тальменский муниципальный район,Алтайский край,Транспорт,9.16,4.9,True,
2024-05,1518,Кандалакшский муниципальный район,Мурманская область,Здоровье,9.15,4.7,True,
2024-10,852,Нанайский муниципальный район,Хабаровский край,Все категории,9.15,-5.8,True,
2024-04,1673,городской округ город Орск,Оренбургская область,Продовольствие,9.14,7.7,True,2024-04-05 [emergency] Для эвакуации после прорыва дамбы в Орске подготовили шесть ПВР || 2024-04-05 [emergency] Сотни спасателей направились эвакуировать жителей Орска || 2024-04-07 [emergency] Власти Оренбургской области назвали сроки улучшения ситуации с паводком
2024-11,810,Благодарненский муниципальный округ,Ставропольский край,Продовольствие,9.14,-1.6,True,
2024-11,1057,Кадуйский муниципальный округ,Вологодская область,Транспорт,9.14,-21.5,True,
2024-01,760,городской округ Суксунский,Пермский край,Общественное питание,9.13,30.0,True,
2024-10,215,Муезерский муниципальный район,Республика Карелия,Все категории,9.13,-9.6,True,
2024-10,1160,Слюдянский муниципальный район,Иркутская область,Маркетплейсы,9.13,-5.5,True,
2024-12,794,Надеждинский муниципальный район,Приморский край,Здоровье,9.13,-4.5,True,
2024-03,1329,Судиславский муниципальный район,Костромская область,Все категории,9.12,-3.0,True,
2024-08,2570,внутригородская территория города федерального значения муниципальный округ Бирюлево Восточное,Москва,Маркетплейсы,9.12,-17.6,True,2024-08-02 [emergency] Кинотеатр в центре Москвы эвакуировали
2024-09,2489,внутригородская территория города федерального значения муниципальный округ Филевский парк,Москва,Здоровье,9.12,-4.9,True,2024-08-02 [emergency] Кинотеатр в центре Москвы эвакуировали
2024-01,1741,Вадинский муниципальный район,Пензенская область,Транспорт,9.11,13.5,True,
2024-01,2027,городской округ Бисертский,Свердловская область,Маркетплейсы,9.1,0.8,True,
2024-08,37,Балтачевский муниципальный район,Республика Башкортостан,Здоровье,9.1,17.9,True,2024-07-28 [emergency] В Башкирии из-за паводка коровам пришлось передвигаться вплавь
2024-06,480,городской округ город Канаш,Чувашская Республика,Транспорт,9.09,5.9,True,
2024-09,918,городской округ город Астрахань,Астраханская область,Маркетплейсы,9.09,2.8,True,
2024-03,2486,внутригородская территория города федерального значения муниципальный округ Раменки,Москва,Здоровье,9.08,-0.1,True,2024-03-22 [emergency] Стало известно об эвакуации всех торговых центров Москвы
2024-08,2470,внутригородская территория города федерального значения муниципальный округ Новогиреево,Москва,Маркетплейсы,9.07,-19.8,True,2024-08-02 [emergency] Кинотеатр в центре Москвы эвакуировали
2024-12,2542,внутригородская территория города федерального значения муниципальный округ Таганский,Москва,Общественное питание,9.06,5.6,True,2024-12-21 [emergency] В Москве задержали пенсионерку-поджигательницу после эвакуации торгового центра
2024-01,1016,Даниловский муниципальный район,Волгоградская область,Продовольствие,9.05,-5.8,True,
2024-04,184,Лаганский муниципальный район,Республика Калмыкия,Общественное питание,9.05,3.9,True,
2024-05,12,Майминский муниципальный район,Республика Алтай,Маркетплейсы,9.05,2.3,True,
2024-01,330,Нерюнгринский муниципальный район,Республика Саха (Якутия),Общественное питание,9.04,8.5,True,
2024-01,1766,Бежаницкий муниципальный район,Псковская область,Транспорт,9.04,-12.3,True,
2024-03,1659,Тарский муниципальный район,Омская область,Транспорт,9.04,-2.7,True,
2024-02,2590,внутригородская территория города федерального значения поселение Воскресенское,Москва,Маркетплейсы,9.03,-10.4,True,2024-01-04 [utility] Десятки домов в Москве остались в мороз без света и тепла
2024-04,1011,городской округ город Урюпинск,Волгоградская область,Маркетплейсы,9.03,-10.6,True,
2024-05,2496,внутригородская территория города федерального значения муниципальный округ Бескудниковский,Москва,Транспорт,9.03,9.7,True,2024-04-01 [emergency] В Москве эвакуировали студентов из нескольких вузов из-за угрозы взрыва
2024-01,1955,городской округ Анивский,Сахалинская область,Общественное питание,9.02,-8.6,True,
2024-02,884,Селемджинский муниципальный район,Амурская область,Все категории,9.02,-7.3,True,2024-03-19 [emergency] В Амурской области ввели региональный режим ЧС из-за обвала на руднике
2024-02,1575,городской округ Великий Новгород,Новгородская область,Маркетплейсы,9.02,-8.0,True,
2024-05,1227,городской округ Березовский,Кемеровская область,Здоровье,9.02,5.0,True,
2024-07,1694,Октябрьский муниципальный район,Оренбургская область,Здоровье,9.02,-2.6,True,
2024-09,167,городской округ Нальчик,Кабардино-Балкарская Республика,Здоровье,9.01,-7.7,True,
2024-08,386,Новошешминский муниципальный район,Республика Татарстан,Продовольствие,9.0,-6.0,True,2024-07-30 [emergency] По Татарстану прокатились ураганы с ливнями и крупным градом. Смерч раскидал самолеты в аэропорту
2024-12,2436,внутригородская территория города федерального значения муниципальный округ Правобережный,Санкт-Петербург,Общественное питание,9.0,1.2,True,2024-12-30 [emergency] В Санкт-Петербурге из-за угрозы наводнения закрыли дамбу
2024-02,237,Сыктывдинский муниципальный район,Республика Коми,Здоровье,8.99,-12.6,True,
2024-07,60,Кармаскалинский муниципальный район,Республика Башкортостан,Транспорт,8.99,-12.3,True,2024-07-28 [emergency] В Башкирии из-за паводка коровам пришлось передвигаться вплавь
2024-12,1545,Варнавинский муниципальный округ,Нижегородская область,Транспорт,8.99,12.6,True,
2024-12,1593,муниципальный округ Хвойнинский,Новгородская область,Продовольствие,8.99,-4.8,True,
2024-04,1693,Новосергиевский муниципальный район,Оренбургская область,Транспорт,8.98,-3.8,True,2024-04-07 [emergency] Власти Оренбургской области назвали сроки улучшения ситуации с паводком
2024-05,326,Мегино-Кангаласский муниципальный район,Республика Саха (Якутия),Продовольствие,8.98,1.1,True,
2024-09,2303,Коркинский муниципальный округ,Челябинская область,Все категории,8.98,12.7,True,
2024-04,840,Туркменский муниципальный округ,Ставропольский край,Транспорт,8.97,-3.1,True,
2024-04,2607,внутригородская территория города федерального значения поселение Щаповское,Москва,Все категории,8.97,6.0,True,2024-03-22 [emergency] Стало известно об эвакуации всех торговых центров Москвы
2024-10,1222,Хвастовичский муниципальный район,Калужская область,Все категории,8.97,5.9,True,
2024-02,2542,внутригородская территория города федерального значения муниципальный округ Таганский,Москва,Маркетплейсы,8.96,-7.5,True,2024-01-04 [utility] Десятки домов в Москве остались в мороз без света и тепла
2024-07,1857,Александро-Невский муниципальный район,Рязанская область,Все категории,8.96,-7.9,True,
2024-10,1906,Сызранский муниципальный район,Самарская область,Транспорт,8.96,9.9,True,2024-09-29 [emergency] В Самарской области начали тушить лесной пожар
2024-12,2175,Воловский муниципальный район,Тульская область,Продовольствие,8.96,-1.3,True,
2024-02,298,Ковылкинский муниципальный район,Республика Мордовия,Транспорт,8.95,-8.6,True,
2024-06,689,Богучанский муниципальный район,Красноярский край,Здоровье,8.95,7.9,True,
2024-06,1309,Антроповский муниципальный район,Костромская область,Здоровье,8.95,-31.1,True,
2024-12,1586,Новгородский муниципальный район,Новгородская область,Маркетплейсы,8.95,7.1,True,
2024-11,401,Бай-Тайгинский муниципальный район,Республика Тыва,Продовольствие,8.94,-19.6,True,
2024-11,1903,Приволжский муниципальный район,Самарская область,Транспорт,8.94,11.5,True,
2024-01,1068,Устюженский муниципальный округ,Вологодская область,Общественное питание,8.93,-12.5,True,
2024-02,1643,Любинский муниципальный район,Омская область,Маркетплейсы,8.93,8.6,True,2024-01-10 [utility] Губернатор Омской области обратился к жителям региона после отключения света
2024-10,581,Забайкальский муниципальный район,Забайкальский край,Здоровье,8.93,-1.8,True,
2024-01,386,Новошешминский муниципальный район,Республика Татарстан,Все категории,8.92,4.7,True,
2024-05,1483,городской округ Черноголовка,Московская область,Транспорт,8.92,-3.9,True,2024-05-17 [emergency] Жители Подмосковья приняли огромный черный столб в небе за смерч
2024-11,336,Сунтарский муниципальный район,Республика Саха (Якутия),Продовольствие,8.92,-10.7,True,
2024-12,1568,Сосновский муниципальный округ,Нижегородская область,Продовольствие,8.91,-1.2,True,
2024-01,2381,внутригородская территория города федерального значения муниципальный округ № 21,Санкт-Петербург,Общественное питание,8.9,9.1,True,
2024-03,1887,Большеглушицкий муниципальный район,Самарская область,Общественное питание,8.9,-57.3,True,
2024-09,923,Икрянинский муниципальный район,Астраханская область,Маркетплейсы,8.9,10.3,True,
2024-11,12,Майминский муниципальный район,Республика Алтай,Маркетплейсы,8.9,-2.0,True,
2024-11,680,городской округ город Шарыпово,Красноярский край,Все категории,8.9,4.8,True,
2024-12,433,муниципальный округ Каракулинский район,Удмуртская Республика,Продовольствие,8.9,-10.1,True,
2024-05,794,Надеждинский муниципальный район,Приморский край,Все категории,8.89,3.7,True,
2024-01,829,Арзгирский муниципальный округ,Ставропольский край,Все категории,8.88,10.5,True,
2024-01,1137,городской округ Зима,Иркутская область,Все категории,8.88,-6.6,True,
2024-12,329,Намский муниципальный район,Республика Саха (Якутия),Общественное питание,8.88,8.9,True,
2024-01,2169,городской округ город Новомосковск,Тульская область,Общественное питание,8.87,7.5,True,
2024-02,2204,Казанский муниципальный район,Тюменская область,Маркетплейсы,8.87,-14.1,True,
2024-04,78,Федоровский муниципальный район,Республика Башкортостан,Транспорт,8.87,-25.3,True,
2024-05,538,Локтевский муниципальный район,Алтайский край,Все категории,8.87,0.8,True,2024-04-13 [emergency] Глава МЧС не исключил второй волны паводка в Алтайском крае
2024-08,65,Кушнаренковский муниципальный район,Республика Башкортостан,Транспорт,8.87,-15.6,True,2024-07-28 [emergency] В Башкирии из-за паводка коровам пришлось передвигаться вплавь
2024-03,1732,Хотынецкий муниципальный район,Орловская область,Продовольствие,8.86,2.3,True,
2024-09,1014,Быковский муниципальный район,Волгоградская область,Маркетплейсы,8.86,11.4,True,
2024-03,2077,городской округ город Уварово,Тамбовская область,Здоровье,8.85,-5.2,True,
2024-04,1907,Хворостянский муниципальный район,Самарская область,Транспорт,8.85,-2.1,True,
2024-04,2272,Ульяновский муниципальный район,Ульяновская область,Транспорт,8.85,17.4,True,
2024-02,218,Прионежский муниципальный район,Республика Карелия,Продовольствие,8.84,2.2,True,
2024-12,1339,Звериноголовский муниципальный округ,Курганская область,Маркетплейсы,8.84,31.5,True,
2024-10,1206,Жуковский муниципальный район,Калужская область,Транспорт,8.83,21.7,True,
2024-12,356,Агрызский муниципальный район,Республика Татарстан,Все категории,8.83,-1.8,True,2024-12-21 [emergency] В Татарстане ввели режим чрезвычайной ситуации для органов власти и МЧС
2024-03,1732,Хотынецкий муниципальный район,Орловская область,Общественное питание,8.82,154.2,True,
2024-03,2480,внутригородская территория города федерального значения муниципальный округ Крылатское,Москва,Здоровье,8.81,-2.8,True,2024-03-22 [emergency] Стало известно об эвакуации всех торговых центров Москвы
2024-08,1492,городской округ Клин,Московская область,Маркетплейсы,8.81,-13.4,True,2024-07-06 [emergency] В Подмосковье мужчину придавило деревом во время урагана
2024-05,2517,внутригородская территория города федерального значения муниципальный округ Марфино,Москва,Здоровье,8.8,10.0,True,2024-04-01 [emergency] В Москве эвакуировали студентов из нескольких вузов из-за угрозы взрыва
2024-10,2077,городской округ город Уварово,Тамбовская область,Здоровье,8.8,1.7,True,2024-10-19 [emergency] В Тамбовской области поручили ввести режим ЧС из-за взрыва газа в доме
2024-07,335,Среднеколымский муниципальный район,Республика Саха (Якутия),Маркетплейсы,8.79,121.3,True,2024-08-20 [emergency] Природные пожары в Якутии охватили более 50 населенных пунктов
2024-08,70,Нуримановский муниципальный район,Республика Башкортостан,Здоровье,8.79,15.0,True,2024-07-28 [emergency] В Башкирии из-за паводка коровам пришлось передвигаться вплавь
2024-02,2341,Облученский муниципальный район,Еврейская автономная область,Здоровье,8.78,-5.9,True,
2024-06,1669,городской округ Гайский,Оренбургская область,Продовольствие,8.78,-4.7,True,2024-05-01 [emergency] Названа сумма выплат пострадавшим от паводка жителям Оренбургской области
2024-12,169,городской округ Прохладный,Кабардино-Балкарская Республика,Продовольствие,8.78,-6.6,True,
2024-05,376,Кайбицкий муниципальный район,Республика Татарстан,Здоровье,8.77,94.0,True,"2024-05-31 [emergency,attack,economy] После сообщений о беспилотниках в Татарстане на предприятиях объявили эвакуацию"
2024-07,2265,Павловский муниципальный район,Ульяновская область,Здоровье,8.77,-13.7,True,
2024-08,2525,внутригородская территория города федерального значения муниципальный округ Южное Медведково,Москва,Маркетплейсы,8.77,-18.0,True,2024-08-02 [emergency] Кинотеатр в центре Москвы эвакуировали
2024-04,1014,Быковский муниципальный район,Волгоградская область,Общественное питание,8.76,8.1,True,
2024-07,883,Свободненский муниципальный район,Амурская область,Здоровье,8.76,-2.5,True,
2024-03,2402,внутригородская территория города федерального значения муниципальный округ Ржевка,Санкт-Петербург,Маркетплейсы,8.75,-1.8,True,
2024-08,2242,городской округ город Новый Уренгой,Ямало-Ненецкий автономный округ,Маркетплейсы,8.75,-12.9,True,
2024-01,28,городской округ город Сибай,Республика Башкортостан,Все категории,8.74,8.6,True,
2024-06,1622,Северный муниципальный район,Новосибирская область,Здоровье,8.74,-35.0,True,
2024-10,2880,городской округ город Лабытнанги,Ямало-Ненецкий автономный округ,Здоровье,8.74,-8.8,True,
2024-11,2401,внутригородская территория города федерального значения муниципальный округ Пороховые,Санкт-Петербург,Здоровье,8.74,6.0,True,2024-10-23 [emergency] Дамбу в Санкт-Петербурге перевели в режим готовности
2024-06,753,муниципальный округ Ординский,Пермский край,Здоровье,8.73,-11.6,True,
2024-09,904,Красноборский муниципальный округ,Архангельская область,Все категории,8.72,-6.2,True,
2024-11,1658,Таврический муниципальный район,Омская область,Общественное питание,8.72,-5.6,True,
2024-01,541,Новичихинский муниципальный район,Алтайский край,Транспорт,8.71,-21.7,True,
2024-03,2876,городской округ город-курорт Кисловодск,Ставропольский край,Все категории,8.71,-1.9,True,
2024-06,2241,городской округ город Муравленко,Ямало-Ненецкий автономный округ,Транспорт,8.71,12.3,True,
2024-08,1519,Кольский муниципальный район,Мурманская область,Маркетплейсы,8.71,-19.9,True,
2024-12,335,Среднеколымский муниципальный район,Республика Саха (Якутия),Транспорт,8.71,108.7,True,
2024-09,2220,городской округ город Нефтеюганск,Ханты-Мансийский автономный округ — Югра,Здоровье,8.7,2.5,True,
2024-02,36,Бакалинский муниципальный район,Республика Башкортостан,Все категории,8.69,3.0,True,
2024-05,1755,Нижнеломовский муниципальный район,Пензенская область,Продовольствие,8.67,-4.8,True,
2024-09,696,Идринский муниципальный район,Красноярский край,Продовольствие,8.67,-7.9,True,
2024-12,1313,Кадыйский муниципальный район,Костромская область,Общественное питание,8.67,-27.6,True,
2024-03,2601,внутригородская территория города федерального значения поселение Новофедоровское,Москва,Продовольствие,8.66,-11.3,True,2024-03-22 [emergency] Стало известно об эвакуации всех торговых центров Москвы
2024-02,512,городской округ город Яровое,Алтайский край,Транспорт,8.65,-14.4,True,
2024-06,1194,муниципальный округ Полесский,Калининградская область,Здоровье,8.65,-39.0,True,
2024-11,1319,Межевской муниципальный округ,Костромская область,Здоровье,8.65,-10.3,True,
2024-04,1058,Кирилловский муниципальный округ,Вологодская область,Общественное питание,8.64,-0.5,True,
2024-05,525,Залесовский муниципальный округ,Алтайский край,Все категории,8.64,-11.5,True,2024-04-13 [emergency] Глава МЧС не исключил второй волны паводка в Алтайском крае
2024-09,2349,Билибинский муниципальный район,Чукотский автономный округ,Продовольствие,8.64,-2.3,True,
2024-03,424,муниципальный округ Балезинский район,Удмуртская Республика,Продовольствие,8.63,6.9,True,
2024-05,1223,Юхновский муниципальный район,Калужская область,Транспорт,8.63,4.3,True,
2024-12,1475,городской округ Реутов,Московская область,Общественное питание,8.63,-1.0,True,2024-12-21 [emergency] В Подмосковье эвакуировали посетителей ТЦ из-за запуска фейерверка
2024-05,1641,Кормиловский муниципальный район,Омская область,Общественное питание,8.62,-28.1,True,2024-05-06 [emergency] В районе Омской области объявили эвакуацию
2024-09,584,Карымский муниципальный район,Забайкальский край,Продовольствие,8.62,-7.1,True,
2024-10,515,Алтайский муниципальный район,Алтайский край,Маркетплейсы,8.62,-2.1,True,
2024-03,191,Юстинский муниципальный район,Республика Калмыкия,Все категории,8.61,-8.9,True,
2024-08,913,Устьянский муниципальный округ,Архангельская область,Все категории,8.61,-4.9,True,
2024-03,194,городской округ Черкесский,Карачаево-Черкесская Республика,Общественное питание,8.59,-8.5,True,
2024-04,1339,Звериноголовский муниципальный округ,Курганская область,Маркетплейсы,8.59,-1.0,True,2024-04-12 [emergency] В МЧС сообщили о сотнях остающихся затопленными объектах в Курганской области
2024-05,2061,Руднянский муниципальный район,Смоленская область,Все категории,8.58,4.4,True,
2024-11,1780,муниципальный округ Печорский,Псковская область,Транспорт,8.58,1.1,True,
2024-03,1879,городской округ Отрадный,Самарская область,Общественное питание,8.57,-1.7,True,
2024-03,1942,Ровенский муниципальный район,Саратовская область,Все категории,8.57,-2.7,True,
2024-04,329,Намский муниципальный район,Республика Саха (Якутия),Транспорт,8.56,-5.9,True,
2024-06,818,городской округ город Лермонтов,Ставропольский край,Здоровье,8.56,9.9,True,
2024-09,2338,городской округ город Биробиджан,Еврейская автономная область,Здоровье,8.56,-2.4,True,
2024-01,1871,Чучковский муниципальный район,Рязанская область,Маркетплейсы,8.54,-18.7,True,
2024-02,1321,муниципальный район город Нерехта и Нерехтский район,Костромская область,Все категории,8.54,7.7,True,
2024-03,2051,Дорогобужский муниципальный район,Смоленская область,Транспорт,8.54,-1.6,True,
2024-04,1959,городской округ Макаровский,Сахалинская область,Продовольствие,8.54,-12.7,True,
2024-12,1957,городской округ Корсаковский,Сахалинская область,Транспорт,8.53,6.7,True,
2024-01,434,муниципальный округ Кезский район,Удмуртская Республика,Маркетплейсы,8.52,-7.5,True,
2024-11,215,Муезерский муниципальный район,Республика Карелия,Транспорт,8.52,-8.1,True,
2024-11,994,Гусь-Хрустальный муниципальный район,Владимирская область,Все категории,8.52,-8.1,True,
2024-05,739,городской округ Горнозаводский,Пермский край,Общественное питание,8.51,4.6,True,
2024-05,1070,Чагодощенский муниципальный округ,Вологодская область,Все категории,8.51,4.4,True,
2024-09,2524,внутригородская территория города федерального значения муниципальный округ Северный,Москва,Здоровье,8.51,-4.6,True,2024-08-02 [emergency] Кинотеатр в центре Москвы эвакуировали
2024-01,1161,Тайшетский муниципальный район,Иркутская область,Продовольствие,8.5,-5.0,True,
2024-06,1472,городской округ Подольск,Московская область,Здоровье,8.5,7.0,True,2024-05-10 [attack] Собянин сообщил о сбитом в городском округе Подольск беспилотнике || 2024-07-06 [emergency] В Подмосковье мужчину придавило деревом во время урагана
2024-07,1697,Переволоцкий муниципальный район,Оренбургская область,Транспорт,8.5,-20.1,True,
2024-01,1667,городской округ город Бугуруслан,Оренбургская область,Все категории,8.49,6.4,True,
2024-02,1234,городской округ Осинниковский,Кемеровская область,Общественное питание,8.49,-6.1,True,
2024-06,524,Завьяловский муниципальный район,Алтайский край,Все категории,8.49,3.2,True,
2024-06,1765,городской округ город Великие Луки,Псковская область,Транспорт,8.49,8.1,True,
2024-11,188,Сарпинский муниципальный район,Республика Калмыкия,Транспорт,8.49,12.7,True,
2024-05,383,Мензелинский муниципальный район,Республика Татарстан,Здоровье,8.48,-1.3,True,"2024-05-31 [emergency,attack,economy] После сообщений о беспилотниках в Татарстане на предприятиях объявили эвакуацию"
2024-08,2556,внутригородская территория города федерального значения муниципальный округ Текстильщики,Москва,Здоровье,8.48,-0.8,True,2024-08-02 [emergency] Кинотеатр в центре Москвы эвакуировали
2024-05,2202,Исетский муниципальный район,Тюменская область,Транспорт,8.47,-10.5,True,2024-04-14 [emergency] В двух деревнях Тюменской области началась эвакуация из-за паводка
2024-07,1732,Хотынецкий муниципальный район,Орловская область,Все категории,8.47,11.3,True,2024-07-12 [emergency] Глава Орловской области назвал власти затопленного весной Орска полными бездельниками
2024-06,1857,Александро-Невский муниципальный район,Рязанская область,Маркетплейсы,8.46,-7.5,True,
2024-01,827,Андроповский муниципальный округ,Ставропольский край,Продовольствие,8.45,-6.3,True,
2024-01,1671,городской округ город Медногорск,Оренбургская область,Все категории,8.45,6.6,True,
2024-06,435,муниципальный округ Кизнерский район,Удмуртская Республика,Транспорт,8.45,6.0,True,
2024-10,2205,Нижнетавдинский муниципальный район,Тюменская область,Продовольствие,8.45,-4.8,True,
2024-05,1473,городской округ Протвино,Московская область,Транспорт,8.43,5.1,True,2024-05-17 [emergency] Жители Подмосковья приняли огромный черный столб в небе за смерч
2024-06,766,городской округ Чернушинский,Пермский край,Здоровье,8.43,-6.2,True,
2024-06,1249,Промышленновский муниципальный округ,Кемеровская область,Все категории,8.43,3.8,True,
2024-06,2297,Еманжелинский муниципальный район,Челябинская область,Транспорт,8.43,-2.7,True,2024-07-26 [emergency] В Челябинской области эвакуировали 20 человек из-за прорыва дамбы
2024-10,2001,городской округ Нижняя Салда,Свердловская область,Все категории,8.43,-3.1,True,
2024-12,497,Цивильский муниципальный округ,Чувашская Республика,Продовольствие,8.42,-0.6,True,
2024-07,1229,городской округ Киселевский,Кемеровская область,Маркетплейсы,8.41,-2.8,True,
2024-09,1993,городской округ Краснотурьинск,Свердловская область,Здоровье,8.41,2.7,True,
2024-02,222,Сортавальский муниципальный район,Республика Карелия,Общественное питание,8.4,-13.4,True,
2024-07,1054,Вологодский муниципальный округ,Вологодская область,Транспорт,8.4,-3.2,True,
2024-12,871,Белогорский муниципальный округ,Амурская область,Продовольствие,8.4,6.6,True,
2024-12,2498,внутригородская территория города федерального значения муниципальный округ Восточное Дегунино,Москва,Общественное питание,8.4,12.7,True,2024-12-21 [emergency] В Москве задержали пенсионерку-поджигательницу после эвакуации торгового центра
2024-08,207,городской округ Костомукшский,Республика Карелия,Все категории,8.39,-2.9,True,2024-07-29 [emergency] Стало известно о пропавших без вести из-за прорыва дамбы в Карелии
2024-01,1992,городской округ Верхний Тагил,Свердловская область,Транспорт,8.38,2.2,True,
2024-06,2339,Биробиджанский муниципальный район,Еврейская автономная область,Транспорт,8.38,-30.6,True,
2024-07,43,Благоварский муниципальный район,Республика Башкортостан,Транспорт,8.38,-1.0,True,2024-07-28 [emergency] В Башкирии из-за паводка коровам пришлось передвигаться вплавь
2024-08,854,Охотский муниципальный округ,Хабаровский край,Все категории,8.36,4.9,True,
2024-10,1614,Краснозерский муниципальный район,Новосибирская область,Маркетплейсы,8.36,-1.5,True,
2024-12,548,Ребрихинский муниципальный район,Алтайский край,Общественное питание,8.36,-39.1,True,
2024-10,559,Тальменский муниципальный район,Алтайский край,Продовольствие,8.35,2.5,True,
2024-12,1906,Сызранский муниципальный район,Самарская область,Транспорт,8.35,21.7,True,
2024-08,188,Сарпинский муниципальный район,Республика Калмыкия,Все категории,8.34,16.8,True,
2024-08,807,Шкотовский муниципальный округ,Приморский край,Маркетплейсы,8.34,-6.7,True,2024-07-31 [emergency] В Приморье рассказали о масштабе подтопления
2024-10,586,Красночикойский муниципальный район,Забайкальский край,Транспорт,8.34,-5.8,True,
2024-03,2050,Демидовский муниципальный район,Смоленская область,Общественное питание,8.33,35.0,True,
2024-02,1157,Нижнеилимский муниципальный район,Иркутская область,Общественное питание,8.32,1.6,True,
2024-11,2321,Большесельский муниципальный район,Ярославская область,Все категории,8.32,12.0,True,
2024-02,1301,Юрьянский муниципальный район,Кировская область,Транспорт,8.31,-28.6,True,
2024-05,1305,городской округ город Волгореченск,Костромская область,Продовольствие,8.31,-15.5,True,
2024-03,1190,городской округ Светлогорский,Калининградская область,Все категории,8.3,-5.5,True,
2024-06,1865,Сараевский муниципальный район,Рязанская область,Маркетплейсы,8.29,-20.7,True,
2024-07,348,Дигорский муниципальный район,Республика Северная Осетия — Алания,Транспорт,8.29,-20.6,True,
2024-02,1659,Тарский муниципальный район,Омская область,Здоровье,8.28,11.2,True,2024-01-10 [utility] Губернатор Омской области обратился к жителям региона после отключения света
2024-06,1970,городской округ Южно-Курильский,Сахалинская область,Маркетплейсы,8.28,64.2,True,
2024-09,692,Дзержинский муниципальный район,Красноярский край,Все категории,8.28,-6.6,True,
2024-02,26,городской округ город Октябрьский,Республика Башкортостан,Маркетплейсы,8.27,-0.3,True,
2024-03,2173,Богородицкий муниципальный район,Тульская область,Все категории,8.27,-1.8,True,
2024-10,2248,муниципальный округ Тазовский район,Ямало-Ненецкий автономный округ,Здоровье,8.27,-10.3,True,
2024-12,1336,Белозерский муниципальный округ,Курганская область,Транспорт,8.27,-1.2,True,
2024-04,607,Могойтуйский муниципальный район,Забайкальский край,Транспорт,8.26,-3.5,True,
2024-08,2293,Ашинский муниципальный район,Челябинская область,Транспорт,8.26,-4.3,True,2024-07-26 [emergency] В Челябинской области эвакуировали 20 человек из-за прорыва дамбы
2024-12,1768,Гдовский муниципальный район,Псковская область,Общественное питание,8.26,37.5,True,
2024-01,32,Архангельский муниципальный район,Республика Башкортостан,Все категории,8.25,6.2,True,
2024-03,82,Шаранский муниципальный район,Республика Башкортостан,Общественное питание,8.25,-21.2,True,
2024-03,2490,внутригородская территория города федерального значения муниципальный округ Фили-Давыдково,Москва,Общественное питание,8.25,-1.1,True,2024-03-22 [emergency] Стало известно об эвакуации всех торговых центров Москвы
2024-05,516,Баевский муниципальный район,Алтайский край,Транспорт,8.25,-6.8,True,2024-04-13 [emergency] Глава МЧС не исключил второй волны паводка в Алтайском крае
2024-09,2198,Бердюжский муниципальный район,Тюменская область,Здоровье,8.25,4.2,True,
2024-11,329,Намский муниципальный район,Республика Саха (Якутия),Транспорт,8.25,-9.2,True,
2024-01,1883,городской округ Чапаевск,Самарская область,Общественное питание,8.24,30.3,True,
2024-02,1336,Белозерский муниципальный округ,Курганская область,Все категории,8.24,0.2,True,
2024-05,1393,Волосовский муниципальный район,Ленинградская область,Маркетплейсы,8.24,-0.1,True,
2024-08,1511,муниципальный округ город Полярные Зори,Мурманская область,Маркетплейсы,8.24,-21.4,True,
2024-03,1898,Красноармейский муниципальный район,Самарская область,Здоровье,8.23,-10.4,True,
2024-08,2500,внутригородская территория города федерального значения муниципальный округ Дмитровский,Москва,Маркетплейсы,8.23,-16.5,True,2024-08-02 [emergency] Кинотеатр в центре Москвы эвакуировали
2024-04,72,Стерлибашевский муниципальный район,Республика Башкортостан,Продовольствие,8.22,9.6,True,
2024-07,2581,внутригородская территория города федерального значения муниципальный округ Орехово-Борисово Южное,Москва,Здоровье,8.22,0.5,True,2024-06-06 [emergency] Из здания на ВДНХ в Москве эвакуировали детей из-за удара молнии
2024-12,2187,Чернский муниципальный район,Тульская область,Здоровье,8.22,10.8,True,
2024-05,561,Топчихинский муниципальный район,Алтайский край,Здоровье,8.21,-12.9,True,2024-04-13 [emergency] Глава МЧС не исключил второй волны паводка в Алтайском крае
2024-06,847,Ванинский муниципальный район,Хабаровский край,Продовольствие,8.21,-5.9,True,
2024-10,2317,Чесменский муниципальный район,Челябинская область,Продовольствие,8.21,3.7,True,
2024-11,783,городской округ Партизанский,Приморский край,Маркетплейсы,8.21,18.8,True,
2024-05,336,Сунтарский муниципальный район,Республика Саха (Якутия),Транспорт,8.2,-24.5,True,
2024-06,405,Кызылский муниципальный район,Республика Тыва,Все категории,8.2,10.0,True,
2024-07,1898,Красноармейский муниципальный район,Самарская область,Здоровье,8.2,5.4,True,
2024-04,601,Читинский муниципальный район,Забайкальский край,Транспорт,8.19,4.4,True,
2024-08,1715,Залегощенский муниципальный район,Орловская область,Все категории,8.19,-1.7,True,2024-07-12 [emergency] Глава Орловской области назвал власти затопленного весной Орска полными бездельниками
2024-10,235,Прилузский муниципальный район,Республика Коми,Продовольствие,8.19,-2.0,True,
2024-11,82,Шаранский муниципальный район,Республика Башкортостан,Здоровье,8.19,9.2,True,
2024-05,2547,внутригородская территория города федерального значения муниципальный округ Капотня,Москва,Транспорт,8.18,7.3,True,2024-04-01 [emergency] В Москве эвакуировали студентов из нескольких вузов из-за угрозы взрыва
2024-06,1539,Балахнинский муниципальный округ,Нижегородская область,Здоровье,8.18,0.4,True,
2024-12,31,Альшеевский муниципальный район,Республика Башкортостан,Маркетплейсы,8.18,22.9,True,
2024-02,1894,Кинельский муниципальный район,Самарская область,Маркетплейсы,8.17,-9.3,True,
2024-02,2483,внутригородская территория города федерального значения муниципальный округ Ново-Переделкино,Москва,Маркетплейсы,8.17,-8.9,True,2024-01-04 [utility] Десятки домов в Москве остались в мороз без света и тепла
2024-09,2514,внутригородская территория города федерального значения муниципальный округ Бутырский,Москва,Здоровье,8.17,-3.6,True,2024-08-02 [emergency] Кинотеатр в центре Москвы эвакуировали
2024-12,1885,Безенчукский муниципальный район,Самарская область,Общественное питание,8.17,18.5,True,
2024-08,2467,внутригородская территория города федерального значения муниципальный округ Ивановское,Москва,Маркетплейсы,8.16,-22.4,True,2024-08-02 [emergency] Кинотеатр в центре Москвы эвакуировали
2024-10,1039,Среднеахтубинский муниципальный район,Волгоградская область,Здоровье,8.16,5.1,True,
2024-11,447,муниципальный округ Ярский район,Удмуртская Республика,Здоровье,8.16,7.7,True,
2024-01,1630,Чистоозерный муниципальный район,Новосибирская область,Продовольствие,8.15,-5.2,True,
2024-01,2269,Старомайнский муниципальный район,Ульяновская область,Транспорт,8.15,-15.6,True,
2024-01,2454,внутригородская территория города федерального значения муниципальный округ № 75,Санкт-Петербург,Общественное питание,8.15,9.4,True,
2024-04,2069,Шумячский муниципальный район,Смоленская область,Общественное питание,8.15,-38.9,True,
2024-08,2511,внутригородская территория города федерального значения муниципальный округ Алтуфьевский,Москва,Маркетплейсы,8.15,-18.9,True,2024-08-02 [emergency] Кинотеатр в центре Москвы эвакуировали
2024-08,2537,внутригородская территория города федерального значения муниципальный округ Замоскворечье,Москва,Транспорт,8.15,-5.5,True,2024-08-02 [emergency] Кинотеатр в центре Москвы эвакуировали
2024-01,2255,Барышский муниципальный район,Ульяновская область,Маркетплейсы,8.14,-6.2,True,
2024-03,376,Кайбицкий муниципальный район,Республика Татарстан,Все категории,8.14,1.7,True,
2024-03,1271,Даровской муниципальный район,Кировская область,Общественное питание,8.14,107.8,True,
2024-03,2023,городской округ Ирбитское,Свердловская область,Маркетплейсы,8.14,-21.4,True,
2024-04,559,Тальменский муниципальный район,Алтайский край,Транспорт,8.14,-1.7,True,2024-04-13 [emergency] Глава МЧС не исключил второй волны паводка в Алтайском крае
2024-04,851,муниципальный район имени Лазо,Хабаровский край,Транспорт,8.14,-6.4,True,
2024-05,326,Мегино-Кангаласский муниципальный район,Республика Саха (Якутия),Здоровье,8.14,-17.2,True,
2024-08,1025,Котельниковский муниципальный район,Волгоградская область,Все категории,8.14,1.7,True,
2024-05,1739,Белинский муниципальный район,Пензенская область,Продовольствие,8.13,-8.3,True,
2024-06,2056,Краснинский муниципальный район,Смоленская область,Транспорт,8.13,-25.2,True,
2024-09,2041,Слободо-Туринский муниципальный район,Свердловская область,Все категории,8.13,-3.3,True,
2024-05,1610,Каргатский муниципальный район,Новосибирская область,Общественное питание,8.12,27.4,True,
2024-08,1288,Орловский муниципальный район,Кировская область,Здоровье,8.12,-19.4,True,
2024-01,1956,городской округ Долинский,Сахалинская область,Маркетплейсы,8.11,-18.3,True,
2024-06,1942,Ровенский муниципальный район,Саратовская область,Все категории,8.11,1.3,True,
2024-04,1629,Черепановский муниципальный район,Новосибирская область,Общественное питание,8.1,10.9,True,
2024-05,815,Ипатовский муниципальный округ,Ставропольский край,Продовольствие,8.1,1.3,True,
2024-08,2260,Майнский муниципальный район,Ульяновская область,Транспорт,8.1,13.4,True,
2024-12,1346,Мишкинский муниципальный округ,Курганская область,Здоровье,8.1,10.0,True,
2024-12,1783,Псковский муниципальный район,Псковская область,Маркетплейсы,8.1,3.5,True,
2024-12,2514,внутригородская территория города федерального значения муниципальный округ Бутырский,Москва,Здоровье,8.1,4.0,True,2024-12-21 [emergency] В Москве задержали пенсионерку-поджигательницу после эвакуации торгового центра
2024-11,1896,Клявлинский муниципальный район,Самарская область,Все категории,8.09,-4.1,True,
2024-03,698,Ирбейский муниципальный район,Красноярский край,Общественное питание,8.08,31.4,True,
2024-09,218,Прионежский муниципальный район,Республика Карелия,Здоровье,8.08,-21.0,True,
2024-12,517,Бийский муниципальный район,Алтайский край,Маркетплейсы,8.08,21.9,True,
2024-07,1294,Советский муниципальный район,Кировская область,Транспорт,8.07,-9.8,True,
2024-04,715,Саянский муниципальный район,Красноярский край,Общественное питание,8.06,6.9,True,
2024-05,1935,Новобурасский муниципальный район,Саратовская область,Общественное питание,8.06,-44.0,True,
2024-08,1640,Колосовский муниципальный район,Омская область,Продовольствие,8.06,-3.4,True,
2024-10,1329,Судиславский муниципальный район,Костромская область,Все категории,8.06,1.0,True,
2024-12,2126,муниципальный округ Кувшиновский,Тверская область,Общественное питание,8.06,-15.7,True,
2024-04,459,Усть-Абаканский муниципальный район,Республика Хакасия,Транспорт,8.05,2.2,True,
2024-09,782,городской округ Находкинский,Приморский край,Здоровье,8.05,-2.7,True,2024-08-16 [utility] Владивосток и Приморье остались без света. На дорогах после отключения светофоров начались массовые ДТП
2024-05,1062,Нюксенский муниципальный округ,Вологодская область,Здоровье,8.04,-16.0,True,
2024-05,1121,Лежневский муниципальный район,Ивановская область,Общественное питание,8.04,-65.3,True,
2024-05,1959,городской округ Макаровский,Сахалинская область,Все категории,8.04,-26.3,True,
2024-08,2592,внутригородская территория города федерального значения поселение Десеновское,Москва,Маркетплейсы,8.04,-20.9,True,2024-08-02 [emergency] Кинотеатр в центре Москвы эвакуировали
2024-10,1999,городской округ Невьянский,Свердловская область,Транспорт,8.04,11.5,True,
2024-09,181,Городовиковский муниципальный район,Республика Калмыкия,Маркетплейсы,8.03,10.3,True,
2024-10,760,городской округ Суксунский,Пермский край,Все категории,8.03,0.9,True,
2024-10,486,Вурнарский муниципальный округ,Чувашская Республика,Транспорт,8.02,-3.1,True,
2024-12,57,Ишимбайский муниципальный район,Республика Башкортостан,Общественное питание,8.01,0.9,True,
2024-01,1999,городской округ Невьянский,Свердловская область,Общественное питание,8.0,-1.9,True,
2024-03,764,муниципальный округ Частинский,Пермский край,Общественное питание,8.0,-34.2,True,
2024-09,41,Бижбулякский муниципальный район,Республика Башкортостан,Все категории,8.0,-6.7,True,
2024-12,365,Атнинский муниципальный район,Республика Татарстан,Маркетплейсы,8.0,32.7,True,2024-12-21 [emergency] В Татарстане ввели режим чрезвычайной ситуации для органов власти и МЧС
2024-12,2030,городской округ Пышминский,Свердловская область,Маркетплейсы,8.0,10.6,True,
2024-07,619,Олюторский муниципальный район,Камчатский край,Все категории,7.99,6.8,True,
2024-08,1691,Матвеевский муниципальный район,Оренбургская область,Все категории,7.99,-10.1,True,
2024-09,547,Поспелихинский муниципальный район,Алтайский край,Продовольствие,7.99,-3.4,True,
2024-02,1558,Краснобаковский муниципальный округ,Нижегородская область,Продовольствие,7.98,2.8,True,
2024-04,212,Лахденпохский муниципальный район,Республика Карелия,Общественное питание,7.98,4.9,True,
2024-07,726,Эвенкийский муниципальный район,Красноярский край,Здоровье,7.98,35.4,True,
2024-10,1568,Сосновский муниципальный округ,Нижегородская область,Транспорт,7.98,11.7,True,
2024-10,2172,Белевский муниципальный район,Тульская область,Продовольствие,7.98,4.0,True,
2024-02,918,городской округ город Астрахань,Астраханская область,Маркетплейсы,7.97,1.2,True,
2024-05,211,Кондопожский муниципальный район,Республика Карелия,Транспорт,7.97,-8.6,True,
2024-03,298,Ковылкинский муниципальный район,Республика Мордовия,Общественное питание,7.96,-18.9,True,
2024-03,1264,муниципальный округ Арбажский,Кировская область,Здоровье,7.96,11.1,True,
2024-05,1292,муниципальный округ Свечинский,Кировская область,Общественное питание,7.96,32.7,True,
2024-11,823,Петровский муниципальный округ,Ставропольский край,Общественное питание,7.96,0.3,True,
2024-12,1545,Варнавинский муниципальный округ,Нижегородская область,Общественное питание,7.96,-32.0,True,
2024-12,1690,Курманаевский муниципальный район,Оренбургская область,Общественное питание,7.96,-39.1,True,
2024-03,31,Альшеевский муниципальный район,Республика Башкортостан,Продовольствие,7.95,-5.4,True,
2024-04,667,городской округ город Ачинск,Красноярский край,Транспорт,7.95,-1.1,True,
2024-06,225,городской округ Воркута,Республика Коми,Маркетплейсы,7.95,7.1,True,2024-06-26 [emergency] В Коми заявили об эвакуации всех пассажиров сошедшего с рельсов поезда
2024-04,287,Ардатовский муниципальный район,Республика Мордовия,Общественное питание,7.94,-48.6,True,
2024-05,309,городской округ город Якутск,Республика Саха (Якутия),Транспорт,7.94,-4.1,True,
2024-05,1054,Вологодский муниципальный округ,Вологодская область,Транспорт,7.94,2.4,True,
2024-09,2544,внутригородская территория города федерального значения муниципальный округ Хамовники,Москва,Продовольствие,7.94,2.0,True,2024-08-02 [emergency] Кинотеатр в центре Москвы эвакуировали
2024-11,1529,городской округ Навашинский,Нижегородская область,Общественное питание,7.94,-5.1,True,
2024-05,2137,муниципальный округ Селижаровский,Тверская область,Маркетплейсы,7.93,-3.0,True,
2024-07,2349,Билибинский муниципальный район,Чукотский автономный округ,Здоровье,7.93,33.4,True,
2024-08,78,Федоровский муниципальный район,Республика Башкортостан,Все категории,7.93,-18.6,True,2024-07-28 [emergency] В Башкирии из-за паводка коровам пришлось передвигаться вплавь
2024-08,1143,городской округ город Свирск,Иркутская область,Здоровье,7.93,17.5,True,
2024-08,1691,Матвеевский муниципальный район,Оренбургская область,Продовольствие,7.93,-6.7,True,
2024-11,47,Бурзянский муниципальный район,Республика Башкортостан,Транспорт,7.93,-16.9,True,
2024-12,320,Вилюйский муниципальный район,Республика Саха (Якутия),Продовольствие,7.93,0.3,True,
2024-12,448,городской округ город Абакан,Республика Хакасия,Транспорт,7.92,13.0,True,
2024-02,2354,внутригородская территория города федерального значения муниципальный округ Семеновский,Санкт-Петербург,Здоровье,7.91,-7.8,True,
2024-04,756,городской округ Очерский,Пермский край,Транспорт,7.91,-6.4,True,
2024-05,2230,Березовский муниципальный район,Ханты-Мансийский автономный округ — Югра,Транспорт,7.91,-17.9,True,
2024-06,1982,городской округ Заречный,Свердловская область,Транспорт,7.91,-1.2,True,
2024-01,1249,Промышленновский муниципальный округ,Кемеровская область,Все категории,7.9,-6.2,True,
2024-12,2485,внутригородская территория города федерального значения муниципальный округ Проспект Вернадского,Москва,Общественное питание,7.9,5.3,True,2024-12-21 [emergency] В Москве задержали пенсионерку-поджигательницу после эвакуации торгового центра
2024-03,1665,городской округ город Оренбург,Оренбургская область,Общественное питание,7.89,-2.1,True,2024-04-06 [emergency] Мэр Оренбурга пригрозил принудительной эвакуацией жителям подтопленных домов || 2024-04-07 [emergency] В Оренбурге из-за паводка ограничили движение автомобилей || 2024-04-07 [emergency] Власти Оренбургской области назвали сроки улучшения ситуации с паводком
2024-04,798,Пограничный муниципальный округ,Приморский край,Общественное питание,7.89,31.7,True,
2024-04,822,Новоалександровский муниципальный округ,Ставропольский край,Маркетплейсы,7.89,-6.0,True,
2024-08,855,муниципальный район имени Полины Осипенко,Хабаровский край,Продовольствие,7.89,7.0,True,
2024-12,70,Нуримановский муниципальный район,Республика Башкортостан,Здоровье,7.89,6.2,True,
2024-02,396,Черемшанский муниципальный район,Республика Татарстан,Все категории,7.88,5.5,True,
2024-08,830,Будённовский муниципальный округ,Ставропольский край,Продовольствие,7.88,4.1,True,
2024-10,549,Родинский муниципальный район,Алтайский край,Транспорт,7.88,-19.1,True,
2024-11,1068,Устюженский муниципальный округ,Вологодская область,Все категории,7.88,5.8,True,
2024-11,1546,Вачский муниципальный округ,Нижегородская область,Общественное питание,7.88,2.6,True,
2024-12,377,Камско-Устьинский муниципальный район,Республика Татарстан,Продовольствие,7.88,-9.1,True,2024-12-21 [emergency] В Татарстане ввели режим чрезвычайной ситуации для органов власти и МЧС
2024-02,546,Петропавловский муниципальный район,Алтайский край,Продовольствие,7.87,-1.4,True,
2024-10,2503,внутригородская территория города федерального значения муниципальный округ Левобережный,Москва,Продовольствие,7.87,1.9,True,"2024-09-18 [emergency,economy] Студентов МГУ эвакуировали из-за звуков стрельбы у офиса Wildberries в центре Москвы"
2024-07,667,городской округ город Ачинск,Красноярский край,Транспорт,7.86,9.7,True,
2024-01,2236,Сургутский муниципальный район,Ханты-Мансийский автономный округ — Югра,Общественное питание,7.85,19.2,True,
2024-09,1273,муниципальный округ Кикнурский,Кировская область,Продовольствие,7.85,-3.9,True,
2024-10,615,Усть-Большерецкий муниципальный район,Камчатский край,Все категории,7.85,21.4,True,
2024-01,1112,городской округ Шуя,Ивановская область,Продовольствие,7.84,5.2,True,
2024-02,1623,Сузунский муниципальный район,Новосибирская область,Общественное питание,7.84,-7.0,True,
2024-05,1227,городской округ Березовский,Кемеровская область,Транспорт,7.84,0.3,True,
2024-12,236,муниципальный район Сосногорск,Республика Коми,Все категории,7.84,-7.8,True,
2024-11,1357,Щучанский муниципальный округ,Курганская область,Продовольствие,7.83,4.0,True,
2024-01,2199,Вагайский муниципальный район,Тюменская область,Продовольствие,7.82,-9.3,True,
2024-03,57,Ишимбайский муниципальный район,Республика Башкортостан,Общественное питание,7.82,-3.3,True,
2024-03,2710,городской округ Вышневолоцкий,Тверская область,Транспорт,7.82,-1.4,True,
2024-08,2361,внутригородская территория города федерального значения муниципальный округ Остров Декабристов,Санкт-Петербург,Здоровье,7.82,-0.3,True,
2024-09,1204,Думиничский муниципальный район,Калужская область,Продовольствие,7.82,-0.6,True,
2024-01,388,Пестречинский муниципальный район,Республика Татарстан,Продовольствие,7.81,4.8,True,
2024-01,2153,Каргасокский муниципальный район,Томская область,Транспорт,7.81,31.7,True,
2024-07,47,Бурзянский муниципальный район,Республика Башкортостан,Транспорт,7.81,-16.1,True,2024-07-28 [emergency] В Башкирии из-за паводка коровам пришлось передвигаться вплавь
2024-08,1623,Сузунский муниципальный район,Новосибирская область,Здоровье,7.81,24.0,True,
2024-09,926,Лиманский муниципальный район,Астраханская область,Все категории,7.81,3.9,True,
2024-11,2008,городской округ Режевской,Свердловская область,Транспорт,7.81,3.0,True,
2024-12,2043,Таборинский муниципальный район,Свердловская область,Общественное питание,7.81,143.6,True,
2024-12,2171,Арсеньевский муниципальный район,Тульская область,Маркетплейсы,7.81,-22.3,True,
2024-03,1206,Жуковский муниципальный район,Калужская область,Общественное питание,7.8,-9.6,True,
2024-08,2486,внутригородская территория города федерального значения муниципальный округ Раменки,Москва,Маркетплейсы,7.8,-21.0,True,2024-08-02 [emergency] Кинотеатр в центре Москвы эвакуировали
2024-03,582,Каларский муниципальный округ,Забайкальский край,Продовольствие,7.79,-4.3,True,
2024-06,1064,Сямженский муниципальный округ,Вологодская область,Все категории,7.79,5.9,True,
2024-12,1296,Тужинский муниципальный район,Кировская область,Все категории,7.79,-8.6,True,
2024-02,1638,Исилькульский муниципальный район,Омская область,Здоровье,7.78,4.4,True,2024-01-10 [utility] Губернатор Омской области обратился к жителям региона после отключения света
2024-06,581,Забайкальский муниципальный район,Забайкальский край,Здоровье,7.77,18.1,True,
2024-08,2561,внутригородская территория города федерального значения муниципальный округ Коньково,Москва,Маркетплейсы,7.77,-18.2,True,2024-08-02 [emergency] Кинотеатр в центре Москвы эвакуировали
2024-11,1282,Нагорский муниципальный район,Кировская область,Здоровье,7.77,20.9,True,
2024-07,1020,Иловлинский муниципальный район,Волгоградская область,Маркетплейсы,7.76,-12.0,True,
2024-08,852,Нанайский муниципальный район,Хабаровский край,Все категории,7.76,1.5,True,
2024-10,1189,муниципальный округ Краснознаменский,Калининградская область,Продовольствие,7.76,-6.6,True,
2024-11,1325,Парфеньевский муниципальный округ,Костромская область,Все категории,7.76,-9.1,True,
2024-04,2545,внутригородская территория города федерального значения муниципальный округ Якиманка,Москва,Транспорт,7.75,14.3,True,2024-03-22 [emergency] Стало известно об эвакуации всех торговых центров Москвы
2024-08,1919,Балаковский муниципальный район,Саратовская область,Маркетплейсы,7.75,-6.8,True,
2024-12,2228,городской округ город Югорск,Ханты-Мансийский автономный округ — Югра,Все категории,7.75,-10.2,True,
2024-11,1714,Должанский муниципальный район,Орловская область,Все категории,7.74,-8.5,True,
2024-10,1931,Краснокутский муниципальный район,Саратовская область,Продовольствие,7.73,-2.0,True,
2024-03,907,Мезенский муниципальный округ,Архангельская область,Маркетплейсы,7.72,78.6,True,
2024-08,797,Партизанский муниципальный округ,Приморский край,Маркетплейсы,7.72,3.3,True,2024-07-31 [emergency] В Приморье рассказали о масштабе подтопления
2024-09,716,Северо-Енисейский муниципальный район,Красноярский край,Здоровье,7.72,-1.3,True,
2024-03,2136,муниципальный округ Сандовский,Тверская область,Все категории,7.71,-8.1,True,
2024-04,755,городской округ Оханский,Пермский край,Транспорт,7.71,-19.7,True,
2024-09,1775,муниципальный округ Новоржевский,Псковская область,Здоровье,7.71,4.3,True,
2024-08,2578,внутригородская территория города федерального значения муниципальный округ Нагатинский затон,Москва,Транспорт,7.7,4.1,True,2024-08-02 [emergency] Кинотеатр в центре Москвы эвакуировали
2024-09,437,муниципальный округ Красногорский район,Удмуртская Республика,Все категории,7.69,-1.1,True,
2024-10,2439,внутригородская территория города федерального значения муниципальный округ Введенский,Санкт-Петербург,Продовольствие,7.68,2.7,True,2024-10-23 [emergency] Дамбу в Санкт-Петербурге перевели в режим готовности
2024-02,2198,Бердюжский муниципальный район,Тюменская область,Продовольствие,7.66,-3.5,True,
2024-08,1785,Пушкиногорский муниципальный район,Псковская область,Все категории,7.66,-0.2,True,
2024-02,2513,внутригородская территория города федерального значения муниципальный округ Бибирево,Москва,Маркетплейсы,7.64,-6.4,True,2024-01-04 [utility] Десятки домов в Москве остались в мороз без света и тепла
2024-06,907,Мезенский муниципальный округ,Архангельская область,Транспорт,7.64,-18.9,True,
2024-07,1015,Городищенский муниципальный район,Волгоградская область,Транспорт,7.64,-16.8,True,
2024-08,1622,Северный муниципальный район,Новосибирская область,Все категории,7.64,-9.7,True,
2024-10,211,Кондопожский муниципальный район,Республика Карелия,Транспорт,7.64,-30.1,True,
2024-02,220,Пудожский муниципальный район,Республика Карелия,Транспорт,7.63,-20.2,True,
2024-02,2516,внутригородская территория города федерального значения муниципальный округ Лосиноостровский,Москва,Здоровье,7.63,-5.0,True,2024-01-04 [utility] Десятки домов в Москве остались в мороз без света и тепла
2024-07,1121,Лежневский муниципальный район,Ивановская область,Продовольствие,7.63,-6.6,True,
2024-07,2321,Большесельский муниципальный район,Ярославская область,Продовольствие,7.63,-3.7,True,
2024-08,1928,Ивантеевский муниципальный район,Саратовская область,Транспорт,7.63,-20.0,True,
2024-08,2551,внутригородская территория города федерального значения муниципальный округ Марьино,Москва,Маркетплейсы,7.63,-19.3,True,2024-08-02 [emergency] Кинотеатр в центре Москвы эвакуировали
2024-02,1651,Оконешниковский муниципальный район,Омская область,Продовольствие,7.62,-10.1,True,2024-01-10 [utility] Губернатор Омской области обратился к жителям региона после отключения света
2024-02,2335,Тутаевский муниципальный район,Ярославская область,Маркетплейсы,7.62,-1.2,True,
2024-12,883,Свободненский муниципальный район,Амурская область,Продовольствие,7.62,-4.6,True,
2024-02,449,городской округ город Абаза,Республика Хакасия,Общественное питание,7.61,28.4,True,
2024-10,318,Верхнеколымский муниципальный район,Республика Саха (Якутия),Маркетплейсы,7.6,-7.3,True,
2024-10,2019,городской округ Белоярский,Свердловская область,Транспорт,7.6,8.7,True,
2024-02,1566,Сергачский муниципальный округ,Нижегородская область,Общественное питание,7.59,-9.6,True,
2024-09,218,Прионежский муниципальный район,Республика Карелия,Все категории,7.59,-6.7,True,
2024-11,2150,Бакчарский муниципальный район,Томская область,Маркетплейсы,7.59,37.9,True,
2024-07,222,Сортавальский муниципальный район,Республика Карелия,Транспорт,7.58,0.3,True,2024-07-29 [emergency] Стало известно о пропавших без вести из-за прорыва дамбы в Карелии
2024-02,548,Ребрихинский муниципальный район,Алтайский край,Все категории,7.57,-7.5,True,
2024-06,1774,муниципальный округ Невельский,Псковская область,Все категории,7.57,-15.2,True,
2024-07,1151,Казачинско-Ленский муниципальный район,Иркутская область,Продовольствие,7.56,3.7,True,
2024-07,2606,внутригородская территория города федерального значения поселение Филимонковское,Москва,Маркетплейсы,7.56,-14.3,True,2024-06-06 [emergency] Из здания на ВДНХ в Москве эвакуировали детей из-за удара молнии
2024-03,2519,внутригородская территория города федерального значения муниципальный округ Останкинский,Москва,Общественное питание,7.55,-1.9,True,2024-03-22 [emergency] Стало известно об эвакуации всех торговых центров Москвы
2024-04,1559,Краснооктябрьский муниципальный округ,Нижегородская область,Продовольствие,7.55,10.6,True,
2024-09,755,городской округ Оханский,Пермский край,Продовольствие,7.55,3.7,True,
2024-10,1291,муниципальный округ Санчурский,Кировская область,Все категории,7.55,-7.4,True,
2024-05,1065,Тарногский муниципальный округ,Вологодская область,Общественное питание,7.54,53.7,True,
2024-07,2401,внутригородская территория города федерального значения муниципальный округ Пороховые,Санкт-Петербург,Здоровье,7.54,-1.2,True,
2024-10,559,Тальменский муниципальный район,Алтайский край,Все категории,7.54,4.7,True,
2024-12,2034,городской округ Талицкий,Свердловская область,Общественное питание,7.54,-2.1,True,
2024-01,1537,Ардатовский муниципальный округ,Нижегородская область,Маркетплейсы,7.53,4.2,True,
2024-03,1623,Сузунский муниципальный район,Новосибирская область,Здоровье,7.53,-1.8,True,
2024-04,336,Сунтарский муниципальный район,Республика Саха (Якутия),Продовольствие,7.53,-1.6,True,
2024-04,1937,Озинский муниципальный район,Саратовская область,Все категории,7.53,-0.4,True,
2024-07,1058,Кирилловский муниципальный округ,Вологодская область,Продовольствие,7.52,-11.5,True,2024-08-31 [attack] Патриарх Кирилл прокомментировал обстрел Белгорода со стороны ВСУ
2024-11,61,Кигинский муниципальный район,Республика Башкортостан,Транспорт,7.52,-16.6,True,
2024-01,1589,муниципальный округ Пестовский,Новгородская область,Маркетплейсы,7.51,-24.6,True,
2024-04,570,муниципальный округ Чарышский район,Алтайский край,Транспорт,7.51,14.8,True,2024-04-13 [emergency] Глава МЧС не исключил второй волны паводка в Алтайском крае
2024-12,608,городской округ Петропавловск-Камчатский,Камчатский край,Маркетплейсы,7.51,-17.5,True,
2024-04,1259,городской округ город Вятские Поляны,Кировская область,Общественное питание,7.49,-2.3,True,
2024-08,1525,городской округ город Бор,Нижегородская область,Маркетплейсы,7.49,-4.6,True,
2024-10,1768,Гдовский муниципальный район,Псковская область,Все категории,7.49,7.6,True,
2024-01,1232,городской округ Мысковский,Кемеровская область,Общественное питание,7.48,11.7,True,
2024-05,1674,городской округ Соль-Илецкий,Оренбургская область,Здоровье,7.48,-11.8,True,2024-04-07 [emergency] Власти Оренбургской области назвали сроки улучшения ситуации с паводком
2024-01,1956,городской округ Долинский,Сахалинская область,Продовольствие,7.47,-10.6,True,
2024-05,2235,Советский муниципальный район,Ханты-Мансийский автономный округ — Югра,Здоровье,7.47,3.4,True,
2024-12,82,Шаранский муниципальный район,Республика Башкортостан,Общественное питание,7.47,-33.7,True,
2024-07,2426,внутригородская территория города федерального значения муниципальный округ Пулковский меридиан,Санкт-Петербург,Продовольствие,7.46,-5.1,True,
2024-12,1118,Ильинский муниципальный район,Ивановская область,Все категории,7.46,-7.8,True,
2024-01,448,городской округ город Абакан,Республика Хакасия,Транспорт,7.45,8.3,True,
2024-02,1280,Малмыжский муниципальный район,Кировская область,Здоровье,7.45,11.7,True,
2024-03,2480,внутригородская территория города федерального значения муниципальный округ Крылатское,Москва,Маркетплейсы,7.45,-9.6,True,2024-03-22 [emergency] Стало известно об эвакуации всех торговых центров Москвы
2024-04,1035,Палласовский муниципальный район,Волгоградская область,Маркетплейсы,7.45,-8.1,True,
2024-08,696,Идринский муниципальный район,Красноярский край,Все категории,7.45,-4.5,True,
2024-10,2095,Сосновский муниципальный округ,Тамбовская область,Маркетплейсы,7.45,0.2,True,2024-10-19 [emergency] В Тамбовской области поручили ввести режим ЧС из-за взрыва газа в доме
2024-02,1483,городской округ Черноголовка,Московская область,Транспорт,7.44,-22.0,True,2024-03-19 [economy] «Черноголовка» купила заводы Heinz по производству детского питания || 2024-01-29 [emergency] Более 100 жителей эвакуировали из дома в Подмосковье из-за трещины на фасаде
2024-05,1483,городской округ Черноголовка,Московская область,Общественное питание,7.44,-3.5,True,2024-05-17 [emergency] Жители Подмосковья приняли огромный черный столб в небе за смерч
2024-07,2228,городской округ город Югорск,Ханты-Мансийский автономный округ — Югра,Все категории,7.44,1.5,True,
2024-01,2156,Кривошеинский муниципальный район,Томская область,Продовольствие,7.43,-7.3,True,
2024-02,2129,муниципальный округ Максатихинский,Тверская область,Общественное питание,7.43,33.0,True,
2024-05,75,Туймазинский муниципальный район,Республика Башкортостан,Здоровье,7.43,6.2,True,
2024-06,612,Елизовский муниципальный район,Камчатский край,Маркетплейсы,7.43,7.5,True,
2024-06,920,Ахтубинский муниципальный район,Астраханская область,Продовольствие,7.43,-8.2,True,
2024-12,1313,Кадыйский муниципальный район,Костромская область,Все категории,7.43,-1.7,True,
2024-02,2469,внутригородская территория города федерального значения муниципальный округ Косино-Ухтомский,Москва,Маркетплейсы,7.42,-9.0,True,2024-01-04 [utility] Десятки домов в Москве остались в мороз без света и тепла
2024-07,341,Усть-Янский муниципальный район,Республика Саха (Якутия),Маркетплейсы,7.42,86.2,True,2024-08-20 [emergency] Природные пожары в Якутии охватили более 50 населенных пунктов
2024-07,2142,муниципальный округ Торопецкий,Тверская область,Здоровье,7.42,-6.6,True,
2024-09,1347,Мокроусовский муниципальный округ,Курганская область,Продовольствие,7.42,-4.7,True,
2024-11,1014,Быковский муниципальный район,Волгоградская область,Общественное питание,7.42,-3.9,True,
2024-12,2392,внутригородская территория города федерального значения город Колпино,Санкт-Петербург,Общественное питание,7.42,6.8,True,2024-12-30 [emergency] В Санкт-Петербурге из-за угрозы наводнения закрыли дамбу
2024-01,217,Питкярантский муниципальный округ,Республика Карелия,Транспорт,7.41,-31.4,True,
2024-04,1414,Данковский муниципальный район,Липецкая область,Маркетплейсы,7.41,-12.2,True,
2024-08,2363,внутригородская территория города федерального значения поселок Парголово,Санкт-Петербург,Маркетплейсы,7.41,-13.4,True,
2024-11,26,городской округ город Октябрьский,Республика Башкортостан,Маркетплейсы,7.41,7.3,True,
2024-01,1153,Качугский муниципальный район,Иркутская область,Все категории,7.4,-6.3,True,
2024-07,1631,Чулымский муниципальный район,Новосибирская область,Транспорт,7.4,11.3,True,
2024-07,2095,Сосновский муниципальный округ,Тамбовская область,Маркетплейсы,7.4,-14.2,True,
2024-08,2168,городской округ город Ефремов,Тульская область,Маркетплейсы,7.4,-8.0,True,
2024-10,2,городской округ город Адыгейск,Республика Адыгея,Здоровье,7.4,-21.7,True,"2024-10-10 [emergency,attack] В Адыгее из-за возгорания после атаки дронов ВСУ решили эвакуировать жителей"
2024-12,2297,Еманжелинский муниципальный район,Челябинская область,Транспорт,7.4,-3.8,True,
2024-04,1545,Варнавинский муниципальный округ,Нижегородская область,Все категории,7.39,6.1,True,
2024-05,806,Чугуевский муниципальный округ,Приморский край,Транспорт,7.39,-4.0,True,
2024-05,1454,городской округ Кашира,Московская область,Все категории,7.39,8.3,True,2024-05-17 [emergency] Жители Подмосковья приняли огромный черный столб в небе за смерч
2024-05,2552,внутригородская территория города федерального значения муниципальный округ Некрасовка,Москва,Транспорт,7.39,9.2,True,2024-04-01 [emergency] В Москве эвакуировали студентов из нескольких вузов из-за угрозы взрыва
2024-03,351,Моздокский муниципальный район,Республика Северная Осетия — Алания,Общественное питание,7.38,-16.1,True,
2024-06,2348,Анадырский муниципальный район,Чукотский автономный округ,Здоровье,7.38,51.8,True,
2024-11,831,Грачёвский муниципальный округ,Ставропольский край,Продовольствие,7.38,-8.2,True,
2024-02,1137,городской округ Зима,Иркутская область,Маркетплейсы,7.37,5.3,True,
2024-05,34,Аургазинский муниципальный район,Республика Башкортостан,Здоровье,7.37,-12.3,True,
2024-12,2398,внутригородская территория города федерального значения муниципальный округ Полюстрово,Санкт-Петербург,Общественное питание,7.37,4.5,True,2024-12-30 [emergency] В Санкт-Петербурге из-за угрозы наводнения закрыли дамбу
2024-02,1443,городской округ Дзержинский,Московская область,Здоровье,7.36,-4.8,True,2024-01-29 [emergency] Более 100 жителей эвакуировали из дома в Подмосковье из-за трещины на фасаде
2024-12,2160,Тегульдетский муниципальный район,Томская область,Продовольствие,7.36,7.3,True,
2024-02,425,муниципальный округ Вавожский район,Удмуртская Республика,Продовольствие,7.35,-0.2,True,
2024-12,1128,Савинский муниципальный район,Ивановская область,Транспорт,7.35,-50.4,True,
2024-07,588,Могочинский муниципальный округ,Забайкальский край,Транспорт,7.34,-3.1,True,
2024-07,670,городской округ город Дивногорск,Красноярский край,Продовольствие,7.34,7.1,True,
2024-06,1328,Солигаличский муниципальный округ,Костромская область,Продовольствие,7.33,-8.7,True,
2024-09,1121,Лежневский муниципальный район,Ивановская область,Здоровье,7.33,-14.1,True,
2024-11,1331,Чухломский муниципальный район,Костромская область,Общественное питание,7.33,-17.8,True,
2024-12,1679,Акбулакский муниципальный район,Оренбургская область,Все категории,7.33,-8.2,True,
2024-01,586,Красночикойский муниципальный район,Забайкальский край,Транспорт,7.32,20.4,True,
2024-01,1311,Вохомский муниципальный район,Костромская область,Маркетплейсы,7.32,33.9,True,
2024-03,1908,Челно-Вершинский муниципальный район,Самарская область,Здоровье,7.32,16.6,True,
2024-07,334,Оленекский эвенкийский национальный муниципальный район,Республика Саха (Якутия),Здоровье,7.32,88.3,True,2024-08-20 [emergency] Природные пожары в Якутии охватили более 50 населенных пунктов
2024-12,494,Моргаушский муниципальный округ,Чувашская Республика,Продовольствие,7.32,-12.9,True,
2024-12,2459,внутригородская территория города федерального значения муниципальный округ Смольнинское,Санкт-Петербург,Общественное питание,7.32,3.8,True,2024-12-30 [emergency] В Санкт-Петербурге из-за угрозы наводнения закрыли дамбу
2024-05,359,Актанышский муниципальный район,Республика Татарстан,Маркетплейсы,7.31,-1.5,True,"2024-05-31 [emergency,attack,economy] После сообщений о беспилотниках в Татарстане на предприятиях объявили эвакуацию"
2024-10,1003,Собинский муниципальный район,Владимирская область,Транспорт,7.31,35.6,True,2024-09-22 [emergency] Во Владимирской области эвакуировали жителей двух районов
2024-01,365,Атнинский муниципальный район,Республика Татарстан,Все категории,7.3,15.5,True,
2024-01,988,городской округ город Ковров,Владимирская область,Транспорт,7.3,9.7,True,
2024-01,2008,городской округ Режевской,Свердловская область,Маркетплейсы,7.3,10.6,True,
2024-03,1630,Чистоозерный муниципальный район,Новосибирская область,Общественное питание,7.3,31.0,True,
2024-04,223,Суоярвский муниципальный округ,Республика Карелия,Маркетплейсы,7.3,-2.7,True,
2024-05,43,Благоварский муниципальный район,Республика Башкортостан,Транспорт,7.3,7.5,True,
2024-10,725,Шушенский муниципальный район,Красноярский край,Транспорт,7.3,11.6,True,
2024-12,2087,Мучкапский муниципальный округ,Тамбовская область,Маркетплейсы,7.3,-9.0,True,
2024-01,683,Абанский муниципальный район,Красноярский край,Транспорт,7.29,-17.4,True,
2024-01,1943,Романовский муниципальный район,Саратовская область,Общественное питание,7.29,-31.4,True,
2024-04,588,Могочинский муниципальный округ,Забайкальский край,Транспорт,7.29,10.8,True,
2024-05,1026,Котовский муниципальный район,Волгоградская область,Транспорт,7.29,0.9,True,
2024-06,903,Котласский муниципальный округ,Архангельская область,Маркетплейсы,7.29,19.5,True,
2024-11,60,Кармаскалинский муниципальный район,Республика Башкортостан,Общественное питание,7.29,8.2,True,
2024-11,1444,городской округ Долгопрудный,Московская область,Здоровье,7.29,7.7,True,2024-12-21 [emergency] В Подмосковье эвакуировали посетителей ТЦ из-за запуска фейерверка
2024-04,738,городской округ Верещагинский,Пермский край,Общественное питание,7.28,-9.9,True,
2024-04,1285,Омутнинский муниципальный район,Кировская область,Общественное питание,7.28,-20.4,True,
2024-11,2019,городской округ Белоярский,Свердловская область,Общественное питание,7.27,19.3,True,
2024-12,1717,Колпнянский муниципальный район,Орловская область,Продовольствие,7.26,-7.8,True,
2024-03,204,Усть-Джегутинский муниципальный район,Карачаево-Черкесская Республика,Маркетплейсы,7.25,2.8,True,
2024-04,2580,внутригородская территория города федерального значения муниципальный округ Орехово-Борисово Северное,Москва,Транспорт,7.25,11.2,True,2024-03-22 [emergency] Стало известно об эвакуации всех торговых центров Москвы
2024-07,3,Гиагинский муниципальный район,Республика Адыгея,Транспорт,7.25,-14.6,True,
2024-09,49,Давлекановский муниципальный район,Республика Башкортостан,Здоровье,7.25,0.5,True,
2024-12,1449,городской округ Зарайск,Московская область,Маркетплейсы,7.25,-4.0,True,2024-12-21 [emergency] В Подмосковье эвакуировали посетителей ТЦ из-за запуска фейерверка
2024-12,2234,Октябрьский муниципальный район,Ханты-Мансийский автономный округ — Югра,Здоровье,7.25,-14.0,True,
2024-01,1537,Ардатовский муниципальный округ,Нижегородская область,Транспорт,7.24,10.7,True,
2024-08,428,муниципальный округ Граховский район,Удмуртская Республика,Все категории,7.24,0.0,True,
2024-01,1870,Ухоловский муниципальный район,Рязанская область,Маркетплейсы,7.23,-23.4,True,
2024-03,2090,Петровский муниципальный округ,Тамбовская область,Транспорт,7.23,15.7,True,
2024-06,2198,Бердюжский муниципальный район,Тюменская область,Здоровье,7.23,-8.2,True,
2024-07,1899,Красноярский муниципальный район,Самарская область,Здоровье,7.23,6.3,True,
2024-08,1982,городской округ Заречный,Свердловская область,Транспорт,7.23,-8.6,True,
2024-09,1212,Малоярославецкий муниципальный район,Калужская область,Продовольствие,7.23,6.1,True,
2024-01,31,Альшеевский муниципальный район,Республика Башкортостан,Маркетплейсы,7.22,20.2,True,
2024-03,2270,Сурский муниципальный район,Ульяновская область,Здоровье,7.22,11.3,True,
2024-04,2060,Рославльский муниципальный район,Смоленская область,Транспорт,7.22,0.9,True,
2024-05,1227,городской округ Березовский,Кемеровская область,Общественное питание,7.22,11.2,True,
2024-11,2129,муниципальный округ Максатихинский,Тверская область,Общественное питание,7.22,-3.0,True,
2024-11,2375,внутригородская территория города федерального значения муниципальный округ Озеро Долгое,Санкт-Петербург,Здоровье,7.22,3.5,True,2024-10-23 [emergency] Дамбу в Санкт-Петербурге перевели в режим готовности
2024-03,2355,внутригородская территория города федерального значения муниципальный округ Измайловское,Санкт-Петербург,Продовольствие,7.21,-0.8,True,
2024-11,425,муниципальный округ Вавожский район,Удмуртская Республика,Общественное питание,7.21,4.6,True,
2024-12,1474,городской округ Пущино,Московская область,Маркетплейсы,7.21,-28.6,True,2024-12-21 [emergency] В Подмосковье эвакуировали посетителей ТЦ из-за запуска фейерверка
2024-04,508,городской округ город Заринск,Алтайский край,Транспорт,7.2,3.9,True,2024-04-13 [emergency] Глава МЧС не исключил второй волны паводка в Алтайском крае
2024-01,524,Завьяловский муниципальный район,Алтайский край,Все категории,7.19,-7.4,True,
2024-01,2501,внутригородская территория города федерального значения муниципальный округ Западное Дегунино,Москва,Маркетплейсы,7.19,-0.1,True,2023-12-01 [emergency] Сотрудники МЧС эвакуировали 350 человек с рынка «Садовод» в Москве
2024-02,1586,Новгородский муниципальный район,Новгородская область,Маркетплейсы,7.19,-4.2,True,
2024-04,1241,Гурьевский муниципальный округ,Кемеровская область,Все категории,7.19,-0.0,True,
2024-05,1219,Тарусский муниципальный район,Калужская область,Транспорт,7.19,-3.1,True,
2024-10,191,Юстинский муниципальный район,Республика Калмыкия,Все категории,7.19,-8.7,True,
2024-02,1024,Клетский муниципальный район,Волгоградская область,Общественное питание,7.18,-27.8,True,
2024-08,28,городской округ город Сибай,Республика Башкортостан,Здоровье,7.18,7.6,True,2024-07-28 [emergency] В Башкирии из-за паводка коровам пришлось передвигаться вплавь
2024-11,67,Мечетлинский муниципальный район,Республика Башкортостан,Все категории,7.18,-5.9,True,
2024-02,2557,внутригородская территория города федерального значения муниципальный округ Южнопортовый,Москва,Все категории,7.17,-0.0,True,2024-01-04 [utility] Десятки домов в Москве остались в мороз без света и тепла
2024-09,35,Баймакский муниципальный район,Республика Башкортостан,Транспорт,7.17,19.6,True,
2024-09,1582,Любытинский муниципальный район,Новгородская область,Здоровье,7.17,-2.1,True,
2024-10,2242,городской округ город Новый Уренгой,Ямало-Ненецкий автономный округ,Здоровье,7.17,-1.6,True,
2024-04,1928,Ивантеевский муниципальный район,Саратовская область,Общественное питание,7.16,6.3,True,
2024-07,2488,внутригородская территория города федерального значения муниципальный округ Тропарево-Никулино,Москва,Продовольствие,7.16,-5.5,True,2024-06-06 [emergency] Из здания на ВДНХ в Москве эвакуировали детей из-за удара молнии
2024-12,1732,Хотынецкий муниципальный район,Орловская область,Все категории,7.16,-5.9,True,
2024-02,1678,Адамовский муниципальный район,Оренбургская область,Здоровье,7.15,-7.4,True,
2024-03,1457,городской округ Котельники,Московская область,Все категории,7.15,0.0,True,2024-03-04 [emergency] Воробьев рассказал о подготовке Подмосковья к паводку
2024-06,2305,Кунашакский муниципальный район,Челябинская область,Маркетплейсы,7.15,36.0,True,2024-07-26 [emergency] В Челябинской области эвакуировали 20 человек из-за прорыва дамбы
2024-12,1121,Лежневский муниципальный район,Ивановская область,Общественное питание,7.15,-59.1,True,
2024-01,538,Локтевский муниципальный район,Алтайский край,Транспорт,7.14,-16.9,True,
2024-05,2565,внутригородская территория города федерального значения муниципальный округ Северное Бутово,Москва,Транспорт,7.14,6.3,True,2024-04-01 [emergency] В Москве эвакуировали студентов из нескольких вузов из-за угрозы взрыва
2024-11,525,Залесовский муниципальный округ,Алтайский край,Здоровье,7.14,12.1,True,
2024-01,1223,Юхновский муниципальный район,Калужская область,Транспорт,7.13,-14.3,True,
2024-02,1461,городской округ Лобня,Московская область,Здоровье,7.13,-3.9,True,2024-02-19 [emergency] Названа причина оповещения жителей о чрезвычайной ситуации в Лобне || 2024-01-29 [emergency] Более 100 жителей эвакуировали из дома в Подмосковье из-за трещины на фасаде
2024-03,327,Мирнинский муниципальный район,Республика Саха (Якутия),Общественное питание,7.13,-1.0,True,
2024-04,1961,городской округ Ногликский,Сахалинская область,Транспорт,7.13,-10.4,True,
2024-07,2081,Знаменский муниципальный округ,Тамбовская область,Маркетплейсы,7.13,-13.8,True,
2024-08,2317,Чесменский муниципальный район,Челябинская область,Все категории,7.13,-2.3,True,2024-07-26 [emergency] В Челябинской области эвакуировали 20 человек из-за прорыва дамбы
2024-10,2233,Нижневартовский муниципальный район,Ханты-Мансийский автономный округ — Югра,Маркетплейсы,7.13,-12.4,True,
2024-10,2023,городской округ Ирбитское,Свердловская область,Транспорт,7.12,16.9,True,
2024-02,1700,Саракташский муниципальный район,Оренбургская область,Маркетплейсы,7.11,6.8,True,
2024-07,196,Абазинский муниципальный район,Карачаево-Черкесская Республика,Продовольствие,7.11,11.5,True,
2024-04,1347,Мокроусовский муниципальный округ,Курганская область,Общественное питание,340.57,52.7,False,2024-04-12 [emergency] В МЧС сообщили о сотнях остающихся затопленными объектах в Курганской области
2024-03,1347,Мокроусовский муниципальный округ,Курганская область,Общественное питание,263.28,58.3,False,2024-04-12 [emergency] В МЧС сообщили о сотнях остающихся затопленными объектах в Курганской области
2024-02,227,городской округ Инта,Республика Коми,Маркетплейсы,256.08,-8.3,False,
2024-01,227,городской округ Инта,Республика Коми,Маркетплейсы,233.26,-9.9,False,
2024-12,22,городской округ город Агидель,Республика Башкортостан,Транспорт,213.41,-53.8,False,
2024-02,1640,Колосовский муниципальный район,Омская область,Общественное питание,202.3,5.7,False,2024-01-10 [utility] Губернатор Омской области обратился к жителям региона после отключения света
2024-01,1640,Колосовский муниципальный район,Омская область,Общественное питание,186.56,-35.5,False,2024-01-10 [utility] Губернатор Омской области обратился к жителям региона после отключения света
2024-03,1640,Колосовский муниципальный район,Омская область,Общественное питание,155.09,11.0,False,
2024-02,22,городской округ город Агидель,Республика Башкортостан,Транспорт,139.44,-43.3,False,
2024-02,1638,Исилькульский муниципальный район,Омская область,Общественное питание,136.61,-13.7,False,2024-01-10 [utility] Губернатор Омской области обратился к жителям региона после отключения света
2024-04,1623,Сузунский муниципальный район,Новосибирская область,Общественное питание,133.33,30.1,False,
2024-05,1153,Качугский муниципальный район,Иркутская область,Общественное питание,133.27,-34.7,False,
2024-08,1184,городской округ Балтийский,Калининградская область,Здоровье,129.98,10.8,False,
2024-01,226,муниципальный округ Вуктыл,Республика Коми,Маркетплейсы,127.35,1.5,False,
2024-10,61,Кигинский муниципальный район,Республика Башкортостан,Здоровье,122.5,-1.9,False,
2024-02,746,муниципальный округ Кишертский,Пермский край,Общественное питание,121.38,-12.3,False,
2024-04,2299,Карталинский муниципальный район,Челябинская область,Общественное питание,121.11,-14.5,False,
2024-02,1559,Краснооктябрьский муниципальный округ,Нижегородская область,Общественное питание,118.97,32.8,False,
2024-03,1059,Кичменгско-Городецкий муниципальный округ,Вологодская область,Общественное питание,116.48,121.8,False,
2024-09,1179,городской округ Пионерский,Калининградская область,Транспорт,115.37,10.9,False,
2024-03,1666,городской округ Абдулинский,Оренбургская область,Здоровье,113.2,15.1,False,2024-04-07 [emergency] Власти Оренбургской области назвали сроки улучшения ситуации с паводком
2024-02,1956,городской округ Долинский,Сахалинская область,Здоровье,111.87,-21.3,False,
2024-09,1337,Варгашинский муниципальный округ,Курганская область,Транспорт,111.11,6.6,False,
2024-12,895,городской округ город Новодвинск,Архангельская область,Общественное питание,110.21,17.8,False,
2024-12,1070,Чагодощенский муниципальный округ,Вологодская область,Транспорт,106.76,-4.9,False,
2024-10,1337,Варгашинский муниципальный округ,Курганская область,Транспорт,105.9,-12.5,False,
2024-01,1559,Краснооктябрьский муниципальный округ,Нижегородская область,Общественное питание,105.08,-28.7,False,
2024-09,1291,муниципальный округ Санчурский,Кировская область,Транспорт,104.24,-7.8,False,
2024-01,746,муниципальный округ Кишертский,Пермский край,Общественное питание,104.07,1.1,False,
2024-12,2229,Белоярский муниципальный район,Ханты-Мансийский автономный округ — Югра,Продовольствие,98.09,-13.5,False,
2024-03,1559,Краснооктябрьский муниципальный округ,Нижегородская область,Общественное питание,97.24,-22.3,False,
2024-07,1124,Пестяковский муниципальный район,Ивановская область,Транспорт,95.89,-36.4,False,
2024-03,2299,Карталинский муниципальный район,Челябинская область,Общественное питание,89.64,-15.3,False,
2024-02,1347,Мокроусовский муниципальный округ,Курганская область,Общественное питание,89.31,-30.7,False,
2024-09,61,Кигинский муниципальный район,Республика Башкортостан,Здоровье,89.15,-1.3,False,
2024-06,1124,Пестяковский муниципальный район,Ивановская область,Транспорт,88.82,-44.6,False,
2024-09,1676,городской округ Ясненский,Оренбургская область,Транспорт,84.87,-10.1,False,
2024-06,580,Газимуро-Заводский муниципальный округ,Забайкальский край,Транспорт,84.51,-0.3,False,
2024-02,2593,внутригородская территория города федерального значения поселение Киевский,Москва,Здоровье,82.68,15.6,False,2024-01-04 [utility] Десятки домов в Москве остались в мороз без света и тепла
2024-10,2241,городской округ город Муравленко,Ямало-Ненецкий автономный округ,Транспорт,80.86,-13.7,False,
2024-03,1184,городской округ Балтийский,Калининградская область,Здоровье,80.26,-16.3,False,
2024-05,1666,городской округ Абдулинский,Оренбургская область,Здоровье,77.11,0.3,False,2024-04-07 [emergency] Власти Оренбургской области назвали сроки улучшения ситуации с паводком
2024-09,2015,городской округ Алапаевское,Свердловская область,Транспорт,76.05,-1.8,False,
2024-12,602,Шелопугинский муниципальный район,Забайкальский край,Продовольствие,75.82,-3.1,False,
2024-05,1992,городской округ Верхний Тагил,Свердловская область,Транспорт,75.52,7.8,False,
2024-08,883,Свободненский муниципальный район,Амурская область,Здоровье,73.51,-12.0,False,
2024-03,1274,Кильмезский муниципальный район,Кировская область,Общественное питание,73.42,43.8,False,
2024-10,1291,муниципальный округ Санчурский,Кировская область,Транспорт,73.1,-12.8,False,
2024-05,22,городской округ город Агидель,Республика Башкортостан,Транспорт,73.05,-28.7,False,
2024-05,1059,Кичменгско-Городецкий муниципальный округ,Вологодская область,Транспорт,72.86,10.6,False,
2024-08,1054,Вологодский муниципальный округ,Вологодская область,Транспорт,72.47,-11.7,False,
2024-06,1059,Кичменгско-Городецкий муниципальный округ,Вологодская область,Транспорт,71.63,5.0,False,
2024-10,1037,Светлоярский муниципальный район,Волгоградская область,Маркетплейсы,71.46,-0.8,False,
2024-02,1676,городской округ Ясненский,Оренбургская область,Транспорт,70.78,-19.4,False,
2024-07,1653,Павлоградский муниципальный район,Омская область,Маркетплейсы,70.74,15.5,False,
2024-04,1059,Кичменгско-Городецкий муниципальный округ,Вологодская область,Общественное питание,68.02,150.1,False,
2024-03,2606,внутригородская территория города федерального значения поселение Филимонковское,Москва,Маркетплейсы,67.9,-8.9,False,2024-03-22 [emergency] Стало известно об эвакуации всех торговых центров Москвы
2024-01,1608,Искитимский муниципальный район,Новосибирская область,Общественное питание,67.08,16.5,False,
2024-03,276,Куженерский муниципальный район,Республика Марий Эл,Транспорт,67.05,-10.2,False,
2024-12,613,Мильковский муниципальный округ,Камчатский край,Маркетплейсы,67.03,-11.8,False,
2024-04,580,Газимуро-Заводский муниципальный округ,Забайкальский край,Транспорт,66.03,46.1,False,
2024-02,895,городской округ город Новодвинск,Архангельская область,Общественное питание,65.92,7.0,False,
2024-07,2244,муниципальный округ Красноселькупский район,Ямало-Ненецкий автономный округ,Все категории,65.14,14.8,False,
2024-10,742,муниципальный округ Еловский,Пермский край,Транспорт,64.54,-8.3,False,
2024-04,1649,Нововаршавский муниципальный район,Омская область,Общественное питание,64.03,25.8,False,2024-05-06 [emergency] В районе Омской области объявили эвакуацию
2024-02,2036,городской округ Туринский,Свердловская область,Здоровье,63.83,11.7,False,
2024-07,1270,Вятскополянский муниципальный район,Кировская область,Маркетплейсы,63.74,21.1,False,
2024-05,1519,Кольский муниципальный район,Мурманская область,Здоровье,63.67,7.7,False,
2024-04,1992,городской округ Верхний Тагил,Свердловская область,Транспорт,62.91,10.5,False,
2024-06,2046,Велижский муниципальный район,Смоленская область,Маркетплейсы,62.36,2.2,False,
2024-04,458,Таштыпский муниципальный район,Республика Хакасия,Транспорт,62.04,-4.3,False,
2024-10,1676,городской округ Ясненский,Оренбургская область,Транспорт,60.73,-18.5,False,
2024-03,1044,Чернышковский муниципальный район,Волгоградская область,Общественное питание,60.56,63.5,False,
2024-04,2171,Арсеньевский муниципальный район,Тульская область,Все категории,60.15,-4.1,False,
2024-02,61,Кигинский муниципальный район,Республика Башкортостан,Здоровье,59.1,12.5,False,
2024-04,1559,Краснооктябрьский муниципальный округ,Нижегородская область,Общественное питание,58.25,1.6,False,
2024-11,1519,Кольский муниципальный район,Мурманская область,Здоровье,58.17,2.4,False,2024-12-18 [emergency] Власти рассказали о ходе эвакуации с места столкновения поездов в Мурманской области
2024-01,806,Чугуевский муниципальный округ,Приморский край,Транспорт,57.87,-5.5,False,
2024-02,2606,внутригородская территория города федерального значения поселение Филимонковское,Москва,Маркетплейсы,57.81,-9.2,False,2024-01-04 [utility] Десятки домов в Москве остались в мороз без света и тепла
2024-12,1640,Колосовский муниципальный район,Омская область,Общественное питание,57.66,-20.0,False,
2024-10,2142,муниципальный округ Торопецкий,Тверская область,Маркетплейсы,57.4,-12.2,False,"2024-09-18 [emergency,attack] Город Торопец Тверской области подвергся атаке ВСУ. Объявлена эвакуация жителей || 2024-09-19 [attack] Стало известно о разрушениях в 13 храмах Торопца после атаки украинских дронов"
2024-03,1649,Нововаршавский муниципальный район,Омская область,Общественное питание,56.78,33.3,False,
2024-01,1649,Нововаршавский муниципальный район,Омская область,Все категории,56.76,8.1,False,2024-01-10 [utility] Губернатор Омской области обратился к жителям региона после отключения света
2024-03,835,Левокумский муниципальный округ,Ставропольский край,Маркетплейсы,56.33,-6.0,False,
2024-06,1774,муниципальный округ Невельский,Псковская область,Продовольствие,55.94,-24.8,False,
2024-07,1355,Шатровский муниципальный округ,Курганская область,Транспорт,55.37,-10.5,False,
2024-09,1184,городской округ Балтийский,Калининградская область,Здоровье,55.27,3.6,False,
2024-02,1047,Бабаевский муниципальный округ,Вологодская область,Здоровье,55.11,1.0,False,
2024-09,1751,Малосердобинский муниципальный район,Пензенская область,Транспорт,54.93,-2.3,False,
2024-10,1957,городской округ Корсаковский,Сахалинская область,Транспорт,54.78,-0.5,False,
2024-02,1657,Седельниковский муниципальный район,Омская область,Здоровье,53.6,17.8,False,2024-01-10 [utility] Губернатор Омской области обратился к жителям региона после отключения света
2024-04,693,Емельяновский муниципальный район,Красноярский край,Транспорт,53.55,5.6,False,
2024-02,1615,Куйбышевский муниципальный район,Новосибирская область,Здоровье,53.13,6.0,False,
2024-02,806,Чугуевский муниципальный округ,Приморский край,Транспорт,52.46,8.0,False,
2024-08,1036,Руднянский муниципальный район,Волгоградская область,Транспорт,52.25,-3.2,False,
2024-10,2015,городской округ Алапаевское,Свердловская область,Транспорт,52.16,-7.3,False,
2024-10,1751,Малосердобинский муниципальный район,Пензенская область,Транспорт,52.08,-14.5,False,
2024-06,214,Медвежьегорский муниципальный район,Республика Карелия,Транспорт,51.68,0.3,False,2024-07-29 [emergency] Стало известно о пропавших без вести из-за прорыва дамбы в Карелии
2024-05,585,муниципальный район Город Краснокаменск и Краснокаменский район,Забайкальский край,Общественное питание,51.6,19.3,False,
2024-03,690,Большемуртинский муниципальный район,Красноярский край,Общественное питание,51.57,136.0,False,
2024-02,71,Салаватский муниципальный район,Республика Башкортостан,Здоровье,51.09,12.0,False,
2024-05,899,муниципальный округ Вилегодский,Архангельская область,Общественное питание,50.88,-24.0,False,
2024-12,276,Куженерский муниципальный район,Республика Марий Эл,Транспорт,50.67,3.4,False,
2024-12,1519,Кольский муниципальный район,Мурманская область,Здоровье,50.33,-5.0,False,2024-12-18 [emergency] Власти рассказали о ходе эвакуации с места столкновения поездов в Мурманской области
2024-12,891,городской округ город Коряжма,Архангельская область,Продовольствие,50.25,-5.2,False,
2024-12,1425,Становлянский муниципальный район,Липецкая область,Общественное питание,50.02,-47.8,False,
2024-04,276,Куженерский муниципальный район,Республика Марий Эл,Транспорт,49.69,5.1,False,
2024-05,1623,Сузунский муниципальный район,Новосибирская область,Общественное питание,49.68,25.9,False,
2024-06,1673,городской округ город Орск,Оренбургская область,Маркетплейсы,49.54,13.4,False,2024-05-08 [emergency] Жители Орска обратились к Путину из-за выплат после наводнения || 2024-07-12 [emergency] Глава Орловской области назвал власти затопленного весной Орска полными бездельниками || 2024-05-01 [emergency] Названа сумма выплат пострадавшим от паводка жителям Оренбургской области
2024-05,1274,Кильмезский муниципальный район,Кировская область,Общественное питание,49.39,-17.6,False,
2024-06,708,Мотыгинский муниципальный район,Красноярский край,Транспорт,49.38,19.3,False,
2024-11,2142,муниципальный округ Торопецкий,Тверская область,Маркетплейсы,49.35,-6.8,False,
2024-02,403,Дзун-Хемчикский муниципальный район,Республика Тыва,Продовольствие,49.22,4.0,False,
2024-02,276,Куженерский муниципальный район,Республика Марий Эл,Транспорт,49.06,13.9,False,
2024-02,1489,городской округ Волоколамский,Московская область,Здоровье,49.01,-6.3,False,2024-01-29 [emergency] Более 100 жителей эвакуировали из дома в Подмосковье из-за трещины на фасаде
2024-03,1622,Северный муниципальный район,Новосибирская область,Общественное питание,49.01,-6.2,False,
2024-04,1608,Искитимский муниципальный район,Новосибирская область,Общественное питание,48.7,38.7,False,
2024-02,1956,городской округ Долинский,Сахалинская область,Транспорт,48.36,-7.6,False,
2024-02,2501,внутригородская территория города федерального значения муниципальный округ Западное Дегунино,Москва,Маркетплейсы,48.15,-7.3,False,2024-01-04 [utility] Десятки домов в Москве остались в мороз без света и тепла
2024-12,1719,Кромской муниципальный район,Орловская область,Продовольствие,47.94,2.4,False,
2024-10,1015,Городищенский муниципальный район,Волгоградская область,Все категории,47.82,13.9,False,
2024-10,1184,городской округ Балтийский,Калининградская область,Здоровье,47.82,20.3,False,
2024-05,1055,Вытегорский муниципальный район,Вологодская область,Общественное питание,47.49,40.4,False,
2024-05,2043,Таборинский муниципальный район,Свердловская область,Транспорт,47.31,-26.6,False,
2024-02,414,Улуг-Хемский муниципальный район,Республика Тыва,Маркетплейсы,47.27,-19.0,False,
2024-03,2574,внутригородская территория города федерального значения муниципальный округ Донской,Москва,Здоровье,47.1,5.5,False,2024-03-22 [emergency] Стало известно об эвакуации всех торговых центров Москвы
2024-02,336,Сунтарский муниципальный район,Республика Саха (Якутия),Продовольствие,47.07,-9.4,False,
2024-09,883,Свободненский муниципальный район,Амурская область,Здоровье,46.94,-14.6,False,
2024-06,434,муниципальный округ Кезский район,Удмуртская Республика,Маркетплейсы,46.73,7.7,False,
2024-07,434,муниципальный округ Кезский район,Удмуртская Республика,Маркетплейсы,45.78,7.5,False,
2024-01,1347,Мокроусовский муниципальный округ,Курганская область,Общественное питание,45.42,12.9,False,
2024-05,719,Тасеевский муниципальный район,Красноярский край,Здоровье,45.33,-12.7,False,
2024-05,1673,городской округ город Орск,Оренбургская область,Маркетплейсы,44.81,18.8,False,2024-04-05 [emergency] Для эвакуации после прорыва дамбы в Орске подготовили шесть ПВР || 2024-04-05 [emergency] Сотни спасателей направились эвакуировать жителей Орска || 2024-04-07 [emergency] Власти Оренбургской области назвали сроки улучшения ситуации с паводком
2024-02,2349,Билибинский муниципальный район,Чукотский автономный округ,Продовольствие,44.74,-4.3,False,
2024-02,1348,Петуховский муниципальный округ,Курганская область,Здоровье,44.61,2.1,False,
2024-03,1570,Тонкинский муниципальный округ,Нижегородская область,Транспорт,44.15,-4.2,False,
2024-04,1430,городской округ город Магадан,Магаданская область,Транспорт,44.06,1.5,False,
2024-04,1957,городской округ Корсаковский,Сахалинская область,Транспорт,44.06,-8.2,False,
2024-11,1608,Искитимский муниципальный район,Новосибирская область,Общественное питание,43.71,46.1,False,
2024-01,1337,Варгашинский муниципальный округ,Курганская область,Транспорт,43.7,-11.1,False,
2024-04,708,Мотыгинский муниципальный район,Красноярский край,Транспорт,43.67,-4.2,False,
2024-02,1537,Ардатовский муниципальный округ,Нижегородская область,Маркетплейсы,43.56,12.0,False,
2024-02,1226,городской округ Беловский,Кемеровская область,Здоровье,43.14,2.7,False,
2024-05,1732,Хотынецкий муниципальный район,Орловская область,Все категории,43.09,3.4,False,
2024-03,1261,городской округ город Котельнич,Кировская область,Здоровье,43.06,-3.3,False,
2024-03,212,Лахденпохский муниципальный район,Республика Карелия,Здоровье,42.74,2.0,False,
2024-12,1852,Касимовский муниципальный район,Рязанская область,Здоровье,42.64,-2.2,False,
2024-07,332,Оймяконский муниципальный район,Республика Саха (Якутия),Все категории,42.57,8.4,False,2024-08-20 [emergency] Природные пожары в Якутии охватили более 50 населенных пунктов
2024-11,1291,муниципальный округ Санчурский,Кировская область,Все категории,42.54,-14.1,False,
2024-03,1638,Исилькульский муниципальный район,Омская область,Общественное питание,42.43,-13.7,False,
2024-04,2037,городской округ Шалинский,Свердловская область,Транспорт,42.08,-15.5,False,
2024-12,791,Красноармейский муниципальный округ,Приморский край,Общественное питание,41.93,-38.9,False,
2024-06,891,городской округ город Коряжма,Архангельская область,Продовольствие,41.88,-24.4,False,
2024-10,393,Тетюшский муниципальный район,Республика Татарстан,Здоровье,41.46,-17.9,False,
2024-02,1693,Новосергиевский муниципальный район,Оренбургская область,Транспорт,41.39,1.0,False,
2024-06,78,Федоровский муниципальный район,Республика Башкортостан,Транспорт,41.24,8.1,False,2024-07-28 [emergency] В Башкирии из-за паводка коровам пришлось передвигаться вплавь
2024-05,1676,городской округ Ясненский,Оренбургская область,Транспорт,41.07,-0.6,False,2024-04-07 [emergency] Власти Оренбургской области назвали сроки улучшения ситуации с паводком
2024-03,1956,городской округ Долинский,Сахалинская область,Транспорт,40.91,-23.9,False,
2024-04,1570,Тонкинский муниципальный округ,Нижегородская область,Транспорт,40.84,8.1,False,
2024-07,1003,Собинский муниципальный район,Владимирская область,Транспорт,40.59,18.5,False,
2024-01,2349,Билибинский муниципальный район,Чукотский автономный округ,Продовольствие,40.48,-7.6,False,
2024-01,336,Сунтарский муниципальный район,Республика Саха (Якутия),Продовольствие,40.46,-11.4,False,
2024-08,1339,Звериноголовский муниципальный округ,Курганская область,Маркетплейсы,40.37,23.7,False,
2024-12,883,Свободненский муниципальный район,Амурская область,Здоровье,40.35,-14.1,False,
2024-12,751,городской округ Нытвенский,Пермский край,Транспорт,40.3,-8.6,False,
2024-04,1179,городской округ Пионерский,Калининградская область,Транспорт,40.28,-20.0,False,
2024-11,895,городской округ город Новодвинск,Архангельская область,Общественное питание,40.05,8.8,False,
2024-03,403,Дзун-Хемчикский муниципальный район,Республика Тыва,Продовольствие,40.01,-0.0,False,
2024-11,2129,муниципальный округ Максатихинский,Тверская область,Транспорт,39.86,-7.2,False,
2024-04,1633,Азовский немецкий национальный муниципальный район,Омская область,Маркетплейсы,39.83,-4.8,False,2024-05-06 [emergency] В районе Омской области объявили эвакуацию
2024-06,243,Усть-Цилемский муниципальный район,Республика Коми,Транспорт,39.67,-2.4,False,2024-06-26 [emergency] В Коми заявили об эвакуации всех пассажиров сошедшего с рельсов поезда
2024-09,2341,Облученский муниципальный район,Еврейская автономная область,Здоровье,39.67,-5.1,False,
2024-03,1348,Петуховский муниципальный округ,Курганская область,Здоровье,39.57,1.3,False,2024-04-12 [emergency] В МЧС сообщили о сотнях остающихся затопленными объектах в Курганской области
2024-02,1230,городской округ Ленинск-Кузнецкий,Кемеровская область,Здоровье,39.52,0.0,False,
2024-09,806,Чугуевский муниципальный округ,Приморский край,Транспорт,39.15,4.8,False,2024-08-16 [utility] Владивосток и Приморье остались без света. На дорогах после отключения светофоров начались массовые ДТП
2024-05,1337,Варгашинский муниципальный округ,Курганская область,Транспорт,39.04,-11.9,False,2024-04-12 [emergency] В МЧС сообщили о сотнях остающихся затопленными объектах в Курганской области
2024-11,2068,Холм-Жирковский муниципальный район,Смоленская область,Здоровье,39.01,1.8,False,
2024-11,1184,городской округ Балтийский,Калининградская область,Здоровье,38.94,11.0,False,
2024-01,506,городской округ город Белокуриха,Алтайский край,Маркетплейсы,38.84,-10.9,False,
2024-05,580,Газимуро-Заводский муниципальный округ,Забайкальский край,Транспорт,38.83,9.1,False,
2024-11,414,Улуг-Хемский муниципальный район,Республика Тыва,Маркетплейсы,38.63,-18.4,False,
2024-06,11,Кош-Агачский муниципальный район,Республика Алтай,Все категории,38.6,8.2,False,
2024-03,2087,Мучкапский муниципальный округ,Тамбовская область,Маркетплейсы,38.46,0.0,False,
2024-05,61,Кигинский муниципальный район,Республика Башкортостан,Здоровье,38.43,-5.3,False,
2024-04,517,Бийский муниципальный район,Алтайский край,Маркетплейсы,38.26,16.3,False,2024-04-13 [emergency] Глава МЧС не исключил второй волны паводка в Алтайском крае
2024-12,2533,внутригородская территория города федерального значения муниципальный округ Щукино,Москва,Общественное питание,38.13,7.5,False,2024-12-21 [emergency] В Москве задержали пенсионерку-поджигательницу после эвакуации торгового центра
2024-11,1710,Болховский муниципальный район,Орловская область,Общественное питание,37.88,-38.7,False,
2024-05,2229,Белоярский муниципальный район,Ханты-Мансийский автономный округ — Югра,Продовольствие,37.79,-7.4,False,
2024-01,1693,Новосергиевский муниципальный район,Оренбургская область,Транспорт,37.59,3.8,False,
2024-12,2068,Холм-Жирковский муниципальный район,Смоленская область,Здоровье,37.57,17.9,False,
2024-12,2497,внутригородская территория города федерального значения муниципальный округ Войковский,Москва,Здоровье,37.54,9.4,False,2024-12-21 [emergency] В Москве задержали пенсионерку-поджигательницу после эвакуации торгового центра
2024-04,410,Тандинский муниципальный район,Республика Тыва,Общественное питание,37.48,89.8,False,
2024-05,1700,Саракташский муниципальный район,Оренбургская область,Маркетплейсы,37.46,-2.8,False,2024-04-07 [emergency] Власти Оренбургской области назвали сроки улучшения ситуации с паводком
2024-10,1776,Новосокольнический муниципальный район,Псковская область,Транспорт,37.43,-19.0,False,
2024-05,1047,Бабаевский муниципальный округ,Вологодская область,Здоровье,37.36,3.6,False,
2024-02,56,Илишевский муниципальный район,Республика Башкортостан,Здоровье,37.22,6.6,False,
2024-11,895,городской округ город Новодвинск,Архангельская область,Транспорт,37.22,-18.3,False,
2024-02,1411,городской округ город Елец,Липецкая область,Все категории,37.11,10.3,False,
2024-07,78,Федоровский муниципальный район,Республика Башкортостан,Транспорт,36.17,9.0,False,2024-07-28 [emergency] В Башкирии из-за паводка коровам пришлось передвигаться вплавь
2024-12,226,муниципальный округ Вуктыл,Республика Коми,Маркетплейсы,36.17,4.5,False,
2024-06,1404,Подпорожский муниципальный район,Ленинградская область,Маркетплейсы,35.68,3.8,False,
2024-07,1305,городской округ город Волгореченск,Костромская область,Здоровье,35.64,-35.2,False,
2024-10,1179,городской округ Пионерский,Калининградская область,Транспорт,35.62,30.3,False,
2024-12,434,муниципальный округ Кезский район,Удмуртская Республика,Маркетплейсы,35.34,-0.5,False,
2024-02,34,Аургазинский муниципальный район,Республика Башкортостан,Все категории,35.25,-3.7,False,
2024-01,1204,Думиничский муниципальный район,Калужская область,Транспорт,35.21,-7.9,False,
2024-07,2043,Таборинский муниципальный район,Свердловская область,Транспорт,35.12,-4.7,False,
2024-04,835,Левокумский муниципальный округ,Ставропольский край,Маркетплейсы,35.05,-13.6,False,
2024-02,1411,городской округ город Елец,Липецкая область,Общественное питание,34.99,20.3,False,
2024-08,1907,Хворостянский муниципальный район,Самарская область,Транспорт,34.94,-20.6,False,2024-09-29 [emergency] В Самарской области начали тушить лесной пожар
2024-10,2222,городской округ город Нягань,Ханты-Мансийский автономный округ — Югра,Здоровье,34.87,1.6,False,
2024-08,1568,Сосновский муниципальный округ,Нижегородская область,Транспорт,34.8,4.6,False,
2024-02,386,Новошешминский муниципальный район,Республика Татарстан,Продовольствие,34.78,0.5,False,
2024-04,879,Мазановский муниципальный район,Амурская область,Транспорт,34.74,7.4,False,2024-03-19 [emergency] В Амурской области ввели региональный режим ЧС из-за обвала на руднике
2024-11,71,Салаватский муниципальный район,Республика Башкортостан,Здоровье,34.73,14.8,False,
2024-02,1261,городской округ город Котельнич,Кировская область,Здоровье,34.72,-4.6,False,
2024-06,1355,Шатровский муниципальный округ,Курганская область,Транспорт,34.42,-8.1,False,2024-05-10 [emergency] Правительство направит миллиарды рублей жителям Курганской области после паводка
2024-07,2604,внутригородская территория города федерального значения поселение Рязановское,Москва,Здоровье,34.41,11.6,False,2024-06-06 [emergency] Из здания на ВДНХ в Москве эвакуировали детей из-за удара молнии
2024-08,1751,Малосердобинский муниципальный район,Пензенская область,Транспорт,34.41,-34.3,False,
2024-08,794,Надеждинский муниципальный район,Приморский край,Здоровье,34.39,-1.3,False,2024-07-31 [emergency] В Приморье рассказали о масштабе подтопления
2024-02,1404,Подпорожский муниципальный район,Ленинградская область,Маркетплейсы,34.29,-11.7,False,
2024-04,1732,Хотынецкий муниципальный район,Орловская область,Все категории,34.14,3.1,False,
2024-06,2043,Таборинский муниципальный район,Свердловская область,Транспорт,34.04,-11.1,False,
2024-05,1204,Думиничский муниципальный район,Калужская область,Транспорт,33.68,11.7,False,
2024-03,2593,внутригородская территория города федерального значения поселение Киевский,Москва,Здоровье,33.56,11.8,False,2024-03-22 [emergency] Стало известно об эвакуации всех торговых центров Москвы
2024-02,1410,городской округ город Липецк,Липецкая область,Общественное питание,33.54,17.8,False,
2024-03,434,муниципальный округ Кезский район,Удмуртская Республика,Маркетплейсы,33.5,11.8,False,
2024-11,1337,Варгашинский муниципальный округ,Курганская область,Транспорт,33.18,-2.4,False,
2024-03,706,Манский муниципальный район,Красноярский край,Общественное питание,33.13,-1.0,False,
2024-02,1710,Болховский муниципальный район,Орловская область,Общественное питание,32.94,-11.7,False,
2024-06,895,городской округ город Новодвинск,Архангельская область,Транспорт,32.66,4.0,False,
2024-10,1054,Вологодский муниципальный округ,Вологодская область,Транспорт,32.66,-2.9,False,
2024-12,212,Лахденпохский муниципальный район,Республика Карелия,Здоровье,32.6,-5.1,False,
2024-07,744,муниципальный округ Карагайский,Пермский край,Транспорт,32.5,-1.2,False,
2024-07,1775,муниципальный округ Новоржевский,Псковская область,Здоровье,32.47,-5.2,False,
2024-02,1492,городской округ Клин,Московская область,Здоровье,32.39,-1.6,False,2024-01-29 [emergency] Более 100 жителей эвакуировали из дома в Подмосковье из-за трещины на фасаде
2024-10,383,Мензелинский муниципальный район,Республика Татарстан,Здоровье,32.17,-13.3,False,
2024-11,1852,Касимовский муниципальный район,Рязанская область,Здоровье,32.08,-7.4,False,
2024-03,2439,внутригородская территория города федерального значения муниципальный округ Введенский,Санкт-Петербург,Маркетплейсы,31.96,-1.1,False,
2024-06,1348,Петуховский муниципальный округ,Курганская область,Здоровье,31.87,-4.4,False,2024-05-10 [emergency] Правительство направит миллиарды рублей жителям Курганской области после паводка
2024-02,1858,Пителинский муниципальный район,Рязанская область,Общественное питание,31.86,-33.3,False,
2024-04,1116,Заволжский муниципальный район,Ивановская область,Общественное питание,31.82,-1.5,False,
2024-01,2242,городской округ город Новый Уренгой,Ямало-Ненецкий автономный округ,Маркетплейсы,31.55,-7.6,False,
2024-02,320,Вилюйский муниципальный район,Республика Саха (Якутия),Продовольствие,31.48,-13.4,False,
2024-09,396,Черемшанский муниципальный район,Республика Татарстан,Продовольствие,31.47,-7.8,False,
2024-02,1653,Павлоградский муниципальный район,Омская область,Маркетплейсы,31.44,6.3,False,2024-01-10 [utility] Губернатор Омской области обратился к жителям региона после отключения света
2024-05,1404,Подпорожский муниципальный район,Ленинградская область,Маркетплейсы,31.31,2.3,False,
2024-06,1337,Варгашинский муниципальный округ,Курганская область,Транспорт,31.29,-23.2,False,2024-05-10 [emergency] Правительство направит миллиарды рублей жителям Курганской области после паводка
2024-07,1193,муниципальный округ Озерский,Калининградская область,Транспорт,31.18,-7.5,False,
2024-07,1305,городской округ город Волгореченск,Костромская область,Все категории,31.18,-24.0,False,
2024-01,1610,Каргатский муниципальный район,Новосибирская область,Общественное питание,31.13,26.5,False,
2024-12,1860,Путятинский муниципальный округ,Рязанская область,Транспорт,31.08,-15.3,False,
2024-07,1261,городской округ город Котельнич,Кировская область,Здоровье,31.01,-3.7,False,
2024-09,1054,Вологодский муниципальный округ,Вологодская область,Транспорт,31.01,-1.0,False,
2024-03,1994,городской округ Красноуральск,Свердловская область,Маркетплейсы,30.98,-3.8,False,
2024-05,517,Бийский муниципальный район,Алтайский край,Маркетплейсы,30.98,22.6,False,2024-04-13 [emergency] Глава МЧС не исключил второй волны паводка в Алтайском крае
2024-06,1955,городской округ Анивский,Сахалинская область,Все категории,30.97,-16.0,False,
2024-11,306,Теньгушевский муниципальный район,Республика Мордовия,Продовольствие,30.89,-3.9,False,
2024-05,1021,Калачевский муниципальный район,Волгоградская область,Общественное питание,30.87,-5.0,False,
2024-09,1301,Юрьянский муниципальный район,Кировская область,Все категории,30.86,-4.0,False,
2024-07,2241,городской округ город Муравленко,Ямало-Ненецкий автономный округ,Транспорт,30.8,25.0,False,
2024-04,1021,Калачевский муниципальный район,Волгоградская область,Общественное питание,30.6,-15.3,False,
2024-08,1653,Павлоградский муниципальный район,Омская область,Маркетплейсы,30.58,17.3,False,
2024-04,1945,Самойловский муниципальный район,Саратовская область,Все категории,30.57,-4.0,False,
2024-12,1744,Иссинский муниципальный район,Пензенская область,Общественное питание,30.54,23.6,False,
2024-07,2041,Слободо-Туринский муниципальный район,Свердловская область,Маркетплейсы,30.27,11.0,False,
2024-02,848,Верхнебуреинский муниципальный район,Хабаровский край,Маркетплейсы,30.26,121.8,False,
2024-06,1941,Пугачевский муниципальный район,Саратовская область,Здоровье,30.11,0.7,False,2024-07-10 [attack] «Бог разберется без советов». В России ответили Пугачевой на обвинение в обстреле детской больницы в Киеве
2024-12,2497,внутригородская территория города федерального значения муниципальный округ Войковский,Москва,Общественное питание,30.11,4.7,False,2024-12-21 [emergency] В Москве задержали пенсионерку-поджигательницу после эвакуации торгового центра
2024-09,2030,городской округ Пышминский,Свердловская область,Маркетплейсы,30.01,0.6,False,
2024-03,1047,Бабаевский муниципальный округ,Вологодская область,Здоровье,29.78,-6.8,False,
2024-01,497,Цивильский муниципальный округ,Чувашская Республика,Общественное питание,29.76,-13.9,False,
2024-09,414,Улуг-Хемский муниципальный район,Республика Тыва,Маркетплейсы,29.75,-1.4,False,
2024-07,1907,Хворостянский муниципальный район,Самарская область,Транспорт,29.71,-19.1,False,
2024-06,226,муниципальный округ Вуктыл,Республика Коми,Продовольствие,29.62,-10.4,False,2024-06-26 [emergency] В Коми заявили об эвакуации всех пассажиров сошедшего с рельсов поезда
2024-12,1348,Петуховский муниципальный округ,Курганская область,Здоровье,29.54,6.2,False,
2024-01,225,городской округ Воркута,Республика Коми,Маркетплейсы,29.5,-0.3,False,
2024-01,71,Салаватский муниципальный район,Республика Башкортостан,Маркетплейсы,29.48,15.5,False,
2024-02,2087,Мучкапский муниципальный округ,Тамбовская область,Маркетплейсы,29.45,0.9,False,
2024-05,1715,Залегощенский муниципальный район,Орловская область,Транспорт,29.44,3.5,False,
2024-02,1270,Вятскополянский муниципальный район,Кировская область,Маркетплейсы,29.42,3.6,False,
2024-11,383,Мензелинский муниципальный район,Республика Татарстан,Здоровье,29.38,-7.0,False,2024-12-21 [emergency] В Татарстане ввели режим чрезвычайной ситуации для органов власти и МЧС
2024-03,2416,внутригородская территория города федерального значения поселок Песочный,Санкт-Петербург,Маркетплейсы,29.35,-11.7,False,
2024-09,1774,муниципальный округ Невельский,Псковская область,Здоровье,29.3,-21.6,False,
2024-12,61,Кигинский муниципальный район,Республика Башкортостан,Здоровье,29.25,-5.5,False,
2024-08,2132,муниципальный округ Оленинский,Тверская область,Транспорт,29.12,5.9,False,
2024-03,708,Мотыгинский муниципальный район,Красноярский край,Транспорт,29.06,12.2,False,
2024-05,1570,Тонкинский муниципальный округ,Нижегородская область,Транспорт,28.88,8.6,False,
2024-08,1760,Сосновоборский муниципальный район,Пензенская область,Продовольствие,28.85,-11.0,False,
2024-06,1766,Бежаницкий муниципальный район,Псковская область,Транспорт,28.82,-1.3,False,
2024-03,458,Таштыпский муниципальный район,Республика Хакасия,Транспорт,28.7,2.0,False,
2024-08,1732,Хотынецкий муниципальный район,Орловская область,Все категории,28.7,-3.2,False,2024-07-12 [emergency] Глава Орловской области назвал власти затопленного весной Орска полными бездельниками
2024-02,3013,городской округ Солнечногорск,Московская область,Здоровье,28.67,-2.3,False,2024-01-29 [emergency] Более 100 жителей эвакуировали из дома в Подмосковье из-за трещины на фасаде
2024-03,2497,внутригородская территория города федерального значения муниципальный округ Войковский,Москва,Здоровье,28.64,1.8,False,2024-03-22 [emergency] Стало известно об эвакуации всех торговых центров Москвы
2024-02,2276,городской округ Верхнеуфалейский,Челябинская область,Маркетплейсы,28.6,1.6,False,
2024-01,1638,Исилькульский муниципальный район,Омская область,Общественное питание,28.49,24.9,False,2024-01-10 [utility] Губернатор Омской области обратился к жителям региона после отключения света
2024-06,2127,муниципальный округ Лесной,Тверская область,Здоровье,28.46,-3.7,False,
2024-10,218,Прионежский муниципальный район,Республика Карелия,Продовольствие,28.4,-11.4,False,
2024-09,306,Теньгушевский муниципальный район,Республика Мордовия,Продовольствие,28.39,-12.6,False,
2024-02,1227,городской округ Березовский,Кемеровская область,Маркетплейсы,28.31,1.8,False,
2024-03,2546,внутригородская территория города федерального значения муниципальный округ Выхино-Жулебино,Москва,Здоровье,28.21,3.4,False,2024-03-22 [emergency] Стало известно об эвакуации всех торговых центров Москвы
2024-11,1774,муниципальный округ Невельский,Псковская область,Здоровье,28.19,0.8,False,
2024-07,2114,муниципальный округ Весьегонский,Тверская область,Здоровье,28.12,-2.4,False,
2024-05,1542,Большемурашкинский муниципальный округ,Нижегородская область,Общественное питание,28.01,-13.4,False,
2024-02,1311,Вохомский муниципальный район,Костромская область,Транспорт,28.0,-7.3,False,
2024-02,1957,городской округ Корсаковский,Сахалинская область,Транспорт,27.99,5.2,False,
2024-02,1472,городской округ Подольск,Московская область,Здоровье,27.93,-2.2,False,2024-01-06 [emergency] В Подольске ввели режим ЧС из-за отсутствия отопления || 2024-01-07 [utility] Раскрыта ситуация с оставшимися без тепла домами в Подольске || 2024-01-29 [emergency] Более 100 жителей эвакуировали из дома в Подмосковье из-за трещины на фасаде
2024-05,1959,городской округ Макаровский,Сахалинская область,Продовольствие,27.93,-17.2,False,
2024-10,212,Лахденпохский муниципальный район,Республика Карелия,Здоровье,27.85,6.4,False,
2024-08,1337,Варгашинский муниципальный округ,Курганская область,Транспорт,27.83,-23.3,False,
2024-03,2581,внутригородская территория города федерального значения муниципальный округ Орехово-Борисово Южное,Москва,Здоровье,27.74,3.0,False,2024-03-22 [emergency] Стало известно об эвакуации всех торговых центров Москвы
2024-02,1959,городской округ Макаровский,Сахалинская область,Общественное питание,27.69,-49.1,False,
2024-05,1506,городской округ город Мурманск,Мурманская область,Здоровье,27.53,12.1,False,
2024-01,243,Усть-Цилемский муниципальный район,Республика Коми,Транспорт,27.46,44.7,False,
2024-10,2537,внутригородская территория города федерального значения муниципальный округ Замоскворечье,Москва,Здоровье,27.45,3.6,False,"2024-09-18 [emergency,economy] Студентов МГУ эвакуировали из-за звуков стрельбы у офиса Wildberries в центре Москвы"
2024-01,687,Бирилюсский муниципальный район,Красноярский край,Маркетплейсы,27.43,44.2,False,
2024-10,2129,муниципальный округ Максатихинский,Тверская область,Транспорт,27.43,-7.8,False,
2024-10,218,Прионежский муниципальный район,Республика Карелия,Транспорт,27.3,-27.0,False,
2024-01,1167,Черемховский муниципальный район,Иркутская область,Общественное питание,27.29,8.9,False,
2024-06,1676,городской округ Ясненский,Оренбургская область,Транспорт,27.23,4.6,False,2024-05-01 [emergency] Названа сумма выплат пострадавшим от паводка жителям Оренбургской области
2024-02,1999,городской округ Невьянский,Свердловская область,Общественное питание,27.22,-5.7,False,
2024-02,1956,городской округ Долинский,Сахалинская область,Общественное питание,27.19,-28.6,False,
2024-10,1430,городской округ город Магадан,Магаданская область,Здоровье,27.06,-4.8,False,
2024-10,2087,Мучкапский муниципальный округ,Тамбовская область,Маркетплейсы,27.0,-0.8,False,2024-10-19 [emergency] В Тамбовской области поручили ввести режим ЧС из-за взрыва газа в доме
2024-06,1955,городской округ Анивский,Сахалинская область,Продовольствие,26.9,-17.9,False,
2024-08,1774,муниципальный округ Невельский,Псковская область,Здоровье,26.84,-0.9,False,
2024-05,540,Михайловский муниципальный район,Алтайский край,Все категории,26.83,3.6,False,2024-04-13 [emergency] Глава МЧС не исключил второй волны паводка в Алтайском крае
2024-05,1941,Пугачевский муниципальный район,Саратовская область,Здоровье,26.83,-4.1,False,
2024-06,1907,Хворостянский муниципальный район,Самарская область,Транспорт,26.82,-11.3,False,
2024-06,1955,городской округ Анивский,Сахалинская область,Транспорт,26.7,-22.4,False,
2024-07,1568,Сосновский муниципальный округ,Нижегородская область,Транспорт,26.61,3.9,False,
2024-01,1313,Кадыйский муниципальный район,Костромская область,Общественное питание,26.58,-38.1,False,
2024-08,2538,внутригородская территория города федерального значения муниципальное образование Савелки,Москва,Здоровье,26.52,1.5,False,2024-08-02 [emergency] Кинотеатр в центре Москвы эвакуировали
2024-03,55,Иглинский муниципальный район,Республика Башкортостан,Общественное питание,26.5,5.3,False,
2024-02,2160,Тегульдетский муниципальный район,Томская область,Маркетплейсы,26.43,25.6,False,
2024-05,2299,Карталинский муниципальный район,Челябинская область,Общественное питание,26.4,-6.8,False,
2024-05,1261,городской округ город Котельнич,Кировская область,Здоровье,26.35,7.2,False,
2024-03,2222,городской округ город Нягань,Ханты-Мансийский автономный округ — Югра,Общественное питание,26.29,-3.6,False,
2024-10,2068,Холм-Жирковский муниципальный район,Смоленская область,Здоровье,26.22,20.2,False,
2024-01,711,Новоселовский муниципальный район,Красноярский край,Транспорт,26.11,-6.1,False,
2024-02,2242,городской округ город Новый Уренгой,Ямало-Ненецкий автономный округ,Маркетплейсы,26.05,-14.5,False,
2024-02,1649,Нововаршавский муниципальный район,Омская область,Общественное питание,25.97,-6.0,False,2024-01-10 [utility] Губернатор Омской области обратился к жителям региона после отключения света
2024-08,808,Яковлевский муниципальный округ,Приморский край,Транспорт,25.79,-7.7,False,2024-07-31 [emergency] В Приморье рассказали о масштабе подтопления
2024-12,2208,Сорокинский муниципальный район,Тюменская область,Продовольствие,25.77,-10.0,False,
2024-12,2558,внутригородская территория города федерального значения муниципальный округ Академический,Москва,Общественное питание,25.66,12.2,False,2024-12-21 [emergency] В Москве задержали пенсионерку-поджигательницу после эвакуации торгового центра
2024-02,1760,Сосновоборский муниципальный район,Пензенская область,Продовольствие,25.61,0.3,False,
2024-05,1184,городской округ Балтийский,Калининградская область,Здоровье,25.6,-13.1,False,
2024-11,2341,Облученский муниципальный район,Еврейская автономная область,Здоровье,25.55,-13.1,False,
2024-09,2244,муниципальный округ Красноселькупский район,Ямало-Ненецкий автономный округ,Все категории,25.47,-6.3,False,
2024-03,2563,внутригородская территория города федерального значения муниципальный округ Ломоносовский,Москва,Маркетплейсы,25.46,-8.3,False,2024-03-22 [emergency] Стало известно об эвакуации всех торговых центров Москвы
2024-11,1291,муниципальный округ Санчурский,Кировская область,Транспорт,25.42,-24.4,False,
2024-02,618,Карагинский муниципальный район,Камчатский край,Транспорт,25.35,-20.8,False,
2024-06,2200,Викуловский муниципальный район,Тюменская область,Транспорт,25.29,5.9,False,
2024-05,1993,городской округ Краснотурьинск,Свердловская область,Здоровье,25.26,8.3,False,
2024-08,791,Красноармейский муниципальный округ,Приморский край,Продовольствие,25.2,5.3,False,2024-07-31 [emergency] В Приморье рассказали о масштабе подтопления
2024-05,1347,Мокроусовский муниципальный округ,Курганская область,Общественное питание,25.12,22.8,False,2024-04-12 [emergency] В МЧС сообщили о сотнях остающихся затопленными объектах в Курганской области
2024-08,2341,Облученский муниципальный район,Еврейская автономная область,Здоровье,25.09,1.8,False,
2024-10,414,Улуг-Хемский муниципальный район,Республика Тыва,Маркетплейсы,25.04,-13.8,False,
2024-07,243,Усть-Цилемский муниципальный район,Республика Коми,Маркетплейсы,25.03,19.9,False,2024-06-26 [emergency] В Коми заявили об эвакуации всех пассажиров сошедшего с рельсов поезда
2024-10,2244,муниципальный округ Красноселькупский район,Ямало-Ненецкий автономный округ,Все категории,25.01,-8.2,False,
2024-11,2142,муниципальный округ Торопецкий,Тверская область,Транспорт,25.0,0.3,False,
2024-01,897,Вельский муниципальный район,Архангельская область,Общественное питание,24.98,25.0,False,
2024-06,1653,Павлоградский муниципальный район,Омская область,Маркетплейсы,24.86,3.7,False,2024-05-06 [emergency] В районе Омской области объявили эвакуацию
2024-11,1676,городской округ Ясненский,Оренбургская область,Транспорт,24.86,-21.6,False,
2024-01,1036,Руднянский муниципальный район,Волгоградская область,Транспорт,24.79,3.2,False,
2024-08,1728,Свердловский муниципальный район,Орловская область,Все категории,24.78,-9.2,False,2024-07-12 [emergency] Глава Орловской области назвал власти затопленного весной Орска полными бездельниками
2024-05,1715,Залегощенский муниципальный район,Орловская область,Общественное питание,24.69,-27.8,False,
2024-10,2030,городской округ Пышминский,Свердловская область,Маркетплейсы,24.66,5.9,False,
2024-07,1337,Варгашинский муниципальный округ,Курганская область,Транспорт,24.62,-8.9,False,
2024-09,2497,внутригородская территория города федерального значения муниципальный округ Войковский,Москва,Здоровье,24.59,-5.2,False,2024-08-02 [emergency] Кинотеатр в центре Москвы эвакуировали
2024-05,744,муниципальный округ Карагайский,Пермский край,Транспорт,24.58,11.3,False,
2024-04,2045,городской округ город Десногорск,Смоленская область,Общественное питание,24.57,9.4,False,
2024-11,2301,Катав-Ивановский муниципальный район,Челябинская область,Общественное питание,24.56,-7.4,False,
2024-01,2176,Дубенский муниципальный район,Тульская область,Продовольствие,24.55,0.9,False,
2024-03,2516,внутригородская территория города федерального значения муниципальный округ Лосиноостровский,Москва,Здоровье,24.51,3.4,False,2024-03-22 [emergency] Стало известно об эвакуации всех торговых центров Москвы
2024-04,1744,Иссинский муниципальный район,Пензенская область,Общественное питание,24.5,-9.2,False,
2024-07,1704,Тоцкий муниципальный район,Оренбургская область,Маркетплейсы,24.48,-7.8,False,
2024-06,1207,Кировский муниципальный район,Калужская область,Транспорт,24.44,5.4,False,
2024-07,708,Мотыгинский муниципальный район,Красноярский край,Транспорт,24.38,25.0,False,
2024-12,26,городской округ город Октябрьский,Республика Башкортостан,Общественное питание,24.38,1.7,False,
2024-12,430,муниципальный округ Завьяловский район,Удмуртская Республика,Общественное питание,24.38,23.6,False,
2024-05,708,Мотыгинский муниципальный район,Красноярский край,Транспорт,24.35,7.1,False,
2024-02,225,городской округ Воркута,Республика Коми,Маркетплейсы,24.27,-8.2,False,
2024-07,2336,Угличский муниципальный район,Ярославская область,Здоровье,24.16,5.2,False,
2024-11,994,Гусь-Хрустальный муниципальный район,Владимирская область,Продовольствие,24.15,-12.3,False,
2024-03,1992,городской округ Верхний Тагил,Свердловская область,Транспорт,24.12,-9.4,False,
2024-09,1519,Кольский муниципальный район,Мурманская область,Здоровье,24.1,-15.8,False,
2024-03,1957,городской округ Корсаковский,Сахалинская область,Транспорт,24.07,-1.6,False,
2024-12,2041,Слободо-Туринский муниципальный район,Свердловская область,Маркетплейсы,24.07,10.4,False,
2024-07,1676,городской округ Ясненский,Оренбургская область,Транспорт,24.01,13.3,False,
2024-08,1657,Седельниковский муниципальный район,Омская область,Здоровье,23.99,19.8,False,
2024-08,398,Ютазинский муниципальный район,Республика Татарстан,Продовольствие,23.87,-15.4,False,2024-07-30 [emergency] По Татарстану прокатились ураганы с ливнями и крупным градом. Смерч раскидал самолеты в аэропорту
2024-03,2256,Вешкаймский муниципальный район,Ульяновская область,Общественное питание,23.79,122.2,False,
2024-12,281,Оршанский муниципальный район,Республика Марий Эл,Здоровье,23.75,-22.3,False,
2024-03,1871,Чучковский муниципальный район,Рязанская область,Все категории,23.74,5.5,False,
2024-02,1955,городской округ Анивский,Сахалинская область,Общественное питание,23.72,30.3,False,
2024-09,1732,Хотынецкий муниципальный район,Орловская область,Все категории,23.7,4.0,False,
2024-03,1396,Выборгский муниципальный район,Ленинградская область,Маркетплейсы,23.67,-11.0,False,
2024-03,1956,городской округ Долинский,Сахалинская область,Здоровье,23.55,-29.1,False,
2024-02,19,Чойский муниципальный район,Республика Алтай,Все категории,23.53,-0.1,False,
2024-03,806,Чугуевский муниципальный округ,Приморский край,Транспорт,23.53,4.3,False,
2024-10,2142,муниципальный округ Торопецкий,Тверская область,Транспорт,23.51,-4.7,False,"2024-09-18 [emergency,attack] Город Торопец Тверской области подвергся атаке ВСУ. Объявлена эвакуация жителей || 2024-09-19 [attack] Стало известно о разрушениях в 13 храмах Торопца после атаки украинских дронов"
2024-05,2127,муниципальный округ Лесной,Тверская область,Здоровье,23.47,7.5,False,
2024-05,2607,внутригородская территория города федерального значения поселение Щаповское,Москва,Все категории,23.46,10.5,False,2024-04-01 [emergency] В Москве эвакуировали студентов из нескольких вузов из-за угрозы взрыва
2024-05,2054,Ершичский муниципальный район,Смоленская область,Общественное питание,23.43,-45.1,False,
2024-08,414,Улуг-Хемский муниципальный район,Республика Тыва,Маркетплейсы,23.37,0.2,False,
2024-02,380,Лениногорский муниципальный район,Республика Татарстан,Все категории,23.24,0.2,False,
2024-04,2081,Знаменский муниципальный округ,Тамбовская область,Общественное питание,23.24,-27.5,False,
2024-03,2537,внутригородская территория города федерального значения муниципальный округ Замоскворечье,Москва,Здоровье,23.22,5.8,False,2024-03-22 [emergency] Стало известно об эвакуации всех торговых центров Москвы
2024-11,1054,Вологодский муниципальный округ,Вологодская область,Все категории,23.17,5.8,False,
2024-03,1633,Азовский немецкий национальный муниципальный район,Омская область,Маркетплейсы,23.16,4.9,False,
2024-08,1926,Екатериновский муниципальный район,Саратовская область,Транспорт,23.16,-7.9,False,
2024-05,167,городской округ Нальчик,Кабардино-Балкарская Республика,Общественное питание,23.12,9.1,False,
2024-12,2341,Облученский муниципальный район,Еврейская автономная область,Здоровье,23.11,-4.9,False,
2024-11,1279,муниципальный округ Лузский,Кировская область,Общественное питание,23.08,-8.2,False,
2024-02,571,Шипуновский муниципальный район,Алтайский край,Все категории,22.98,-7.8,False,
2024-02,711,Новоселовский муниципальный район,Красноярский край,Транспорт,22.95,18.7,False,
2024-05,2037,городской округ Шалинский,Свердловская область,Транспорт,22.92,-18.7,False,
2024-08,1610,Каргатский муниципальный район,Новосибирская область,Транспорт,22.92,5.1,False,
2024-02,497,Цивильский муниципальный округ,Чувашская Республика,Общественное питание,22.91,-6.7,False,
2024-07,2132,муниципальный округ Оленинский,Тверская область,Транспорт,22.89,7.6,False,
2024-03,1143,городской округ город Свирск,Иркутская область,Маркетплейсы,22.83,4.5,False,
2024-02,2808,городской округ Коломна,Московская область,Здоровье,22.78,-2.5,False,2024-01-29 [emergency] Более 100 жителей эвакуировали из дома в Подмосковье из-за трещины на фасаде
2024-12,1117,Ивановский муниципальный район,Ивановская область,Все категории,22.75,-0.4,False,
2024-12,214,Медвежьегорский муниципальный район,Республика Карелия,Транспорт,22.74,-13.4,False,
2024-10,1774,муниципальный округ Невельский,Псковская область,Здоровье,22.66,-7.8,False,
2024-06,1700,Саракташский муниципальный район,Оренбургская область,Маркетплейсы,22.65,-4.4,False,2024-05-01 [emergency] Названа сумма выплат пострадавшим от паводка жителям Оренбургской области
2024-01,1649,Нововаршавский муниципальный район,Омская область,Общественное питание,22.63,18.1,False,2024-01-10 [utility] Губернатор Омской области обратился к жителям региона после отключения света
2024-03,372,Дрожжановский муниципальный район,Республика Татарстан,Общественное питание,22.55,-23.0,False,
2024-04,453,Алтайский муниципальный район,Республика Хакасия,Транспорт,22.55,-12.8,False,
2024-02,690,Большемуртинский муниципальный район,Красноярский край,Общественное питание,22.46,53.1,False,
2024-05,1640,Колосовский муниципальный район,Омская область,Общественное питание,22.39,-11.0,False,2024-05-06 [emergency] В районе Омской области объявили эвакуацию
2024-07,1957,городской округ Корсаковский,Сахалинская область,Транспорт,22.39,-13.0,False,
2024-05,1227,городской округ Березовский,Кемеровская область,Маркетплейсы,22.36,11.9,False,
2024-02,2883,муниципальный округ Кимрский,Тверская область,Здоровье,22.33,-0.4,False,
2024-06,1686,Домбаровский муниципальный район,Оренбургская область,Продовольствие,22.31,-15.9,False,2024-05-01 [emergency] Названа сумма выплат пострадавшим от паводка жителям Оренбургской области
2024-11,1037,Светлоярский муниципальный район,Волгоградская область,Транспорт,22.29,40.5,False,
2024-03,1070,Чагодощенский муниципальный округ,Вологодская область,Транспорт,22.22,-8.8,False,
2024-06,1392,Бокситогорский муниципальный район,Ленинградская область,Транспорт,22.21,17.6,False,
2024-01,14,Турочакский муниципальный район,Республика Алтай,Продовольствие,22.19,-6.1,False,
2024-10,1660,Тевризский муниципальный район,Омская область,Транспорт,22.1,66.9,False,
2024-12,756,городской округ Очерский,Пермский край,Транспорт,22.08,4.4,False,
2024-08,306,Теньгушевский муниципальный район,Республика Мордовия,Продовольствие,22.06,-9.8,False,
2024-04,1070,Чагодощенский муниципальный округ,Вологодская область,Транспорт,22.03,-0.5,False,
2024-10,1975,городской округ Малышевский,Свердловская область,Транспорт,21.96,-31.5,False,
2024-12,1305,городской округ город Волгореченск,Костромская область,Здоровье,21.91,-9.8,False,
2024-03,497,Цивильский муниципальный округ,Чувашская Республика,Общественное питание,21.87,-5.1,False,
2024-05,1070,Чагодощенский муниципальный округ,Вологодская область,Транспорт,21.87,-0.9,False,
2024-02,1036,Руднянский муниципальный район,Волгоградская область,Транспорт,21.86,4.4,False,
2024-02,2568,внутригородская территория города федерального значения муниципальный округ Южное Бутово,Москва,Здоровье,21.85,-6.3,False,2024-01-04 [utility] Десятки домов в Москве остались в мороз без света и тепла
2024-07,1348,Петуховский муниципальный округ,Курганская область,Здоровье,21.82,-6.3,False,
2024-05,2231,Кондинский муниципальный район,Ханты-Мансийский автономный округ — Югра,Транспорт,21.76,-4.7,False,
2024-07,2229,Белоярский муниципальный район,Ханты-Мансийский автономный округ — Югра,Продовольствие,21.73,-0.5,False,
2024-10,693,Емельяновский муниципальный район,Красноярский край,Транспорт,21.7,11.1,False,
2024-07,276,Куженерский муниципальный район,Республика Марий Эл,Транспорт,21.69,-2.1,False,
2024-11,1739,Белинский муниципальный район,Пензенская область,Продовольствие,21.68,-1.5,False,
2024-02,2229,Белоярский муниципальный район,Ханты-Мансийский автономный округ — Югра,Общественное питание,21.62,-8.1,False,
2024-08,543,Павловский муниципальный район,Алтайский край,Транспорт,21.61,9.9,False,
2024-08,1151,Казачинско-Ленский муниципальный район,Иркутская область,Продовольствие,21.6,7.7,False,
2024-08,276,Куженерский муниципальный район,Республика Марий Эл,Транспорт,21.58,1.0,False,
2024-10,1015,Городищенский муниципальный район,Волгоградская область,Транспорт,21.55,32.3,False,
2024-01,1970,городской округ Южно-Курильский,Сахалинская область,Маркетплейсы,21.54,-6.5,False,
2024-02,1526,городской округ город Выкса,Нижегородская область,Маркетплейсы,21.47,-6.6,False,
2024-02,1994,городской округ Красноуральск,Свердловская область,Маркетплейсы,21.38,1.0,False,
2024-03,824,городской округ город-курорт Пятигорск,Ставропольский край,Маркетплейсы,21.31,-1.3,False,
2024-07,1956,городской округ Долинский,Сахалинская область,Здоровье,21.25,-20.8,False,
2024-02,1333,городской округ город Курган,Курганская область,Здоровье,21.22,2.3,False,
2024-11,751,городской округ Нытвенский,Пермский край,Транспорт,21.02,-4.3,False,
2024-07,1287,Оричевский муниципальный район,Кировская область,Здоровье,21.0,-7.2,False,
2024-12,11,Кош-Агачский муниципальный район,Республика Алтай,Все категории,20.98,-6.7,False,
2024-01,1249,Промышленновский муниципальный округ,Кемеровская область,Маркетплейсы,20.93,5.4,False,
2024-03,2488,внутригородская территория города федерального значения муниципальный округ Тропарево-Никулино,Москва,Маркетплейсы,20.86,-6.9,False,2024-03-22 [emergency] Стало известно об эвакуации всех торговых центров Москвы
2024-06,1305,городской округ город Волгореченск,Костромская область,Продовольствие,20.86,-26.9,False,
2024-12,1305,городской округ город Волгореченск,Костромская область,Продовольствие,20.84,-9.5,False,
2024-02,1246,Мариинский муниципальный округ,Кемеровская область,Здоровье,20.77,5.1,False,
2024-08,1676,городской округ Ясненский,Оренбургская область,Транспорт,20.76,-0.0,False,
2024-01,678,городской округ город Норильск,Красноярский край,Общественное питание,20.74,4.7,False,
2024-07,794,Надеждинский муниципальный район,Приморский край,Здоровье,20.69,0.9,False,2024-07-31 [emergency] В Приморье рассказали о масштабе подтопления
2024-03,2036,городской округ Туринский,Свердловская область,Общественное питание,20.65,11.3,False,
2024-04,1956,городской округ Долинский,Сахалинская область,Транспорт,20.63,-21.5,False,
2024-05,1907,Хворостянский муниципальный район,Самарская область,Транспорт,20.57,-8.8,False,
2024-12,1724,Новодеревеньковский муниципальный район,Орловская область,Общественное питание,20.56,7.9,False,
2024-11,742,муниципальный округ Еловский,Пермский край,Транспорт,20.47,-11.0,False,
2024-02,2206,Омутинский муниципальный район,Тюменская область,Продовольствие,20.46,-3.4,False,
2024-08,1892,Исаклинский муниципальный район,Самарская область,Здоровье,20.4,-18.1,False,2024-09-29 [emergency] В Самарской области начали тушить лесной пожар
2024-09,1633,Азовский немецкий национальный муниципальный район,Омская область,Маркетплейсы,20.37,20.5,False,
2024-04,376,Кайбицкий муниципальный район,Республика Татарстан,Все категории,20.34,-8.3,False,"2024-05-31 [emergency,attack,economy] После сообщений о беспилотниках в Татарстане на предприятиях объявили эвакуацию"
2024-02,1124,Пестяковский муниципальный район,Ивановская область,Транспорт,20.3,-27.4,False,
2024-11,2043,Таборинский муниципальный район,Свердловская область,Транспорт,20.26,-2.8,False,
2024-11,1640,Колосовский муниципальный район,Омская область,Общественное питание,20.24,-5.9,False,
2024-08,1249,Промышленновский муниципальный округ,Кемеровская область,Здоровье,20.17,11.6,False,
2024-06,420,городской округ город Глазов,Удмуртская Республика,Транспорт,20.06,9.8,False,
2024-03,1116,Заволжский муниципальный район,Ивановская область,Общественное питание,20.05,8.9,False,
2024-10,1965,городской округ Смирныховский,Сахалинская область,Здоровье,20.05,-22.6,False,
2024-12,486,Вурнарский муниципальный округ,Чувашская Республика,Транспорт,20.01,-11.8,False,
2024-02,1468,городской округ Наро-Фоминский,Московская область,Здоровье,19.97,-0.6,False,2024-01-29 [emergency] Более 100 жителей эвакуировали из дома в Подмосковье из-за трещины на фасаде
2024-03,1472,городской округ Подольск,Московская область,Здоровье,19.97,-0.2,False,2024-03-04 [emergency] Воробьев рассказал о подготовке Подмосковья к паводку
2024-06,525,Залесовский муниципальный округ,Алтайский край,Все категории,19.97,-16.5,False,
2024-11,1907,Хворостянский муниципальный район,Самарская область,Транспорт,19.95,-4.7,False,
2024-02,2813,городской округ Шатура,Московская область,Здоровье,19.93,-3.0,False,2024-01-29 [emergency] Более 100 жителей эвакуировали из дома в Подмосковье из-за трещины на фасаде
2024-02,1070,Чагодощенский муниципальный округ,Вологодская область,Транспорт,19.91,0.5,False,
2024-02,405,Кызылский муниципальный район,Республика Тыва,Все категории,19.85,-2.5,False,
2024-03,1146,Братский муниципальный район,Иркутская область,Транспорт,19.84,7.3,False,
2024-08,1956,городской округ Долинский,Сахалинская область,Здоровье,19.83,-26.8,False,
2024-02,1906,Сызранский муниципальный район,Самарская область,Общественное питание,19.81,10.0,False,
2024-11,1204,Думиничский муниципальный район,Калужская область,Транспорт,19.77,7.0,False,
2024-03,1955,городской округ Анивский,Сахалинская область,Общественное питание,19.74,13.3,False,
2024-10,2439,внутригородская территория города федерального значения муниципальный округ Введенский,Санкт-Петербург,Маркетплейсы,19.69,-0.3,False,2024-10-23 [emergency] Дамбу в Санкт-Петербурге перевели в режим готовности
2024-06,243,Усть-Цилемский муниципальный район,Республика Коми,Маркетплейсы,19.67,29.5,False,2024-06-26 [emergency] В Коми заявили об эвакуации всех пассажиров сошедшего с рельсов поезда
2024-04,2051,Дорогобужский муниципальный район,Смоленская область,Транспорт,19.65,0.4,False,
2024-02,771,муниципальный округ Кочевский,Пермский край,Все категории,19.61,-11.8,False,
2024-11,506,городской округ город Белокуриха,Алтайский край,Здоровье,19.58,10.1,False,
2024-12,62,Краснокамский муниципальный район,Республика Башкортостан,Здоровье,19.52,-4.3,False,
2024-03,699,Казачинский муниципальный район,Красноярский край,Общественное питание,19.5,-10.7,False,
2024-07,2061,Руднянский муниципальный район,Смоленская область,Все категории,19.5,-6.0,False,
2024-02,873,Бурейский муниципальный округ,Амурская область,Общественное питание,19.43,-14.0,False,2024-03-19 [emergency] В Амурской области ввели региональный режим ЧС из-за обвала на руднике
2024-06,1755,Нижнеломовский муниципальный район,Пензенская область,Продовольствие,19.42,-8.4,False,
2024-05,1336,Белозерский муниципальный округ,Курганская область,Транспорт,19.36,-20.4,False,2024-04-12 [emergency] В МЧС сообщили о сотнях остающихся затопленными объектах в Курганской области
2024-09,1526,городской округ город Выкса,Нижегородская область,Маркетплейсы,19.36,-10.1,False,
2024-09,2056,Краснинский муниципальный район,Смоленская область,Транспорт,19.3,-27.0,False,
2024-12,1970,городской округ Южно-Курильский,Сахалинская область,Транспорт,19.28,-42.1,False,
2024-02,852,Нанайский муниципальный район,Хабаровский край,Все категории,19.27,-2.8,False,
2024-05,1709,городской округ город Мценск,Орловская область,Транспорт,19.27,-0.9,False,
2024-06,744,муниципальный округ Карагайский,Пермский край,Транспорт,19.26,6.4,False,
2024-05,1744,Иссинский муниципальный район,Пензенская область,Общественное питание,19.24,21.9,False,
2024-06,1253,Тяжинский муниципальный округ,Кемеровская область,Продовольствие,19.2,-2.4,False,
2024-05,2456,внутригородская территория города федерального значения муниципальный округ Дворцовый округ,Санкт-Петербург,Транспорт,19.19,19.9,False,
2024-07,2206,Омутинский муниципальный район,Тюменская область,Маркетплейсы,19.16,18.9,False,
2024-08,78,Федоровский муниципальный район,Республика Башкортостан,Транспорт,19.16,-13.1,False,2024-07-28 [emergency] В Башкирии из-за паводка коровам пришлось передвигаться вплавь
2024-10,306,Теньгушевский муниципальный район,Республика Мордовия,Продовольствие,19.16,-3.8,False,
2024-10,2292,Аргаяшский муниципальный район,Челябинская область,Здоровье,19.11,-0.2,False,
2024-03,2204,Казанский муниципальный район,Тюменская область,Транспорт,19.1,-4.5,False,2024-04-14 [emergency] В двух деревнях Тюменской области началась эвакуация из-за паводка
2024-06,1678,Адамовский муниципальный район,Оренбургская область,Здоровье,19.08,-1.6,False,2024-05-01 [emergency] Названа сумма выплат пострадавшим от паводка жителям Оренбургской области
2024-05,2080,Жердевский муниципальный округ,Тамбовская область,Транспорт,19.04,-0.6,False,
2024-06,2229,Белоярский муниципальный район,Ханты-Мансийский автономный округ — Югра,Продовольствие,19.04,-0.4,False,
2024-02,428,муниципальный округ Граховский район,Удмуртская Республика,Все категории,19.02,0.3,False,
2024-12,1608,Искитимский муниципальный район,Новосибирская область,Общественное питание,18.99,46.6,False,
2024-06,790,Кировский муниципальный район,Приморский край,Продовольствие,18.98,-12.3,False,2024-07-31 [emergency] В Приморье рассказали о масштабе подтопления
2024-07,447,муниципальный округ Ярский район,Удмуртская Республика,Здоровье,18.98,-5.7,False,
2024-02,14,Турочакский муниципальный район,Республика Алтай,Продовольствие,18.97,-1.3,False,
2024-10,918,городской округ город Астрахань,Астраханская область,Маркетплейсы,18.97,3.2,False,
2024-02,13,Онгудайский муниципальный район,Республика Алтай,Все категории,18.95,-13.1,False,
2024-05,2046,Велижский муниципальный район,Смоленская область,Маркетплейсы,18.93,-10.9,False,
2024-02,2649,городской округ Щёлково,Московская область,Здоровье,18.84,-3.4,False,2024-01-29 [emergency] Более 100 жителей эвакуировали из дома в Подмосковье из-за трещины на фасаде
2024-08,1545,Варнавинский муниципальный округ,Нижегородская область,Транспорт,18.81,-5.3,False,
2024-01,1605,Венгеровский муниципальный район,Новосибирская область,Маркетплейсы,18.8,-6.1,False,
2024-08,1124,Пестяковский муниципальный район,Ивановская область,Транспорт,18.79,-19.9,False,
2024-02,295,Инсарский муниципальный район,Республика Мордовия,Маркетплейсы,18.77,5.4,False,
2024-02,375,Зеленодольский муниципальный район,Республика Татарстан,Здоровье,18.76,-6.9,False,
2024-02,2604,внутригородская территория города федерального значения поселение Рязановское,Москва,Здоровье,18.76,-5.5,False,2024-01-04 [utility] Десятки домов в Москве остались в мороз без света и тепла
2024-08,1568,Сосновский муниципальный округ,Нижегородская область,Продовольствие,18.61,-4.9,False,
2024-02,1228,городской округ Калтанский,Кемеровская область,Здоровье,18.56,-5.4,False,
2024-02,1463,городской округ Луховицы,Московская область,Здоровье,18.56,-2.8,False,2024-01-29 [emergency] Более 100 жителей эвакуировали из дома в Подмосковье из-за трещины на фасаде
2024-05,31,Альшеевский муниципальный район,Республика Башкортостан,Маркетплейсы,18.52,16.7,False,
2024-12,1955,городской округ Анивский,Сахалинская область,Общественное питание,18.52,2.8,False,
2024-12,1265,муниципальный округ Афанасьевский,Кировская область,Все категории,18.48,-13.3,False,
2024-08,834,Курский муниципальный округ,Ставропольский край,Транспорт,18.46,-2.3,False,
2024-02,1871,Чучковский муниципальный район,Рязанская область,Все категории,18.44,4.1,False,
2024-01,2293,Ашинский муниципальный район,Челябинская область,Транспорт,18.43,3.0,False,
2024-02,1483,городской округ Черноголовка,Московская область,Все категории,18.41,-8.6,False,2024-03-19 [economy] «Черноголовка» купила заводы Heinz по производству детского питания || 2024-01-29 [emergency] Более 100 жителей эвакуировали из дома в Подмосковье из-за трещины на фасаде
2024-08,1710,Болховский муниципальный район,Орловская область,Здоровье,18.4,-17.8,False,2024-07-12 [emergency] Глава Орловской области назвал власти затопленного весной Орска полными бездельниками
2024-11,746,муниципальный округ Кишертский,Пермский край,Общественное питание,18.4,63.1,False,
2024-06,1743,Земетчинский муниципальный район,Пензенская область,Здоровье,18.39,12.9,False,
2024-10,1775,муниципальный округ Новоржевский,Псковская область,Здоровье,18.35,10.5,False,
2024-09,1732,Хотынецкий муниципальный район,Орловская область,Продовольствие,18.33,-2.8,False,
2024-02,998,Кольчугинский муниципальный район,Владимирская область,Здоровье,18.25,3.1,False,
2024-02,2602,внутригородская территория города федерального значения поселение Первомайское,Москва,Здоровье,18.25,-8.3,False,2024-01-04 [utility] Десятки домов в Москве остались в мороз без света и тепла
2024-03,2120,муниципальный округ Калязинский,Тверская область,Общественное питание,18.24,-8.9,False,
2024-03,711,Новоселовский муниципальный район,Красноярский край,Транспорт,18.23,9.8,False,
2024-02,719,Тасеевский муниципальный район,Красноярский край,Здоровье,18.21,10.8,False,
2024-01,302,Ромодановский муниципальный район,Республика Мордовия,Общественное питание,18.19,-1.8,False,
2024-10,22,городской округ город Агидель,Республика Башкортостан,Все категории,18.15,-5.5,False,
2024-03,1444,городской округ Долгопрудный,Московская область,Здоровье,18.1,2.5,False,2024-03-04 [emergency] Воробьев рассказал о подготовке Подмосковья к паводку
2024-02,1473,городской округ Протвино,Московская область,Общественное питание,18.07,13.2,False,2024-01-29 [emergency] Более 100 жителей эвакуировали из дома в Подмосковье из-за трещины на фасаде
2024-06,276,Куженерский муниципальный район,Республика Марий Эл,Транспорт,18.0,15.1,False,
2024-11,2292,Аргаяшский муниципальный район,Челябинская область,Здоровье,17.95,-0.1,False,
2024-06,1633,Азовский немецкий национальный муниципальный район,Омская область,Маркетплейсы,17.93,11.8,False,2024-05-06 [emergency] В районе Омской области объявили эвакуацию
2024-04,1052,Верховажский муниципальный округ,Вологодская область,Все категории,17.92,3.1,False,
2024-12,2045,городской округ город Десногорск,Смоленская область,Общественное питание,17.89,5.6,False,
2024-11,1404,Подпорожский муниципальный район,Ленинградская область,Здоровье,17.88,18.7,False,
2024-05,198,Зеленчукский муниципальный район,Карачаево-Черкесская Республика,Маркетплейсы,17.86,-5.2,False,
2024-09,1715,Залегощенский муниципальный район,Орловская область,Транспорт,17.83,-9.5,False,
2024-04,1266,Белохолуницкий муниципальный район,Кировская область,Маркетплейсы,17.82,1.3,False,
2024-03,185,Малодербетовский муниципальный район,Республика Калмыкия,Маркетплейсы,17.81,-6.7,False,
2024-02,1227,городской округ Березовский,Кемеровская область,Здоровье,17.78,-6.3,False,
2024-05,1112,городской округ Шуя,Ивановская область,Транспорт,17.78,4.8,False,
2024-02,2176,Дубенский муниципальный район,Тульская область,Продовольствие,17.73,-2.9,False,
2024-03,508,городской округ город Заринск,Алтайский край,Здоровье,17.72,-1.0,False,2024-04-13 [emergency] Глава МЧС не исключил второй волны паводка в Алтайском крае
2024-08,744,муниципальный округ Карагайский,Пермский край,Транспорт,17.71,-1.2,False,
2024-08,1965,городской округ Смирныховский,Сахалинская область,Здоровье,17.71,9.8,False,
2024-05,1241,Гурьевский муниципальный округ,Кемеровская область,Общественное питание,17.68,18.6,False,
2024-12,1430,городской округ город Магадан,Магаданская область,Транспорт,17.68,16.1,False,
2024-02,2235,Советский муниципальный район,Ханты-Мансийский автономный округ — Югра,Здоровье,17.67,-2.3,False,
2024-11,1222,Хвастовичский муниципальный район,Калужская область,Все категории,17.65,-6.4,False,
2024-01,1699,Сакмарский муниципальный район,Оренбургская область,Общественное питание,17.63,-33.0,False,
2024-05,2134,муниципальный округ Рамешковский,Тверская область,Маркетплейсы,17.63,-19.6,False,
2024-08,1426,Тербунский муниципальный район,Липецкая область,Здоровье,17.6,-1.1,False,"2024-08-09 [emergency,attack] Эвакуированным из-за атаки ВСУ жителям Липецкой области разрешили возвращаться домой"
2024-03,2403,внутригородская территория города федерального значения город Красное Село,Санкт-Петербург,Здоровье,17.57,2.4,False,
2024-10,1278,муниципальный округ Лебяжский,Кировская область,Продовольствие,17.56,-2.4,False,
2024-02,1291,муниципальный округ Санчурский,Кировская область,Все категории,17.51,2.5,False,
2024-11,1653,Павлоградский муниципальный район,Омская область,Маркетплейсы,17.51,21.2,False,
2024-06,1287,Оричевский муниципальный район,Кировская область,Здоровье,17.48,-8.5,False,
2024-03,1328,Солигаличский муниципальный округ,Костромская область,Общественное питание,17.47,-13.8,False,
2024-10,904,Красноборский муниципальный округ,Архангельская область,Все категории,17.46,-9.1,False,
2024-05,508,городской округ город Заринск,Алтайский край,Здоровье,17.45,6.3,False,2024-04-13 [emergency] Глава МЧС не исключил второй волны паводка в Алтайском крае
2024-05,2511,внутригородская территория города федерального значения муниципальный округ Алтуфьевский,Москва,Транспорт,17.44,7.3,False,2024-04-01 [emergency] В Москве эвакуировали студентов из нескольких вузов из-за угрозы взрыва
2024-05,1928,Ивантеевский муниципальный район,Саратовская область,Транспорт,17.43,-1.4,False,
2024-01,2276,городской округ Верхнеуфалейский,Челябинская область,Маркетплейсы,17.42,-0.2,False,
2024-04,1328,Солигаличский муниципальный округ,Костромская область,Общественное питание,17.41,-15.2,False,
2024-03,218,Прионежский муниципальный район,Республика Карелия,Транспорт,17.39,15.4,False,
2024-11,1510,муниципальный округ город Оленегорск,Мурманская область,Транспорт,17.39,-26.9,False,2024-12-18 [emergency] Власти рассказали о ходе эвакуации с места столкновения поездов в Мурманской области
2024-03,297,Кадошкинский муниципальный район,Республика Мордовия,Общественное питание,17.36,-7.0,False,
2024-10,2297,Еманжелинский муниципальный район,Челябинская область,Транспорт,17.35,3.6,False,
2024-02,602,Шелопугинский муниципальный район,Забайкальский край,Общественное питание,17.31,-29.3,False,
2024-10,218,Прионежский муниципальный район,Республика Карелия,Все категории,17.31,-16.9,False,
2024-04,1667,городской округ город Бугуруслан,Оренбургская область,Общественное питание,17.3,-4.1,False,2024-04-07 [emergency] Власти Оренбургской области назвали сроки улучшения ситуации с паводком
2024-10,1013,Алексеевский муниципальный район,Волгоградская область,Продовольствие,17.28,-6.0,False,
2024-09,719,Тасеевский муниципальный район,Красноярский край,Здоровье,17.26,0.7,False,
2024-02,699,Казачинский муниципальный район,Красноярский край,Общественное питание,17.17,-18.1,False,
2024-06,2134,муниципальный округ Рамешковский,Тверская область,Маркетплейсы,17.14,-10.6,False,
2024-05,32,Архангельский муниципальный район,Республика Башкортостан,Здоровье,17.13,7.4,False,
2024-08,2015,городской округ Алапаевское,Свердловская область,Транспорт,17.13,-14.8,False,
2024-12,1592,Старорусский муниципальный район,Новгородская область,Транспорт,17.11,-4.9,False,
2024-03,1566,Сергачский муниципальный округ,Нижегородская область,Общественное питание,17.06,-11.7,False,
2024-02,1328,Солигаличский муниципальный округ,Костромская область,Общественное питание,17.02,-40.6,False,
2024-05,508,городской округ город Заринск,Алтайский край,Транспорт,17.02,11.7,False,2024-04-13 [emergency] Глава МЧС не исключил второй волны паводка в Алтайском крае
2024-02,506,городской округ город Белокуриха,Алтайский край,Здоровье,17.01,2.7,False,
2024-02,2030,городской округ Пышминский,Свердловская область,Маркетплейсы,16.98,6.8,False,
2024-06,1336,Белозерский муниципальный округ,Курганская область,Транспорт,16.98,-14.2,False,2024-05-10 [emergency] Правительство направит миллиарды рублей жителям Курганской области после паводка
2024-11,2015,городской округ Алапаевское,Свердловская область,Транспорт,16.98,-11.1,False,
2024-03,2185,Тепло-Огаревский муниципальный район,Тульская область,Маркетплейсы,16.95,3.7,False,
2024-03,2514,внутригородская территория города федерального значения муниципальный округ Бутырский,Москва,Здоровье,16.95,2.0,False,2024-03-22 [emergency] Стало известно об эвакуации всех торговых центров Москвы
2024-10,792,Лазовский муниципальный округ,Приморский край,Продовольствие,16.94,-3.9,False,
2024-10,1864,Сапожковский муниципальный район,Рязанская область,Здоровье,16.93,8.7,False,
2024-05,1678,Адамовский муниципальный район,Оренбургская область,Здоровье,16.89,-0.5,False,2024-04-07 [emergency] Власти Оренбургской области назвали сроки улучшения ситуации с паводком
2024-02,923,Икрянинский муниципальный район,Астраханская область,Маркетплейсы,16.86,-4.9,False,
2024-02,1644,Марьяновский муниципальный район,Омская область,Здоровье,16.86,10.5,False,2024-01-10 [utility] Губернатор Омской области обратился к жителям региона после отключения света
2024-02,1666,городской округ Абдулинский,Оренбургская область,Здоровье,16.85,-4.1,False,
2024-10,751,городской округ Нытвенский,Пермский край,Транспорт,16.83,5.2,False,
2024-07,1249,Промышленновский муниципальный округ,Кемеровская область,Здоровье,16.75,14.3,False,
2024-03,3013,городской округ Солнечногорск,Московская область,Здоровье,16.68,3.1,False,2024-03-04 [emergency] Воробьев рассказал о подготовке Подмосковья к паводку
2024-11,292,Дубенский муниципальный район,Республика Мордовия,Общественное питание,16.67,-36.3,False,
2024-11,2270,Сурский муниципальный район,Ульяновская область,Здоровье,16.63,7.9,False,
2024-12,383,Мензелинский муниципальный район,Республика Татарстан,Здоровье,16.6,1.7,False,2024-12-21 [emergency] В Татарстане ввели режим чрезвычайной ситуации для органов власти и МЧС
2024-02,877,Константиновский муниципальный район,Амурская область,Продовольствие,16.59,-6.3,False,2024-03-19 [emergency] В Амурской области ввели региональный режим ЧС из-за обвала на руднике
2024-09,2439,внутригородская территория города федерального значения муниципальный округ Введенский,Санкт-Петербург,Маркетплейсы,16.53,0.0,False,2024-10-23 [emergency] Дамбу в Санкт-Петербурге перевели в режим готовности
2024-06,1348,Петуховский муниципальный округ,Курганская область,Продовольствие,16.5,-7.8,False,2024-05-10 [emergency] Правительство направит миллиарды рублей жителям Курганской области после паводка
2024-11,1037,Светлоярский муниципальный район,Волгоградская область,Маркетплейсы,16.49,4.2,False,
2024-11,1507,муниципальный округ город Апатиты,Мурманская область,Транспорт,16.47,-7.1,False,2024-12-18 [emergency] Власти рассказали о ходе эвакуации с места столкновения поездов в Мурманской области
2024-03,1582,Любытинский муниципальный район,Новгородская область,Маркетплейсы,16.43,-7.6,False,
2024-02,420,городской округ город Глазов,Удмуртская Республика,Здоровье,16.42,7.2,False,
2024-09,393,Тетюшский муниципальный район,Республика Татарстан,Здоровье,16.41,5.8,False,
2024-04,167,городской округ Нальчик,Кабардино-Балкарская Республика,Общественное питание,16.38,5.4,False,
2024-09,365,Атнинский муниципальный район,Республика Татарстан,Маркетплейсы,16.38,62.9,False,
2024-01,1071,Череповецкий муниципальный район,Вологодская область,Транспорт,16.3,5.7,False,
2024-02,1444,городской округ Долгопрудный,Московская область,Здоровье,16.3,-2.0,False,2024-01-29 [emergency] Более 100 жителей эвакуировали из дома в Подмосковье из-за трещины на фасаде
2024-08,1121,Лежневский муниципальный район,Ивановская область,Продовольствие,16.26,-6.9,False,
2024-01,2458,внутригородская территория города федерального значения муниципальный округ Литейный округ,Санкт-Петербург,Все категории,16.22,7.3,False,
2024-07,519,Бурлинский муниципальный район,Алтайский край,Транспорт,16.22,-12.6,False,
2024-03,852,Нанайский муниципальный район,Хабаровский край,Все категории,16.2,-4.2,False,
2024-01,586,Красночикойский муниципальный район,Забайкальский край,Продовольствие,16.19,-5.5,False,
2024-07,433,муниципальный округ Каракулинский район,Удмуртская Республика,Продовольствие,16.19,-1.1,False,
2024-02,986,городской округ город Владимир,Владимирская область,Здоровье,16.18,-2.4,False,
2024-03,1760,Сосновоборский муниципальный район,Пензенская область,Продовольствие,16.11,9.8,False,
2024-11,212,Лахденпохский муниципальный район,Республика Карелия,Здоровье,16.11,3.9,False,
2024-02,26,городской округ город Октябрьский,Республика Башкортостан,Общественное питание,16.09,3.1,False,
2024-08,804,Хорольский муниципальный округ,Приморский край,Здоровье,16.01,-3.8,False,2024-07-31 [emergency] В Приморье рассказали о масштабе подтопления
2024-07,1184,городской округ Балтийский,Калининградская область,Здоровье,16.0,-4.6,False,
2024-11,78,Федоровский муниципальный район,Республика Башкортостан,Общественное питание,16.0,-0.1,False,
2024-03,1438,муниципальный округ Ягоднинский,Магаданская область,Маркетплейсы,15.98,-4.1,False,
2024-11,1928,Ивантеевский муниципальный район,Саратовская область,Общественное питание,15.98,-18.9,False,
2024-02,17,Усть-Коксинский муниципальный район,Республика Алтай,Все категории,15.92,-9.7,False,
2024-03,2531,внутригородская территория города федерального значения муниципальный округ Строгино,Москва,Здоровье,15.88,1.2,False,2024-03-22 [emergency] Стало известно об эвакуации всех торговых центров Москвы
2024-08,1667,городской округ город Бугуруслан,Оренбургская область,Здоровье,15.88,9.8,False,
2024-09,1657,Седельниковский муниципальный район,Омская область,Здоровье,15.85,12.0,False,
2024-12,1265,муниципальный округ Афанасьевский,Кировская область,Транспорт,15.83,-7.4,False,
2024-02,390,Сабинский муниципальный район,Республика Татарстан,Маркетплейсы,15.79,12.8,False,
2024-03,19,Чойский муниципальный район,Республика Алтай,Все категории,15.76,-2.7,False,
2024-06,1673,городской округ город Орск,Оренбургская область,Здоровье,15.75,9.9,False,2024-05-08 [emergency] Жители Орска обратились к Путину из-за выплат после наводнения || 2024-07-12 [emergency] Глава Орловской области назвал власти затопленного весной Орска полными бездельниками || 2024-05-01 [emergency] Названа сумма выплат пострадавшим от паводка жителям Оренбургской области
2024-04,1942,Ровенский муниципальный район,Саратовская область,Все категории,15.74,-4.6,False,
2024-03,2551,внутригородская территория города федерального значения муниципальный округ Марьино,Москва,Здоровье,15.72,1.7,False,2024-03-22 [emergency] Стало известно об эвакуации всех торговых центров Москвы
2024-07,1719,Кромской муниципальный район,Орловская область,Продовольствие,15.72,-12.8,False,2024-07-12 [emergency] Глава Орловской области назвал власти затопленного весной Орска полными бездельниками
2024-04,1504,городской округ Талдомский,Московская область,Общественное питание,15.67,-13.7,False,2024-03-04 [emergency] Воробьев рассказал о подготовке Подмосковья к паводку
2024-02,1438,муниципальный округ Ягоднинский,Магаданская область,Маркетплейсы,15.62,-11.3,False,
2024-02,1166,Усть-Удинский муниципальный район,Иркутская область,Общественное питание,15.59,-3.1,False,
2024-07,1583,Маловишерский муниципальный район,Новгородская область,Маркетплейсы,15.58,-0.1,False,
2024-09,1864,Сапожковский муниципальный район,Рязанская область,Здоровье,15.57,-2.4,False,
2024-02,39,Белокатайский муниципальный район,Республика Башкортостан,Маркетплейсы,15.54,24.4,False,
2024-08,2129,муниципальный округ Максатихинский,Тверская область,Транспорт,15.54,0.2,False,
2024-11,430,муниципальный округ Завьяловский район,Удмуртская Республика,Общественное питание,15.52,22.4,False,
2024-02,2814,городской округ Пушкинский,Московская область,Здоровье,15.49,-3.5,False,2024-01-29 [emergency] Более 100 жителей эвакуировали из дома в Подмосковье из-за трещины на фасаде
2024-10,2416,внутригородская территория города федерального значения поселок Песочный,Санкт-Петербург,Здоровье,15.49,-8.0,False,2024-10-23 [emergency] Дамбу в Санкт-Петербурге перевели в режим готовности
2024-11,61,Кигинский муниципальный район,Республика Башкортостан,Здоровье,15.49,5.5,False,
2024-05,544,Панкрушихинский муниципальный район,Алтайский край,Здоровье,15.46,8.9,False,2024-04-13 [emergency] Глава МЧС не исключил второй волны паводка в Алтайском крае
2024-02,1337,Варгашинский муниципальный округ,Курганская область,Транспорт,15.43,-17.8,False,
2024-03,1623,Сузунский муниципальный район,Новосибирская область,Общественное питание,15.43,6.6,False,
2024-02,1066,Тотемский муниципальный округ,Вологодская область,Транспорт,15.42,-13.5,False,
2024-07,1351,Сафакулевский муниципальный округ,Курганская область,Здоровье,15.42,11.5,False,
2024-02,2229,Белоярский муниципальный район,Ханты-Мансийский автономный округ — Югра,Продовольствие,15.4,-2.9,False,
2024-05,2130,муниципальный округ Молоковский,Тверская область,Транспорт,15.4,2.6,False,
2024-03,2046,Велижский муниципальный район,Смоленская область,Все категории,15.38,-1.1,False,
2024-04,1274,Кильмезский муниципальный район,Кировская область,Общественное питание,15.38,2.9,False,
2024-07,1291,муниципальный округ Санчурский,Кировская область,Транспорт,15.34,29.1,False,
2024-02,382,Менделеевский муниципальный район,Республика Татарстан,Продовольствие,15.28,1.8,False,
2024-03,2556,внутригородская территория города федерального значения муниципальный округ Текстильщики,Москва,Здоровье,15.27,1.3,False,2024-03-22 [emergency] Стало известно об эвакуации всех торговых центров Москвы
2024-02,1315,Костромской муниципальный район,Костромская область,Общественное питание,15.26,-1.8,False,
2024-09,2416,внутригородская территория города федерального значения поселок Песочный,Санкт-Петербург,Маркетплейсы,15.26,-16.2,False,2024-10-23 [emergency] Дамбу в Санкт-Петербурге перевели в режим готовности
2024-09,78,Федоровский муниципальный район,Республика Башкортостан,Транспорт,15.25,3.0,False,
2024-07,741,городской округ Добрянский,Пермский край,Транспорт,15.21,7.6,False,
2024-01,70,Нуримановский муниципальный район,Республика Башкортостан,Продовольствие,15.19,4.0,False,
2024-09,1965,городской округ Смирныховский,Сахалинская область,Здоровье,15.19,-15.6,False,
2024-05,329,Намский муниципальный район,Республика Саха (Якутия),Транспорт,15.18,-14.4,False,
2024-01,372,Дрожжановский муниципальный район,Республика Татарстан,Общественное питание,15.17,63.1,False,
2024-08,1732,Хотынецкий муниципальный район,Орловская область,Продовольствие,15.17,-2.8,False,2024-07-12 [emergency] Глава Орловской области назвал власти затопленного весной Орска полными бездельниками
2024-11,578,Балейский муниципальный район,Забайкальский край,Все категории,15.11,-7.1,False,
2024-11,1315,Костромской муниципальный район,Костромская область,Общественное питание,15.11,3.0,False,
2024-12,2453,внутригородская территория города федерального значения муниципальный округ Георгиевский,Санкт-Петербург,Общественное питание,15.11,4.8,False,2024-12-30 [emergency] В Санкт-Петербурге из-за угрозы наводнения закрыли дамбу
2024-03,2132,муниципальный округ Оленинский,Тверская область,Транспорт,15.08,-9.8,False,
2024-06,319,Верхоянский муниципальный район,Республика Саха (Якутия),Транспорт,15.08,5.6,False,
2024-05,276,Куженерский муниципальный район,Республика Марий Эл,Транспорт,15.07,-2.5,False,
2024-06,1249,Промышленновский муниципальный округ,Кемеровская область,Здоровье,15.06,4.8,False,
2024-12,329,Намский муниципальный район,Республика Саха (Якутия),Транспорт,15.06,1.2,False,
2024-04,1674,городской округ Соль-Илецкий,Оренбургская область,Общественное питание,15.05,-16.5,False,2024-04-07 [emergency] Власти Оренбургской области назвали сроки улучшения ситуации с паводком
2024-12,2081,Знаменский муниципальный округ,Тамбовская область,Общественное питание,15.05,-12.0,False,
2024-01,1328,Солигаличский муниципальный округ,Костромская область,Общественное питание,15.0,-6.2,False,
2024-02,1397,Гатчинский муниципальный район,Ленинградская область,Здоровье,14.97,-2.5,False,
2024-05,1427,Усманский муниципальный район,Липецкая область,Общественное питание,14.95,4.4,False,
2024-08,71,Салаватский муниципальный район,Республика Башкортостан,Здоровье,14.9,5.2,False,2024-07-28 [emergency] В Башкирии из-за паводка коровам пришлось передвигаться вплавь
2024-04,1059,Кичменгско-Городецкий муниципальный округ,Вологодская область,Транспорт,14.88,-6.0,False,
2024-04,2054,Ершичский муниципальный район,Смоленская область,Общественное питание,14.88,-41.9,False,
2024-05,1355,Шатровский муниципальный округ,Курганская область,Транспорт,14.87,8.6,False,2024-04-12 [emergency] В МЧС сообщили о сотнях остающихся затопленными объектах в Курганской области
2024-02,271,городской округ город Козьмодемьянск,Республика Марий Эл,Продовольствие,14.85,2.4,False,
2024-12,1305,городской округ город Волгореченск,Костромская область,Все категории,14.75,-7.7,False,
2024-02,508,городской округ город Заринск,Алтайский край,Здоровье,14.73,3.3,False,
2024-02,82,Шаранский муниципальный район,Республика Башкортостан,Здоровье,14.7,-2.0,False,
2024-12,2381,внутригородская территория города федерального значения муниципальный округ № 21,Санкт-Петербург,Общественное питание,14.69,2.3,False,2024-12-30 [emergency] В Санкт-Петербурге из-за угрозы наводнения закрыли дамбу
2024-12,1266,Белохолуницкий муниципальный район,Кировская область,Маркетплейсы,14.68,-8.0,False,
2024-02,2458,внутригородская территория города федерального значения муниципальный округ Литейный округ,Санкт-Петербург,Все категории,14.65,-0.5,False,
2024-03,2538,внутригородская территория города федерального значения муниципальное образование Савелки,Москва,Здоровье,14.64,1.1,False,2024-03-22 [emergency] Стало известно об эвакуации всех торговых центров Москвы
2024-09,1892,Исаклинский муниципальный район,Самарская область,Здоровье,14.64,-5.5,False,2024-09-29 [emergency] В Самарской области начали тушить лесной пожар
2024-11,613,Мильковский муниципальный округ,Камчатский край,Маркетплейсы,14.64,3.8,False,
2024-02,1956,городской округ Долинский,Сахалинская область,Все категории,14.61,-14.8,False,
2024-03,2485,внутригородская территория города федерального значения муниципальный округ Проспект Вернадского,Москва,Маркетплейсы,14.6,-3.3,False,2024-03-22 [emergency] Стало известно об эвакуации всех торговых центров Москвы
2024-04,1003,Собинский муниципальный район,Владимирская область,Общественное питание,14.58,-24.4,False,
2024-06,806,Чугуевский муниципальный округ,Приморский край,Транспорт,14.58,-11.5,False,2024-07-31 [emergency] В Приморье рассказали о масштабе подтопления
2024-12,1357,Щучанский муниципальный округ,Курганская область,Продовольствие,14.53,5.5,False,
2024-04,1896,Клявлинский муниципальный район,Самарская область,Все категории,14.52,7.4,False,
2024-05,1058,Кирилловский муниципальный округ,Вологодская область,Общественное питание,14.52,38.0,False,
2024-07,2056,Краснинский муниципальный район,Смоленская область,Транспорт,14.52,-2.4,False,
2024-12,2234,Октябрьский муниципальный район,Ханты-Мансийский автономный округ — Югра,Продовольствие,14.52,-4.9,False,
2024-02,2043,Таборинский муниципальный район,Свердловская область,Транспорт,14.51,7.2,False,
2024-10,2402,внутригородская территория города федерального значения муниципальный округ Ржевка,Санкт-Петербург,Маркетплейсы,14.51,-3.2,False,2024-10-23 [emergency] Дамбу в Санкт-Петербурге перевели в режим готовности
2024-12,1249,Промышленновский муниципальный округ,Кемеровская область,Здоровье,14.51,13.3,False,
2024-07,2027,городской округ Бисертский,Свердловская область,Маркетплейсы,14.49,5.9,False,
2024-02,744,муниципальный округ Карагайский,Пермский край,Транспорт,14.48,5.1,False,
2024-10,1037,Светлоярский муниципальный район,Волгоградская область,Все категории,14.47,6.7,False,
2024-10,2250,муниципальный округ Ямальский район,Ямало-Ненецкий автономный округ,Здоровье,14.47,-7.2,False,
2024-06,455,Бейский муниципальный район,Республика Хакасия,Транспорт,14.4,1.7,False,
2024-03,792,Лазовский муниципальный округ,Приморский край,Продовольствие,14.39,-1.0,False,
2024-04,2130,муниципальный округ Молоковский,Тверская область,Транспорт,14.39,12.4,False,
2024-03,1959,городской округ Макаровский,Сахалинская область,Маркетплейсы,14.37,17.1,False,
2024-08,870,Архаринский муниципальный округ,Амурская область,Транспорт,14.37,27.1,False,
2024-02,1161,Тайшетский муниципальный район,Иркутская область,Продовольствие,14.36,-4.4,False,
2024-10,2488,внутригородская территория города федерального значения муниципальный округ Тропарево-Никулино,Москва,Продовольствие,14.36,0.8,False,"2024-09-18 [emergency,economy] Студентов МГУ эвакуировали из-за звуков стрельбы у офиса Wildberries в центре Москвы"
2024-01,1743,Земетчинский муниципальный район,Пензенская область,Общественное питание,14.34,-44.4,False,
2024-08,2171,Арсеньевский муниципальный район,Тульская область,Все категории,14.27,0.4,False,
2024-01,392,Спасский муниципальный район,Республика Татарстан,Общественное питание,14.26,-30.3,False,
2024-10,2046,Велижский муниципальный район,Смоленская область,Все категории,14.26,-5.2,False,
2024-03,1948,Татищевский муниципальный район,Саратовская область,Маркетплейсы,14.24,-0.1,False,
2024-11,2077,городской округ город Уварово,Тамбовская область,Здоровье,14.24,2.9,False,2024-10-19 [emergency] В Тамбовской области поручили ввести режим ЧС из-за взрыва газа в доме
2024-06,1261,городской округ город Котельнич,Кировская область,Здоровье,14.23,-2.1,False,
2024-11,791,Красноармейский муниципальный округ,Приморский край,Общественное питание,14.23,-1.9,False,
2024-02,2546,внутригородская территория города федерального значения муниципальный округ Выхино-Жулебино,Москва,Здоровье,14.22,-2.6,False,2024-01-04 [utility] Десятки домов в Москве остались в мороз без света и тепла
2024-09,2485,внутригородская территория города федерального значения муниципальный округ Проспект Вернадского,Москва,Маркетплейсы,14.22,-12.9,False,2024-08-02 [emergency] Кинотеатр в центре Москвы эвакуировали
2024-02,2497,внутригородская территория города федерального значения муниципальный округ Войковский,Москва,Здоровье,14.2,-5.2,False,2024-01-04 [utility] Десятки домов в Москве остались в мороз без света и тепла
2024-03,2545,внутригородская территория города федерального значения муниципальный округ Якиманка,Москва,Здоровье,14.2,3.3,False,2024-03-22 [emergency] Стало известно об эвакуации всех торговых центров Москвы
2024-12,602,Шелопугинский муниципальный район,Забайкальский край,Общественное питание,14.2,-6.7,False,
2024-01,602,Шелопугинский муниципальный район,Забайкальский край,Продовольствие,14.19,-6.7,False,
2024-02,2556,внутригородская территория города федерального значения муниципальный округ Текстильщики,Москва,Здоровье,14.19,-3.7,False,2024-01-04 [utility] Десятки домов в Москве остались в мороз без света и тепла
2024-02,236,муниципальный район Сосногорск,Республика Коми,Маркетплейсы,14.18,0.7,False,
2024-02,2581,внутригородская территория города федерального значения муниципальный округ Орехово-Борисово Южное,Москва,Здоровье,14.17,-4.2,False,2024-01-04 [utility] Десятки домов в Москве остались в мороз без света и тепла
2024-02,1495,городской округ Можайский,Московская область,Здоровье,14.15,1.5,False,2024-01-29 [emergency] Более 100 жителей эвакуировали из дома в Подмосковье из-за трещины на фасаде
2024-05,2047,Вяземский муниципальный район,Смоленская область,Транспорт,14.14,16.2,False,
2024-07,1743,Земетчинский муниципальный район,Пензенская область,Здоровье,14.11,3.8,False,
2024-02,356,Агрызский муниципальный район,Республика Татарстан,Транспорт,14.1,-13.0,False,
2024-12,791,Красноармейский муниципальный округ,Приморский край,Продовольствие,14.1,0.3,False,
2024-07,226,муниципальный округ Вуктыл,Республика Коми,Маркетплейсы,14.09,27.4,False,2024-06-26 [emergency] В Коми заявили об эвакуации всех пассажиров сошедшего с рельсов поезда
2024-08,3,Гиагинский муниципальный район,Республика Адыгея,Транспорт,14.07,-17.5,False,
2024-10,78,Федоровский муниципальный район,Республика Башкортостан,Здоровье,14.07,0.9,False,
2024-04,33,Аскинский муниципальный район,Республика Башкортостан,Общественное питание,14.06,28.1,False,
2024-04,1055,Вытегорский муниципальный район,Вологодская область,Общественное питание,14.06,12.0,False,
2024-02,1968,городской округ Углегорский,Сахалинская область,Все категории,14.02,-1.3,False,
2024-10,559,Тальменский муниципальный район,Алтайский край,Транспорт,14.02,10.1,False,
2024-03,26,городской округ город Октябрьский,Республика Башкортостан,Общественное питание,14.01,-0.0,False,
2024-05,1673,городской округ город Орск,Оренбургская область,Продовольствие,14.01,8.2,False,2024-04-05 [emergency] Для эвакуации после прорыва дамбы в Орске подготовили шесть ПВР || 2024-04-05 [emergency] Сотни спасателей направились эвакуировать жителей Орска || 2024-04-07 [emergency] Власти Оренбургской области назвали сроки улучшения ситуации с паводком
2024-01,602,Шелопугинский муниципальный район,Забайкальский край,Общественное питание,13.96,-9.5,False,
2024-09,2496,внутригородская территория города федерального значения муниципальный округ Бескудниковский,Москва,Маркетплейсы,13.91,-11.6,False,2024-08-02 [emergency] Кинотеатр в центре Москвы эвакуировали
2024-10,716,Северо-Енисейский муниципальный район,Красноярский край,Продовольствие,13.91,5.5,False,
2024-08,2593,внутригородская территория города федерального значения поселение Киевский,Москва,Здоровье,13.9,19.5,False,2024-08-02 [emergency] Кинотеатр в центре Москвы эвакуировали
2024-05,2220,городской округ город Нефтеюганск,Ханты-Мансийский автономный округ — Югра,Здоровье,13.83,5.8,False,
2024-03,2533,внутригородская территория города федерального значения муниципальный округ Щукино,Москва,Здоровье,13.81,2.4,False,2024-03-22 [emergency] Стало известно об эвакуации всех торговых центров Москвы
2024-06,905,Ленский муниципальный район,Архангельская область,Все категории,13.79,0.2,False,
2024-10,209,Калевальский муниципальный район,Республика Карелия,Все категории,13.79,-3.9,False,
2024-11,1266,Белохолуницкий муниципальный район,Кировская область,Маркетплейсы,13.79,3.5,False,
2024-03,2008,городской округ Режевской,Свердловская область,Маркетплейсы,13.78,1.8,False,
2024-12,746,муниципальный округ Кишертский,Пермский край,Общественное питание,13.77,30.8,False,
2024-12,1232,городской округ Мысковский,Кемеровская область,Общественное питание,13.76,19.8,False,
2024-03,1468,городской округ Наро-Фоминский,Московская область,Здоровье,13.75,2.4,False,2024-03-04 [emergency] Воробьев рассказал о подготовке Подмосковья к паводку
2024-02,1622,Северный муниципальный район,Новосибирская область,Общественное питание,13.7,-24.0,False,
2024-02,2281,городской округ Магнитогорский,Челябинская область,Здоровье,13.7,2.2,False,
2024-11,2453,внутригородская территория города федерального значения муниципальный округ Георгиевский,Санкт-Петербург,Общественное питание,13.69,4.8,False,2024-10-23 [emergency] Дамбу в Санкт-Петербурге перевели в режим готовности
2024-07,1249,Промышленновский муниципальный округ,Кемеровская область,Все категории,13.67,5.3,False,
2024-09,55,Иглинский муниципальный район,Республика Башкортостан,Здоровье,13.67,1.7,False,
2024-09,716,Северо-Енисейский муниципальный район,Красноярский край,Продовольствие,13.67,-2.8,False,
2024-02,1707,городской округ город Орёл,Орловская область,Здоровье,13.62,-1.7,False,2024-01-09 [attack] Стало известно о пострадавших после атак дронов-камикадзе на нефтебазу в Орле || 2024-01-09 [attack] Стало известно о поврежденной из-за атаки беспилотников многоэтажке в Орле
2024-05,2538,внутригородская территория города федерального значения муниципальное образование Савелки,Москва,Здоровье,13.61,7.7,False,2024-04-01 [emergency] В Москве эвакуировали студентов из нескольких вузов из-за угрозы взрыва
2024-07,243,Усть-Цилемский муниципальный район,Республика Коми,Все категории,13.61,7.1,False,2024-06-26 [emergency] В Коми заявили об эвакуации всех пассажиров сошедшего с рельсов поезда
2024-10,2204,Казанский муниципальный район,Тюменская область,Транспорт,13.58,1.0,False,
2024-01,1300,Шабалинский муниципальный район,Кировская область,Общественное питание,13.57,27.8,False,
2024-02,56,Илишевский муниципальный район,Республика Башкортостан,Все категории,13.57,1.8,False,
2024-05,2211,Уватский муниципальный район,Тюменская область,Транспорт,13.57,-20.1,False,2024-04-14 [emergency] В двух деревнях Тюменской области началась эвакуация из-за паводка
2024-02,51,Дюртюлинский муниципальный район,Республика Башкортостан,Все категории,13.54,1.7,False,
2024-02,1645,Москаленский муниципальный район,Омская область,Здоровье,13.5,3.1,False,2024-01-10 [utility] Губернатор Омской области обратился к жителям региона после отключения света
2024-07,22,городской округ город Агидель,Республика Башкортостан,Все категории,13.49,-6.2,False,2024-07-28 [emergency] В Башкирии из-за паводка коровам пришлось передвигаться вплавь
2024-02,1970,городской округ Южно-Курильский,Сахалинская область,Маркетплейсы,13.47,-0.5,False,
2024-08,1291,муниципальный округ Санчурский,Кировская область,Транспорт,13.47,15.5,False,
2024-05,2578,внутригородская территория города федерального значения муниципальный округ Нагатинский затон,Москва,Транспорт,13.46,11.7,False,2024-04-01 [emergency] В Москве эвакуировали студентов из нескольких вузов из-за угрозы взрыва
2024-07,2046,Велижский муниципальный район,Смоленская область,Маркетплейсы,13.45,-7.5,False,
2024-05,523,Ельцовский муниципальный район,Алтайский край,Транспорт,13.39,6.0,False,2024-04-13 [emergency] Глава МЧС не исключил второй волны паводка в Алтайском крае
2024-10,2486,внутригородская территория города федерального значения муниципальный округ Раменки,Москва,Здоровье,13.38,-1.7,False,"2024-09-18 [emergency,economy] Студентов МГУ эвакуировали из-за звуков стрельбы у офиса Wildberries в центре Москвы"
2024-12,74,Татышлинский муниципальный район,Республика Башкортостан,Все категории,13.37,2.2,False,
2024-12,1965,городской округ Смирныховский,Сахалинская область,Здоровье,13.35,-0.2,False,
2024-09,2402,внутригородская территория города федерального значения муниципальный округ Ржевка,Санкт-Петербург,Маркетплейсы,13.34,-2.0,False,2024-10-23 [emergency] Дамбу в Санкт-Петербурге перевели в режим готовности
2024-01,1430,городской округ город Магадан,Магаданская область,Транспорт,13.3,27.8,False,2023-12-31 [attack] В Магадане отменили гуляния в новогоднюю ночь после обстрела Белгорода
2024-10,1351,Сафакулевский муниципальный округ,Курганская область,Продовольствие,13.27,-4.1,False,
2024-02,835,Левокумский муниципальный округ,Ставропольский край,Маркетплейсы,13.26,3.0,False,
2024-03,2538,внутригородская территория города федерального значения муниципальное образование Савелки,Москва,Маркетплейсы,13.24,-5.6,False,2024-03-22 [emergency] Стало известно об эвакуации всех торговых центров Москвы
2024-01,35,Баймакский муниципальный район,Республика Башкортостан,Общественное питание,13.22,34.2,False,
2024-02,1261,городской округ город Котельнич,Кировская область,Все категории,13.19,3.0,False,
2024-02,2551,внутригородская территория города федерального значения муниципальный округ Марьино,Москва,Здоровье,13.19,-6.3,False,2024-01-04 [utility] Десятки домов в Москве остались в мороз без света и тепла
2024-10,1355,Шатровский муниципальный округ,Курганская область,Транспорт,13.13,-1.4,False,
2024-02,2491,внутригородская территория города федерального значения муниципальный округ Крюково,Москва,Здоровье,13.12,-5.0,False,2024-01-04 [utility] Десятки домов в Москве остались в мороз без света и тепла
2024-11,716,Северо-Енисейский муниципальный район,Красноярский край,Продовольствие,13.1,3.8,False,
2024-12,1222,Хвастовичский муниципальный район,Калужская область,Все категории,13.1,-1.4,False,
2024-02,1678,Адамовский муниципальный район,Оренбургская область,Транспорт,13.07,9.3,False,
2024-02,1977,городской округ Березовский,Свердловская область,Здоровье,13.04,-1.2,False,
2024-02,1410,городской округ город Липецк,Липецкая область,Маркетплейсы,12.99,16.6,False,
2024-02,2531,внутригородская территория города федерального значения муниципальный округ Строгино,Москва,Здоровье,12.99,-4.9,False,2024-01-04 [utility] Десятки домов в Москве остались в мороз без света и тепла
2024-01,1166,Усть-Удинский муниципальный район,Иркутская область,Общественное питание,12.93,-2.5,False,
2024-06,41,Бижбулякский муниципальный район,Республика Башкортостан,Все категории,12.91,-2.6,False,2024-07-28 [emergency] В Башкирии из-за паводка коровам пришлось передвигаться вплавь
2024-08,2516,внутригородская территория города федерального значения муниципальный округ Лосиноостровский,Москва,Здоровье,12.91,2.0,False,2024-08-02 [emergency] Кинотеатр в центре Москвы эвакуировали
2024-05,376,Кайбицкий муниципальный район,Республика Татарстан,Все категории,12.89,-0.8,False,"2024-05-31 [emergency,attack,economy] После сообщений о беспилотниках в Татарстане на предприятиях объявили эвакуацию"
2024-01,1683,Бугурусланский муниципальный район,Оренбургская область,Маркетплейсы,12.84,-10.3,False,
2024-06,1704,Тоцкий муниципальный район,Оренбургская область,Маркетплейсы,12.84,-1.9,False,2024-05-01 [emergency] Названа сумма выплат пострадавшим от паводка жителям Оренбургской области
2024-10,2559,внутригородская территория города федерального значения муниципальный округ Гагаринский,Москва,Продовольствие,12.84,2.7,False,"2024-09-18 [emergency,economy] Студентов МГУ эвакуировали из-за звуков стрельбы у офиса Wildberries в центре Москвы"
2024-02,2538,внутригородская территория города федерального значения муниципальное образование Савелки,Москва,Здоровье,12.83,-5.1,False,2024-01-04 [utility] Десятки домов в Москве остались в мороз без света и тепла
2024-03,1179,городской округ Пионерский,Калининградская область,Продовольствие,12.83,-9.2,False,
2024-06,71,Салаватский муниципальный район,Республика Башкортостан,Маркетплейсы,12.83,27.9,False,2024-07-28 [emergency] В Башкирии из-за паводка коровам пришлось передвигаться вплавь
2024-01,47,Бурзянский муниципальный район,Республика Башкортостан,Общественное питание,12.81,127.7,False,
2024-03,404,Каа-Хемский муниципальный район,Республика Тыва,Продовольствие,12.81,7.0,False,
2024-01,1317,Макарьевский муниципальный район,Костромская область,Все категории,12.78,3.6,False,
2024-02,1125,Приволжский муниципальный район,Ивановская область,Общественное питание,12.78,13.9,False,
2024-04,517,Бийский муниципальный район,Алтайский край,Общественное питание,12.77,-7.6,False,2024-04-13 [emergency] Глава МЧС не исключил второй волны паводка в Алтайском крае
2024-07,455,Бейский муниципальный район,Республика Хакасия,Транспорт,12.77,9.9,False,
2024-10,215,Муезерский муниципальный район,Республика Карелия,Продовольствие,12.77,-9.8,False,
2024-01,54,Зилаирский муниципальный район,Республика Башкортостан,Общественное питание,12.76,156.0,False,
2024-05,2045,городской округ город Десногорск,Смоленская область,Общественное питание,12.76,26.3,False,
2024-08,2274,Чердаклинский муниципальный район,Ульяновская область,Транспорт,12.75,-7.4,False,
2024-10,1993,городской округ Краснотурьинск,Свердловская область,Здоровье,12.75,2.9,False,
2024-10,578,Балейский муниципальный район,Забайкальский край,Все категории,12.72,1.7,False,
2024-07,435,муниципальный округ Кизнерский район,Удмуртская Республика,Транспорт,12.71,7.4,False,
2024-12,1903,Приволжский муниципальный район,Самарская область,Транспорт,12.69,16.7,False,
2024-12,891,городской округ город Коряжма,Архангельская область,Общественное питание,12.67,0.8,False,
2024-08,1351,Сафакулевский муниципальный округ,Курганская область,Здоровье,12.64,-4.8,False,
2024-04,306,Теньгушевский муниципальный район,Республика Мордовия,Продовольствие,12.63,-5.8,False,
2024-09,383,Мензелинский муниципальный район,Республика Татарстан,Здоровье,12.63,5.7,False,
2024-12,2593,внутригородская территория города федерального значения поселение Киевский,Москва,Здоровье,12.62,20.1,False,2024-12-21 [emergency] В Москве задержали пенсионерку-поджигательницу после эвакуации торгового центра
2024-10,1649,Нововаршавский муниципальный район,Омская область,Все категории,12.57,1.6,False,
2024-07,2200,Викуловский муниципальный район,Тюменская область,Транспорт,12.56,1.5,False,
2024-05,22,городской округ город Агидель,Республика Башкортостан,Здоровье,12.53,0.6,False,
2024-02,1467,городской округ Мытищи,Московская область,Здоровье,12.48,-4.6,False,2024-01-29 [emergency] Более 100 жителей эвакуировали из дома в Подмосковье из-за трещины на фасаде
2024-02,708,Мотыгинский муниципальный район,Красноярский край,Маркетплейсы,12.46,216.1,False,
2024-02,2037,городской округ Шалинский,Свердловская область,Транспорт,12.46,6.1,False,
2024-06,1679,Акбулакский муниципальный район,Оренбургская область,Все категории,12.44,-2.9,False,2024-05-01 [emergency] Названа сумма выплат пострадавшим от паводка жителям Оренбургской области
2024-02,799,Пожарский муниципальный округ,Приморский край,Маркетплейсы,12.42,15.6,False,
2024-10,2563,внутригородская территория города федерального значения муниципальный округ Ломоносовский,Москва,Маркетплейсы,12.42,-13.5,False,"2024-09-18 [emergency,economy] Студентов МГУ эвакуировали из-за звуков стрельбы у офиса Wildberries в центре Москвы"
2024-05,2398,внутригородская территория города федерального значения муниципальный округ Полюстрово,Санкт-Петербург,Здоровье,12.41,5.2,False,
2024-03,1212,Малоярославецкий муниципальный район,Калужская область,Здоровье,12.4,-2.2,False,
2024-10,2206,Омутинский муниципальный район,Тюменская область,Продовольствие,12.4,-1.9,False,
2024-02,2046,Велижский муниципальный район,Смоленская область,Все категории,12.39,-2.1,False,
2024-04,3,Гиагинский муниципальный район,Республика Адыгея,Транспорт,12.37,-1.2,False,
2024-11,2081,Знаменский муниципальный округ,Тамбовская область,Общественное питание,12.37,-15.0,False,2024-10-19 [emergency] В Тамбовской области поручили ввести режим ЧС из-за взрыва газа в доме
2024-12,1319,Межевской муниципальный округ,Костромская область,Здоровье,12.34,-10.3,False,
2024-05,2243,городской округ город Ноябрьск,Ямало-Ненецкий автономный округ,Здоровье,12.33,13.9,False,
2024-06,2329,Некрасовский муниципальный район,Ярославская область,Транспорт,12.33,-13.7,False,
2024-11,1244,Крапивинский муниципальный округ,Кемеровская область,Здоровье,12.33,23.4,False,
2024-02,2222,городской округ город Нягань,Ханты-Мансийский автономный округ — Югра,Здоровье,12.32,-4.2,False,
2024-05,1688,Кваркенский муниципальный район,Оренбургская область,Транспорт,12.32,10.6,False,2024-04-07 [emergency] Власти Оренбургской области назвали сроки улучшения ситуации с паводком
2024-06,1688,Кваркенский муниципальный район,Оренбургская область,Транспорт,12.32,4.8,False,2024-05-01 [emergency] Названа сумма выплат пострадавшим от паводка жителям Оренбургской области
2024-04,2321,Большесельский муниципальный район,Ярославская область,Продовольствие,12.28,-0.1,False,
2024-08,433,муниципальный округ Каракулинский район,Удмуртская Республика,Продовольствие,12.27,-4.3,False,
2024-03,2362,внутригородская территория города федерального значения поселок Левашово,Санкт-Петербург,Здоровье,12.25,-0.3,False,
2024-11,549,Родинский муниципальный район,Алтайский край,Транспорт,12.24,-23.9,False,
2024-02,1549,Володарский муниципальный округ,Нижегородская область,Продовольствие,12.21,-1.2,False,
2024-03,2649,городской округ Щёлково,Московская область,Здоровье,12.21,1.0,False,2024-03-04 [emergency] Воробьев рассказал о подготовке Подмосковья к паводку
2024-09,2563,внутригородская территория города федерального значения муниципальный округ Ломоносовский,Москва,Маркетплейсы,12.2,-15.3,False,2024-08-02 [emergency] Кинотеатр в центре Москвы эвакуировали
2024-11,2524,внутригородская территория города федерального значения муниципальный округ Северный,Москва,Здоровье,12.2,4.2,False,2024-10-03 [emergency] Эвакуированные из Ливана россияне прилетели в Москву
2024-03,1615,Куйбышевский муниципальный район,Новосибирская область,Здоровье,12.18,3.1,False,
2024-06,1161,Тайшетский муниципальный район,Иркутская область,Здоровье,12.16,9.9,False,
2024-11,1015,Городищенский муниципальный район,Волгоградская область,Все категории,12.15,13.7,False,
2024-02,1439,городской округ Балашиха,Московская область,Здоровье,12.13,-3.6,False,2024-01-29 [emergency] Более 100 жителей эвакуировали из дома в Подмосковье из-за трещины на фасаде
2024-10,2341,Облученский муниципальный район,Еврейская автономная область,Здоровье,12.13,-4.3,False,
2024-06,230,Ижемский муниципальный район,Республика Коми,Транспорт,12.11,-3.8,False,2024-06-26 [emergency] В Коми заявили об эвакуации всех пассажиров сошедшего с рельсов поезда
2024-06,1519,Кольский муниципальный район,Мурманская область,Здоровье,12.1,6.5,False,
2024-12,2581,внутригородская территория города федерального значения муниципальный округ Орехово-Борисово Южное,Москва,Здоровье,12.07,5.8,False,2024-12-21 [emergency] В Москве задержали пенсионерку-поджигательницу после эвакуации торгового центра
2024-12,2454,внутригородская территория города федерального значения муниципальный округ № 75,Санкт-Петербург,Общественное питание,12.06,5.0,False,2024-12-30 [emergency] В Санкт-Петербурге из-за угрозы наводнения закрыли дамбу
2024-01,1937,Озинский муниципальный район,Саратовская область,Общественное питание,12.05,-23.5,False,
2024-02,2515,внутригородская территория города федерального значения муниципальный округ Лианозово,Москва,Здоровье,12.05,-4.5,False,2024-01-04 [utility] Десятки домов в Москве остались в мороз без света и тепла
2024-01,455,Бейский муниципальный район,Республика Хакасия,Транспорт,12.04,5.2,False,
2024-03,1860,Путятинский муниципальный округ,Рязанская область,Транспорт,12.04,0.9,False,
2024-03,2496,внутригородская территория города федерального значения муниципальный округ Бескудниковский,Москва,Маркетплейсы,12.04,-0.5,False,2024-03-22 [emergency] Стало известно об эвакуации всех торговых центров Москвы
2024-02,372,Дрожжановский муниципальный район,Республика Татарстан,Общественное питание,12.01,-5.7,False,
2024-02,1411,городской округ город Елец,Липецкая область,Маркетплейсы,12.01,12.0,False,
2024-03,1492,городской округ Клин,Московская область,Здоровье,11.99,3.5,False,2024-03-04 [emergency] Воробьев рассказал о подготовке Подмосковья к паводку
2024-03,2222,городской округ город Нягань,Ханты-Мансийский автономный округ — Югра,Здоровье,11.99,1.3,False,
2024-10,2301,Катав-Ивановский муниципальный район,Челябинская область,Маркетплейсы,11.99,-4.3,False,
2024-02,2537,внутригородская территория города федерального значения муниципальный округ Замоскворечье,Москва,Здоровье,11.98,-3.0,False,2024-01-04 [utility] Десятки домов в Москве остались в мороз без света и тепла
2024-11,1006,Юрьев-Польский муниципальный район,Владимирская область,Общественное питание,11.98,18.6,False,
2024-04,711,Новоселовский муниципальный район,Красноярский край,Транспорт,11.96,-5.3,False,
2024-05,2427,внутригородская территория города федерального значения муниципальный округ Звездное,Санкт-Петербург,Здоровье,11.96,6.5,False,
2024-02,2037,городской округ Шалинский,Свердловская область,Здоровье,11.94,-0.6,False,
2024-09,2362,внутригородская территория города федерального значения поселок Левашово,Санкт-Петербург,Маркетплейсы,11.94,-6.5,False,2024-10-23 [emergency] Дамбу в Санкт-Петербурге перевели в режим готовности
2024-10,1121,Лежневский муниципальный район,Ивановская область,Здоровье,11.94,-14.2,False,
2024-03,380,Лениногорский муниципальный район,Республика Татарстан,Все категории,11.93,3.2,False,
2024-01,690,Большемуртинский муниципальный район,Красноярский край,Продовольствие,11.92,-2.5,False,
2024-02,602,Шелопугинский муниципальный район,Забайкальский край,Продовольствие,11.9,-5.3,False,
2024-02,1423,Лев-Толстовский муниципальный район,Липецкая область,Все категории,11.89,1.4,False,
2024-03,671,городской округ город Енисейск,Красноярский край,Продовольствие,11.89,3.4,False,
2024-08,2329,Некрасовский муниципальный район,Ярославская область,Транспорт,11.87,4.4,False,
2024-02,1419,Задонский муниципальный район,Липецкая область,Все категории,11.83,3.5,False,
2024-09,1928,Ивантеевский муниципальный район,Саратовская область,Транспорт,11.83,-21.1,False,
2024-09,2579,внутригородская территория города федерального значения муниципальный округ Нагорный,Москва,Маркетплейсы,11.83,-14.3,False,2024-08-02 [emergency] Кинотеатр в центре Москвы эвакуировали
2024-11,1278,муниципальный округ Лебяжский,Кировская область,Продовольствие,11.82,-4.8,False,
2024-02,1992,городской округ Верхний Тагил,Свердловская область,Транспорт,11.8,1.0,False,
2024-02,1410,городской округ город Липецк,Липецкая область,Все категории,11.77,9.2,False,
2024-07,808,Яковлевский муниципальный округ,Приморский край,Транспорт,11.73,-15.0,False,2024-07-31 [emergency] В Приморье рассказали о масштабе подтопления
2024-11,2533,внутригородская территория города федерального значения муниципальный округ Щукино,Москва,Общественное питание,11.73,2.0,False,2024-10-03 [emergency] Эвакуированные из Ливана россияне прилетели в Москву
2024-02,211,Кондопожский муниципальный район,Республика Карелия,Все категории,11.7,-1.5,False,
2024-03,2037,городской округ Шалинский,Свердловская область,Транспорт,11.69,-4.7,False,
2024-06,2197,Аромашевский муниципальный район,Тюменская область,Здоровье,11.69,-6.3,False,
2024-02,2375,внутригородская территория города федерального значения муниципальный округ Озеро Долгое,Санкт-Петербург,Здоровье,11.66,-4.6,False,
2024-06,209,Калевальский муниципальный район,Республика Карелия,Все категории,11.63,1.1,False,2024-07-29 [emergency] Стало известно о пропавших без вести из-за прорыва дамбы в Карелии
2024-06,1062,Нюксенский муниципальный округ,Вологодская область,Здоровье,11.63,-12.1,False,
2024-07,1545,Варнавинский муниципальный округ,Нижегородская область,Все категории,11.62,5.7,False,
2024-10,215,Муезерский муниципальный район,Республика Карелия,Здоровье,11.62,5.7,False,
2024-04,1710,Болховский муниципальный район,Орловская область,Общественное питание,11.61,-22.1,False,
2024-04,1760,Сосновоборский муниципальный район,Пензенская область,Продовольствие,11.61,5.1,False,
2024-09,1020,Иловлинский муниципальный район,Волгоградская область,Маркетплейсы,11.6,-2.0,False,
2024-04,792,Лазовский муниципальный округ,Приморский край,Продовольствие,11.58,2.0,False,
2024-12,2077,городской округ город Уварово,Тамбовская область,Здоровье,11.57,-6.6,False,
2024-01,2137,муниципальный округ Селижаровский,Тверская область,Маркетплейсы,11.56,-3.8,False,
2024-07,1194,муниципальный округ Полесский,Калининградская область,Здоровье,11.56,-37.4,False,
2024-07,2601,внутригородская территория города федерального значения поселение Новофедоровское,Москва,Здоровье,11.55,2.2,False,2024-06-06 [emergency] Из здания на ВДНХ в Москве эвакуировали детей из-за удара молнии
2024-02,1426,Тербунский муниципальный район,Липецкая область,Все категории,11.54,5.1,False,
2024-10,2496,внутригородская территория города федерального значения муниципальный округ Бескудниковский,Москва,Маркетплейсы,11.54,-8.9,False,"2024-09-18 [emergency,economy] Студентов МГУ эвакуировали из-за звуков стрельбы у офиса Wildberries в центре Москвы"
2024-01,2479,внутригородская территория города федерального значения муниципальный округ Дорогомилово,Москва,Все категории,11.53,6.9,False,2023-12-01 [emergency] Сотрудники МЧС эвакуировали 350 человек с рынка «Садовод» в Москве
2024-11,2497,внутригородская территория города федерального значения муниципальный округ Войковский,Москва,Общественное питание,11.53,1.5,False,2024-10-03 [emergency] Эвакуированные из Ливана россияне прилетели в Москву
2024-01,2345,городской округ Эгвекинот,Чукотский автономный округ,Продовольствие,11.5,-0.3,False,
2024-08,1912,городской округ город Шиханы,Саратовская область,Здоровье,11.5,-2.0,False,
2024-06,1908,Челно-Вершинский муниципальный район,Самарская область,Здоровье,11.48,2.3,False,
2024-07,1070,Чагодощенский муниципальный округ,Вологодская область,Транспорт,11.47,4.4,False,
2024-12,744,муниципальный округ Карагайский,Пермский край,Транспорт,11.47,1.2,False,
2024-07,2329,Некрасовский муниципальный район,Ярославская область,Транспорт,11.44,6.7,False,
2024-09,2507,внутригородская территория города федерального значения муниципальный округ Тимирязевский,Москва,Маркетплейсы,11.44,-11.9,False,2024-08-02 [emergency] Кинотеатр в центре Москвы эвакуировали
2024-08,1020,Иловлинский муниципальный район,Волгоградская область,Маркетплейсы,11.39,0.9,False,
2024-05,1687,Илекский муниципальный район,Оренбургская область,Маркетплейсы,11.38,1.9,False,2024-04-07 [emergency] Власти Оренбургской области назвали сроки улучшения ситуации с паводком
2024-02,302,Ромодановский муниципальный район,Республика Мордовия,Общественное питание,11.36,-18.9,False,
2024-08,348,Дигорский муниципальный район,Республика Северная Осетия — Алания,Транспорт,11.35,-24.5,False,
2024-03,1678,Адамовский муниципальный район,Оренбургская область,Транспорт,11.34,1.6,False,2024-04-07 [emergency] Власти Оренбургской области назвали сроки улучшения ситуации с паводком
2024-05,1287,Оричевский муниципальный район,Кировская область,Здоровье,11.34,2.9,False,
2024-05,1559,Краснооктябрьский муниципальный округ,Нижегородская область,Общественное питание,11.34,-5.3,False,
2024-04,1948,Татищевский муниципальный район,Саратовская область,Маркетплейсы,11.32,4.7,False,
2024-07,1212,Малоярославецкий муниципальный район,Калужская область,Здоровье,11.31,-0.0,False,
2024-05,365,Атнинский муниципальный район,Республика Татарстан,Маркетплейсы,11.3,24.5,False,"2024-05-31 [emergency,attack,economy] После сообщений о беспилотниках в Татарстане на предприятиях объявили эвакуацию"
2024-03,2412,внутригородская территория города федерального значения город Сестрорецк,Санкт-Петербург,Маркетплейсы,11.28,-10.2,False,
2024-10,2497,внутригородская территория города федерального значения муниципальный округ Войковский,Москва,Здоровье,11.25,-3.1,False,"2024-09-18 [emergency,economy] Студентов МГУ эвакуировали из-за звуков стрельбы у офиса Wildberries в центре Москвы"
2024-05,1710,Болховский муниципальный район,Орловская область,Общественное питание,11.24,-11.0,False,
2024-09,1025,Котельниковский муниципальный район,Волгоградская область,Все категории,11.24,1.2,False,
2024-01,2035,городской округ Тугулымский,Свердловская область,Продовольствие,11.21,4.3,False,
2024-09,34,Аургазинский муниципальный район,Республика Башкортостан,Транспорт,11.2,-1.8,False,
2024-02,12,Майминский муниципальный район,Республика Алтай,Все категории,11.18,-3.8,False,
2024-03,82,Шаранский муниципальный район,Республика Башкортостан,Здоровье,11.15,7.9,False,
2024-01,1273,муниципальный округ Кикнурский,Кировская область,Транспорт,11.13,-18.1,False,
2024-04,1860,Путятинский муниципальный округ,Рязанская область,Транспорт,11.11,5.5,False,
2024-01,2229,Белоярский муниципальный район,Ханты-Мансийский автономный округ — Югра,Продовольствие,11.1,-2.7,False,
2024-10,281,Оршанский муниципальный район,Республика Марий Эл,Здоровье,11.09,1.0,False,
2024-10,1892,Исаклинский муниципальный район,Самарская область,Здоровье,11.08,-8.4,False,2024-09-29 [emergency] В Самарской области начали тушить лесной пожар
2024-02,1912,городской округ город Шиханы,Саратовская область,Все категории,11.06,1.1,False,
2024-01,2606,внутригородская территория города федерального значения поселение Филимонковское,Москва,Маркетплейсы,11.05,3.6,False,2023-12-01 [emergency] Сотрудники МЧС эвакуировали 350 человек с рынка «Садовод» в Москве
2024-01,848,Верхнебуреинский муниципальный район,Хабаровский край,Маркетплейсы,11.04,87.9,False,
2024-10,2114,муниципальный округ Весьегонский,Тверская область,Здоровье,11.04,6.5,False,
2024-02,2479,внутригородская территория города федерального значения муниципальный округ Дорогомилово,Москва,Все категории,11.03,1.2,False,2024-01-04 [utility] Десятки домов в Москве остались в мороз без света и тепла
2024-05,2366,внутригородская территория города федерального значения муниципальный округ Сосновское,Санкт-Петербург,Здоровье,11.01,8.0,False,
2024-03,2568,внутригородская территория города федерального значения муниципальный округ Южное Бутово,Москва,Здоровье,11.0,-1.4,False,2024-03-22 [emergency] Стало известно об эвакуации всех торговых центров Москвы
2024-06,2061,Руднянский муниципальный район,Смоленская область,Все категории,10.99,-5.2,False,
2024-03,78,Федоровский муниципальный район,Республика Башкортостан,Здоровье,10.98,6.5,False,
2024-08,325,Ленский муниципальный район,Республика Саха (Якутия),Продовольствие,10.98,8.8,False,2024-08-20 [emergency] Природные пожары в Якутии охватили более 50 населенных пунктов
2024-09,2361,внутригородская территория города федерального значения муниципальный округ Остров Декабристов,Санкт-Петербург,Здоровье,10.97,-3.7,False,2024-10-23 [emergency] Дамбу в Санкт-Петербурге перевели в режим готовности
2024-05,1693,Новосергиевский муниципальный район,Оренбургская область,Транспорт,10.96,-3.6,False,2024-04-07 [emergency] Власти Оренбургской области назвали сроки улучшения ситуации с паводком
2024-02,2514,внутригородская территория города федерального значения муниципальный округ Бутырский,Москва,Здоровье,10.94,-5.9,False,2024-01-04 [utility] Десятки домов в Москве остались в мороз без света и тепла
2024-08,2244,муниципальный округ Красноселькупский район,Ямало-Ненецкий автономный округ,Все категории,10.92,9.0,False,
2024-08,1705,Тюльганский муниципальный район,Оренбургская область,Все категории,10.9,-6.7,False,
2024-11,2046,Велижский муниципальный район,Смоленская область,Все категории,10.9,-1.9,False,
2024-06,1894,Кинельский муниципальный район,Самарская область,Маркетплейсы,10.89,-10.1,False,
2024-12,1291,муниципальный округ Санчурский,Кировская область,Все категории,10.88,-12.8,False,
2024-12,578,Балейский муниципальный район,Забайкальский край,Все категории,10.77,-0.6,False,
2024-01,1928,Ивантеевский муниципальный район,Саратовская область,Общественное питание,10.74,-30.6,False,
2024-08,455,Бейский муниципальный район,Республика Хакасия,Транспорт,10.74,7.8,False,
2024-11,559,Тальменский муниципальный район,Алтайский край,Все категории,10.74,4.2,False,
2024-12,1653,Павлоградский муниципальный район,Омская область,Маркетплейсы,10.74,12.2,False,
2024-05,1270,Вятскополянский муниципальный район,Кировская область,Общественное питание,10.73,1.4,False,
2024-02,737,муниципальный округ Большесосновский,Пермский край,Здоровье,10.72,7.4,False,
2024-02,524,Завьяловский муниципальный район,Алтайский край,Все категории,10.7,-6.5,False,
2024-06,2132,муниципальный округ Оленинский,Тверская область,Транспорт,10.68,-3.7,False,
2024-02,1317,Макарьевский муниципальный район,Костромская область,Все категории,10.66,0.3,False,
2024-05,295,Инсарский муниципальный район,Республика Мордовия,Маркетплейсы,10.64,6.8,False,
2024-01,211,Кондопожский муниципальный район,Республика Карелия,Все категории,10.61,-0.7,False,
2024-01,1737,Башмаковский муниципальный район,Пензенская область,Все категории,10.6,-1.5,False,
2024-06,1687,Илекский муниципальный район,Оренбургская область,Маркетплейсы,10.6,2.5,False,2024-05-01 [emergency] Названа сумма выплат пострадавшим от паводка жителям Оренбургской области
2024-01,771,муниципальный округ Кочевский,Пермский край,Все категории,10.56,-9.7,False,
2024-11,1339,Звериноголовский муниципальный округ,Курганская область,Транспорт,10.55,-21.2,False,
2024-10,2137,муниципальный округ Селижаровский,Тверская область,Маркетплейсы,10.54,-10.0,False,
2024-03,1315,Костромской муниципальный район,Костромская область,Общественное питание,10.53,2.0,False,
2024-02,348,Дигорский муниципальный район,Республика Северная Осетия — Алания,Транспорт,10.52,-12.9,False,
2024-03,1710,Болховский муниципальный район,Орловская область,Общественное питание,10.52,-14.0,False,
2024-06,742,муниципальный округ Еловский,Пермский край,Транспорт,10.52,12.5,False,
2024-07,2593,внутригородская территория города федерального значения поселение Киевский,Москва,Здоровье,10.52,28.8,False,2024-06-06 [emergency] Из здания на ВДНХ в Москве эвакуировали детей из-за удара молнии
2024-06,2202,Исетский муниципальный район,Тюменская область,Транспорт,10.51,-19.1,False,
2024-09,1143,городской округ город Свирск,Иркутская область,Здоровье,10.51,15.9,False,
2024-09,824,городской округ город-курорт Пятигорск,Ставропольский край,Маркетплейсы,10.5,-3.9,False,
2024-05,607,Могойтуйский муниципальный район,Забайкальский край,Транспорт,10.49,-3.6,False,
2024-09,2352,внутригородская территория города федерального значения муниципальный округ Сенной округ,Санкт-Петербург,Транспорт,10.49,-4.1,False,2024-10-23 [emergency] Дамбу в Санкт-Петербурге перевели в режим готовности
2024-03,298,Ковылкинский муниципальный район,Республика Мордовия,Транспорт,10.48,-6.6,False,
2024-12,2120,муниципальный округ Калязинский,Тверская область,Здоровье,10.45,5.8,False,
2024-04,1532,городской округ Семеновский,Нижегородская область,Транспорт,10.43,-7.1,False,
2024-03,2043,Таборинский муниципальный район,Свердловская область,Транспорт,10.41,-4.7,False,
2024-05,1348,Петуховский муниципальный округ,Курганская область,Здоровье,10.41,4.4,False,2024-04-12 [emergency] В МЧС сообщили о сотнях остающихся затопленными объектах в Курганской области
2024-06,1775,муниципальный округ Новоржевский,Псковская область,Транспорт,10.41,0.2,False,
2024-10,1582,Любытинский муниципальный район,Новгородская область,Маркетплейсы,10.41,5.3,False,
2024-02,2403,внутригородская территория города федерального значения город Красное Село,Санкт-Петербург,Здоровье,10.37,-4.3,False,
2024-08,670,городской округ город Дивногорск,Красноярский край,Транспорт,10.37,20.7,False,
2024-09,1449,городской округ Зарайск,Московская область,Здоровье,10.37,4.2,False,2024-10-24 [emergency] В Подмосковье затопило школу
2024-10,78,Федоровский муниципальный район,Республика Башкортостан,Все категории,10.37,-18.0,False,
2024-01,2058,Новодугинский муниципальный район,Смоленская область,Продовольствие,10.36,-1.8,False,
2024-06,2202,Исетский муниципальный район,Тюменская область,Продовольствие,10.36,-9.8,False,
2024-11,1251,Тисульский муниципальный округ,Кемеровская область,Транспорт,10.36,2.5,False,
2024-04,582,Каларский муниципальный округ,Забайкальский край,Продовольствие,10.35,-4.8,False,
2024-01,2410,внутригородская территория города федерального значения город Кронштадт,Санкт-Петербург,Общественное питание,10.34,10.5,False,
2024-09,8,Теучежский муниципальный район,Республика Адыгея,Продовольствие,10.34,4.9,False,"2024-10-10 [emergency,attack] В Адыгее из-за возгорания после атаки дронов ВСУ решили эвакуировать жителей"
2024-09,2582,внутригородская территория города федерального значения муниципальный округ Царицыно,Москва,Маркетплейсы,10.33,-13.0,False,2024-08-02 [emergency] Кинотеатр в центре Москвы эвакуировали
2024-03,2559,внутригородская территория города федерального значения муниципальный округ Гагаринский,Москва,Маркетплейсы,10.32,-6.0,False,2024-03-22 [emergency] Стало известно об эвакуации всех торговых центров Москвы
2024-12,243,Усть-Цилемский муниципальный район,Республика Коми,Маркетплейсы,10.32,-24.7,False,
2024-10,2544,внутригородская территория города федерального значения муниципальный округ Хамовники,Москва,Продовольствие,10.31,1.9,False,"2024-09-18 [emergency,economy] Студентов МГУ эвакуировали из-за звуков стрельбы у офиса Wildberries в центре Москвы"
2024-03,770,муниципальный округ Косинский,Пермский край,Здоровье,10.3,1.9,False,
2024-10,692,Дзержинский муниципальный район,Красноярский край,Все категории,10.3,-5.2,False,
2024-02,1501,городской округ Сергиево-Посадский,Московская область,Здоровье,10.29,-2.6,False,2024-01-29 [emergency] Более 100 жителей эвакуировали из дома в Подмосковье из-за трещины на фасаде
2024-10,1519,Кольский муниципальный район,Мурманская область,Здоровье,10.29,-16.1,False,
2024-02,2345,городской округ Эгвекинот,Чукотский автономный округ,Продовольствие,10.28,-0.1,False,
2024-03,2470,внутригородская территория города федерального значения муниципальный округ Новогиреево,Москва,Маркетплейсы,10.28,-8.0,False,2024-03-22 [emergency] Стало известно об эвакуации всех торговых центров Москвы
2024-09,2129,муниципальный округ Максатихинский,Тверская область,Транспорт,10.28,8.6,False,
2024-05,1161,Тайшетский муниципальный район,Иркутская область,Здоровье,10.26,1.1,False,
2024-08,702,Кежемский муниципальный район,Красноярский край,Маркетплейсы,10.23,6.9,False,
2024-10,1301,Юрьянский муниципальный район,Кировская область,Все категории,10.21,-4.9,False,
2024-01,2241,городской округ город Муравленко,Ямало-Ненецкий автономный округ,Маркетплейсы,10.2,-2.2,False,
2024-08,1697,Переволоцкий муниципальный район,Оренбургская область,Транспорт,10.2,-16.2,False,
2024-09,1393,Волосовский муниципальный район,Ленинградская область,Маркетплейсы,10.2,-5.5,False,
2024-02,2545,внутригородская территория города федерального значения муниципальный округ Якиманка,Москва,Здоровье,10.18,-9.4,False,2024-01-04 [utility] Десятки домов в Москве остались в мороз без света и тепла
2024-07,2127,муниципальный округ Лесной,Тверская область,Здоровье,10.18,0.6,False,
2024-04,480,городской округ город Канаш,Чувашская Республика,Транспорт,10.17,-0.8,False,
2024-09,1339,Звериноголовский муниципальный округ,Курганская область,Маркетплейсы,10.13,15.9,False,
2024-05,715,Саянский муниципальный район,Красноярский край,Общественное питание,10.12,-3.8,False,
2024-11,878,Магдагачинский муниципальный район,Амурская область,Продовольствие,10.12,-9.7,False,
2024-02,2220,городской округ город Нефтеюганск,Ханты-Мансийский автономный округ — Югра,Здоровье,10.11,-5.6,False,
2024-02,1582,Любытинский муниципальный район,Новгородская область,Маркетплейсы,10.1,-0.8,False,
2024-05,2197,Аромашевский муниципальный район,Тюменская область,Здоровье,10.1,-4.0,False,2024-04-14 [emergency] В двух деревнях Тюменской области началась эвакуация из-за паводка
2024-12,1269,Верхошижемский муниципальный район,Кировская область,Маркетплейсы,10.1,9.1,False,
2024-03,1495,городской округ Можайский,Московская область,Здоровье,10.07,1.7,False,2024-03-04 [emergency] Воробьев рассказал о подготовке Подмосковья к паводку
2024-02,586,Красночикойский муниципальный район,Забайкальский край,Продовольствие,10.06,2.0,False,
2024-07,1339,Звериноголовский муниципальный округ,Курганская область,Маркетплейсы,10.06,-3.7,False,
2024-09,78,Федоровский муниципальный район,Республика Башкортостан,Здоровье,10.06,-3.9,False,
2024-08,2362,внутригородская территория города федерального значения поселок Левашово,Санкт-Петербург,Маркетплейсы,10.05,-6.6,False,
2024-11,2537,внутригородская территория города федерального значения муниципальный округ Замоскворечье,Москва,Здоровье,10.04,5.8,False,2024-10-03 [emergency] Эвакуированные из Ливана россияне прилетели в Москву
2024-02,28,городской округ город Сибай,Республика Башкортостан,Здоровье,10.02,7.6,False,
2024-03,222,Сортавальский муниципальный район,Республика Карелия,Общественное питание,10.02,-13.3,False,
2024-07,1539,Балахнинский муниципальный округ,Нижегородская область,Здоровье,10.02,1.3,False,
2024-10,1339,Звериноголовский муниципальный округ,Курганская область,Маркетплейсы,10.02,-5.4,False,
2024-11,1269,Верхошижемский муниципальный район,Кировская область,Маркетплейсы,9.99,34.9,False,
2024-08,2056,Краснинский муниципальный район,Смоленская область,Транспорт,9.98,-12.4,False,
2024-01,1570,Тонкинский муниципальный округ,Нижегородская область,Транспорт,9.97,3.6,False,
2024-12,367,Балтасинский муниципальный район,Республика Татарстан,Общественное питание,9.96,24.4,False,2024-12-21 [emergency] В Татарстане ввели режим чрезвычайной ситуации для органов власти и МЧС
2024-05,2573,внутригородская территория города федерального значения муниципальный округ Даниловский,Москва,Здоровье,9.93,5.2,False,2024-04-01 [emergency] В Москве эвакуировали студентов из нескольких вузов из-за угрозы взрыва
2024-11,486,Вурнарский муниципальный округ,Чувашская Республика,Транспорт,9.92,-3.8,False,
2024-11,2292,Аргаяшский муниципальный район,Челябинская область,Общественное питание,9.92,45.1,False,
2024-12,2142,муниципальный округ Торопецкий,Тверская область,Маркетплейсы,9.92,-0.3,False,
2024-04,741,городской округ Добрянский,Пермский край,Маркетплейсы,9.9,3.5,False,
2024-06,2087,Мучкапский муниципальный округ,Тамбовская область,Маркетплейсы,9.89,-6.3,False,
2024-06,2456,внутригородская территория города федерального значения муниципальный округ Дворцовый округ,Санкт-Петербург,Транспорт,9.87,14.6,False,
2024-10,818,городской округ город Лермонтов,Ставропольский край,Все категории,9.87,15.3,False,
2024-11,1025,Котельниковский муниципальный район,Волгоградская область,Здоровье,9.87,1.6,False,
2024-10,1025,Котельниковский муниципальный район,Волгоградская область,Здоровье,9.85,-4.0,False,
2024-03,1228,городской округ Калтанский,Кемеровская область,Здоровье,9.81,-10.5,False,
2024-01,357,Азнакаевский муниципальный район,Республика Татарстан,Общественное питание,9.8,-3.8,False,
2024-11,281,Оршанский муниципальный район,Республика Марий Эл,Здоровье,9.79,4.0,False,
2024-11,1054,Вологодский муниципальный округ,Вологодская область,Транспорт,9.79,-8.0,False,
2024-05,1633,Азовский немецкий национальный муниципальный район,Омская область,Маркетплейсы,9.78,10.1,False,2024-05-06 [emergency] В районе Омской области объявили эвакуацию
2024-06,1184,городской округ Балтийский,Калининградская область,Здоровье,9.78,-9.9,False,
2024-03,1291,муниципальный округ Санчурский,Кировская область,Транспорт,9.76,8.8,False,
2024-03,1270,Вятскополянский муниципальный район,Кировская область,Маркетплейсы,9.73,5.4,False,
2024-03,2410,внутригородская территория города федерального значения город Кронштадт,Санкт-Петербург,Общественное питание,9.73,4.1,False,
2024-01,846,Бикинский муниципальный район,Хабаровский край,Все категории,9.67,-2.3,False,
2024-02,74,Татышлинский муниципальный район,Республика Башкортостан,Все категории,9.67,5.0,False,
2024-02,486,Вурнарский муниципальный округ,Чувашская Республика,Транспорт,9.64,-7.2,False,
2024-08,365,Атнинский муниципальный район,Республика Татарстан,Маркетплейсы,9.64,26.4,False,2024-07-30 [emergency] По Татарстану прокатились ураганы с ливнями и крупным градом. Смерч раскидал самолеты в аэропорту
2024-10,824,городской округ город-курорт Пятигорск,Ставропольский край,Маркетплейсы,9.64,-5.3,False,2024-11-09 [emergency] В Пятигорске ввели режим ЧС после взрыва газа в жилом доме
2024-06,212,Лахденпохский муниципальный район,Республика Карелия,Транспорт,9.62,-1.1,False,2024-07-29 [emergency] Стало известно о пропавших без вести из-за прорыва дамбы в Карелии
2024-11,2593,внутригородская территория города федерального значения поселение Киевский,Москва,Здоровье,9.62,36.3,False,2024-10-03 [emergency] Эвакуированные из Ливана россияне прилетели в Москву
2024-10,1273,муниципальный округ Кикнурский,Кировская область,Продовольствие,9.61,-2.8,False,
2024-02,1317,Макарьевский муниципальный район,Костромская область,Общественное питание,9.58,-45.4,False,
2024-09,1582,Любытинский муниципальный район,Новгородская область,Маркетплейсы,9.58,0.9,False,
2024-11,78,Федоровский муниципальный район,Республика Башкортостан,Все категории,9.58,-14.7,False,
2024-02,2502,внутригородская территория города федерального значения муниципальный округ Коптево,Москва,Здоровье,9.56,-5.4,False,2024-01-04 [utility] Десятки домов в Москве остались в мороз без света и тепла
2024-02,2398,внутригородская территория города федерального значения муниципальный округ Полюстрово,Санкт-Петербург,Здоровье,9.54,-5.0,False,
2024-02,690,Большемуртинский муниципальный район,Красноярский край,Продовольствие,9.5,3.5,False,
2024-03,1311,Вохомский муниципальный район,Костромская область,Транспорт,9.5,-7.9,False,
2024-07,581,Забайкальский муниципальный район,Забайкальский край,Здоровье,9.5,14.7,False,
2024-02,2067,Хиславичский муниципальный район,Смоленская область,Общественное питание,9.46,-12.7,False,
2024-10,2160,Тегульдетский муниципальный район,Томская область,Все категории,9.46,-0.6,False,
2024-01,397,Чистопольский муниципальный район,Республика Татарстан,Общественное питание,9.45,4.1,False,
2024-08,1534,городской округ город Первомайск,Нижегородская область,Продовольствие,9.45,-4.2,False,
2024-11,1055,Вытегорский муниципальный район,Вологодская область,Общественное питание,9.45,36.1,False,
2024-10,2524,внутригородская территория города федерального значения муниципальный округ Северный,Москва,Здоровье,9.42,-4.7,False,"2024-09-18 [emergency,economy] Студентов МГУ эвакуировали из-за звуков стрельбы у офиса Wildberries в центре Москвы"
2024-03,1750,Лунинский муниципальный район,Пензенская область,Общественное питание,9.41,-35.7,False,
2024-05,2060,Рославльский муниципальный район,Смоленская область,Транспорт,9.4,4.6,False,
2024-11,2497,внутригородская территория города федерального значения муниципальный округ Войковский,Москва,Здоровье,9.4,1.5,False,2024-10-03 [emergency] Эвакуированные из Ливана россияне прилетели в Москву
2024-03,2501,внутригородская территория города федерального значения муниципальный округ Западное Дегунино,Москва,Маркетплейсы,9.39,-3.7,False,2024-03-22 [emergency] Стало известно об эвакуации всех торговых центров Москвы
2024-04,1640,Колосовский муниципальный район,Омская область,Общественное питание,9.39,-7.1,False,2024-05-06 [emergency] В районе Омской области объявили эвакуацию
2024-02,2205,Нижнетавдинский муниципальный район,Тюменская область,Продовольствие,9.38,-1.9,False,
2024-02,298,Ковылкинский муниципальный район,Республика Мордовия,Здоровье,9.36,0.1,False,
2024-06,1393,Волосовский муниципальный район,Ленинградская область,Маркетплейсы,9.34,1.5,False,
2024-03,2037,городской округ Шалинский,Свердловская область,Здоровье,9.33,-3.2,False,
2024-03,2813,городской округ Шатура,Московская область,Здоровье,9.32,2.0,False,2024-03-04 [emergency] Воробьев рассказал о подготовке Подмосковья к паводку
2024-07,2602,внутригородская территория города федерального значения поселение Первомайское,Москва,Здоровье,9.32,9.4,False,2024-06-06 [emergency] Из здания на ВДНХ в Москве эвакуировали детей из-за удара молнии
2024-03,925,Красноярский муниципальный район,Астраханская область,Общественное питание,9.3,-20.6,False,
2024-11,515,Алтайский муниципальный район,Алтайский край,Маркетплейсы,9.3,-1.9,False,
2024-12,1276,Котельничский муниципальный район,Кировская область,Продовольствие,9.3,-11.0,False,
2024-01,1277,Куменский муниципальный район,Кировская область,Общественное питание,9.29,-24.4,False,
2024-12,2037,городской округ Шалинский,Свердловская область,Транспорт,9.29,-8.7,False,
2024-02,2574,внутригородская территория города федерального значения муниципальный округ Донской,Москва,Здоровье,9.28,-5.5,False,2024-01-04 [utility] Десятки домов в Москве остались в мороз без света и тепла
2024-06,1193,муниципальный округ Озерский,Калининградская область,Транспорт,9.28,1.8,False,
2024-02,1392,Бокситогорский муниципальный район,Ленинградская область,Продовольствие,9.27,1.4,False,
2024-02,2361,внутригородская территория города федерального значения муниципальный округ Остров Декабристов,Санкт-Петербург,Здоровье,9.19,-4.8,False,
2024-08,43,Благоварский муниципальный район,Республика Башкортостан,Транспорт,9.19,-5.0,False,2024-07-28 [emergency] В Башкирии из-за паводка коровам пришлось передвигаться вплавь
2024-11,393,Тетюшский муниципальный район,Республика Татарстан,Здоровье,9.19,-5.7,False,2024-12-21 [emergency] В Татарстане ввели режим чрезвычайной ситуации для органов власти и МЧС
2024-07,1894,Кинельский муниципальный район,Самарская область,Маркетплейсы,9.18,-6.2,False,
2024-02,831,Грачёвский муниципальный округ,Ставропольский край,Продовольствие,9.15,-4.5,False,
2024-10,218,Прионежский муниципальный район,Республика Карелия,Здоровье,9.14,-16.6,False,
2024-02,1225,городской округ Анжеро-Судженский,Кемеровская область,Здоровье,9.12,-2.7,False,
2024-06,243,Усть-Цилемский муниципальный район,Республика Коми,Все категории,9.12,-0.2,False,2024-06-26 [emergency] В Коми заявили об эвакуации всех пассажиров сошедшего с рельсов поезда
2024-10,365,Атнинский муниципальный район,Республика Татарстан,Маркетплейсы,9.12,42.3,False,
2024-02,2377,внутригородская территория города федерального значения муниципальный округ Коломяги,Санкт-Петербург,Здоровье,9.1,-5.7,False,
2024-02,2528,внутригородская территория города федерального значения муниципальный округ Митино,Москва,Здоровье,9.08,-7.1,False,2024-01-04 [utility] Десятки домов в Москве остались в мороз без света и тепла
2024-04,55,Иглинский муниципальный район,Республика Башкортостан,Общественное питание,9.08,-2.5,False,
2024-01,2321,Большесельский муниципальный район,Ярославская область,Продовольствие,9.04,-3.2,False,
2024-03,2458,внутригородская территория города федерального значения муниципальный округ Литейный округ,Санкт-Петербург,Все категории,9.04,1.2,False,
2024-07,306,Теньгушевский муниципальный район,Республика Мордовия,Продовольствие,9.04,-2.9,False,
2024-09,390,Сабинский муниципальный район,Республика Татарстан,Маркетплейсы,9.03,17.6,False,
2024-02,1465,городской округ Люберцы,Московская область,Здоровье,9.02,-4.2,False,2024-01-29 [emergency] Более 100 жителей эвакуировали из дома в Подмосковье из-за трещины на фасаде
2024-09,853,Николаевский муниципальный район,Хабаровский край,Продовольствие,9.01,0.2,False,
2024-03,70,Нуримановский муниципальный район,Республика Башкортостан,Здоровье,9.0,1.8,False,
2024-09,2554,внутригородская территория города федерального значения муниципальный округ Печатники,Москва,Маркетплейсы,9.0,-14.7,False,2024-08-02 [emergency] Кинотеатр в центре Москвы эвакуировали
2024-11,2255,Барышский муниципальный район,Ульяновская область,Общественное питание,9.0,-5.9,False,
2024-01,396,Черемшанский муниципальный район,Республика Татарстан,Транспорт,8.99,-9.3,False,
2024-09,595,Сретенский муниципальный район,Забайкальский край,Маркетплейсы,8.99,5.1,False,
2024-01,835,Левокумский муниципальный округ,Ставропольский край,Маркетплейсы,8.97,16.6,False,
2024-04,297,Кадошкинский муниципальный район,Республика Мордовия,Общественное питание,8.95,20.6,False,
2024-02,1420,Измалковский муниципальный район,Липецкая область,Общественное питание,8.94,-32.8,False,
2024-02,1496,городской округ Богородский,Московская область,Здоровье,8.93,-2.5,False,2024-01-29 [emergency] Более 100 жителей эвакуировали из дома в Подмосковье из-за трещины на фасаде
2024-04,1206,Жуковский муниципальный район,Калужская область,Общественное питание,8.92,-5.7,False,
2024-09,2581,внутригородская территория города федерального значения муниципальный округ Орехово-Борисово Южное,Москва,Здоровье,8.91,-3.9,False,2024-08-02 [emergency] Кинотеатр в центре Москвы эвакуировали
2024-02,2008,городской округ Режевской,Свердловская область,Маркетплейсы,8.9,1.8,False,
2024-03,702,Кежемский муниципальный район,Красноярский край,Маркетплейсы,8.9,11.8,False,
2024-07,1970,городской округ Южно-Курильский,Сахалинская область,Маркетплейсы,8.89,89.5,False,
2024-02,541,Новичихинский муниципальный район,Алтайский край,Транспорт,8.88,-19.0,False,
2024-05,31,Альшеевский муниципальный район,Республика Башкортостан,Общественное питание,8.87,-36.7,False,
2024-03,2119,муниципальный округ Калининский,Тверская область,Маркетплейсы,8.86,-6.3,False,
2024-08,1003,Собинский муниципальный район,Владимирская область,Транспорт,8.86,21.7,False,2024-09-22 [emergency] Во Владимирской области эвакуировали жителей двух районов
2024-10,1146,Братский муниципальный район,Иркутская область,Продовольствие,8.86,-6.5,False,
2024-01,618,Карагинский муниципальный район,Камчатский край,Маркетплейсы,8.84,-14.4,False,
2024-02,1447,городской округ Егорьевск,Московская область,Здоровье,8.81,-3.3,False,2024-01-29 [emergency] Более 100 жителей эвакуировали из дома в Подмосковье из-за трещины на фасаде
2024-08,318,Верхнеколымский муниципальный район,Республика Саха (Якутия),Маркетплейсы,8.8,60.5,False,2024-08-20 [emergency] Природные пожары в Якутии охватили более 50 населенных пунктов
2024-01,612,Елизовский муниципальный район,Камчатский край,Маркетплейсы,8.79,-2.8,False,
2024-03,2600,"внутригородская территория города федерального значения поселение Мосрентген""""",Москва,Маркетплейсы,8.78,-3.0,False,2024-03-22 [emergency] Стало известно об эвакуации всех торговых центров Москвы
2024-03,2604,внутригородская территория города федерального значения поселение Рязановское,Москва,Здоровье,8.78,0.4,False,2024-03-22 [emergency] Стало известно об эвакуации всех торговых центров Москвы
2024-05,2458,внутригородская территория города федерального значения муниципальный округ Литейный округ,Санкт-Петербург,Транспорт,8.77,7.1,False,
2024-01,2028,городской округ Новолялинский,Свердловская область,Общественное питание,8.76,-18.5,False,
2024-05,570,муниципальный округ Чарышский район,Алтайский край,Транспорт,8.75,4.6,False,2024-04-13 [emergency] Глава МЧС не исключил второй волны паводка в Алтайском крае
2024-09,227,городской округ Инта,Республика Коми,Маркетплейсы,8.74,-2.2,False,
2024-02,741,городской округ Добрянский,Пермский край,Общественное питание,8.73,2.2,False,
2024-12,770,муниципальный округ Косинский,Пермский край,Здоровье,8.73,29.5,False,
2024-12,1130,Фурмановский муниципальный район,Ивановская область,Все категории,8.72,1.6,False,
2024-08,2581,внутригородская территория города федерального значения муниципальный округ Орехово-Борисово Южное,Москва,Здоровье,8.71,2.3,False,2024-08-02 [emergency] Кинотеатр в центре Москвы эвакуировали
2024-03,1143,городской округ город Свирск,Иркутская область,Общественное питание,8.7,6.3,False,
2024-11,2381,внутригородская территория города федерального значения муниципальный округ № 21,Санкт-Петербург,Общественное питание,8.7,2.2,False,2024-10-23 [emergency] Дамбу в Санкт-Петербурге перевели в режим готовности
2024-06,2021,городской округ Верхотурский,Свердловская область,Маркетплейсы,8.68,-2.2,False,
2024-07,1857,Александро-Невский муниципальный район,Рязанская область,Маркетплейсы,8.67,-1.8,False,
2024-09,78,Федоровский муниципальный район,Республика Башкортостан,Все категории,8.67,-2.4,False,
2024-05,1014,Быковский муниципальный район,Волгоградская область,Общественное питание,8.66,-3.4,False,
2024-03,1266,Белохолуницкий муниципальный район,Кировская область,Маркетплейсы,8.65,-3.5,False,
2024-03,1303,городской округ город Кострома,Костромская область,Маркетплейсы,8.65,-0.9,False,
2024-06,1227,городской округ Березовский,Кемеровская область,Здоровье,8.65,7.8,False,
2024-02,2311,Саткинский муниципальный район,Челябинская область,Здоровье,8.62,3.4,False,
2024-10,1204,Думиничский муниципальный район,Калужская область,Транспорт,8.61,12.9,False,
2024-03,1537,Ардатовский муниципальный округ,Нижегородская область,Маркетплейсы,8.56,9.7,False,
2024-09,2559,внутригородская территория города федерального значения муниципальный округ Гагаринский,Москва,Маркетплейсы,8.56,-15.8,False,2024-08-02 [emergency] Кинотеатр в центре Москвы эвакуировали
2024-11,1889,Борский муниципальный район,Самарская область,Продовольствие,8.56,-2.5,False,
2024-10,34,Аургазинский муниципальный район,Республика Башкортостан,Транспорт,8.55,-9.7,False,
2024-03,1124,Пестяковский муниципальный район,Ивановская область,Транспорт,8.54,-41.5,False,
2024-03,2580,внутригородская территория города федерального значения муниципальный округ Орехово-Борисово Северное,Москва,Здоровье,8.54,2.0,False,2024-03-22 [emergency] Стало известно об эвакуации всех торговых центров Москвы
2024-07,578,Балейский муниципальный район,Забайкальский край,Продовольствие,8.52,8.9,False,
2024-11,1206,Жуковский муниципальный район,Калужская область,Транспорт,8.52,19.5,False,
2024-02,2199,Вагайский муниципальный район,Тюменская область,Продовольствие,8.51,-6.8,False,
2024-11,602,Шелопугинский муниципальный район,Забайкальский край,Общественное питание,8.5,-11.4,False,
2024-04,332,Оймяконский муниципальный район,Республика Саха (Якутия),Все категории,8.49,-15.4,False,
2024-02,1286,муниципальный округ Опаринский,Кировская область,Общественное питание,8.48,-33.9,False,
2024-12,1054,Вологодский муниципальный округ,Вологодская область,Транспорт,8.47,-7.3,False,
2024-03,2377,внутригородская территория города федерального значения муниципальный округ Коломяги,Санкт-Петербург,Здоровье,8.46,0.2,False,
2024-11,559,Тальменский муниципальный район,Алтайский край,Продовольствие,8.45,1.7,False,
2024-02,2233,Нижневартовский муниципальный район,Ханты-Мансийский автономный округ — Югра,Все категории,8.43,-0.5,False,
2024-09,807,Шкотовский муниципальный округ,Приморский край,Маркетплейсы,8.43,4.2,False,2024-08-16 [utility] Владивосток и Приморье остались без света. На дорогах после отключения светофоров начались массовые ДТП
2024-09,1005,Суздальский муниципальный район,Владимирская область,Здоровье,8.42,16.3,False,2024-09-22 [emergency] Во Владимирской области эвакуировали жителей двух районов
2024-06,1545,Варнавинский муниципальный округ,Нижегородская область,Все категории,8.41,4.9,False,
2024-02,2533,внутригородская территория города федерального значения муниципальный округ Щукино,Москва,Здоровье,8.4,-4.3,False,2024-01-04 [utility] Десятки домов в Москве остались в мороз без света и тепла
2024-05,285,Юринский муниципальный район,Республика Марий Эл,Транспорт,8.39,5.4,False,
2024-08,517,Бийский муниципальный район,Алтайский край,Маркетплейсы,8.39,35.7,False,
2024-06,613,Мильковский муниципальный округ,Камчатский край,Маркетплейсы,8.38,3.7,False,
2024-08,1570,Тонкинский муниципальный округ,Нижегородская область,Транспорт,8.38,3.4,False,
2024-03,2515,внутригородская территория города федерального значения муниципальный округ Лианозово,Москва,Здоровье,8.37,-0.7,False,2024-03-22 [emergency] Стало известно об эвакуации всех торговых центров Москвы
2024-01,722,Ужурский муниципальный район,Красноярский край,Маркетплейсы,8.36,6.7,False,
2024-03,895,городской округ город Новодвинск,Архангельская область,Общественное питание,8.35,7.4,False,
2024-07,1161,Тайшетский муниципальный район,Иркутская область,Здоровье,8.35,4.0,False,
2024-09,2488,внутригородская территория города федерального значения муниципальный округ Тропарево-Никулино,Москва,Маркетплейсы,8.35,-15.0,False,2024-08-02 [emergency] Кинотеатр в центре Москвы эвакуировали
2024-02,715,Саянский муниципальный район,Красноярский край,Здоровье,8.32,-6.1,False,
2024-11,2046,Велижский муниципальный район,Смоленская область,Маркетплейсы,8.32,-6.1,False,
2024-02,1276,Котельничский муниципальный район,Кировская область,Продовольствие,8.31,-2.2,False,
2024-05,2436,внутригородская территория города федерального значения муниципальный округ Правобережный,Санкт-Петербург,Здоровье,8.3,7.6,False,
2024-01,1775,муниципальный округ Новоржевский,Псковская область,Транспорт,8.29,13.5,False,
2024-03,2507,внутригородская территория города федерального значения муниципальный округ Тимирязевский,Москва,Маркетплейсы,8.27,-3.2,False,2024-03-22 [emergency] Стало известно об эвакуации всех торговых центров Москвы
2024-06,376,Кайбицкий муниципальный район,Республика Татарстан,Здоровье,8.26,2.0,False,"2024-05-31 [emergency,attack,economy] После сообщений о беспилотниках в Татарстане на предприятиях объявили эвакуацию"
2024-02,2652,городской округ Орехово-Зуевский,Московская область,Здоровье,8.25,-2.8,False,2024-01-29 [emergency] Более 100 жителей эвакуировали из дома в Подмосковье из-за трещины на фасаде
2024-04,736,муниципальный округ Березовский,Пермский край,Общественное питание,8.24,8.6,False,
2024-12,15,Улаганский муниципальный район,Республика Алтай,Все категории,8.24,-9.4,False,
2024-05,1908,Челно-Вершинский муниципальный район,Самарская область,Здоровье,8.23,0.1,False,
2024-08,383,Мензелинский муниципальный район,Республика Татарстан,Здоровье,8.23,-1.1,False,2024-07-30 [emergency] По Татарстану прокатились ураганы с ливнями и крупным градом. Смерч раскидал самолеты в аэропорту
2024-12,903,Котласский муниципальный округ,Архангельская область,Маркетплейсы,8.23,-13.9,False,
2024-10,1212,Малоярославецкий муниципальный район,Калужская область,Продовольствие,8.22,7.3,False,
2024-12,1928,Ивантеевский муниципальный район,Саратовская область,Транспорт,8.22,-6.3,False,
2024-02,2028,городской округ Новолялинский,Свердловская область,Общественное питание,8.21,-13.0,False,
2024-12,1580,муниципальный округ Демянский,Новгородская область,Общественное питание,8.19,-6.4,False,
2024-02,2484,внутригородская территория города федерального значения муниципальный округ Очаково-Матвеевское,Москва,Здоровье,8.18,-4.4,False,2024-01-04 [utility] Десятки домов в Москве остались в мороз без света и тепла
2024-02,991,Александровский муниципальный район,Владимирская область,Здоровье,8.17,-1.9,False,
2024-03,2362,внутригородская территория города федерального значения поселок Левашово,Санкт-Петербург,Маркетплейсы,8.17,-1.3,False,
2024-05,1395,Всеволожский муниципальный район,Ленинградская область,Здоровье,8.17,4.6,False,
2024-07,1774,муниципальный округ Невельский,Псковская область,Здоровье,8.17,-21.1,False,
2024-12,2524,внутригородская территория города федерального значения муниципальный округ Северный,Москва,Здоровье,8.17,-1.0,False,2024-12-21 [emergency] В Москве задержали пенсионерку-поджигательницу после эвакуации торгового центра
2024-04,44,Благовещенский муниципальный район,Республика Башкортостан,Общественное питание,8.16,0.5,False,
2024-02,2549,внутригородская территория города федерального значения муниципальный округ Лефортово,Москва,Здоровье,8.15,-5.9,False,2024-01-04 [utility] Десятки домов в Москве остались в мороз без света и тепла
2024-06,544,Панкрушихинский муниципальный район,Алтайский край,Здоровье,8.15,-2.9,False,
2024-01,2229,Белоярский муниципальный район,Ханты-Мансийский автономный округ — Югра,Общественное питание,8.14,-1.8,False,
2024-04,2043,Таборинский муниципальный район,Свердловская область,Транспорт,8.13,-5.9,False,
2024-02,829,Арзгирский муниципальный округ,Ставропольский край,Здоровье,8.12,1.8,False,
2024-03,2204,Казанский муниципальный район,Тюменская область,Маркетплейсы,8.12,-9.2,False,2024-04-14 [emergency] В двух деревнях Тюменской области началась эвакуация из-за паводка
2024-05,1414,Данковский муниципальный район,Липецкая область,Маркетплейсы,8.11,-9.2,False,
2024-11,1218,Сухиничский муниципальный район,Калужская область,Общественное питание,8.1,-9.1,False,
2024-12,2321,Большесельский муниципальный район,Ярославская область,Продовольствие,8.1,-3.7,False,
2024-11,538,Локтевский муниципальный район,Алтайский край,Общественное питание,8.08,-0.0,False,
2024-09,2538,внутригородская территория города федерального значения муниципальное образование Савелки,Москва,Маркетплейсы,8.07,-14.6,False,2024-08-02 [emergency] Кинотеатр в центре Москвы эвакуировали
2024-01,564,Тюменцевский муниципальный район,Алтайский край,Транспорт,8.06,4.6,False,
2024-06,1507,муниципальный округ город Апатиты,Мурманская область,Транспорт,8.06,13.0,False,
2024-12,203,Урупский муниципальный район,Карачаево-Черкесская Республика,Продовольствие,8.04,-5.6,False,
2024-02,1395,Всеволожский муниципальный район,Ленинградская область,Здоровье,8.03,-4.3,False,
2024-08,670,городской округ город Дивногорск,Красноярский край,Продовольствие,8.03,11.6,False,
2024-06,342,Хангаласский муниципальный район,Республика Саха (Якутия),Здоровье,8.01,-5.7,False,
2024-06,1407,Тихвинский муниципальный район,Ленинградская область,Транспорт,8.0,8.9,False,
2024-11,1580,муниципальный округ Демянский,Новгородская область,Общественное питание,8.0,-9.8,False,
2024-12,1546,Вачский муниципальный округ,Нижегородская область,Общественное питание,8.0,16.7,False,
2024-02,2001,городской округ Нижняя Салда,Свердловская область,Все категории,7.98,2.9,False,
2024-08,1130,Фурмановский муниципальный район,Ивановская область,Маркетплейсы,7.97,1.7,False,
2024-03,998,Кольчугинский муниципальный район,Владимирская область,Здоровье,7.96,5.8,False,
2024-04,2023,городской округ Ирбитское,Свердловская область,Маркетплейсы,7.92,-15.2,False,
2024-05,78,Федоровский муниципальный район,Республика Башкортостан,Транспорт,7.91,-18.5,False,
2024-07,2276,городской округ Верхнеуфалейский,Челябинская область,Маркетплейсы,7.91,2.7,False,2024-07-26 [emergency] В Челябинской области эвакуировали 20 человек из-за прорыва дамбы
2024-09,2456,внутригородская территория города федерального значения муниципальный округ Дворцовый округ,Санкт-Петербург,Транспорт,7.91,2.7,False,2024-10-23 [emergency] Дамбу в Санкт-Петербурге перевели в режим готовности
2024-11,1965,городской округ Смирныховский,Сахалинская область,Здоровье,7.91,0.9,False,
2024-02,1991,городской округ Кировградский,Свердловская область,Все категории,7.88,3.9,False,
2024-08,486,Вурнарский муниципальный округ,Чувашская Республика,Здоровье,7.88,3.1,False,
2024-12,1622,Северный муниципальный район,Новосибирская область,Здоровье,7.87,-1.1,False,
2024-05,600,Чернышевский муниципальный район,Забайкальский край,Здоровье,7.84,0.5,False,
2024-05,2580,внутригородская территория города федерального значения муниципальный округ Орехово-Борисово Северное,Москва,Транспорт,7.84,9.7,False,2024-04-01 [emergency] В Москве эвакуировали студентов из нескольких вузов из-за угрозы взрыва
2024-02,434,муниципальный округ Кезский район,Удмуртская Республика,Маркетплейсы,7.82,3.3,False,
2024-02,71,Салаватский муниципальный район,Республика Башкортостан,Все категории,7.81,-1.0,False,
2024-01,1654,Полтавский муниципальный район,Омская область,Общественное питание,7.79,56.0,False,2024-01-10 [utility] Губернатор Омской области обратился к жителям региона после отключения света
2024-12,74,Татышлинский муниципальный район,Республика Башкортостан,Продовольствие,7.79,-3.3,False,
2024-03,2502,внутригородская территория города федерального значения муниципальный округ Коптево,Москва,Здоровье,7.78,0.8,False,2024-03-22 [emergency] Стало известно об эвакуации всех торговых центров Москвы
2024-06,1070,Чагодощенский муниципальный округ,Вологодская область,Транспорт,7.78,5.2,False,
2024-03,2375,внутригородская территория города федерального значения муниципальный округ Озеро Долгое,Санкт-Петербург,Здоровье,7.76,-0.3,False,
2024-01,2233,Нижневартовский муниципальный район,Ханты-Мансийский автономный округ — Югра,Все категории,7.75,-2.0,False,
2024-04,1699,Сакмарский муниципальный район,Оренбургская область,Общественное питание,7.75,-28.1,False,2024-04-07 [emergency] Власти Оренбургской области назвали сроки улучшения ситуации с паводком
2024-03,797,Партизанский муниципальный округ,Приморский край,Маркетплейсы,7.73,14.4,False,
2024-03,1657,Седельниковский муниципальный район,Омская область,Здоровье,7.67,16.6,False,
2024-11,2454,внутригородская территория города федерального значения муниципальный округ № 75,Санкт-Петербург,Общественное питание,7.67,3.3,False,2024-10-23 [emergency] Дамбу в Санкт-Петербурге перевели в режим готовности
2024-06,2137,муниципальный округ Селижаровский,Тверская область,Маркетплейсы,7.66,-0.9,False,
2024-11,873,Бурейский муниципальный округ,Амурская область,Общественное питание,7.66,-20.1,False,
2024-02,1288,Орловский муниципальный район,Кировская область,Транспорт,7.64,-12.4,False,
2024-05,2361,внутригородская территория города федерального значения муниципальный округ Остров Декабристов,Санкт-Петербург,Здоровье,7.64,6.0,False,
2024-06,2243,городской округ город Ноябрьск,Ямало-Ненецкий автономный округ,Здоровье,7.64,26.7,False,
2024-09,2499,внутригородская территория города федерального значения муниципальный округ Головинский,Москва,Маркетплейсы,7.62,-10.3,False,2024-08-02 [emergency] Кинотеатр в центре Москвы эвакуировали
2024-07,770,муниципальный округ Косинский,Пермский край,Здоровье,7.61,0.7,False,
2024-12,1540,Богородский муниципальный округ,Нижегородская область,Здоровье,7.58,17.1,False,
2024-05,741,городской округ Добрянский,Пермский край,Маркетплейсы,7.57,0.9,False,
2024-03,741,городской округ Добрянский,Пермский край,Общественное питание,7.56,-7.9,False,
2024-05,1545,Варнавинский муниципальный округ,Нижегородская область,Все категории,7.56,-2.3,False,
2024-06,1406,Сланцевский муниципальный район,Ленинградская область,Все категории,7.55,2.6,False,
2024-05,755,городской округ Оханский,Пермский край,Транспорт,7.54,0.7,False,
2024-01,791,Красноармейский муниципальный округ,Приморский край,Все категории,7.53,5.4,False,
2024-06,1396,Выборгский муниципальный район,Ленинградская область,Маркетплейсы,7.52,-7.1,False,
2024-02,1570,Тонкинский муниципальный округ,Нижегородская область,Транспорт,7.51,14.9,False,
2024-02,2410,внутригородская территория города федерального значения город Кронштадт,Санкт-Петербург,Общественное питание,7.51,2.5,False,
2024-02,2573,внутригородская территория города федерального значения муниципальный округ Даниловский,Москва,Здоровье,7.51,-3.0,False,2024-01-04 [utility] Десятки домов в Москве остались в мороз без света и тепла
2024-11,276,Куженерский муниципальный район,Республика Марий Эл,Транспорт,7.51,-14.1,False,
2024-12,15,Улаганский муниципальный район,Республика Алтай,Маркетплейсы,7.51,-23.8,False,
2024-01,274,Звениговский муниципальный район,Республика Марий Эл,Общественное питание,7.5,-8.0,False,
2024-05,1760,Сосновоборский муниципальный район,Пензенская область,Продовольствие,7.49,1.8,False,
2024-10,437,муниципальный округ Красногорский район,Удмуртская Республика,Все категории,7.49,-0.2,False,
2024-03,2511,внутригородская территория города федерального значения муниципальный округ Алтуфьевский,Москва,Здоровье,7.46,-0.2,False,2024-03-22 [emergency] Стало известно об эвакуации всех торговых центров Москвы
2024-08,458,Таштыпский муниципальный район,Республика Хакасия,Транспорт,7.46,14.0,False,
2024-09,830,Будённовский муниципальный округ,Ставропольский край,Продовольствие,7.46,4.6,False,
2024-05,2480,внутригородская территория города федерального значения муниципальный округ Крылатское,Москва,Здоровье,7.45,1.4,False,2024-04-01 [emergency] В Москве эвакуировали студентов из нескольких вузов из-за угрозы взрыва
2024-09,75,Туймазинский муниципальный район,Республика Башкортостан,Здоровье,7.45,6.3,False,
2024-02,77,Учалинский муниципальный район,Республика Башкортостан,Здоровье,7.44,7.2,False,
2024-03,1059,Кичменгско-Городецкий муниципальный округ,Вологодская область,Транспорт,7.44,-2.1,False,
2024-01,1912,городской округ город Шиханы,Саратовская область,Все категории,7.43,0.5,False,
2024-06,1959,городской округ Макаровский,Сахалинская область,Транспорт,7.43,-32.5,False,
2024-09,928,Приволжский муниципальный район,Астраханская область,Все категории,7.43,2.4,False,
2024-10,1589,муниципальный округ Пестовский,Новгородская область,Транспорт,7.43,-6.1,False,
2024-11,2558,внутригородская территория города федерального значения муниципальный округ Академический,Москва,Общественное питание,7.41,8.5,False,2024-10-03 [emergency] Эвакуированные из Ливана россияне прилетели в Москву
2024-01,2264,Новоспасский муниципальный район,Ульяновская область,Общественное питание,7.39,-8.8,False,
2024-04,1315,Костромской муниципальный район,Костромская область,Общественное питание,7.38,5.8,False,
2024-02,2058,Новодугинский муниципальный район,Смоленская область,Продовольствие,7.37,1.5,False,
2024-03,1690,Курманаевский муниципальный район,Оренбургская область,Транспорт,7.37,-10.9,False,2024-04-07 [emergency] Власти Оренбургской области назвали сроки улучшения ситуации с паводком
2024-02,1649,Нововаршавский муниципальный район,Омская область,Все категории,7.36,0.5,False,2024-01-10 [utility] Губернатор Омской области обратился к жителям региона после отключения света
2024-06,2200,Викуловский муниципальный район,Тюменская область,Здоровье,7.36,5.0,False,
2024-07,486,Вурнарский муниципальный округ,Чувашская Республика,Здоровье,7.34,-5.3,False,
2024-02,2511,внутригородская территория города федерального значения муниципальный округ Алтуфьевский,Москва,Здоровье,7.33,-5.4,False,2024-01-04 [utility] Десятки домов в Москве остались в мороз без света и тепла
2024-06,1714,Должанский муниципальный район,Орловская область,Все категории,7.33,-7.4,False,2024-07-12 [emergency] Глава Орловской области назвал власти затопленного весной Орска полными бездельниками
2024-02,2156,Кривошеинский муниципальный район,Томская область,Продовольствие,7.3,-6.5,False,
2024-09,2501,внутригородская территория города федерального значения муниципальный округ Западное Дегунино,Москва,Маркетплейсы,7.28,-14.3,False,2024-08-02 [emergency] Кинотеатр в центре Москвы эвакуировали
2024-02,31,Альшеевский муниципальный район,Республика Башкортостан,Маркетплейсы,7.27,15.2,False,
2024-11,1253,Тяжинский муниципальный округ,Кемеровская область,Маркетплейсы,7.27,4.1,False,
2024-08,1583,Маловишерский муниципальный район,Новгородская область,Маркетплейсы,7.26,-7.0,False,
2024-02,516,Баевский муниципальный район,Алтайский край,Общественное питание,7.25,7.3,False,
2024-07,804,Хорольский муниципальный округ,Приморский край,Здоровье,7.24,0.6,False,2024-07-31 [emergency] В Приморье рассказали о масштабе подтопления
2024-03,516,Баевский муниципальный район,Алтайский край,Общественное питание,7.23,-10.1,False,2024-04-13 [emergency] Глава МЧС не исключил второй волны паводка в Алтайском крае
2024-05,2068,Холм-Жирковский муниципальный район,Смоленская область,Здоровье,7.23,6.2,False,
2024-04,1571,Тоншаевский муниципальный округ,Нижегородская область,Транспорт,7.21,0.6,False,
2024-06,211,Кондопожский муниципальный район,Республика Карелия,Транспорт,7.2,-13.3,False,2024-07-29 [emergency] Стало известно о пропавших без вести из-за прорыва дамбы в Карелии
2024-06,1072,Шекснинский муниципальный район,Вологодская область,Транспорт,7.2,1.0,False,
2024-09,778,городской округ Большой Камень,Приморский край,Маркетплейсы,7.19,-8.1,False,2024-08-16 [utility] Владивосток и Приморье остались без света. На дорогах после отключения светофоров начались массовые ДТП
2024-01,741,городской округ Добрянский,Пермский край,Общественное питание,7.18,1.0,False,
2024-02,2580,внутригородская территория города федерального значения муниципальный округ Орехово-Борисово Северное,Москва,Здоровье,7.18,-4.8,False,2024-01-04 [utility] Десятки домов в Москве остались в мороз без света и тепла
2024-12,994,Гусь-Хрустальный муниципальный район,Владимирская область,Продовольствие,7.17,-14.9,False,
2024-09,806,Чугуевский муниципальный округ,Приморский край,Маркетплейсы,7.16,-6.4,False,2024-08-16 [utility] Владивосток и Приморье остались без света. На дорогах после отключения светофоров начались массовые ДТП
2024-03,2114,муниципальный округ Весьегонский,Тверская область,Здоровье,7.12,11.7,False,
