region,territory_id,month,category,dz,alarm_t,alarm_c
1,1,2024-04,Все категории,0.09834594073840641,0.0,0.125
1,1,2024-04,Продовольствие,-0.3070882894862942,0.0,0.0
1,1,2024-04,Маркетплейсы,0.43472910805721066,0.0,0.0
1,1,2024-04,Здоровье,1.3933122058506195,0.0,0.0
1,1,2024-04,Общественное питание,0.9269689609972325,0.0,0.0
1,1,2024-04,Транспорт,0.10788128251793383,0.0,0.125
1,1,2024-05,Все категории,-0.8203088939204335,0.0,0.125
1,1,2024-05,Продовольствие,-0.0029718537179880267,0.0,0.0
1,1,2024-05,Маркетплейсы,-0.5451811028466677,0.0,0.0
1,1,2024-05,Здоровье,0.016717514267423073,0.0,0.0
1,1,2024-05,Общественное питание,0.04847549401018736,0.0,0.125
1,1,2024-05,Транспорт,-0.3626838080093585,0.0,0.0
1,1,2024-06,Все категории,-0.14531520066594555,0.0,0.0
1,1,2024-06,Продовольствие,-0.34779224920558355,0.0,0.0
1,1,2024-06,Маркетплейсы,-0.13266924468373054,0.0,0.0
1,1,2024-06,Здоровье,0.36736276568045556,0.0,0.0
1,1,2024-06,Общественное питание,-0.33687379348040114,0.0,0.125
1,1,2024-06,Транспорт,0.38228773276922495,0.0,0.0
1,1,2024-12,Все категории,0.06370116884167842,0.0,0.0
1,1,2024-12,Продовольствие,-0.7167557454242668,0.0,0.0
1,1,2024-12,Маркетплейсы,0.6396295686194915,0.0,0.0
1,1,2024-12,Здоровье,-0.42310780426552463,0.0,0.0
1,1,2024-12,Общественное питание,0.8670871889068802,0.0,0.0
1,1,2024-12,Транспорт,-0.3848107792826879,0.0,0.0
1,4,2024-08,Все категории,-0.15843235300416647,0.0,0.0
1,4,2024-08,Продовольствие,-0.4137305718939681,0.0,0.0
1,4,2024-08,Маркетплейсы,-0.17115355341501703,0.0,0.0
1,4,2024-08,Здоровье,-1.25786944145469,0.0,0.0
1,4,2024-08,Общественное питание,-1.0334722421085314,0.0,0.0
1,4,2024-08,Транспорт,0.4370340461434372,0.0,0.14285714285714285
1,8,2024-08,Все категории,0.5410195291793476,0.0,0.0
1,8,2024-08,Продовольствие,1.8706784110485657,1.0,0.0
1,8,2024-08,Маркетплейсы,-0.7174892971776388,0.0,0.0
1,8,2024-08,Здоровье,1.703596366824935,0.0,0.0
1,8,2024-08,Общественное питание,-0.19247624356042545,0.0,0.0
1,8,2024-08,Транспорт,0.13056217133301518,0.0,0.14285714285714285
4,10,2024-07,Все категории,-0.3009814845215774,0.0,0.0
4,10,2024-07,Продовольствие,-0.07562484622611637,0.0,0.0
4,10,2024-07,Маркетплейсы,0.40105339724715683,0.0,0.0
4,10,2024-07,Здоровье,0.45713247042041705,0.0,0.0
4,10,2024-07,Общественное питание,-1.2929204328619976,0.0,0.1111111111111111
4,10,2024-07,Транспорт,0.3982000577759415,0.0,0.0
4,10,2024-12,Все категории,0.38505971080636703,0.0,0.1111111111111111
4,10,2024-12,Продовольствие,0.26055156802618906,0.0,0.0
4,10,2024-12,Маркетплейсы,0.5152809554159409,0.0,0.1111111111111111
4,10,2024-12,Здоровье,-0.6647916053502148,0.0,0.0
4,10,2024-12,Общественное питание,1.0591239029401656,0.0,0.0
4,10,2024-12,Транспорт,0.3538518158427652,0.0,0.0
4,11,2024-03,Все категории,-0.48134610813779655,0.0,0.125
4,11,2024-03,Продовольствие,-0.46963309351688964,0.0,0.0
4,11,2024-03,Маркетплейсы,-0.9486613662712808,0.0,0.0
4,11,2024-03,Здоровье,-0.1996385031220842,0.0,0.0
4,11,2024-03,Общественное питание,-0.415028366638469,0.0,0.0
4,11,2024-03,Транспорт,-0.5335364446725928,0.0,0.0
4,11,2024-06,Все категории,0.61651575786909,1.0,0.0
4,11,2024-06,Продовольствие,1.105631891258183,0.0,0.0
4,11,2024-06,Маркетплейсы,-0.5654861282000871,0.0,0.0
4,11,2024-06,Здоровье,0.20477797713485163,0.0,0.0
4,11,2024-06,Общественное питание,1.4065902119086908,0.0,0.1111111111111111
4,11,2024-06,Транспорт,1.178623259499972,0.0,0.0
4,11,2024-07,Все категории,-0.01023143899702117,0.0,0.0
4,11,2024-07,Продовольствие,0.6497284718107954,0.0,0.0
4,11,2024-07,Маркетплейсы,-0.42871022911715195,0.0,0.0
4,11,2024-07,Здоровье,1.2546235955230913,0.0,0.0
4,11,2024-07,Общественное питание,-0.06344752913856948,0.0,0.1111111111111111
4,11,2024-07,Транспорт,0.0596927710360276,0.0,0.0
4,11,2024-08,Все категории,-0.4809494198022038,0.0,0.0
4,11,2024-08,Продовольствие,-0.3108836853010537,0.0,0.0
4,11,2024-08,Маркетплейсы,0.15683820202350884,0.0,0.0
4,11,2024-08,Здоровье,-1.0446680496795395,0.0,0.0
4,11,2024-08,Общественное питание,-0.4893846385491486,0.0,0.0
4,11,2024-08,Транспорт,0.1254596972217586,0.0,0.0
4,11,2024-09,Все категории,0.34279262947975964,0.0,0.0
4,11,2024-09,Продовольствие,0.49646166817817694,0.0,0.0
4,11,2024-09,Маркетплейсы,0.6085616712085269,0.0,0.0
4,11,2024-09,Здоровье,-0.9698112973947757,0.0,0.0
4,11,2024-09,Общественное питание,-0.5595993017735152,0.0,0.0
4,11,2024-09,Транспорт,-1.8676272846393362,0.0,0.0
4,11,2024-10,Все категории,0.34764108435606095,1.0,0.1
4,11,2024-10,Продовольствие,1.0254107111138278,0.0,0.0
4,11,2024-10,Маркетплейсы,-0.26691901351829683,0.0,0.2
4,11,2024-10,Здоровье,-2.255584141767404,0.0,0.0
4,11,2024-10,Общественное питание,0.797147435738606,0.0,0.0
4,11,2024-10,Транспорт,0.9658668791727257,0.0,0.0
4,11,2024-12,Все категории,-0.6314253940081438,1.0,0.1111111111111111
4,11,2024-12,Продовольствие,-0.4502171615853926,0.0,0.0
4,11,2024-12,Маркетплейсы,-0.868142968303184,0.0,0.1111111111111111
4,11,2024-12,Здоровье,0.2062791751944329,0.0,0.0
4,11,2024-12,Общественное питание,0.08187885822929564,0.0,0.0
4,11,2024-12,Транспорт,-0.8897962664571857,0.0,0.0
4,14,2024-04,Все категории,0.23846034500413238,0.0,0.1
4,14,2024-04,Продовольствие,0.06036189840234346,0.0,0.0
4,14,2024-04,Маркетплейсы,-0.3704422734096551,0.0,0.1
4,14,2024-04,Здоровье,1.2821960121713036,0.0,0.0
4,14,2024-04,Общественное питание,-0.4650562483457369,0.0,0.0
4,14,2024-04,Транспорт,1.022675071752604,0.0,0.0
4,15,2024-03,Все категории,-0.603131877317616,0.0,0.125
4,15,2024-03,Продовольствие,0.29511941963191934,0.0,0.0
4,15,2024-03,Маркетплейсы,-1.1061898981881928,0.0,0.0
4,15,2024-03,Здоровье,-1.172139590606938,0.0,0.0
4,15,2024-03,Общественное питание,0.3098602236114488,0.0,0.0
4,15,2024-03,Транспорт,-0.8120177417667266,0.0,0.0
4,15,2024-05,Все категории,-0.8524709648634574,0.0,0.1
4,15,2024-05,Продовольствие,-0.40761769469588033,0.0,0.0
4,15,2024-05,Маркетплейсы,-0.6998834276220118,0.0,0.1
4,15,2024-05,Здоровье,-0.3272092751815654,0.0,0.0
4,15,2024-05,Общественное питание,-1.5327459168041175,0.0,0.0
4,15,2024-05,Транспорт,-0.5813189477526313,0.0,0.0
4,18,2024-03,Все категории,-0.05465188080742188,0.0,0.125
4,18,2024-03,Продовольствие,0.24420941777867172,0.0,0.0
4,18,2024-03,Маркетплейсы,-1.182197766440273,0.0,0.0
4,18,2024-03,Здоровье,-0.1742596623132393,0.0,0.0
4,18,2024-03,Общественное питание,-0.5587800914904366,0.0,0.0
4,18,2024-03,Транспорт,-0.6845727339109534,0.0,0.0
4,18,2024-06,Все категории,0.10419423522081633,0.0,0.0
4,18,2024-06,Продовольствие,-0.19873797874458227,0.0,0.0
4,18,2024-06,Маркетплейсы,0.5446330817083909,0.0,0.0
4,18,2024-06,Здоровье,0.11213281922197621,0.0,0.0
4,18,2024-06,Общественное питание,0.3138464702035728,0.0,0.1111111111111111
4,18,2024-06,Транспорт,-0.04216520365916183,0.0,0.0
2,21,2024-03,Все категории,0.12389982328720077,0.0,0.0
2,21,2024-03,Продовольствие,-0.1896196771502957,0.0,0.03333333333333333
2,21,2024-03,Маркетплейсы,1.3639528820299396,0.0,0.03333333333333333
2,21,2024-03,Здоровье,-0.019088038843543487,0.0,0.13333333333333333
2,21,2024-03,Общественное питание,-0.46843522364336715,0.0,0.13333333333333333
2,21,2024-03,Транспорт,-0.20446253802053266,0.0,0.03333333333333333
2,21,2024-04,Все категории,0.5293092033712359,0.0,0.03636363636363636
2,21,2024-04,Продовольствие,-0.29643183213650715,0.0,0.01818181818181818
2,21,2024-04,Маркетплейсы,1.5320311138720775,0.0,0.05454545454545454
2,21,2024-04,Здоровье,1.1207790548903402,0.0,0.09090909090909091
2,21,2024-04,Общественное питание,0.7442836663389442,0.0,0.09090909090909091
2,21,2024-04,Транспорт,0.5586332789923529,0.0,0.03636363636363636
2,21,2024-05,Все категории,-1.1413870148183305,0.0,0.05084745762711865
2,21,2024-05,Продовольствие,-0.31815028890648145,0.0,0.0
2,21,2024-05,Маркетплейсы,0.1393388953889838,0.0,0.03389830508474576
2,21,2024-05,Здоровье,0.0976090790533955,0.0,0.0847457627118644
2,21,2024-05,Общественное питание,0.341697400947467,1.0,0.0847457627118644
2,21,2024-05,Транспорт,-0.35283262038675134,0.0,0.03389830508474576
2,21,2024-06,Все категории,-0.24516089701224728,0.0,0.05
2,21,2024-06,Продовольствие,0.034676458872718904,0.0,0.0
2,21,2024-06,Маркетплейсы,0.794220146960469,0.0,0.016666666666666666
2,21,2024-06,Здоровье,-0.38228115491264436,0.0,0.06666666666666667
2,21,2024-06,Общественное питание,-0.8748514539454346,1.0,0.13333333333333333
2,21,2024-06,Транспорт,0.630003914592867,0.0,0.06666666666666667
2,21,2024-09,Все категории,-0.19942572928096913,0.0,0.06666666666666667
2,21,2024-09,Продовольствие,-0.3826096832857664,0.0,0.0
2,21,2024-09,Маркетплейсы,1.2659512190543023,0.0,0.0
2,21,2024-09,Здоровье,-0.8042076244566505,0.0,0.11666666666666667
2,21,2024-09,Общественное питание,-0.6482618745847053,1.0,0.06666666666666667
2,21,2024-09,Транспорт,-0.8058865463076481,0.0,0.1
2,21,2024-10,Все категории,0.5578730403142496,0.0,0.05
2,21,2024-10,Продовольствие,0.3407197066250097,0.0,0.016666666666666666
2,21,2024-10,Маркетплейсы,1.4153740965368902,0.0,0.0
2,21,2024-10,Здоровье,0.47630798514002326,0.0,0.1
2,21,2024-10,Общественное питание,-0.49291000706633437,1.0,0.06666666666666667
2,21,2024-10,Транспорт,0.2751403944482316,0.0,0.11666666666666667
2,21,2024-11,Все категории,0.6742441415156487,0.0,0.05084745762711865
2,21,2024-11,Продовольствие,0.6169891912971178,0.0,0.03389830508474576
2,21,2024-11,Маркетплейсы,0.8592966736406127,0.0,0.01694915254237288
2,21,2024-11,Здоровье,-0.30352539008298396,0.0,0.06779661016949153
2,21,2024-11,Общественное питание,-0.19795739790579409,0.0,0.06779661016949153
2,21,2024-11,Транспорт,0.33411725209962395,0.0,0.06779661016949153
2,21,2024-12,Все категории,-0.7721515165596835,0.0,0.03389830508474576
2,21,2024-12,Продовольствие,-0.453685512077562,0.0,0.03389830508474576
2,21,2024-12,Маркетплейсы,0.8128227803704529,0.0,0.01694915254237288
2,21,2024-12,Здоровье,-0.7830787032409802,0.0,0.05084745762711865
2,21,2024-12,Общественное питание,-0.2554831995743927,0.0,0.05084745762711865
2,21,2024-12,Транспорт,0.06198764558187453,0.0,0.03389830508474576
2,23,2024-05,Все категории,-1.0829684383618172,0.0,0.05084745762711865
2,23,2024-05,Продовольствие,0.0186464352311195,0.0,0.0
2,23,2024-05,Маркетплейсы,0.8777521338489924,0.0,0.03389830508474576
2,23,2024-05,Здоровье,0.2821006024013624,0.0,0.0847457627118644
2,23,2024-05,Общественное питание,0.1603290518815,0.0,0.0847457627118644
2,23,2024-05,Транспорт,0.23098721563331404,0.0,0.03389830508474576
2,29,2024-07,Все категории,1.0170895527422237,0.0,0.05172413793103448
2,29,2024-07,Продовольствие,0.410133400292594,0.0,0.017241379310344827
2,29,2024-07,Маркетплейсы,1.029717645645796,0.0,0.0
2,29,2024-07,Здоровье,1.087901352936559,0.0,0.13793103448275862
2,29,2024-07,Общественное питание,-0.3209945474793984,1.0,0.1206896551724138
2,29,2024-07,Транспорт,0.11564700203838083,0.0,0.10344827586206896
2,30,2024-07,Все категории,-0.36392481801009646,0.0,0.05172413793103448
2,30,2024-07,Продовольствие,0.3150537431247255,0.0,0.017241379310344827
2,30,2024-07,Маркетплейсы,-1.9789059241265503,0.0,0.0
2,30,2024-07,Здоровье,0.22210518320175543,0.0,0.13793103448275862
2,30,2024-07,Общественное питание,1.7074806686906845,0.0,0.1206896551724138
2,30,2024-07,Транспорт,0.3339846383230475,0.0,0.10344827586206896
2,49,2024-04,Все категории,-0.9689759098346615,0.0,0.03636363636363636
2,49,2024-04,Продовольствие,0.6867643018457853,0.0,0.01818181818181818
2,49,2024-04,Маркетплейсы,-0.7361070387803355,0.0,0.05454545454545454
2,49,2024-04,Здоровье,-0.5813281827393216,0.0,0.09090909090909091
2,49,2024-04,Общественное питание,-0.9494724502416205,0.0,0.09090909090909091
2,49,2024-04,Транспорт,-0.16413913655935022,0.0,0.03636363636363636
2,55,2024-04,Все категории,-0.44408876662594843,0.0,0.03636363636363636
2,55,2024-04,Продовольствие,0.638450331113576,0.0,0.01818181818181818
2,55,2024-04,Маркетплейсы,0.4479977902624199,0.0,0.05454545454545454
2,55,2024-04,Здоровье,-1.6625201728355636,1.0,0.09090909090909091
2,55,2024-04,Общественное питание,-0.7526806892003591,1.0,0.09090909090909091
2,55,2024-04,Транспорт,-0.5823823302754012,0.0,0.03636363636363636
2,61,2024-11,Все категории,1.3282037873930845,0.0,0.05084745762711865
2,61,2024-11,Продовольствие,0.27544409286548655,0.0,0.03389830508474576
2,61,2024-11,Маркетплейсы,0.14634519188492368,0.0,0.01694915254237288
2,61,2024-11,Здоровье,0.8354407850012356,1.0,0.06779661016949153
2,61,2024-11,Общественное питание,1.85091313966733,0.0,0.06779661016949153
2,61,2024-11,Транспорт,-1.818602416703059,1.0,0.06779661016949153
2,65,2024-04,Все категории,0.06695981457923061,0.0,0.03636363636363636
2,65,2024-04,Продовольствие,0.25463125408779963,0.0,0.01818181818181818
2,65,2024-04,Маркетплейсы,-0.20628212431424764,0.0,0.05454545454545454
2,65,2024-04,Здоровье,0.5416211524254543,0.0,0.09090909090909091
2,65,2024-04,Общественное питание,0.15754624641072548,0.0,0.09090909090909091
2,65,2024-04,Транспорт,0.5116586656668711,0.0,0.03636363636363636
2,67,2024-04,Все категории,-0.37750894591676915,0.0,0.03636363636363636
2,67,2024-04,Продовольствие,0.8202368409089403,0.0,0.01818181818181818
2,67,2024-04,Маркетплейсы,0.15135874586847775,0.0,0.05454545454545454
2,67,2024-04,Здоровье,0.37889217756263593,0.0,0.09090909090909091
2,67,2024-04,Общественное питание,1.2157303872298382,0.0,0.09090909090909091
2,67,2024-04,Транспорт,0.750497621124165,0.0,0.03636363636363636
2,75,2024-12,Все категории,-1.2381107273764373,0.0,0.03389830508474576
2,75,2024-12,Продовольствие,-0.9133811777387337,0.0,0.03389830508474576
2,75,2024-12,Маркетплейсы,0.7994068321737595,0.0,0.01694915254237288
2,75,2024-12,Здоровье,-0.4492067180664928,0.0,0.05084745762711865
2,75,2024-12,Общественное питание,-0.2851885868098192,0.0,0.05084745762711865
2,75,2024-12,Транспорт,-0.12397052356729021,0.0,0.03389830508474576
2,77,2024-07,Все категории,0.6536052723225411,0.0,0.05172413793103448
2,77,2024-07,Продовольствие,0.3397363927044815,0.0,0.017241379310344827
2,77,2024-07,Маркетплейсы,2.613226445308518,0.0,0.0
2,77,2024-07,Здоровье,-1.4667870774778042,1.0,0.13793103448275862
2,77,2024-07,Общественное питание,-0.0919810944899237,0.0,0.1206896551724138
2,77,2024-07,Транспорт,0.25669029647186586,0.0,0.10344827586206896
2,81,2024-04,Все категории,0.08264732854816259,0.0,0.03636363636363636
2,81,2024-04,Продовольствие,-0.12070649560371136,0.0,0.01818181818181818
2,81,2024-04,Маркетплейсы,-0.18462858544394223,0.0,0.05454545454545454
2,81,2024-04,Здоровье,-0.29214266973250225,0.0,0.09090909090909091
2,81,2024-04,Общественное питание,-0.4807820691113518,0.0,0.09090909090909091
2,81,2024-04,Транспорт,-0.669524121895549,0.0,0.03636363636363636
7,167,2024-04,Все категории,0.3943734106782183,0.0,0.0
7,167,2024-04,Продовольствие,-0.4183787367039855,0.0,0.0
7,167,2024-04,Маркетплейсы,0.35335455918037884,0.0,0.0
7,167,2024-04,Здоровье,-0.14490104726961517,0.0,0.0
7,167,2024-04,Общественное питание,1.0067522969773357,1.0,0.0
7,167,2024-04,Транспорт,-0.09767142918972715,0.0,0.0
7,167,2024-05,Все категории,0.34978845137822806,0.0,0.0
7,167,2024-05,Продовольствие,1.0513490849624882,0.0,0.0
7,167,2024-05,Маркетплейсы,-0.4259314307053418,0.0,0.0
7,167,2024-05,Здоровье,-0.3544922212583701,0.0,0.0
7,167,2024-05,Общественное питание,0.36995188663776923,1.0,0.0
7,167,2024-05,Транспорт,0.14897174678356706,0.0,0.0
7,167,2024-10,Все категории,-0.3104218506682783,0.0,0.0
7,167,2024-10,Продовольствие,0.1160014900033504,0.0,0.0
7,167,2024-10,Маркетплейсы,0.7311819970140219,0.0,0.0
7,167,2024-10,Здоровье,1.037644682407395,0.0,0.0
7,167,2024-10,Общественное питание,0.03824745044649121,0.0,0.0
7,167,2024-10,Транспорт,0.7104344373572328,0.0,0.0
7,167,2024-12,Все категории,-0.3366077822650204,0.0,0.0
7,167,2024-12,Продовольствие,-0.0032943457629104334,0.0,0.3333333333333333
7,167,2024-12,Маркетплейсы,-0.019641605545833274,0.0,0.0
7,167,2024-12,Здоровье,-0.380655834384106,0.0,0.0
7,167,2024-12,Общественное питание,-0.094681027182971,0.0,0.0
7,167,2024-12,Транспорт,-0.5527303504098775,0.0,0.0
8,181,2024-08,Все категории,-0.5063101088324079,0.0,0.3333333333333333
8,181,2024-08,Продовольствие,0.19344942111113228,0.0,0.0
8,181,2024-08,Маркетплейсы,1.0049111560086013,1.0,0.0
8,181,2024-08,Здоровье,-1.0042976872049034,0.0,0.0
8,181,2024-08,Общественное питание,1.3251877465882909,0.0,0.0
8,181,2024-08,Транспорт,-0.556970998856224,0.0,0.0
8,181,2024-09,Все категории,0.7921394010909893,0.0,0.0
8,181,2024-09,Продовольствие,0.14331429730958267,0.0,0.0
8,181,2024-09,Маркетплейсы,1.23484617719785,1.0,0.0
8,181,2024-09,Здоровье,-0.8960411411217217,0.0,0.25
8,181,2024-09,Общественное питание,0.23671577971010271,0.0,0.0
8,181,2024-09,Транспорт,-1.5013771862849423,0.0,0.0
8,181,2024-12,Все категории,-0.2899330579061422,0.0,0.25
8,181,2024-12,Продовольствие,-1.0516617988661767,0.0,0.0
8,181,2024-12,Маркетплейсы,-0.6440468824878116,0.0,0.0
8,181,2024-12,Здоровье,1.436693148145779,0.0,0.0
8,181,2024-12,Общественное питание,0.613303715628897,0.0,0.25
8,181,2024-12,Транспорт,0.15680774074142811,0.0,0.0
8,184,2024-06,Все категории,-0.04861595769526539,0.0,0.0
8,184,2024-06,Продовольствие,0.04457804805585308,0.0,0.0
8,184,2024-06,Маркетплейсы,1.379968635533568,0.0,0.0
8,184,2024-06,Здоровье,0.7723306451014191,0.0,0.0
8,184,2024-06,Общественное питание,-0.31605249207172725,1.0,0.0
8,184,2024-06,Транспорт,-0.6422483131447715,0.0,0.0
8,185,2024-08,Все категории,-0.8248788051356704,0.0,0.3333333333333333
8,185,2024-08,Продовольствие,-0.4033473768073952,0.0,0.0
8,185,2024-08,Маркетплейсы,0.262049248461129,0.0,0.0
8,185,2024-08,Здоровье,-1.4330255655526762,0.0,0.0
8,185,2024-08,Общественное питание,1.2826155145019598,0.0,0.0
8,185,2024-08,Транспорт,0.8935583157578254,0.0,0.0
8,188,2024-02,Все категории,0.020254766680405212,0.0,0.25
8,188,2024-02,Продовольствие,0.09535707605503639,0.0,0.0
8,188,2024-02,Маркетплейсы,0.013468994942675283,0.0,0.25
8,188,2024-02,Здоровье,-1.5793518908363406,0.0,0.0
8,188,2024-02,Общественное питание,-2.0686077247180643,0.0,0.0
8,188,2024-02,Транспорт,-0.8539400922610034,0.0,0.0
8,188,2024-11,Все категории,-1.3270824509064938,1.0,0.0
8,188,2024-11,Продовольствие,-0.5434663838780822,0.0,0.0
8,188,2024-11,Маркетплейсы,-0.6604216158637289,0.0,0.0
8,188,2024-11,Здоровье,1.3969928633263882,0.0,0.0
8,188,2024-11,Общественное питание,-0.2642647531691418,0.0,0.25
8,188,2024-11,Транспорт,1.6418607890407801,1.0,0.0
8,191,2024-04,Все категории,0.7190747894248692,0.0,0.0
8,191,2024-04,Продовольствие,-0.09784829287886643,0.0,0.0
8,191,2024-04,Маркетплейсы,0.751818657550811,0.0,0.0
8,191,2024-04,Здоровье,0.03351149635031905,0.0,0.0
8,191,2024-04,Общественное питание,-0.09519909050495934,0.0,0.25
8,191,2024-04,Транспорт,-0.24174406890835237,0.0,0.0
8,191,2024-05,Все категории,0.9810270339838971,0.0,0.0
8,191,2024-05,Продовольствие,-0.2976123548416026,0.0,0.0
8,191,2024-05,Маркетплейсы,0.5889703287599506,0.0,0.0
8,191,2024-05,Здоровье,0.5855381964399592,0.0,0.0
8,191,2024-05,Общественное питание,0.3590708087923207,0.0,0.0
8,191,2024-05,Транспорт,1.1616923600729672,0.0,0.0
9,194,2024-04,Все категории,0.9463037274786785,0.0,0.0
9,194,2024-04,Продовольствие,-0.40882480378983976,0.0,0.0
9,194,2024-04,Маркетплейсы,1.0684710094333347,0.0,0.16666666666666666
9,194,2024-04,Здоровье,0.07182394101029854,0.0,0.0
9,194,2024-04,Общественное питание,1.018041402587195,1.0,0.0
9,194,2024-04,Транспорт,0.7059588756343854,0.0,0.16666666666666666
9,194,2024-05,Все категории,-0.49819106897744114,0.0,0.0
9,194,2024-05,Продовольствие,-0.91744763344763,0.0,0.0
9,194,2024-05,Маркетплейсы,-0.18869248830335372,0.0,0.16666666666666666
9,194,2024-05,Здоровье,0.10298438930158221,0.0,0.0
9,194,2024-05,Общественное питание,-0.03530916519315408,1.0,0.0
9,194,2024-05,Транспорт,-0.5284384664448922,0.0,0.16666666666666666
9,204,2024-04,Все категории,1.4450833334002828,0.0,0.0
9,204,2024-04,Продовольствие,0.14851777982440315,0.0,0.0
9,204,2024-04,Маркетплейсы,2.34252018905641,0.0,0.16666666666666666
9,204,2024-04,Здоровье,-0.38482754213951975,0.0,0.0
9,204,2024-04,Общественное питание,0.4014113999587312,0.0,0.0
9,204,2024-04,Транспорт,0.43996471871297826,0.0,0.16666666666666666
9,205,2024-05,Все категории,0.8180334666623953,0.0,0.0
9,205,2024-05,Продовольствие,0.5444130740707359,0.0,0.0
9,205,2024-05,Маркетплейсы,-0.6287923217336454,0.0,0.16666666666666666
9,205,2024-05,Здоровье,-0.08014845512500002,0.0,0.0
9,205,2024-05,Общественное питание,0.036025270167932666,0.0,0.0
9,205,2024-05,Транспорт,0.6716179005542363,0.0,0.16666666666666666
10,208,2024-05,Все категории,0.19622862597179547,0.0,0.07142857142857142
10,208,2024-05,Продовольствие,1.1510195371671028,0.0,0.07142857142857142
10,208,2024-05,Маркетплейсы,0.3272218620384475,0.0,0.21428571428571427
10,208,2024-05,Здоровье,0.853521839292131,0.0,0.07142857142857142
10,208,2024-05,Общественное питание,-0.9661163617932642,0.0,0.0
10,208,2024-05,Транспорт,-0.48261200850832014,0.0,0.21428571428571427
10,211,2024-05,Все категории,0.011088278896176584,0.0,0.07142857142857142
10,211,2024-05,Продовольствие,-0.6654821640441266,0.0,0.07142857142857142
10,211,2024-05,Маркетплейсы,-0.5391139090227741,0.0,0.21428571428571427
10,211,2024-05,Здоровье,-0.053418704870481865,0.0,0.07142857142857142
10,211,2024-05,Общественное питание,0.05139700033272171,0.0,0.0
10,211,2024-05,Транспорт,0.8940967096755531,1.0,0.21428571428571427
10,221,2024-05,Все категории,0.23349437965999642,0.0,0.07142857142857142
10,221,2024-05,Продовольствие,0.37209977713842823,0.0,0.07142857142857142
10,221,2024-05,Маркетплейсы,-0.047459442946868435,0.0,0.21428571428571427
10,221,2024-05,Здоровье,-0.47131125025962617,0.0,0.07142857142857142
10,221,2024-05,Общественное питание,-1.0839883011716214,0.0,0.0
10,221,2024-05,Транспорт,0.5044386058269678,0.0,0.21428571428571427
10,223,2024-05,Все категории,-0.36546720620098344,0.0,0.07142857142857142
10,223,2024-05,Продовольствие,0.2786166098811103,0.0,0.07142857142857142
10,223,2024-05,Маркетплейсы,-0.6262899851581724,0.0,0.21428571428571427
10,223,2024-05,Здоровье,0.45371449476980075,0.0,0.07142857142857142
10,223,2024-05,Общественное питание,0.48121372733421525,0.0,0.0
10,223,2024-05,Транспорт,0.5340535784103647,0.0,0.21428571428571427
11,224,2024-03,Все категории,0.045672799830903055,0.0,0.0
11,224,2024-03,Продовольствие,0.026460478811758087,0.0,0.0
11,224,2024-03,Маркетплейсы,0.7542385159485083,0.0,0.0
11,224,2024-03,Здоровье,-0.07308141540518703,0.0,0.0
11,224,2024-03,Общественное питание,-0.08294434609129298,0.0,0.0
11,224,2024-03,Транспорт,-0.5151205415085381,0.0,0.0
11,224,2024-05,Все категории,0.0013588568816237934,0.0,0.10526315789473684
11,224,2024-05,Продовольствие,0.0395975927359552,0.0,0.05263157894736842
11,224,2024-05,Маркетплейсы,0.17300901325716755,0.0,0.21052631578947367
11,224,2024-05,Здоровье,-0.3009297601699858,0.0,0.0
11,224,2024-05,Общественное питание,-0.37589182292048195,0.0,0.0
11,224,2024-05,Транспорт,0.5654689271679123,0.0,0.10526315789473684
11,226,2024-04,Все категории,0.23396394444680368,0.0,0.10526315789473684
11,226,2024-04,Продовольствие,1.5509695102673349,1.0,0.0
11,226,2024-04,Маркетплейсы,-1.8447528239715427,0.0,0.10526315789473684
11,226,2024-04,Здоровье,-0.2908967173011163,0.0,0.0
11,226,2024-04,Общественное питание,0.47393952790212623,0.0,0.0
11,226,2024-04,Транспорт,-1.5726584846651155,0.0,0.10526315789473684
12,274,2024-04,Все категории,0.6600850939762973,0.0,0.0
12,274,2024-04,Продовольствие,-0.003923109537212144,0.0,0.0
12,274,2024-04,Маркетплейсы,1.6189109870036313,0.0,0.0
12,274,2024-04,Здоровье,0.04025555072676634,0.0,0.0
12,274,2024-04,Общественное питание,0.35758958125810847,0.0,0.0
12,274,2024-04,Транспорт,-0.36882413520087765,0.0,0.1875
14,309,2024-04,Все категории,0.0732061836604383,0.0,0.04
14,309,2024-04,Продовольствие,-0.05118871739506309,0.0,0.16
14,309,2024-04,Маркетплейсы,0.7012905791051871,0.0,0.04
14,309,2024-04,Здоровье,0.9308169652312667,0.0,0.08
14,309,2024-04,Общественное питание,0.01664591126641783,0.0,0.08
14,309,2024-04,Транспорт,-0.7045586107647931,1.0,0.08
14,309,2024-05,Все категории,-0.27393193448121095,0.0,0.125
14,309,2024-05,Продовольствие,-0.11601551306834798,0.0,0.125
14,309,2024-05,Маркетплейсы,0.4258947165250744,0.0,0.041666666666666664
14,309,2024-05,Здоровье,-0.05162234606414118,0.0,0.08333333333333333
14,309,2024-05,Общественное питание,-0.2599197343222862,0.0,0.041666666666666664
14,309,2024-05,Транспорт,-0.6196635092807239,1.0,0.08333333333333333
14,312,2024-03,Все категории,0.6512452038898046,0.0,0.03571428571428571
14,312,2024-03,Продовольствие,0.23001253035857688,0.0,0.07142857142857142
14,312,2024-03,Маркетплейсы,-0.07145440145841242,0.0,0.0
14,312,2024-03,Здоровье,0.040401115772819574,0.0,0.0
14,312,2024-03,Общественное питание,-0.036899226562513376,0.0,0.0
14,312,2024-03,Транспорт,0.12423591539604009,0.0,0.03571428571428571
14,319,2024-04,Все категории,-0.0860921031640918,0.0,0.04
14,319,2024-04,Продовольствие,-0.18048275323389026,0.0,0.16
14,319,2024-04,Маркетплейсы,0.10276683318022362,0.0,0.04
14,319,2024-04,Здоровье,0.8370969092388082,0.0,0.08
14,319,2024-04,Общественное питание,0.2535693339731205,0.0,0.08
14,319,2024-04,Транспорт,1.1255480879395703,1.0,0.08
14,323,2024-04,Все категории,-0.48640355760015885,0.0,0.04
14,323,2024-04,Продовольствие,-0.08775592628491269,0.0,0.16
14,323,2024-04,Маркетплейсы,0.7018118214057201,0.0,0.04
14,323,2024-04,Здоровье,0.46101906042026985,0.0,0.08
14,323,2024-04,Общественное питание,-0.7694288995723673,0.0,0.08
14,323,2024-04,Транспорт,0.19257876739658925,0.0,0.08
14,325,2024-05,Все категории,0.8079972740164229,0.0,0.125
14,325,2024-05,Продовольствие,0.022125444072394085,0.0,0.125
14,325,2024-05,Маркетплейсы,1.1181047747661974,0.0,0.041666666666666664
14,325,2024-05,Здоровье,0.022905067408080182,0.0,0.08333333333333333
14,325,2024-05,Общественное питание,1.6146206264266176,0.0,0.041666666666666664
14,325,2024-05,Транспорт,1.7070278446532559,0.0,0.08333333333333333
14,329,2024-05,Все категории,-0.38645586019293127,0.0,0.125
14,329,2024-05,Продовольствие,-0.4838527842950121,0.0,0.125
14,329,2024-05,Маркетплейсы,-1.1206822171202957,0.0,0.041666666666666664
14,329,2024-05,Здоровье,0.5306098394836207,0.0,0.08333333333333333
14,329,2024-05,Общественное питание,-0.35260744764257435,1.0,0.041666666666666664
14,329,2024-05,Транспорт,0.37010869453337725,1.0,0.08333333333333333
14,333,2024-04,Все категории,-0.2383109197192086,0.0,0.04
14,333,2024-04,Продовольствие,0.5730405925419524,0.0,0.16
14,333,2024-04,Маркетплейсы,-0.33734885317269625,0.0,0.04
14,333,2024-04,Здоровье,0.21279208668082306,0.0,0.08
14,333,2024-04,Общественное питание,-0.5022197388724274,0.0,0.08
14,333,2024-04,Транспорт,-0.5687814977934612,0.0,0.08
14,333,2024-05,Все категории,0.048660010158921185,0.0,0.125
14,333,2024-05,Продовольствие,-0.31019607578286423,0.0,0.125
14,333,2024-05,Маркетплейсы,-0.9601152019056982,0.0,0.041666666666666664
14,333,2024-05,Здоровье,-0.5545131507456871,0.0,0.08333333333333333
14,333,2024-05,Общественное питание,0.3932496366961714,0.0,0.041666666666666664
14,333,2024-05,Транспорт,0.36159655967549664,0.0,0.08333333333333333
14,335,2024-05,Все категории,-1.0081872052481282,0.0,0.125
14,335,2024-05,Продовольствие,-0.25198761536332326,0.0,0.125
14,335,2024-05,Маркетплейсы,-1.3833698327036348,0.0,0.041666666666666664
14,335,2024-05,Здоровье,-0.3217930705898,0.0,0.08333333333333333
14,335,2024-05,Общественное питание,-0.3260111449805444,0.0,0.041666666666666664
14,335,2024-05,Транспорт,-0.23509121578527759,0.0,0.08333333333333333
15,345,2024-03,Все категории,-0.4552925101153651,0.0,0.0
15,345,2024-03,Продовольствие,-1.3476085659100439,0.0,0.0
15,345,2024-03,Маркетплейсы,0.29590100149007625,0.0,0.0
15,345,2024-03,Здоровье,0.2892709480113198,0.0,0.0
15,345,2024-03,Общественное питание,0.09772409070267385,0.0,0.0
15,345,2024-03,Транспорт,-0.3160341659218802,0.0,0.0
15,346,2024-04,Все категории,-1.3836295879660936,0.0,0.0
15,346,2024-04,Продовольствие,-0.8242465942849728,0.0,0.0
15,346,2024-04,Маркетплейсы,-1.3538092544758884,0.0,0.0
15,346,2024-04,Здоровье,0.6449278327331445,0.0,0.0
15,346,2024-04,Общественное питание,-1.1063085059625457,0.0,0.0
15,346,2024-04,Транспорт,-2.410909306107127,0.0,0.0
16,354,2024-05,Все категории,-0.8457587111747094,0.0,0.02702702702702703
16,354,2024-05,Продовольствие,0.17272178656385662,0.0,0.0
16,354,2024-05,Маркетплейсы,-0.14867254642363537,0.0,0.05405405405405406
16,354,2024-05,Здоровье,-0.6277132042346466,0.0,0.05405405405405406
16,354,2024-05,Общественное питание,0.42243927968567113,0.0,0.0
16,354,2024-05,Транспорт,-0.18850293612477614,0.0,0.0
16,373,2024-05,Все категории,0.20884380691175614,0.0,0.02702702702702703
16,373,2024-05,Продовольствие,0.48722503064172606,0.0,0.0
16,373,2024-05,Маркетплейсы,1.2613716837268578,0.0,0.05405405405405406
16,373,2024-05,Здоровье,0.03881694448487499,0.0,0.05405405405405406
16,373,2024-05,Общественное питание,0.4153889140567478,0.0,0.0
16,373,2024-05,Транспорт,0.5281021087887229,0.0,0.0
16,374,2024-04,Все категории,-0.5760324545053404,0.0,0.023809523809523808
16,374,2024-04,Продовольствие,-0.15722630109858315,0.0,0.0
16,374,2024-04,Маркетплейсы,-0.3449983565790169,0.0,0.047619047619047616
16,374,2024-04,Здоровье,-0.6908629357451341,0.0,0.09523809523809523
16,374,2024-04,Общественное питание,0.4694582979010122,0.0,0.0
16,374,2024-04,Транспорт,-0.3745382952391163,0.0,0.023809523809523808
16,374,2024-05,Все категории,0.07312148283530162,0.0,0.02702702702702703
16,374,2024-05,Продовольствие,0.541767775281129,0.0,0.0
16,374,2024-05,Маркетплейсы,-0.2645702245394176,0.0,0.05405405405405406
16,374,2024-05,Здоровье,-0.22964630726748003,0.0,0.05405405405405406
16,374,2024-05,Общественное питание,1.532416043590313,0.0,0.0
16,374,2024-05,Транспорт,0.34198908958099616,0.0,0.0
16,379,2024-05,Все категории,-0.5456060535743228,0.0,0.02702702702702703
16,379,2024-05,Продовольствие,-0.678090426869415,0.0,0.0
16,379,2024-05,Маркетплейсы,-0.530805278038633,0.0,0.05405405405405406
16,379,2024-05,Здоровье,-0.864028756499842,0.0,0.05405405405405406
16,379,2024-05,Общественное питание,0.33980751623085376,0.0,0.0
16,379,2024-05,Транспорт,-0.959241438528288,0.0,0.0
16,387,2024-05,Все категории,0.27886918722155307,0.0,0.02702702702702703
16,387,2024-05,Продовольствие,-0.375400750539761,0.0,0.0
16,387,2024-05,Маркетплейсы,-0.17706097212569238,0.0,0.05405405405405406
16,387,2024-05,Здоровье,0.00042462102057803583,0.0,0.05405405405405406
16,387,2024-05,Общественное питание,1.0725655977197426,0.0,0.0
16,387,2024-05,Транспорт,0.5414422000407924,0.0,0.0
16,395,2024-05,Все категории,1.117660254582777,0.0,0.02702702702702703
16,395,2024-05,Продовольствие,0.26589229885053295,0.0,0.0
16,395,2024-05,Маркетплейсы,-0.05329807130672526,0.0,0.05405405405405406
16,395,2024-05,Здоровье,0.6290905081408935,0.0,0.05405405405405406
16,395,2024-05,Общественное питание,-2.0685984462988274,0.0,0.0
16,395,2024-05,Транспорт,-0.6641012446938049,0.0,0.0
17,414,2024-05,Все категории,-0.0009051418581993986,0.0,0.1111111111111111
17,414,2024-05,Продовольствие,-0.5430305897787021,0.0,0.0
17,414,2024-05,Маркетплейсы,0.21136068935340036,1.0,0.0
17,414,2024-05,Здоровье,0.14575807924665207,0.0,0.0
17,414,2024-05,Общественное питание,-0.9120910685222965,0.0,0.0
17,414,2024-05,Транспорт,1.8511901381953428,0.0,0.0
18,418,2024-04,Все категории,0.1567076386719417,0.0,0.07692307692307693
18,418,2024-04,Продовольствие,-0.06754793581312982,0.0,0.0
18,418,2024-04,Маркетплейсы,0.6644861182875021,0.0,0.038461538461538464
18,418,2024-04,Здоровье,1.0400195102641083,0.0,0.0
18,418,2024-04,Общественное питание,0.252428779168714,0.0,0.0
18,418,2024-04,Транспорт,0.1300665875786755,0.0,0.038461538461538464
18,418,2024-05,Все категории,-0.6837249349077392,0.0,0.0
18,418,2024-05,Продовольствие,0.07117627885296868,0.0,0.05
18,418,2024-05,Маркетплейсы,0.5842641438528533,0.0,0.05
18,418,2024-05,Здоровье,-0.3451506266611139,0.0,0.0
18,418,2024-05,Общественное питание,-0.2941487969787871,1.0,0.05
18,418,2024-05,Транспорт,-0.22114302862379098,0.0,0.0
18,419,2024-05,Все категории,-0.68596345839726,0.0,0.0
18,419,2024-05,Продовольствие,-0.0895064646858314,0.0,0.05
18,419,2024-05,Маркетплейсы,0.046031228320586925,0.0,0.05
18,419,2024-05,Здоровье,-0.7357896259307208,0.0,0.0
18,419,2024-05,Общественное питание,-0.2968449576538957,0.0,0.05
18,419,2024-05,Транспорт,0.2595193273943117,0.0,0.0
18,420,2024-05,Все категории,0.39607090573983295,0.0,0.0
18,420,2024-05,Продовольствие,0.3503889007427426,0.0,0.05
18,420,2024-05,Маркетплейсы,0.8916607851148719,0.0,0.05
18,420,2024-05,Здоровье,-0.32391945970819364,0.0,0.0
18,420,2024-05,Общественное питание,0.15977674256303298,0.0,0.05
18,420,2024-05,Транспорт,0.45984813196832963,1.0,0.0
18,421,2024-05,Все категории,-0.1801809307472339,0.0,0.0
18,421,2024-05,Продовольствие,0.5083963731336998,0.0,0.05
18,421,2024-05,Маркетплейсы,0.23555070047810345,0.0,0.05
18,421,2024-05,Здоровье,-1.2920968983619847,0.0,0.0
18,421,2024-05,Общественное питание,-0.7064338573888571,0.0,0.05
18,421,2024-05,Транспорт,0.1420773508827361,0.0,0.0
18,435,2024-05,Все категории,0.44976909100999674,0.0,0.0
18,435,2024-05,Продовольствие,-0.20326810176306814,0.0,0.05
18,435,2024-05,Маркетплейсы,0.05837590558714145,0.0,0.05
18,435,2024-05,Здоровье,0.5731999061329045,0.0,0.0
18,435,2024-05,Общественное питание,0.1366798213502337,0.0,0.05
18,435,2024-05,Транспорт,-0.6824886039539338,1.0,0.0
18,442,2024-05,Все категории,0.2259319556421599,0.0,0.0
18,442,2024-05,Продовольствие,-0.0343427959016924,0.0,0.05
18,442,2024-05,Маркетплейсы,1.3032112522151167,0.0,0.05
18,442,2024-05,Здоровье,-0.4528775551539444,0.0,0.0
18,442,2024-05,Общественное питание,0.7096615840851872,0.0,0.05
18,442,2024-05,Транспорт,-0.8615071926966291,0.0,0.0
18,447,2024-05,Все категории,0.41449361576145227,0.0,0.0
18,447,2024-05,Продовольствие,-0.3545298298670538,0.0,0.05
18,447,2024-05,Маркетплейсы,0.7333365784140393,0.0,0.05
18,447,2024-05,Здоровье,0.07032714106010488,1.0,0.0
18,447,2024-05,Общественное питание,1.461021139676476,0.0,0.05
18,447,2024-05,Транспорт,-0.3877298921302947,0.0,0.0
19,448,2024-04,Все категории,-0.0815978007008898,0.0,0.0
19,448,2024-04,Продовольствие,0.09643832964276261,0.0,0.0
19,448,2024-04,Маркетплейсы,0.6289402420612864,0.0,0.0
19,448,2024-04,Здоровье,0.9547685224022541,0.0,0.1
19,448,2024-04,Общественное питание,0.1981689442995399,0.0,0.0
19,448,2024-04,Транспорт,0.007282288755754263,0.0,0.5
19,448,2024-05,Все категории,-0.26825782671638027,0.0,0.0
19,448,2024-05,Продовольствие,-0.13742669626139387,0.0,0.0
19,448,2024-05,Маркетплейсы,0.9396354133174898,0.0,0.0
19,448,2024-05,Здоровье,-0.985342364969847,0.0,0.1111111111111111
19,448,2024-05,Общественное питание,0.4536154784267744,0.0,0.0
19,448,2024-05,Транспорт,-0.6328279560199713,0.0,0.1111111111111111
19,449,2024-04,Все категории,0.969010198956576,0.0,0.0
19,449,2024-04,Продовольствие,1.1237713854246334,0.0,0.0
19,449,2024-04,Маркетплейсы,0.5707269977793821,0.0,0.0
19,449,2024-04,Здоровье,1.832740024678468,0.0,0.1
19,449,2024-04,Общественное питание,0.0011410845655968893,0.0,0.0
19,449,2024-04,Транспорт,1.1788446730659765,0.0,0.5
19,450,2024-05,Все категории,-1.2812580405463447,0.0,0.0
19,450,2024-05,Продовольствие,-0.783091953665624,0.0,0.0
19,450,2024-05,Маркетплейсы,0.04201459065426777,0.0,0.0
19,450,2024-05,Здоровье,-1.0534419052532795,0.0,0.1111111111111111
19,450,2024-05,Общественное питание,-1.0782688918487868,0.0,0.0
19,450,2024-05,Транспорт,0.4406433253479233,0.0,0.1111111111111111
19,453,2024-05,Все категории,1.105091447468694,0.0,0.0
19,453,2024-05,Продовольствие,-0.6323102448469321,0.0,0.0
19,453,2024-05,Маркетплейсы,3.3790614861031196,0.0,0.0
19,453,2024-05,Здоровье,0.20088111838400335,0.0,0.1111111111111111
19,453,2024-05,Общественное питание,0.7548078451295939,0.0,0.0
19,453,2024-05,Транспорт,-0.18881414192549673,0.0,0.1111111111111111
21,478,2024-03,Все категории,0.7185008179533668,0.0,0.0
21,478,2024-03,Продовольствие,0.12592823997955988,0.0,0.0
21,478,2024-03,Маркетплейсы,2.118267791442637,0.0,0.0
21,478,2024-03,Здоровье,-0.1019504721567226,0.0,0.0
21,478,2024-03,Общественное питание,-0.41068703312402316,0.0,0.0
21,478,2024-03,Транспорт,0.38707587570193525,0.0,0.05263157894736842
21,478,2024-04,Все категории,-0.44493159278939043,0.0,0.0
21,478,2024-04,Продовольствие,-0.4089027162755434,0.0,0.0
21,478,2024-04,Маркетплейсы,1.2094374917291566,0.0,0.0
21,478,2024-04,Здоровье,0.9814498609019646,0.0,0.047619047619047616
21,478,2024-04,Общественное питание,0.8411791630130292,0.0,0.0
21,478,2024-04,Транспорт,0.4645748159301048,0.0,0.047619047619047616
21,478,2024-05,Все категории,-0.13248959927474846,0.0,0.0
21,478,2024-05,Продовольствие,0.38188797378381356,0.0,0.0
21,478,2024-05,Маркетплейсы,0.7999757390661919,0.0,0.0
21,478,2024-05,Здоровье,-0.24259374094853098,0.0,0.047619047619047616
21,478,2024-05,Общественное питание,0.8743672517214256,0.0,0.047619047619047616
21,478,2024-05,Транспорт,0.6274578440184448,0.0,0.047619047619047616
21,479,2024-03,Все категории,0.5310092364817769,0.0,0.0
21,479,2024-03,Продовольствие,0.6826516967686351,0.0,0.0
21,479,2024-03,Маркетплейсы,0.7030202128196555,0.0,0.0
21,479,2024-03,Здоровье,-0.524713818693313,0.0,0.0
21,479,2024-03,Общественное питание,0.9294068192457066,0.0,0.0
21,479,2024-03,Транспорт,0.5726951828963815,0.0,0.05263157894736842
21,479,2024-05,Все категории,-0.28116008871051035,0.0,0.0
21,479,2024-05,Продовольствие,0.29564621574804617,0.0,0.0
21,479,2024-05,Маркетплейсы,-0.3564259964355069,0.0,0.0
21,479,2024-05,Здоровье,0.41992360350573266,1.0,0.047619047619047616
21,479,2024-05,Общественное питание,1.331123879400853,0.0,0.047619047619047616
21,479,2024-05,Транспорт,1.1848126038430904,0.0,0.047619047619047616
21,487,2024-03,Все категории,-0.9580248031334638,0.0,0.0
21,487,2024-03,Продовольствие,-1.5605083545967942,0.0,0.0
21,487,2024-03,Маркетплейсы,1.3054096413124143,0.0,0.0
21,487,2024-03,Здоровье,-0.14285823102287953,0.0,0.0
21,487,2024-03,Общественное питание,-1.7563026181043382,0.0,0.0
21,487,2024-03,Транспорт,-2.2990193318966616,0.0,0.05263157894736842
21,496,2024-04,Все категории,-0.910056099357927,0.0,0.0
21,496,2024-04,Продовольствие,-0.8588162037312964,0.0,0.0
21,496,2024-04,Маркетплейсы,-0.7428840991116736,0.0,0.0
21,496,2024-04,Здоровье,0.7996464774787779,0.0,0.047619047619047616
21,496,2024-04,Общественное питание,-0.2954263153847109,0.0,0.0
21,496,2024-04,Транспорт,-1.4846748946062742,0.0,0.047619047619047616
21,497,2024-03,Все категории,0.609505823295678,0.0,0.0
21,497,2024-03,Продовольствие,1.1033773488759726,0.0,0.0
21,497,2024-03,Маркетплейсы,1.0974831536762033,0.0,0.0
21,497,2024-03,Здоровье,0.3034180872004078,0.0,0.0
21,497,2024-03,Общественное питание,0.2149253192376774,1.0,0.0
21,497,2024-03,Транспорт,1.224652699530266,0.0,0.05263157894736842
41,608,2024-04,Все категории,0.3768022320097736,0.0,0.0
41,608,2024-04,Продовольствие,0.06210927516042375,0.0,0.0
41,608,2024-04,Маркетплейсы,0.5682368521035086,0.0,0.2857142857142857
41,608,2024-04,Здоровье,1.7546821413381264,0.0,0.0
41,608,2024-04,Общественное питание,-0.48698185295268226,0.0,0.0
41,608,2024-04,Транспорт,0.5892665278355911,0.0,0.0
41,608,2024-05,Все категории,0.09061062224175254,0.0,0.0
41,608,2024-05,Продовольствие,0.45911423875231405,0.0,0.0
41,608,2024-05,Маркетплейсы,0.34759809190193747,0.0,0.25
41,608,2024-05,Здоровье,-0.16787629638701296,0.0,0.0
41,608,2024-05,Общественное питание,0.5133296120641004,0.0,0.0
41,608,2024-05,Транспорт,0.3266599348608402,0.0,0.0
41,608,2024-08,Все категории,-0.8535351580999707,0.0,0.0
41,608,2024-08,Продовольствие,-0.3945532324415584,0.0,0.0
41,608,2024-08,Маркетплейсы,-0.47231706858133915,0.0,0.125
41,608,2024-08,Здоровье,-1.3323687714913086,0.0,0.0
41,608,2024-08,Общественное питание,-0.7516302926862297,0.0,0.0
41,608,2024-08,Транспорт,-0.8004289139308809,0.0,0.0
41,616,2024-04,Все категории,-0.2874727056485191,0.0,0.0
41,616,2024-04,Продовольствие,0.1567780281660614,0.0,0.0
41,616,2024-04,Маркетплейсы,1.5221333388047291,0.0,0.2857142857142857
41,616,2024-04,Здоровье,0.3742232040376548,0.0,0.0
41,616,2024-04,Общественное питание,0.9899679410690005,0.0,0.0
41,616,2024-04,Транспорт,-0.7959757700262837,0.0,0.0
24,666,2024-03,Все категории,0.010597114131434132,0.0,0.02
24,666,2024-03,Продовольствие,0.08754110785500224,0.0,0.04
24,666,2024-03,Маркетплейсы,0.6952111271045858,0.0,0.02
24,666,2024-03,Здоровье,-0.2488753662067169,0.0,0.04
24,666,2024-03,Общественное питание,-0.693827591262159,0.0,0.12
24,666,2024-03,Транспорт,-0.6470187512326275,0.0,0.08
24,666,2024-04,Все категории,-0.23968078168647114,0.0,0.021739130434782608
24,666,2024-04,Продовольствие,-0.3412485220060712,0.0,0.021739130434782608
24,666,2024-04,Маркетплейсы,0.31732577399191486,0.0,0.0
24,666,2024-04,Здоровье,1.6433419069303596,0.0,0.043478260869565216
24,666,2024-04,Общественное питание,-0.07969900244791198,0.0,0.043478260869565216
24,666,2024-04,Транспорт,0.20690671512073056,0.0,0.08695652173913043
24,671,2024-04,Все категории,-0.14446153575048817,0.0,0.021739130434782608
24,671,2024-04,Продовольствие,0.8451821524668397,0.0,0.021739130434782608
24,671,2024-04,Маркетплейсы,-0.30720316849638274,0.0,0.0
24,671,2024-04,Здоровье,-1.1771064712139263,0.0,0.043478260869565216
24,671,2024-04,Общественное питание,-0.1573525234918829,0.0,0.043478260869565216
24,671,2024-04,Транспорт,-0.26481229884626956,0.0,0.08695652173913043
24,676,2024-04,Все категории,-0.14513343207309767,0.0,0.021739130434782608
24,676,2024-04,Продовольствие,0.023098899000039474,0.0,0.021739130434782608
24,676,2024-04,Маркетплейсы,0.4815459006558318,0.0,0.0
24,676,2024-04,Здоровье,0.5075718927147858,0.0,0.043478260869565216
24,676,2024-04,Общественное питание,1.0717592078675091,0.0,0.043478260869565216
24,676,2024-04,Транспорт,0.22593084187718238,0.0,0.08695652173913043
24,677,2024-04,Все категории,0.08847416878709885,0.0,0.021739130434782608
24,677,2024-04,Продовольствие,0.3447624849318205,0.0,0.021739130434782608
24,677,2024-04,Маркетплейсы,0.6551059263112919,0.0,0.0
24,677,2024-04,Здоровье,-0.08641568502676172,0.0,0.043478260869565216
24,677,2024-04,Общественное питание,1.3468361812252572,0.0,0.043478260869565216
24,677,2024-04,Транспорт,0.6644652347080326,0.0,0.08695652173913043
24,678,2024-05,Все категории,-0.03449755282426459,0.0,0.0
24,678,2024-05,Продовольствие,-0.5098128615078433,0.0,0.0
24,678,2024-05,Маркетплейсы,1.0886237873209221,0.0,0.0
24,678,2024-05,Здоровье,1.3208856951495345,0.0,0.061224489795918366
24,678,2024-05,Общественное питание,0.8479145395321859,0.0,0.061224489795918366
24,678,2024-05,Транспорт,-0.18117316741451192,0.0,0.02040816326530612
24,697,2024-04,Все категории,0.3293314968299239,0.0,0.021739130434782608
24,697,2024-04,Продовольствие,0.8742739462347833,0.0,0.021739130434782608
24,697,2024-04,Маркетплейсы,-0.9980393881292051,0.0,0.0
24,697,2024-04,Здоровье,-0.04908395435498497,0.0,0.043478260869565216
24,697,2024-04,Общественное питание,0.17070959984211614,0.0,0.043478260869565216
24,697,2024-04,Транспорт,0.8727753958396748,0.0,0.08695652173913043
24,708,2024-05,Все категории,1.4122762279511654,0.0,0.0
24,708,2024-05,Продовольствие,0.2904925686403594,0.0,0.0
24,708,2024-05,Маркетплейсы,2.0845972215916024,0.0,0.0
24,708,2024-05,Здоровье,1.1362077574424898,0.0,0.061224489795918366
24,708,2024-05,Общественное питание,1.4321811307722196,0.0,0.061224489795918366
24,708,2024-05,Транспорт,0.7686076220701171,1.0,0.02040816326530612
59,727,2024-04,Все категории,-0.0609224827861351,0.0,0.02564102564102564
59,727,2024-04,Продовольствие,-0.32482571861083764,0.0,0.02564102564102564
59,727,2024-04,Маркетплейсы,0.5932747449479137,0.0,0.05128205128205128
59,727,2024-04,Здоровье,1.1487076123165445,0.0,0.02564102564102564
59,727,2024-04,Общественное питание,0.6386352550187369,0.0,0.1282051282051282
59,727,2024-04,Транспорт,0.6204462981813499,0.0,0.10256410256410256
59,727,2024-05,Все категории,-0.2993981233725801,0.0,0.0
59,727,2024-05,Продовольствие,-0.15540111622735997,0.0,0.024390243902439025
59,727,2024-05,Маркетплейсы,0.42219127543761925,0.0,0.04878048780487805
59,727,2024-05,Здоровье,-0.011914218213464,0.0,0.0975609756097561
59,727,2024-05,Общественное питание,0.2531436050668639,1.0,0.17073170731707318
59,727,2024-05,Транспорт,-0.37379085717716876,0.0,0.14634146341463414
59,734,2024-04,Все категории,-0.06666647320420938,0.0,0.02564102564102564
59,734,2024-04,Продовольствие,0.4407398023841137,0.0,0.02564102564102564
59,734,2024-04,Маркетплейсы,0.675735309174343,0.0,0.05128205128205128
59,734,2024-04,Здоровье,-0.6790025201114004,0.0,0.02564102564102564
59,734,2024-04,Общественное питание,-0.6436781311234551,0.0,0.1282051282051282
59,734,2024-04,Транспорт,-0.06251488728968355,0.0,0.10256410256410256
59,767,2024-04,Все категории,0.014244845076566204,0.0,0.02564102564102564
59,767,2024-04,Продовольствие,0.2097372895353654,0.0,0.02564102564102564
59,767,2024-04,Маркетплейсы,-0.09379496679486143,0.0,0.05128205128205128
59,767,2024-04,Здоровье,-0.09208433213108069,0.0,0.02564102564102564
59,767,2024-04,Общественное питание,-0.7357936438548129,0.0,0.1282051282051282
59,767,2024-04,Транспорт,0.11553201832813392,0.0,0.10256410256410256
25,775,2024-04,Все категории,-0.44375877783672546,0.0,0.03225806451612903
25,775,2024-04,Продовольствие,-0.8944667451904118,0.0,0.06451612903225806
25,775,2024-04,Маркетплейсы,0.4017026872435481,0.0,0.0
25,775,2024-04,Здоровье,0.711529028515079,0.0,0.0
25,775,2024-04,Общественное питание,-0.6447784330579596,0.0,0.06451612903225806
25,775,2024-04,Транспорт,0.6421222228546616,0.0,0.03225806451612903
25,775,2024-05,Все категории,-0.43553926644788143,0.0,0.0625
25,775,2024-05,Продовольствие,0.43538198578907017,0.0,0.09375
25,775,2024-05,Маркетплейсы,0.5075125670100367,0.0,0.0
25,775,2024-05,Здоровье,0.3406292363832872,0.0,0.09375
25,775,2024-05,Общественное питание,-0.15206182747286634,0.0,0.09375
25,775,2024-05,Транспорт,-0.07073159101169754,0.0,0.0625
25,780,2024-03,Все категории,0.6507108228171109,0.0,0.0
25,780,2024-03,Продовольствие,0.2711673381409853,0.0,0.03225806451612903
25,780,2024-03,Маркетплейсы,-0.47614735427258226,0.0,0.03225806451612903
25,780,2024-03,Здоровье,0.5964857180400801,0.0,0.0
25,780,2024-03,Общественное питание,0.9943392274845995,0.0,0.03225806451612903
25,780,2024-03,Транспорт,-0.09687061324821533,0.0,0.03225806451612903
25,782,2024-03,Все категории,-0.3787395730214863,0.0,0.0
25,782,2024-03,Продовольствие,0.1316115294313215,0.0,0.03225806451612903
25,782,2024-03,Маркетплейсы,0.33598515379872773,0.0,0.03225806451612903
25,782,2024-03,Здоровье,-0.09788907365324417,0.0,0.0
25,782,2024-03,Общественное питание,0.7781154939063422,0.0,0.03225806451612903
25,782,2024-03,Транспорт,-0.35651767844334703,0.0,0.03225806451612903
25,782,2024-04,Все категории,-0.17048178990119905,0.0,0.03225806451612903
25,782,2024-04,Продовольствие,-0.4768149985177678,0.0,0.06451612903225806
25,782,2024-04,Маркетплейсы,0.3671770765006528,0.0,0.0
25,782,2024-04,Здоровье,0.5150766730662892,1.0,0.0
25,782,2024-04,Общественное питание,-0.578946535435104,0.0,0.06451612903225806
25,782,2024-04,Транспорт,0.3526729642135299,0.0,0.03225806451612903
26,809,2024-04,Все категории,-0.04721684719645236,0.0,0.0
26,809,2024-04,Продовольствие,-0.17357640495039114,0.0,0.0967741935483871
26,809,2024-04,Маркетплейсы,0.32225944095951875,0.0,0.12903225806451613
26,809,2024-04,Здоровье,0.9657230303732911,0.0,0.0
26,809,2024-04,Общественное питание,0.31691952556672337,0.0,0.0
26,809,2024-04,Транспорт,0.5528166715830299,0.0,0.03225806451612903
26,809,2024-05,Все категории,-0.24409035872102525,0.0,0.0
26,809,2024-05,Продовольствие,-0.36234831633390496,0.0,0.09375
26,809,2024-05,Маркетплейсы,0.07911816421306672,0.0,0.0625
26,809,2024-05,Здоровье,0.0641365153328165,0.0,0.0625
26,809,2024-05,Общественное питание,-0.04539847426187804,0.0,0.0
26,809,2024-05,Транспорт,-0.11657609749063846,0.0,0.0
26,824,2024-11,Все категории,0.4111764647381372,0.0,0.0
26,824,2024-11,Продовольствие,0.9657673505886146,0.0,0.0625
26,824,2024-11,Маркетплейсы,0.5778559745739238,0.0,0.0
26,824,2024-11,Здоровье,0.11393781219331334,0.0,0.0
26,824,2024-11,Общественное питание,-0.0006145778381660971,0.0,0.0625
26,824,2024-11,Транспорт,-0.5761895557114002,0.0,0.0
27,842,2024-04,Все категории,-0.10507932062848532,0.0,0.0
27,842,2024-04,Продовольствие,-1.374522255306717,0.0,0.0
27,842,2024-04,Маркетплейсы,0.8608400351577323,0.0,0.0
27,842,2024-04,Здоровье,1.1919549918917722,0.0,0.1111111111111111
27,842,2024-04,Общественное питание,0.35256329471750825,0.0,0.1111111111111111
27,842,2024-04,Транспорт,0.33812363618892627,0.0,0.2222222222222222
27,842,2024-05,Все категории,-1.1928580594111065,0.0,0.0
27,842,2024-05,Продовольствие,-0.13404605957731558,0.0,0.1
27,842,2024-05,Маркетплейсы,0.6956990390813986,0.0,0.0
27,842,2024-05,Здоровье,-0.8693675501560465,0.0,0.1
27,842,2024-05,Общественное питание,-0.24613548944319016,0.0,0.1
27,842,2024-05,Транспорт,-0.19973719377072746,0.0,0.1
27,843,2024-03,Все категории,0.3969754964715243,0.0,0.07142857142857142
27,843,2024-03,Продовольствие,0.27825419811401003,0.0,0.0
27,843,2024-03,Маркетплейсы,0.33305145407352965,0.0,0.0
27,843,2024-03,Здоровье,-0.060047046705415275,0.0,0.0
27,843,2024-03,Общественное питание,-0.5588385926756295,0.0,0.14285714285714285
27,843,2024-03,Транспорт,-0.24789262869033835,0.0,0.07142857142857142
27,843,2024-04,Все категории,-0.10439264794532699,0.0,0.0
27,843,2024-04,Продовольствие,-0.41372594719092043,0.0,0.0
27,843,2024-04,Маркетплейсы,0.5816325551325545,0.0,0.0
27,843,2024-04,Здоровье,0.5244815734494136,0.0,0.1111111111111111
27,843,2024-04,Общественное питание,-1.1754675918325022,0.0,0.1111111111111111
27,843,2024-04,Транспорт,0.6298625423972071,0.0,0.2222222222222222
27,843,2024-05,Все категории,-0.42199674941348114,0.0,0.0
27,843,2024-05,Продовольствие,0.3216907629320035,0.0,0.1
27,843,2024-05,Маркетплейсы,0.29726950883968306,0.0,0.0
27,843,2024-05,Здоровье,-0.7958915315996534,0.0,0.1
27,843,2024-05,Общественное питание,0.13174901633244476,0.0,0.1
27,843,2024-05,Транспорт,0.24088551393099703,0.0,0.1
27,844,2024-05,Все категории,-0.5568385399262166,0.0,0.0
27,844,2024-05,Продовольствие,0.26232164518838996,0.0,0.1
27,844,2024-05,Маркетплейсы,0.36037306535405444,0.0,0.0
27,844,2024-05,Здоровье,-0.7812754102950434,0.0,0.1
27,844,2024-05,Общественное питание,-0.2916851282479707,0.0,0.1
27,844,2024-05,Транспорт,1.0641676591071885,0.0,0.1
27,847,2024-04,Все категории,0.013866138346332213,0.0,0.0
27,847,2024-04,Продовольствие,-0.29078430054454246,0.0,0.0
27,847,2024-04,Маркетплейсы,1.1419084971647444,0.0,0.0
27,847,2024-04,Здоровье,0.7689922609907284,0.0,0.1111111111111111
27,847,2024-04,Общественное питание,-0.09203688431034432,0.0,0.1111111111111111
27,847,2024-04,Транспорт,0.5475118376631083,0.0,0.2222222222222222
27,848,2024-04,Все категории,0.381657450466532,0.0,0.0
27,848,2024-04,Продовольствие,-0.2948108871978977,0.0,0.0
27,848,2024-04,Маркетплейсы,-0.17556131340683834,0.0,0.0
27,848,2024-04,Здоровье,0.8394530307576652,0.0,0.1111111111111111
27,848,2024-04,Общественное питание,-0.3391951566723277,0.0,0.1111111111111111
27,848,2024-04,Транспорт,-0.465458844338727,0.0,0.2222222222222222
27,849,2024-04,Все категории,0.7968501154035416,0.0,0.0
27,849,2024-04,Продовольствие,0.20538359148107216,0.0,0.0
27,849,2024-04,Маркетплейсы,-0.5013015390204811,0.0,0.0
27,849,2024-04,Здоровье,-0.7058227803704905,0.0,0.1111111111111111
27,849,2024-04,Общественное питание,0.17697080349874833,0.0,0.1111111111111111
27,849,2024-04,Транспорт,0.4206688861785213,0.0,0.2222222222222222
27,849,2024-05,Все категории,0.036235585884744764,0.0,0.0
27,849,2024-05,Продовольствие,0.4579854851703554,0.0,0.1
27,849,2024-05,Маркетплейсы,-0.5857890445675009,0.0,0.0
27,849,2024-05,Здоровье,-1.1019205384660575,0.0,0.1
27,849,2024-05,Общественное питание,0.6915917254182926,0.0,0.1
27,849,2024-05,Транспорт,0.42191442704414606,0.0,0.1
27,853,2024-05,Все категории,-0.2601029063005051,0.0,0.0
27,853,2024-05,Продовольствие,-0.4881538878126116,0.0,0.1
27,853,2024-05,Маркетплейсы,0.794023668505432,0.0,0.0
27,853,2024-05,Здоровье,1.299893431409141,0.0,0.1
27,853,2024-05,Общественное питание,-0.09080584862508922,0.0,0.1
27,853,2024-05,Транспорт,-0.7237819784425331,0.0,0.1
27,859,2024-04,Все категории,0.6324242266082527,0.0,0.0
27,859,2024-04,Продовольствие,0.6298759414424302,0.0,0.0
27,859,2024-04,Маркетплейсы,2.179327508464004,0.0,0.0
27,859,2024-04,Здоровье,-0.02686014884884752,0.0,0.1111111111111111
27,859,2024-04,Общественное питание,0.3569274885918695,0.0,0.1111111111111111
27,859,2024-04,Транспорт,-0.21495240772574287,0.0,0.2222222222222222
27,860,2024-03,Все категории,0.4575464751056251,0.0,0.07142857142857142
27,860,2024-03,Продовольствие,-1.003297804089115,0.0,0.0
27,860,2024-03,Маркетплейсы,0.2904490096994874,0.0,0.0
27,860,2024-03,Здоровье,-0.5673278666399229,0.0,0.0
27,860,2024-03,Общественное питание,-1.6570967731108182,0.0,0.14285714285714285
27,860,2024-03,Транспорт,-0.5152240838289847,0.0,0.07142857142857142
27,860,2024-04,Все категории,-0.6032553469443379,0.0,0.0
27,860,2024-04,Продовольствие,-1.3571957189351735,0.0,0.0
27,860,2024-04,Маркетплейсы,0.7648840162770805,0.0,0.0
27,860,2024-04,Здоровье,0.3369931408327491,0.0,0.1111111111111111
27,860,2024-04,Общественное питание,-0.5757410439796176,0.0,0.1111111111111111
27,860,2024-04,Транспорт,-0.6494967386375803,0.0,0.2222222222222222
27,860,2024-05,Все категории,-1.28659754800799,0.0,0.0
27,860,2024-05,Продовольствие,-1.4327661886071699,0.0,0.1
27,860,2024-05,Маркетплейсы,0.9249664361474594,0.0,0.0
27,860,2024-05,Здоровье,-1.737032188775143,0.0,0.1
27,860,2024-05,Общественное питание,-0.00030202050073901976,0.0,0.1
27,860,2024-05,Транспорт,-0.39727149133002315,0.0,0.1
28,879,2024-04,Все категории,-0.6906130494484306,0.0,0.0
28,879,2024-04,Продовольствие,-0.32756525432972006,0.0,0.0
28,879,2024-04,Маркетплейсы,0.2963235436288909,0.0,0.0
28,879,2024-04,Здоровье,-1.6483703022244545,0.0,0.11764705882352941
28,879,2024-04,Общественное питание,-0.5361342427623906,0.0,0.0
28,879,2024-04,Транспорт,-0.8352117657480324,1.0,0.0
28,884,2024-04,Все категории,-0.2948950667480932,0.0,0.0
28,884,2024-04,Продовольствие,-0.2094926130793443,0.0,0.0
28,884,2024-04,Маркетплейсы,1.7684383710121385,0.0,0.0
28,884,2024-04,Здоровье,-1.1357244307680905,0.0,0.11764705882352941
28,884,2024-04,Общественное питание,-2.1656127648834835,1.0,0.0
28,884,2024-04,Транспорт,-0.7465823162284008,0.0,0.0
29,890,2024-03,Все категории,0.029674056723472828,0.0,0.0
29,890,2024-03,Продовольствие,-0.5205721921775066,0.0,0.0
29,890,2024-03,Маркетплейсы,-0.11102441461414636,0.0,0.09523809523809523
29,890,2024-03,Здоровье,0.06149182145032206,0.0,0.047619047619047616
29,890,2024-03,Общественное питание,-0.3808196034738953,0.0,0.09523809523809523
29,890,2024-03,Транспорт,-0.15921425167796632,0.0,0.0
29,890,2024-04,Все категории,-0.37130347886124104,0.0,0.10526315789473684
29,890,2024-04,Продовольствие,-1.5741242354809555,0.0,0.05263157894736842
29,890,2024-04,Маркетплейсы,-0.08602946963739688,0.0,0.0
29,890,2024-04,Здоровье,0.7119830568030402,0.0,0.05263157894736842
29,890,2024-04,Общественное питание,-0.29092089895919826,0.0,0.15789473684210525
29,890,2024-04,Транспорт,-0.06639939673181502,0.0,0.15789473684210525
29,890,2024-05,Все категории,-0.023527059869627054,0.0,0.11764705882352941
29,890,2024-05,Продовольствие,-0.19146520734157585,0.0,0.0
29,890,2024-05,Маркетплейсы,0.38875771620855515,0.0,0.058823529411764705
29,890,2024-05,Здоровье,0.1490250870176404,0.0,0.058823529411764705
29,890,2024-05,Общественное питание,-0.27859966198283537,0.0,0.11764705882352941
29,890,2024-05,Транспорт,0.683829937936355,0.0,0.17647058823529413
29,891,2024-05,Все категории,-1.9187539335695678,0.0,0.11764705882352941
29,891,2024-05,Продовольствие,-1.5312707769633713,1.0,0.0
29,891,2024-05,Маркетплейсы,-0.20696752223753723,0.0,0.058823529411764705
29,891,2024-05,Здоровье,-1.2585406933856271,0.0,0.058823529411764705
29,891,2024-05,Общественное питание,-1.4333594636096267,0.0,0.11764705882352941
29,891,2024-05,Транспорт,-0.6195204872327809,0.0,0.17647058823529413
29,892,2024-05,Все категории,0.3145028104624019,0.0,0.11764705882352941
29,892,2024-05,Продовольствие,0.07046086393649881,0.0,0.0
29,892,2024-05,Маркетплейсы,0.011103515128032315,0.0,0.058823529411764705
29,892,2024-05,Здоровье,-0.8796023560028596,0.0,0.058823529411764705
29,892,2024-05,Общественное питание,0.17428579144164386,0.0,0.11764705882352941
29,892,2024-05,Транспорт,0.34092270388687845,0.0,0.17647058823529413
29,898,2024-05,Все категории,0.6581907440881133,0.0,0.11764705882352941
29,898,2024-05,Продовольствие,-0.20403189938749305,0.0,0.0
29,898,2024-05,Маркетплейсы,1.1958228552605137,0.0,0.058823529411764705
29,898,2024-05,Здоровье,-1.2508636571735958,0.0,0.058823529411764705
29,898,2024-05,Общественное питание,0.4867894621886397,0.0,0.11764705882352941
29,898,2024-05,Транспорт,0.022371316341162406,0.0,0.17647058823529413
29,903,2024-04,Все категории,-0.5964382773466197,0.0,0.10526315789473684
29,903,2024-04,Продовольствие,-0.031201316417730163,0.0,0.05263157894736842
29,903,2024-04,Маркетплейсы,0.1694744158715804,1.0,0.0
29,903,2024-04,Здоровье,-1.1752168746779956,0.0,0.05263157894736842
29,903,2024-04,Общественное питание,-1.5130186632992335,0.0,0.15789473684210525
29,903,2024-04,Транспорт,0.5501839337087465,0.0,0.15789473684210525
29,908,2024-05,Все категории,0.09823042390881936,0.0,0.11764705882352941
29,908,2024-05,Продовольствие,0.0674580976498822,0.0,0.0
29,908,2024-05,Маркетплейсы,-0.048791479744189736,0.0,0.058823529411764705
29,908,2024-05,Здоровье,0.9201718945619408,0.0,0.058823529411764705
29,908,2024-05,Общественное питание,1.7877722763720219,1.0,0.11764705882352941
29,908,2024-05,Транспорт,0.8493875346505584,1.0,0.17647058823529413
29,914,2024-04,Все категории,-0.08451130307004984,0.0,0.10526315789473684
29,914,2024-04,Продовольствие,-0.692557769824138,0.0,0.05263157894736842
29,914,2024-04,Маркетплейсы,0.22428096660950425,0.0,0.0
29,914,2024-04,Здоровье,-1.197779924396034,0.0,0.05263157894736842
29,914,2024-04,Общественное питание,0.26701508363352977,0.0,0.15789473684210525
29,914,2024-04,Транспорт,0.6577611271721144,0.0,0.15789473684210525
30,918,2024-05,Все категории,-0.291016264582041,0.0,0.1
30,918,2024-05,Продовольствие,0.3260123310619843,0.0,0.2
30,918,2024-05,Маркетплейсы,0.6133330950664764,0.0,0.0
30,918,2024-05,Здоровье,0.07585566211714057,0.0,0.0
30,918,2024-05,Общественное питание,0.7267777099729832,0.0,0.0
30,918,2024-05,Транспорт,0.41512779770189956,0.0,0.1
33,986,2024-04,Все категории,-0.17096381828504814,0.0,0.0
33,986,2024-04,Продовольствие,-0.043186962739898194,0.0,0.1
33,986,2024-04,Маркетплейсы,-0.13427300040281787,0.0,0.0
33,986,2024-04,Здоровье,0.7985294220466469,1.0,0.0
33,986,2024-04,Общественное питание,-0.31181969562097284,0.0,0.0
33,986,2024-04,Транспорт,0.5885004805492914,0.0,0.0
33,986,2024-05,Все категории,0.1899713727258811,0.0,0.0
33,986,2024-05,Продовольствие,0.3570930659348408,0.0,0.07692307692307693
33,986,2024-05,Маркетплейсы,0.00344323441473815,0.0,0.0
33,986,2024-05,Здоровье,-0.04948531947037199,0.0,0.0
33,986,2024-05,Общественное питание,0.49021293015557293,0.0,0.0
33,986,2024-05,Транспорт,0.4727210464140463,0.0,0.07692307692307693
33,988,2024-04,Все категории,-0.280171344541111,0.0,0.0
33,988,2024-04,Продовольствие,-0.17633483103841863,0.0,0.1
33,988,2024-04,Маркетплейсы,-0.05443276227256866,0.0,0.0
33,988,2024-04,Здоровье,1.418304434114249,0.0,0.0
33,988,2024-04,Общественное питание,-0.8344331622952117,0.0,0.0
33,988,2024-04,Транспорт,0.39036509908322514,0.0,0.0
33,988,2024-05,Все категории,-0.38095202659233357,0.0,0.0
33,988,2024-05,Продовольствие,0.06084434606947631,0.0,0.07692307692307693
33,988,2024-05,Маркетплейсы,-0.1565770430884682,0.0,0.0
33,988,2024-05,Здоровье,-0.1432006367513094,0.0,0.0
33,988,2024-05,Общественное питание,1.2193365379691563,0.0,0.0
33,988,2024-05,Транспорт,0.14256335167585826,0.0,0.07692307692307693
33,991,2024-04,Все категории,0.2184265133810862,0.0,0.0
33,991,2024-04,Продовольствие,0.06588456288334776,0.0,0.1
33,991,2024-04,Маркетплейсы,0.11397977774714763,0.0,0.0
33,991,2024-04,Здоровье,0.5869742597852695,0.0,0.0
33,991,2024-04,Общественное питание,1.019111838262276,0.0,0.0
33,991,2024-04,Транспорт,0.9103932319592137,0.0,0.0
33,992,2024-04,Все категории,-0.1930302580169868,0.0,0.0
33,992,2024-04,Продовольствие,-0.09519502706731953,0.0,0.1
33,992,2024-04,Маркетплейсы,0.22964804643446346,0.0,0.0
33,992,2024-04,Здоровье,1.0249862627953004,0.0,0.0
33,992,2024-04,Общественное питание,-0.9405447354993676,0.0,0.0
33,992,2024-04,Транспорт,-0.6840930768481707,0.0,0.0
33,993,2024-05,Все категории,0.3908502912015825,0.0,0.0
33,993,2024-05,Продовольствие,0.12994575563567035,0.0,0.07692307692307693
33,993,2024-05,Маркетплейсы,-0.3416872925045935,0.0,0.0
33,993,2024-05,Здоровье,0.5703113328740232,0.0,0.0
33,993,2024-05,Общественное питание,-0.2813793245641289,0.0,0.0
33,993,2024-05,Транспорт,-0.21376945475066697,0.0,0.07692307692307693
33,998,2024-05,Все категории,-0.010832715538798818,0.0,0.0
33,998,2024-05,Продовольствие,0.29203326672868934,0.0,0.07692307692307693
33,998,2024-05,Маркетплейсы,0.10875545835885758,0.0,0.0
33,998,2024-05,Здоровье,0.5129131542609404,0.0,0.0
33,998,2024-05,Общественное питание,0.3091742457726901,0.0,0.0
33,998,2024-05,Транспорт,-0.33803234543138416,0.0,0.07692307692307693
33,1001,2024-04,Все категории,-0.2583160847452809,0.0,0.0
33,1001,2024-04,Продовольствие,-0.21246802653342534,0.0,0.1
33,1001,2024-04,Маркетплейсы,-0.0692964551237214,0.0,0.0
33,1001,2024-04,Здоровье,-0.6258358865140139,0.0,0.0
33,1001,2024-04,Общественное питание,-0.3057123069934074,0.0,0.0
33,1001,2024-04,Транспорт,0.34183083461890285,0.0,0.0
33,1003,2024-03,Все категории,-0.4845752429018814,0.0,0.0
33,1003,2024-03,Продовольствие,-0.0028123275442133444,0.0,0.0
33,1003,2024-03,Маркетплейсы,-0.43711926162532966,0.0,0.0
33,1003,2024-03,Здоровье,-0.16096379764251978,0.0,0.11764705882352941
33,1003,2024-03,Общественное питание,-0.8564535334307953,1.0,0.0
33,1003,2024-03,Транспорт,-0.03778917138223448,0.0,0.0
33,1003,2024-04,Все категории,-0.5851399181105873,0.0,0.0
33,1003,2024-04,Продовольствие,-0.20291110374786792,0.0,0.1
33,1003,2024-04,Маркетплейсы,-0.8100597424532494,0.0,0.0
33,1003,2024-04,Здоровье,-0.30045298882744503,0.0,0.0
33,1003,2024-04,Общественное питание,-0.3524187243628061,1.0,0.0
33,1003,2024-04,Транспорт,-0.10232412845078975,0.0,0.0
33,1005,2024-04,Все категории,-0.196327177565219,0.0,0.0
33,1005,2024-04,Продовольствие,-0.3812728908173062,0.0,0.1
33,1005,2024-04,Маркетплейсы,-0.08168246487559583,0.0,0.0
33,1005,2024-04,Здоровье,1.5052053925651787,0.0,0.0
33,1005,2024-04,Общественное питание,0.8620839780610497,0.0,0.0
33,1005,2024-04,Транспорт,-0.4118146363815378,0.0,0.0
33,1006,2024-04,Все категории,-0.40660944536396426,0.0,0.0
33,1006,2024-04,Продовольствие,0.6363909031120065,0.0,0.1
33,1006,2024-04,Маркетплейсы,-0.3942982821952081,0.0,0.0
33,1006,2024-04,Здоровье,-0.05347774608371436,0.0,0.0
33,1006,2024-04,Общественное питание,-0.32686116540787213,0.0,0.0
33,1006,2024-04,Транспорт,-0.6874733687886214,0.0,0.0
33,1006,2024-05,Все категории,0.024349068961311213,0.0,0.0
33,1006,2024-05,Продовольствие,-0.44920286162837153,0.0,0.07692307692307693
33,1006,2024-05,Маркетплейсы,0.1159824851090111,0.0,0.0
33,1006,2024-05,Здоровье,-0.22665421686580695,0.0,0.0
33,1006,2024-05,Общественное питание,0.5762645512178513,0.0,0.0
33,1006,2024-05,Транспорт,-0.10813967718074503,0.0,0.07692307692307693
34,1007,2024-04,Все категории,0.35749797912911396,0.0,0.0
34,1007,2024-04,Продовольствие,0.11501421387837722,0.0,0.029411764705882353
34,1007,2024-04,Маркетплейсы,0.6432658307139265,0.0,0.058823529411764705
34,1007,2024-04,Здоровье,0.8267970390997359,0.0,0.058823529411764705
34,1007,2024-04,Общественное питание,0.3624877446315059,0.0,0.11764705882352941
34,1007,2024-04,Транспорт,0.3591552851478992,0.0,0.029411764705882353
34,1007,2024-05,Все категории,-0.5677671566970515,0.0,0.0
34,1007,2024-05,Продовольствие,0.3535791162852844,0.0,0.030303030303030304
34,1007,2024-05,Маркетплейсы,0.5263950231726506,0.0,0.030303030303030304
34,1007,2024-05,Здоровье,0.010635955436483213,0.0,0.030303030303030304
34,1007,2024-05,Общественное питание,0.3630598842067542,0.0,0.18181818181818182
34,1007,2024-05,Транспорт,-0.1594736019543248,0.0,0.030303030303030304
34,1008,2024-05,Все категории,-0.3578163786530047,0.0,0.0
34,1008,2024-05,Продовольствие,-0.8665792446878644,0.0,0.030303030303030304
34,1008,2024-05,Маркетплейсы,0.39574593248512785,0.0,0.030303030303030304
34,1008,2024-05,Здоровье,0.3246787967777851,0.0,0.030303030303030304
34,1008,2024-05,Общественное питание,0.5340236294953553,0.0,0.18181818181818182
34,1008,2024-05,Транспорт,-0.09575292346501674,0.0,0.030303030303030304
35,1047,2024-03,Все категории,-0.10487559716010209,0.0,0.043478260869565216
35,1047,2024-03,Продовольствие,-0.20513293187938708,0.0,0.0
35,1047,2024-03,Маркетплейсы,1.3048560184759417,0.0,0.043478260869565216
35,1047,2024-03,Здоровье,-1.0863127455915054,1.0,0.0
35,1047,2024-03,Общественное питание,-0.5316136722257022,0.0,0.13043478260869565
35,1047,2024-03,Транспорт,0.11063021623647934,0.0,0.08695652173913043
35,1051,2024-04,Все категории,-0.21641777612101482,0.0,0.13636363636363635
35,1051,2024-04,Продовольствие,-0.6641039503149297,0.0,0.045454545454545456
35,1051,2024-04,Маркетплейсы,0.5096029419311914,0.0,0.045454545454545456
35,1051,2024-04,Здоровье,0.5915427343269108,0.0,0.09090909090909091
35,1051,2024-04,Общественное питание,-0.08142976327404583,1.0,0.22727272727272727
35,1051,2024-04,Транспорт,0.48660281328768973,0.0,0.13636363636363635
35,1054,2024-04,Все категории,-0.7890500165019758,0.0,0.13636363636363635
35,1054,2024-04,Продовольствие,-0.5219469202680527,0.0,0.045454545454545456
35,1054,2024-04,Маркетплейсы,-0.8454621694438207,0.0,0.045454545454545456
35,1054,2024-04,Здоровье,-0.6817221355387996,0.0,0.09090909090909091
35,1054,2024-04,Общественное питание,-0.564773201343933,0.0,0.22727272727272727
35,1054,2024-04,Транспорт,0.43493358165237295,1.0,0.13636363636363635
35,1055,2024-04,Все категории,-0.1286289125077087,0.0,0.13636363636363635
35,1055,2024-04,Продовольствие,-0.03574530318288427,0.0,0.045454545454545456
35,1055,2024-04,Маркетплейсы,0.19087501374092586,1.0,0.045454545454545456
35,1055,2024-04,Здоровье,1.158545598380188,0.0,0.09090909090909091
35,1055,2024-04,Общественное питание,0.7115784996333693,1.0,0.22727272727272727
35,1055,2024-04,Транспорт,0.31024961432333986,0.0,0.13636363636363635
35,1063,2024-05,Все категории,-0.16580903669296748,0.0,0.08695652173913043
35,1063,2024-05,Продовольствие,0.9115334442672242,0.0,0.043478260869565216
35,1063,2024-05,Маркетплейсы,0.36410295430135164,0.0,0.043478260869565216
35,1063,2024-05,Здоровье,-0.21163218299689185,0.0,0.13043478260869565
35,1063,2024-05,Общественное питание,-0.7052761182723579,0.0,0.2608695652173913
35,1063,2024-05,Транспорт,-0.2075606052926664,0.0,0.21739130434782608
35,1066,2024-03,Все категории,0.7413339297763342,0.0,0.043478260869565216
35,1066,2024-03,Продовольствие,0.6917145650603838,0.0,0.0
35,1066,2024-03,Маркетплейсы,1.1171736280143398,0.0,0.043478260869565216
35,1066,2024-03,Здоровье,-0.5362003012571152,0.0,0.0
35,1066,2024-03,Общественное питание,0.04836939641844822,0.0,0.13043478260869565
35,1066,2024-03,Транспорт,0.39214320235506417,0.0,0.08695652173913043
35,1068,2024-05,Все категории,0.09320872025521082,0.0,0.08695652173913043
35,1068,2024-05,Продовольствие,0.07005994769021996,0.0,0.043478260869565216
35,1068,2024-05,Маркетплейсы,0.49912860662048053,0.0,0.043478260869565216
35,1068,2024-05,Здоровье,0.6036976534238071,0.0,0.13043478260869565
35,1068,2024-05,Общественное питание,-0.03852557249030242,1.0,0.2608695652173913
35,1068,2024-05,Транспорт,-0.09389252764253714,0.0,0.21739130434782608
37,1107,2024-03,Все категории,0.07904554528058413,0.0,0.0
37,1107,2024-03,Продовольствие,0.24669169484832182,0.0,0.0
37,1107,2024-03,Маркетплейсы,0.557276303758466,0.0,0.0
37,1107,2024-03,Здоровье,-0.0630187887163578,1.0,0.08333333333333333
37,1107,2024-03,Общественное питание,-0.7526144359526702,0.0,0.08333333333333333
37,1107,2024-03,Транспорт,-0.0032216911785112323,0.0,0.08333333333333333
37,1107,2024-05,Все категории,0.24982389793567972,0.0,0.0
37,1107,2024-05,Продовольствие,0.5781941788248957,0.0,0.0
37,1107,2024-05,Маркетплейсы,0.24134695078131096,0.0,0.0
37,1107,2024-05,Здоровье,-0.6934089040582391,0.0,0.08695652173913043
37,1107,2024-05,Общественное питание,0.38855914468543407,0.0,0.08695652173913043
37,1107,2024-05,Транспорт,-0.10563835157352433,0.0,0.043478260869565216
37,1109,2024-04,Все категории,-0.2826904223300675,0.0,0.0
37,1109,2024-04,Продовольствие,-0.7369185600474021,0.0,0.0
37,1109,2024-04,Маркетплейсы,0.2129494335441824,0.0,0.0
37,1109,2024-04,Здоровье,-0.04482190945693826,0.0,0.125
37,1109,2024-04,Общественное питание,0.9082742122465777,0.0,0.08333333333333333
37,1109,2024-04,Транспорт,-0.24792683591449594,0.0,0.08333333333333333
37,1111,2024-03,Все категории,-0.7330028697101358,0.0,0.0
37,1111,2024-03,Продовольствие,-0.13339307530471045,0.0,0.0
37,1111,2024-03,Маркетплейсы,-0.38202374306136977,0.0,0.0
37,1111,2024-03,Здоровье,-1.4727680690129823,0.0,0.08333333333333333
37,1111,2024-03,Общественное питание,-2.151833206852296,0.0,0.08333333333333333
37,1111,2024-03,Транспорт,-0.39973292896567,0.0,0.08333333333333333
37,1112,2024-05,Все категории,0.1697171292334529,0.0,0.0
37,1112,2024-05,Продовольствие,0.7576871079378438,0.0,0.0
37,1112,2024-05,Маркетплейсы,0.3131894603428572,0.0,0.0
37,1112,2024-05,Здоровье,0.35917164258011125,0.0,0.08695652173913043
37,1112,2024-05,Общественное питание,0.5015035149565872,0.0,0.08695652173913043
37,1112,2024-05,Транспорт,-0.5978839093137267,1.0,0.043478260869565216
37,1127,2024-04,Все категории,-0.08435197248811255,0.0,0.0
37,1127,2024-04,Продовольствие,-0.2622963459036777,0.0,0.0
37,1127,2024-04,Маркетплейсы,-0.9930332029258556,0.0,0.0
37,1127,2024-04,Здоровье,0.3590176224313074,0.0,0.125
37,1127,2024-04,Общественное питание,1.022714292135685,0.0,0.08333333333333333
37,1127,2024-04,Транспорт,0.20310511607524884,0.0,0.08333333333333333
37,1128,2024-05,Все категории,0.25032515165704683,0.0,0.0
37,1128,2024-05,Продовольствие,0.03046570717189856,0.0,0.0
37,1128,2024-05,Маркетплейсы,-1.186036960593763,0.0,0.0
37,1128,2024-05,Здоровье,-0.3037818170155051,0.0,0.08695652173913043
37,1128,2024-05,Общественное питание,1.0557164494393338,0.0,0.08695652173913043
37,1128,2024-05,Транспорт,-0.6090596373774114,0.0,0.043478260869565216
38,1134,2024-04,Все категории,-0.27941224114098084,0.0,0.0
38,1134,2024-04,Продовольствие,-0.34954734586719227,0.0,0.0
38,1134,2024-04,Маркетплейсы,0.690974509164529,0.0,0.0
38,1134,2024-04,Здоровье,1.0649576741207585,0.0,0.09090909090909091
38,1134,2024-04,Общественное питание,0.10872999369692249,0.0,0.030303030303030304
38,1134,2024-04,Транспорт,-0.28014284034439996,0.0,0.030303030303030304
38,1134,2024-05,Все категории,-0.4953321044438841,0.0,0.03125
38,1134,2024-05,Продовольствие,0.18472107082381373,0.0,0.0
38,1134,2024-05,Маркетплейсы,0.734507739056356,0.0,0.0
38,1134,2024-05,Здоровье,0.16772817066265588,0.0,0.03125
38,1134,2024-05,Общественное питание,-0.11726875459270192,0.0,0.03125
38,1134,2024-05,Транспорт,-0.07438320477172783,0.0,0.03125
38,1135,2024-05,Все категории,-0.18000416877399616,0.0,0.03125
38,1135,2024-05,Продовольствие,0.19557546759695577,0.0,0.0
38,1135,2024-05,Маркетплейсы,0.6222236499478572,0.0,0.0
38,1135,2024-05,Здоровье,-0.07967174062737903,0.0,0.03125
38,1135,2024-05,Общественное питание,0.6300461325516209,0.0,0.03125
38,1135,2024-05,Транспорт,0.5683499886403227,0.0,0.03125
38,1136,2024-05,Все категории,-0.47800285324474023,0.0,0.03125
38,1136,2024-05,Продовольствие,-0.21032286033434944,0.0,0.0
38,1136,2024-05,Маркетплейсы,0.14436359069119276,0.0,0.0
38,1136,2024-05,Здоровье,0.13416785355971994,0.0,0.03125
38,1136,2024-05,Общественное питание,-0.2735284677145716,0.0,0.03125
38,1136,2024-05,Транспорт,0.13845097855063904,0.0,0.03125
38,1140,2024-05,Все категории,-0.33893189267540585,0.0,0.03125
38,1140,2024-05,Продовольствие,0.3540229313104788,0.0,0.0
38,1140,2024-05,Маркетплейсы,0.2816613682525483,0.0,0.0
38,1140,2024-05,Здоровье,-0.0874594827474755,0.0,0.03125
38,1140,2024-05,Общественное питание,-0.4432677632818958,0.0,0.03125
38,1140,2024-05,Транспорт,0.2831617813924723,0.0,0.03125
38,1142,2024-05,Все категории,-0.23100193925209161,0.0,0.03125
38,1142,2024-05,Продовольствие,-0.4076490968892817,0.0,0.0
38,1142,2024-05,Маркетплейсы,0.5318527638475922,0.0,0.0
38,1142,2024-05,Здоровье,0.03479981209924854,0.0,0.03125
38,1142,2024-05,Общественное питание,0.45747127950988486,0.0,0.03125
38,1142,2024-05,Транспорт,0.4017314492729712,0.0,0.03125
38,1147,2024-04,Все категории,0.14880678240271278,0.0,0.0
38,1147,2024-04,Продовольствие,0.10074653738582903,0.0,0.0
38,1147,2024-04,Маркетплейсы,0.1793725371831596,0.0,0.0
38,1147,2024-04,Здоровье,-0.11874673568519956,0.0,0.09090909090909091
38,1147,2024-04,Общественное питание,0.28399944697848056,0.0,0.030303030303030304
38,1147,2024-04,Транспорт,0.1219276226286782,0.0,0.030303030303030304
38,1151,2024-04,Все категории,0.28624529434479146,0.0,0.0
38,1151,2024-04,Продовольствие,-0.37301258927308667,0.0,0.0
38,1151,2024-04,Маркетплейсы,0.5047554222079187,0.0,0.0
38,1151,2024-04,Здоровье,-0.6545706295223268,0.0,0.09090909090909091
38,1151,2024-04,Общественное питание,-0.6470327763528958,0.0,0.030303030303030304
38,1151,2024-04,Транспорт,-0.6422118030239691,0.0,0.030303030303030304
38,1152,2024-03,Все категории,-0.2921844284011977,0.0,0.0
38,1152,2024-03,Продовольствие,0.1913847379238144,0.0,0.0
38,1152,2024-03,Маркетплейсы,0.7145573640173051,0.0,0.02702702702702703
38,1152,2024-03,Здоровье,1.3229104404022112,0.0,0.08108108108108109
38,1152,2024-03,Общественное питание,1.4566739205760737,0.0,0.05405405405405406
38,1152,2024-03,Транспорт,3.400880450634974,1.0,0.02702702702702703
38,1152,2024-04,Все категории,-0.21275358988863988,0.0,0.0
38,1152,2024-04,Продовольствие,0.1742188720548502,0.0,0.0
38,1152,2024-04,Маркетплейсы,0.8059128215787408,0.0,0.0
38,1152,2024-04,Здоровье,-0.49762607463633723,0.0,0.09090909090909091
38,1152,2024-04,Общественное питание,-0.16244677384432968,0.0,0.030303030303030304
38,1152,2024-04,Транспорт,0.2897971601348289,0.0,0.030303030303030304
38,1152,2024-05,Все категории,0.09468916291459709,0.0,0.03125
38,1152,2024-05,Продовольствие,0.257108829873929,0.0,0.0
38,1152,2024-05,Маркетплейсы,0.20123509140826656,0.0,0.0
38,1152,2024-05,Здоровье,0.19794492670064168,0.0,0.03125
38,1152,2024-05,Общественное питание,-0.33572650460082415,0.0,0.03125
38,1152,2024-05,Транспорт,-0.3402815154943137,0.0,0.03125
38,1154,2024-04,Все категории,-0.7011880331027625,0.0,0.0
38,1154,2024-04,Продовольствие,-0.28874732700297034,0.0,0.0
38,1154,2024-04,Маркетплейсы,-1.4013789030096278,0.0,0.0
38,1154,2024-04,Здоровье,-0.178053678346774,0.0,0.09090909090909091
38,1154,2024-04,Общественное питание,0.2468138631171991,0.0,0.030303030303030304
38,1154,2024-04,Транспорт,-1.8104071883452082,0.0,0.030303030303030304
38,1154,2024-05,Все категории,0.5046055232030915,0.0,0.03125
38,1154,2024-05,Продовольствие,0.3064672368665611,0.0,0.0
38,1154,2024-05,Маркетплейсы,0.9482679419125498,0.0,0.0
38,1154,2024-05,Здоровье,-0.5063972397678282,0.0,0.03125
38,1154,2024-05,Общественное питание,-0.36806159288256995,0.0,0.03125
38,1154,2024-05,Транспорт,-1.8484343315198504,0.0,0.03125
38,1158,2024-04,Все категории,0.318084188665495,0.0,0.0
38,1158,2024-04,Продовольствие,0.5362545342405575,0.0,0.0
38,1158,2024-04,Маркетплейсы,-0.18724463515636924,0.0,0.0
38,1158,2024-04,Здоровье,-0.22010178714396256,0.0,0.09090909090909091
38,1158,2024-04,Общественное питание,0.4822171248721002,0.0,0.030303030303030304
38,1158,2024-04,Транспорт,0.07046277867819045,0.0,0.030303030303030304
38,1160,2024-03,Все категории,-0.6237741819329508,0.0,0.0
38,1160,2024-03,Продовольствие,0.14335551951451558,0.0,0.0
38,1160,2024-03,Маркетплейсы,0.458541188408516,0.0,0.02702702702702703
38,1160,2024-03,Здоровье,-1.9146267864889754,0.0,0.08108108108108109
38,1160,2024-03,Общественное питание,-0.46968069960327286,0.0,0.05405405405405406
38,1160,2024-03,Транспорт,-0.36028117331123205,0.0,0.02702702702702703
39,1176,2024-03,Все категории,0.01899350151438406,0.0,0.13333333333333333
39,1176,2024-03,Продовольствие,-0.09896573237760797,0.0,0.06666666666666667
39,1176,2024-03,Маркетплейсы,0.03158455402638105,0.0,0.0
39,1176,2024-03,Здоровье,0.30155735804987926,0.0,0.0
39,1176,2024-03,Общественное питание,0.48409415058439675,0.0,0.06666666666666667
39,1176,2024-03,Транспорт,0.7292661037855923,0.0,0.13333333333333333
39,1176,2024-05,Все категории,0.15254217539249892,0.0,0.0
39,1176,2024-05,Продовольствие,1.2577422682445212,0.0,0.0
39,1176,2024-05,Маркетплейсы,0.5314315928227176,0.0,0.0
39,1176,2024-05,Здоровье,-0.14300196951421762,0.0,0.1111111111111111
39,1176,2024-05,Общественное питание,0.8705696016754015,0.0,0.0
39,1176,2024-05,Транспорт,0.031632366106132626,0.0,0.16666666666666666
39,1178,2024-03,Все категории,1.4599463596629594,0.0,0.13333333333333333
39,1178,2024-03,Продовольствие,-0.4972249609264384,0.0,0.06666666666666667
39,1178,2024-03,Маркетплейсы,1.6573555570906515,0.0,0.0
39,1178,2024-03,Здоровье,1.404385007302711,0.0,0.0
39,1178,2024-03,Общественное питание,1.0140091567246945,0.0,0.06666666666666667
39,1178,2024-03,Транспорт,-0.7680626858793362,0.0,0.13333333333333333
39,1184,2024-03,Все категории,-0.9892234666050508,0.0,0.13333333333333333
39,1184,2024-03,Продовольствие,-1.8852260865631973,0.0,0.06666666666666667
39,1184,2024-03,Маркетплейсы,-0.43259519993824636,0.0,0.0
39,1184,2024-03,Здоровье,-0.7105183964496686,1.0,0.0
39,1184,2024-03,Общественное питание,-0.9652748401630572,0.0,0.06666666666666667
39,1184,2024-03,Транспорт,-1.2597467537557683,1.0,0.13333333333333333
39,1189,2024-03,Все категории,1.0442885934170087,0.0,0.13333333333333333
39,1189,2024-03,Продовольствие,1.1390080734669046,0.0,0.06666666666666667
39,1189,2024-03,Маркетплейсы,-0.14677162697452073,0.0,0.0
39,1189,2024-03,Здоровье,0.5330348107316821,0.0,0.0
39,1189,2024-03,Общественное питание,1.5675648120783996,0.0,0.06666666666666667
39,1189,2024-03,Транспорт,0.8610117780518525,0.0,0.13333333333333333
40,1198,2024-05,Все категории,-0.16509723091587303,0.0,0.0
40,1198,2024-05,Продовольствие,0.45145898630928183,0.0,0.0
40,1198,2024-05,Маркетплейсы,-0.08403358854672055,0.0,0.043478260869565216
40,1198,2024-05,Здоровье,-0.21977203701904996,0.0,0.08695652173913043
40,1198,2024-05,Общественное питание,0.21583733163793664,0.0,0.0
40,1198,2024-05,Транспорт,0.21997243787234405,0.0,0.17391304347826086
40,1215,2024-05,Все категории,0.9733917725685686,0.0,0.0
40,1215,2024-05,Продовольствие,1.0535712189308633,0.0,0.0
40,1215,2024-05,Маркетплейсы,-0.6130055141491146,0.0,0.043478260869565216
40,1215,2024-05,Здоровье,-0.9927487364500334,0.0,0.08695652173913043
40,1215,2024-05,Общественное питание,-0.9294349317946586,0.0,0.0
40,1215,2024-05,Транспорт,-0.5228873945837359,0.0,0.17391304347826086
42,1224,2024-04,Все категории,0.47807858280760707,0.0,0.07142857142857142
42,1224,2024-04,Продовольствие,-0.45357696611149595,0.0,0.07142857142857142
42,1224,2024-04,Маркетплейсы,0.29597005601054516,0.0,0.03571428571428571
42,1224,2024-04,Здоровье,0.8736533498428878,0.0,0.10714285714285714
42,1224,2024-04,Общественное питание,0.1659008789374397,0.0,0.10714285714285714
42,1224,2024-04,Транспорт,0.018101129381760006,0.0,0.03571428571428571
42,1224,2024-05,Все категории,-0.13120955712105825,0.0,0.07142857142857142
42,1224,2024-05,Продовольствие,0.021060092990938445,0.0,0.07142857142857142
42,1224,2024-05,Маркетплейсы,-0.2543963625768746,0.0,0.07142857142857142
42,1224,2024-05,Здоровье,-0.17901663302560217,0.0,0.07142857142857142
42,1224,2024-05,Общественное питание,0.15386166862735817,0.0,0.07142857142857142
42,1224,2024-05,Транспорт,-0.32747591895009553,0.0,0.03571428571428571
42,1228,2024-05,Все категории,0.5220631428576473,0.0,0.07142857142857142
42,1228,2024-05,Продовольствие,0.7077298503261197,0.0,0.07142857142857142
42,1228,2024-05,Маркетплейсы,-0.24589864056779231,0.0,0.07142857142857142
42,1228,2024-05,Здоровье,0.23796297094935237,0.0,0.07142857142857142
42,1228,2024-05,Общественное питание,-1.77653862749955,0.0,0.07142857142857142
42,1228,2024-05,Транспорт,0.7434676605305854,0.0,0.03571428571428571
42,1233,2024-03,Все категории,-0.4134807638300936,0.0,0.034482758620689655
42,1233,2024-03,Продовольствие,-0.26241497899486743,0.0,0.0
42,1233,2024-03,Маркетплейсы,0.17420141388458288,0.0,0.034482758620689655
42,1233,2024-03,Здоровье,-0.2560736464656955,0.0,0.06896551724137931
42,1233,2024-03,Общественное питание,-0.5711658938665984,0.0,0.06896551724137931
42,1233,2024-03,Транспорт,-0.6988810465792155,0.0,0.0
42,1233,2024-04,Все категории,0.517196509288296,0.0,0.07142857142857142
42,1233,2024-04,Продовольствие,-0.4261788355992496,0.0,0.07142857142857142
42,1233,2024-04,Маркетплейсы,0.1452028194826971,0.0,0.03571428571428571
42,1233,2024-04,Здоровье,0.5284969655307976,0.0,0.10714285714285714
42,1233,2024-04,Общественное питание,-0.3729117444009409,0.0,0.10714285714285714
42,1233,2024-04,Транспорт,0.41341636927666553,0.0,0.03571428571428571
43,1266,2024-04,Все категории,0.49426706955425914,0.0,0.023809523809523808
43,1266,2024-04,Продовольствие,-0.14564858720257343,0.0,0.0
43,1266,2024-04,Маркетплейсы,-0.008309993726414167,1.0,0.023809523809523808
43,1266,2024-04,Здоровье,0.00830275953823223,0.0,0.07142857142857142
43,1266,2024-04,Общественное питание,0.6852853049243988,0.0,0.11904761904761904
43,1266,2024-04,Транспорт,-0.22725029781530592,0.0,0.047619047619047616
44,1303,2024-03,Все категории,0.1442710602175339,0.0,0.07692307692307693
44,1303,2024-03,Продовольствие,-0.1675725496983571,0.0,0.0
44,1303,2024-03,Маркетплейсы,0.4433684888145717,1.0,0.0
44,1303,2024-03,Здоровье,-0.37515548035353696,0.0,0.0
44,1303,2024-03,Общественное питание,0.010905347171812185,0.0,0.038461538461538464
44,1303,2024-03,Транспорт,-0.21502088003914627,0.0,0.038461538461538464
44,1303,2024-04,Все категории,-0.19527765286744736,0.0,0.047619047619047616
44,1303,2024-04,Продовольствие,-1.06759204166753,0.0,0.047619047619047616
44,1303,2024-04,Маркетплейсы,-0.01944359410755725,0.0,0.0
44,1303,2024-04,Здоровье,0.6705023795746725,0.0,0.0
44,1303,2024-04,Общественное питание,0.6523480291449875,0.0,0.047619047619047616
44,1303,2024-04,Транспорт,0.6929360803694532,0.0,0.0
44,1303,2024-05,Все категории,0.17357833936955255,0.0,0.08333333333333333
44,1303,2024-05,Продовольствие,0.6893929580681046,0.0,0.08333333333333333
44,1303,2024-05,Маркетплейсы,0.5831360542742059,0.0,0.041666666666666664
44,1303,2024-05,Здоровье,0.24788978727782618,0.0,0.041666666666666664
44,1303,2024-05,Общественное питание,1.3753094253455296,0.0,0.125
44,1303,2024-05,Транспорт,0.09136403904529547,0.0,0.0
44,1305,2024-04,Все категории,-1.035902332405212,1.0,0.047619047619047616
44,1305,2024-04,Продовольствие,-0.2903424620342733,1.0,0.047619047619047616
44,1305,2024-04,Маркетплейсы,0.8215303277894508,0.0,0.0
44,1305,2024-04,Здоровье,-0.7353557503650209,0.0,0.0
44,1305,2024-04,Общественное питание,-0.6883610732193765,0.0,0.047619047619047616
44,1305,2024-04,Транспорт,0.012982620409542234,0.0,0.0
44,1305,2024-05,Все категории,-1.045885037630987,1.0,0.08333333333333333
44,1305,2024-05,Продовольствие,-1.391926251294209,1.0,0.08333333333333333
44,1305,2024-05,Маркетплейсы,-0.11779186075530002,0.0,0.041666666666666664
44,1305,2024-05,Здоровье,-0.12713227845880626,1.0,0.041666666666666664
44,1305,2024-05,Общественное питание,-1.4315219620200113,0.0,0.125
44,1305,2024-05,Транспорт,0.5035244830443105,0.0,0.0
44,1306,2024-04,Все категории,-0.024777372197211323,0.0,0.047619047619047616
44,1306,2024-04,Продовольствие,-0.20141775965924064,0.0,0.047619047619047616
44,1306,2024-04,Маркетплейсы,-0.13567140040435266,0.0,0.0
44,1306,2024-04,Здоровье,0.30019187189974583,0.0,0.0
44,1306,2024-04,Общественное питание,0.8446181797016048,0.0,0.047619047619047616
44,1306,2024-04,Транспорт,0.5075588078486436,0.0,0.0
44,1306,2024-05,Все категории,-0.6183011625636705,0.0,0.08333333333333333
44,1306,2024-05,Продовольствие,0.03499064240620697,0.0,0.08333333333333333
44,1306,2024-05,Маркетплейсы,-0.7149971438942008,0.0,0.041666666666666664
44,1306,2024-05,Здоровье,-0.6260465441413523,0.0,0.041666666666666664
44,1306,2024-05,Общественное питание,0.004994086784830654,0.0,0.125
44,1306,2024-05,Транспорт,0.5408115550931557,0.0,0.0
44,1315,2024-04,Все категории,0.5179113322557796,0.0,0.047619047619047616
44,1315,2024-04,Продовольствие,-0.6816088349980503,0.0,0.047619047619047616
44,1315,2024-04,Маркетплейсы,0.021429454178326424,0.0,0.0
44,1315,2024-04,Здоровье,1.0762179475339815,0.0,0.0
44,1315,2024-04,Общественное питание,0.2178444297727719,1.0,0.047619047619047616
44,1315,2024-04,Транспорт,1.2294747389827805,0.0,0.0
44,1315,2024-05,Все категории,-0.061745026222163046,0.0,0.08333333333333333
44,1315,2024-05,Продовольствие,0.4526418797558642,0.0,0.08333333333333333
44,1315,2024-05,Маркетплейсы,0.335817372821428,0.0,0.041666666666666664
44,1315,2024-05,Здоровье,-0.5795472847389143,0.0,0.041666666666666664
44,1315,2024-05,Общественное питание,0.7342301542058208,0.0,0.125
44,1315,2024-05,Транспорт,-0.15993957689575292,0.0,0.0
44,1328,2024-03,Все категории,-0.36249168591171377,0.0,0.07692307692307693
44,1328,2024-03,Продовольствие,0.474824256124281,0.0,0.0
44,1328,2024-03,Маркетплейсы,-0.6943723944979726,0.0,0.0
44,1328,2024-03,Здоровье,-1.2895128297061524,0.0,0.0
44,1328,2024-03,Общественное питание,0.37053142085246127,1.0,0.038461538461538464
44,1328,2024-03,Транспорт,0.15987385121736736,0.0,0.038461538461538464
44,1328,2024-04,Все категории,-0.07761687025950659,1.0,0.047619047619047616
44,1328,2024-04,Продовольствие,-0.768795985103535,0.0,0.047619047619047616
44,1328,2024-04,Маркетплейсы,-0.2857021639055102,1.0,0.0
44,1328,2024-04,Здоровье,-0.24125619701361256,0.0,0.0
44,1328,2024-04,Общественное питание,-0.611420087742526,1.0,0.047619047619047616
44,1328,2024-04,Транспорт,-0.18157637456318354,0.0,0.0
44,1329,2024-04,Все категории,-0.212775636284958,0.0,0.047619047619047616
44,1329,2024-04,Продовольствие,-0.3627018112680458,0.0,0.047619047619047616
44,1329,2024-04,Маркетплейсы,-0.33445981854300877,0.0,0.0
44,1329,2024-04,Здоровье,0.8635196088035855,0.0,0.0
44,1329,2024-04,Общественное питание,0.6066129064761654,0.0,0.047619047619047616
44,1329,2024-04,Транспорт,-0.08509256502129708,0.0,0.0
45,1333,2024-03,Все категории,0.9890668776724555,0.0,0.0
45,1333,2024-03,Продовольствие,0.9588983932986073,0.0,0.0
45,1333,2024-03,Маркетплейсы,1.2326572961194375,0.0,0.08695652173913043
45,1333,2024-03,Здоровье,0.47921134094655937,0.0,0.043478260869565216
45,1333,2024-03,Общественное питание,0.10937976582361308,0.0,0.08695652173913043
45,1333,2024-03,Транспорт,-0.40900283175590846,0.0,0.13043478260869565
45,1333,2024-04,Все категории,-0.21365216720924882,0.0,0.0
45,1333,2024-04,Продовольствие,-0.13017915277760117,0.0,0.05
45,1333,2024-04,Маркетплейсы,0.9744473752076774,0.0,0.05
45,1333,2024-04,Здоровье,-0.13923017782452607,0.0,0.05
45,1333,2024-04,Общественное питание,1.5465547627266416,0.0,0.1
45,1333,2024-04,Транспорт,0.6026038754784789,0.0,0.15
45,1333,2024-05,Все категории,0.37334286855715554,0.0,0.0
45,1333,2024-05,Продовольствие,0.6799146287816897,0.0,0.043478260869565216
45,1333,2024-05,Маркетплейсы,1.3381554279914964,0.0,0.043478260869565216
45,1333,2024-05,Здоровье,0.45726491644991973,0.0,0.08695652173913043
45,1333,2024-05,Общественное питание,-0.31098009423440326,0.0,0.08695652173913043
45,1333,2024-05,Транспорт,0.41321201946085634,0.0,0.17391304347826086
45,1333,2024-06,Все категории,1.5272931191665076,0.0,0.0
45,1333,2024-06,Продовольствие,0.7928773854426544,0.0,0.043478260869565216
45,1333,2024-06,Маркетплейсы,2.016343985638854,0.0,0.043478260869565216
45,1333,2024-06,Здоровье,0.7880327843770181,0.0,0.08695652173913043
45,1333,2024-06,Общественное питание,0.5033226078514685,0.0,0.08695652173913043
45,1333,2024-06,Транспорт,1.301645636067742,0.0,0.17391304347826086
45,1338,2024-04,Все категории,-0.6942604320015353,0.0,0.0
45,1338,2024-04,Продовольствие,-1.2404941590241627,0.0,0.05
45,1338,2024-04,Маркетплейсы,0.07478939767010107,0.0,0.05
45,1338,2024-04,Здоровье,0.24812385511775914,0.0,0.05
45,1338,2024-04,Общественное питание,1.3133948937061144,0.0,0.1
45,1338,2024-04,Транспорт,-1.3848476210474245,0.0,0.15
45,1343,2024-04,Все категории,0.28969934879629256,0.0,0.0
45,1343,2024-04,Продовольствие,-0.027375320635583872,0.0,0.05
45,1343,2024-04,Маркетплейсы,0.6270290059917161,0.0,0.05
45,1343,2024-04,Здоровье,0.36846468265234267,0.0,0.05
45,1343,2024-04,Общественное питание,-0.15083558943914777,0.0,0.1
45,1343,2024-04,Транспорт,0.4501329120339484,0.0,0.15
45,1350,2024-04,Все категории,0.07926621310224846,0.0,0.0
45,1350,2024-04,Продовольствие,0.4009713694589905,0.0,0.05
45,1350,2024-04,Маркетплейсы,-0.4396094487262814,0.0,0.05
45,1350,2024-04,Здоровье,-1.1010819746931666,0.0,0.05
45,1350,2024-04,Общественное питание,1.0601434211131293,0.0,0.1
45,1350,2024-04,Транспорт,1.2884600725269748,0.0,0.15
47,1392,2024-04,Все категории,0.07598289635739575,0.0,0.07692307692307693
47,1392,2024-04,Продовольствие,-0.1835152264158484,0.0,0.0
47,1392,2024-04,Маркетплейсы,0.9859186719787445,0.0,0.15384615384615385
47,1392,2024-04,Здоровье,-0.3669122510503493,0.0,0.15384615384615385
47,1392,2024-04,Общественное питание,0.4659459769660799,0.0,0.07692307692307693
47,1392,2024-04,Транспорт,-0.5456474919356786,1.0,0.07692307692307693
47,1393,2024-04,Все категории,0.17082077940319862,1.0,0.07692307692307693
47,1393,2024-04,Продовольствие,0.13372510750009275,0.0,0.0
47,1393,2024-04,Маркетплейсы,0.2519760883819586,1.0,0.15384615384615385
47,1393,2024-04,Здоровье,0.06118245913220832,0.0,0.15384615384615385
47,1393,2024-04,Общественное питание,1.1200129812689132,0.0,0.07692307692307693
47,1393,2024-04,Транспорт,-0.7021463759733714,0.0,0.07692307692307693
47,1395,2024-04,Все категории,-0.2156410341950663,0.0,0.07692307692307693
47,1395,2024-04,Продовольствие,-0.7542269782273865,0.0,0.0
47,1395,2024-04,Маркетплейсы,0.029088429895298917,0.0,0.15384615384615385
47,1395,2024-04,Здоровье,0.3336103138448048,1.0,0.15384615384615385
47,1395,2024-04,Общественное питание,-0.04243900575177412,0.0,0.07692307692307693
47,1395,2024-04,Транспорт,0.08974153967260823,0.0,0.07692307692307693
47,1395,2024-05,Все категории,-0.516340448203203,0.0,0.13333333333333333
47,1395,2024-05,Продовольствие,-0.3198918455522316,0.0,0.0
47,1395,2024-05,Маркетплейсы,0.012373059692510235,0.0,0.13333333333333333
47,1395,2024-05,Здоровье,0.21390126696207726,1.0,0.0
47,1395,2024-05,Общественное питание,-0.3897986058577718,0.0,0.0
47,1395,2024-05,Транспорт,-0.7063310883932975,0.0,0.2
47,1396,2024-05,Все категории,0.47516674032014494,0.0,0.13333333333333333
47,1396,2024-05,Продовольствие,0.032165045343376164,0.0,0.0
47,1396,2024-05,Маркетплейсы,0.4586127571760539,1.0,0.13333333333333333
47,1396,2024-05,Здоровье,-0.2385285910772622,0.0,0.0
47,1396,2024-05,Общественное питание,0.09257285561726247,0.0,0.0
47,1396,2024-05,Транспорт,-0.31109841057756704,0.0,0.2
47,1398,2024-05,Все категории,-0.4106548189247472,0.0,0.13333333333333333
47,1398,2024-05,Продовольствие,-0.2552341074724396,0.0,0.0
47,1398,2024-05,Маркетплейсы,-0.15254481248246377,0.0,0.13333333333333333
47,1398,2024-05,Здоровье,-0.3695296914833517,0.0,0.0
47,1398,2024-05,Общественное питание,0.13914882694296382,0.0,0.0
47,1398,2024-05,Транспорт,-0.23169234412800954,0.0,0.2
47,1401,2024-04,Все категории,0.7303465562378099,0.0,0.07692307692307693
47,1401,2024-04,Продовольствие,0.3301627451849016,0.0,0.0
47,1401,2024-04,Маркетплейсы,-0.3127044112761501,0.0,0.15384615384615385
47,1401,2024-04,Здоровье,1.1018994315275235,0.0,0.15384615384615385
47,1401,2024-04,Общественное питание,1.711374148157922,0.0,0.07692307692307693
47,1401,2024-04,Транспорт,0.3971136341880759,0.0,0.07692307692307693
47,1407,2024-04,Все категории,-0.441893244302485,0.0,0.07692307692307693
47,1407,2024-04,Продовольствие,0.17341073537857699,0.0,0.0
47,1407,2024-04,Маркетплейсы,0.8851063453861792,0.0,0.15384615384615385
47,1407,2024-04,Здоровье,-0.030133910538924003,0.0,0.15384615384615385
47,1407,2024-04,Общественное питание,-0.31519446553815467,0.0,0.07692307692307693
47,1407,2024-04,Транспорт,-0.30527029810276907,1.0,0.07692307692307693
48,1410,2024-04,Все категории,0.5307151700077554,0.0,0.0
48,1410,2024-04,Продовольствие,0.047668157231500044,0.0,0.0
48,1410,2024-04,Маркетплейсы,1.2469128988654965,0.0,0.058823529411764705
48,1410,2024-04,Здоровье,0.9002958277588672,0.0,0.0
48,1410,2024-04,Общественное питание,0.8566866551468355,0.0,0.058823529411764705
48,1410,2024-04,Транспорт,1.0442040143690652,0.0,0.0
49,1430,2024-03,Все категории,0.23398106808613284,0.0,0.0
49,1430,2024-03,Продовольствие,-0.05465381198397842,0.0,0.0
49,1430,2024-03,Маркетплейсы,0.6069921964092495,0.0,0.5
49,1430,2024-03,Здоровье,-0.8052034059374862,0.0,0.0
49,1430,2024-03,Общественное питание,1.0420389433670656,0.0,0.5
49,1430,2024-03,Транспорт,-1.5367568152228586,1.0,0.0
49,1430,2024-05,Все категории,-0.02268742236323107,0.0,0.0
49,1430,2024-05,Продовольствие,-0.9404502956455275,0.0,0.0
49,1430,2024-05,Маркетплейсы,0.252568281456784,0.0,0.0
49,1430,2024-05,Здоровье,0.2806597376786547,0.0,0.0
49,1430,2024-05,Общественное питание,0.8108061903889918,0.0,0.5
49,1430,2024-05,Транспорт,0.5025512998864806,0.0,0.5
50,1439,2024-04,Все категории,-0.06355374897367916,0.0,0.02564102564102564
50,1439,2024-04,Продовольствие,-0.2930462942109935,0.0,0.0
50,1439,2024-04,Маркетплейсы,-0.422441943122392,0.0,0.02564102564102564
50,1439,2024-04,Здоровье,0.5739212243678946,1.0,0.1282051282051282
50,1439,2024-04,Общественное питание,0.06996590792081525,0.0,0.07692307692307693
50,1439,2024-04,Транспорт,0.07613011644128109,0.0,0.07692307692307693
50,1439,2024-05,Все категории,-0.20761889680770157,0.0,0.029411764705882353
50,1439,2024-05,Продовольствие,-0.17944334638053677,0.0,0.0
50,1439,2024-05,Маркетплейсы,-0.4436368462633836,0.0,0.0
50,1439,2024-05,Здоровье,-0.26787587727151896,0.0,0.0
50,1439,2024-05,Общественное питание,-0.38973433678850333,0.0,0.029411764705882353
50,1439,2024-05,Транспорт,0.07686597942599918,0.0,0.058823529411764705
50,1445,2024-04,Все категории,0.038852821222399636,0.0,0.02564102564102564
50,1445,2024-04,Продовольствие,-0.37737459836054743,0.0,0.0
50,1445,2024-04,Маркетплейсы,-0.1641818578071046,0.0,0.02564102564102564
50,1445,2024-04,Здоровье,0.2912267728545608,0.0,0.1282051282051282
50,1445,2024-04,Общественное питание,-0.6006811876960125,0.0,0.07692307692307693
50,1445,2024-04,Транспорт,0.05655336909894504,0.0,0.07692307692307693
50,1448,2024-05,Все категории,0.20370848154048088,0.0,0.029411764705882353
50,1448,2024-05,Продовольствие,0.0669726580679828,0.0,0.0
50,1448,2024-05,Маркетплейсы,-0.14594342131375404,0.0,0.0
50,1448,2024-05,Здоровье,-0.002540450718247933,0.0,0.0
50,1448,2024-05,Общественное питание,0.02081729578361337,0.0,0.029411764705882353
50,1448,2024-05,Транспорт,0.15049920979854184,0.0,0.058823529411764705
50,1449,2024-05,Все категории,0.2881562087855171,0.0,0.029411764705882353
50,1449,2024-05,Продовольствие,0.010450213423398358,0.0,0.0
50,1449,2024-05,Маркетплейсы,-0.40102208472129275,1.0,0.0
50,1449,2024-05,Здоровье,-0.6410643279789031,0.0,0.0
50,1449,2024-05,Общественное питание,0.6743253960268669,0.0,0.029411764705882353
50,1449,2024-05,Транспорт,0.0729126058786223,0.0,0.058823529411764705
50,1454,2024-05,Все категории,1.3733056132022508,1.0,0.029411764705882353
50,1454,2024-05,Продовольствие,1.6007944387215935,0.0,0.0
50,1454,2024-05,Маркетплейсы,-0.3015291929003361,0.0,0.0
50,1454,2024-05,Здоровье,0.35198814523194155,0.0,0.0
50,1454,2024-05,Общественное питание,1.2925234103879455,0.0,0.029411764705882353
50,1454,2024-05,Транспорт,1.1360840882548393,1.0,0.058823529411764705
50,1459,2024-04,Все категории,0.09136573854131835,0.0,0.02564102564102564
50,1459,2024-04,Продовольствие,-0.6247418882617519,0.0,0.0
50,1459,2024-04,Маркетплейсы,-0.15056382629617304,0.0,0.02564102564102564
50,1459,2024-04,Здоровье,0.6016750763677763,0.0,0.1282051282051282
50,1459,2024-04,Общественное питание,-0.17314306794497125,0.0,0.07692307692307693
50,1459,2024-04,Транспорт,0.21595428449145726,0.0,0.07692307692307693
50,1461,2024-02,Все категории,-0.2509807893247565,0.0,0.0196078431372549
50,1461,2024-02,Продовольствие,-0.2815173345913244,0.0,0.0
50,1461,2024-02,Маркетплейсы,0.3707944467006925,0.0,0.0392156862745098
50,1461,2024-02,Здоровье,0.05070664211553832,0.0,0.37254901960784315
50,1461,2024-02,Общественное питание,0.31829791310206246,0.0,0.0392156862745098
50,1461,2024-02,Транспорт,0.03346533727369727,0.0,0.0196078431372549
50,1463,2024-04,Все категории,-0.2348393005716985,0.0,0.02564102564102564
50,1463,2024-04,Продовольствие,-0.1733845723314691,0.0,0.0
50,1463,2024-04,Маркетплейсы,0.48177348587919666,0.0,0.02564102564102564
50,1463,2024-04,Здоровье,-0.7662759149428044,0.0,0.1282051282051282
50,1463,2024-04,Общественное питание,0.6659243534562069,0.0,0.07692307692307693
50,1463,2024-04,Транспорт,-0.5945326010549642,0.0,0.07692307692307693
50,1463,2024-05,Все категории,0.5641236519690578,0.0,0.029411764705882353
50,1463,2024-05,Продовольствие,0.5367054281955173,0.0,0.0
50,1463,2024-05,Маркетплейсы,0.32649368677028123,0.0,0.0
50,1463,2024-05,Здоровье,0.34385680035809796,0.0,0.0
50,1463,2024-05,Общественное питание,0.7977394690583325,0.0,0.029411764705882353
50,1463,2024-05,Транспорт,0.9797182244751717,0.0,0.058823529411764705
50,1467,2024-05,Все категории,-0.9990081967139688,0.0,0.029411764705882353
50,1467,2024-05,Продовольствие,-0.49703226694951697,0.0,0.0
50,1467,2024-05,Маркетплейсы,-0.05354308147748743,0.0,0.0
50,1467,2024-05,Здоровье,-0.6662174104661008,0.0,0.0
50,1467,2024-05,Общественное питание,-0.43567112014637144,0.0,0.029411764705882353
50,1467,2024-05,Транспорт,-0.558875815787766,0.0,0.058823529411764705
50,1472,2024-01,Все категории,-0.254850724640284,0.0,0.0196078431372549
50,1472,2024-01,Продовольствие,-0.10268702430716325,0.0,0.0
50,1472,2024-01,Маркетплейсы,-0.34487235253413173,0.0,0.0392156862745098
50,1472,2024-01,Здоровье,-0.2492511176950929,1.0,0.43137254901960786
50,1472,2024-01,Общественное питание,-0.2630384247908175,0.0,0.0196078431372549
50,1472,2024-01,Транспорт,-0.25836113342716605,0.0,0.0196078431372549
50,1472,2024-03,Все категории,0.32232020741056533,0.0,0.0
50,1472,2024-03,Продовольствие,-0.0955966455162427,0.0,0.0
50,1472,2024-03,Маркетплейсы,-0.10642013862861854,0.0,0.02
50,1472,2024-03,Здоровье,-0.08995399826424699,1.0,0.2
50,1472,2024-03,Общественное питание,-0.3770348784070565,0.0,0.04
50,1472,2024-03,Транспорт,-0.029348669541938932,0.0,0.0
50,1472,2024-05,Все категории,-0.08981662796177353,0.0,0.029411764705882353
50,1472,2024-05,Продовольствие,-0.3098564861582236,0.0,0.0
50,1472,2024-05,Маркетплейсы,-0.17611430249821386,0.0,0.0
50,1472,2024-05,Здоровье,0.013961342883814565,1.0,0.0
50,1472,2024-05,Общественное питание,0.10680009795897857,0.0,0.029411764705882353
50,1472,2024-05,Транспорт,0.132627645625793,0.0,0.058823529411764705
50,1477,2024-04,Все категории,0.18940479016628498,0.0,0.02564102564102564
50,1477,2024-04,Продовольствие,0.4669058809227186,0.0,0.0
50,1477,2024-04,Маркетплейсы,0.1280522880267867,0.0,0.02564102564102564
50,1477,2024-04,Здоровье,-0.15372043464152096,0.0,0.1282051282051282
50,1477,2024-04,Общественное питание,-0.037180236009717094,0.0,0.07692307692307693
50,1477,2024-04,Транспорт,-0.5241654706468825,0.0,0.07692307692307693
50,1484,2024-04,Все категории,0.48495690994272767,0.0,0.02564102564102564
50,1484,2024-04,Продовольствие,0.5844848798666488,0.0,0.0
50,1484,2024-04,Маркетплейсы,-0.037982774970784394,0.0,0.02564102564102564
50,1484,2024-04,Здоровье,0.20412863412184779,0.0,0.1282051282051282
50,1484,2024-04,Общественное питание,0.4407080897738227,0.0,0.07692307692307693
50,1484,2024-04,Транспорт,0.297158111778284,0.0,0.07692307692307693
50,1484,2024-05,Все категории,0.2801096496442754,0.0,0.029411764705882353
50,1484,2024-05,Продовольствие,0.7171165764069816,0.0,0.0
50,1484,2024-05,Маркетплейсы,-0.16453055128088523,0.0,0.0
50,1484,2024-05,Здоровье,-0.3563401251461268,0.0,0.0
50,1484,2024-05,Общественное питание,0.22352334396711337,0.0,0.029411764705882353
50,1484,2024-05,Транспорт,0.21672484913559556,0.0,0.058823529411764705
50,1488,2024-05,Все категории,0.6420035885703406,0.0,0.029411764705882353
50,1488,2024-05,Продовольствие,0.038188852261623496,0.0,0.0
50,1488,2024-05,Маркетплейсы,0.01260260036971994,0.0,0.0
50,1488,2024-05,Здоровье,-0.5260729076047904,0.0,0.0
50,1488,2024-05,Общественное питание,0.5020680268572139,0.0,0.029411764705882353
50,1488,2024-05,Транспорт,0.13842344613392776,0.0,0.058823529411764705
50,1492,2024-05,Все категории,0.1539450556784742,0.0,0.029411764705882353
50,1492,2024-05,Продовольствие,-0.012952687055795664,0.0,0.0
50,1492,2024-05,Маркетплейсы,0.38469773358616555,0.0,0.0
50,1492,2024-05,Здоровье,0.03697378281395458,0.0,0.0
50,1492,2024-05,Общественное питание,0.112051257431983,0.0,0.029411764705882353
50,1492,2024-05,Транспорт,-0.013317883785403134,0.0,0.058823529411764705
50,1493,2024-04,Все категории,0.19545099547975298,0.0,0.02564102564102564
50,1493,2024-04,Продовольствие,-0.2777188515552955,0.0,0.0
50,1493,2024-04,Маркетплейсы,-0.22521352321645005,0.0,0.02564102564102564
50,1493,2024-04,Здоровье,0.5013986465324809,0.0,0.1282051282051282
50,1493,2024-04,Общественное питание,0.15203846371568985,0.0,0.07692307692307693
50,1493,2024-04,Транспорт,0.0428717714298259,0.0,0.07692307692307693
50,1493,2024-05,Все категории,0.007491789523927039,0.0,0.029411764705882353
50,1493,2024-05,Продовольствие,-0.019920823214500116,0.0,0.0
50,1493,2024-05,Маркетплейсы,0.16682668499312536,0.0,0.0
50,1493,2024-05,Здоровье,-0.3156696108845396,0.0,0.0
50,1493,2024-05,Общественное питание,-0.009672559742156556,0.0,0.029411764705882353
50,1493,2024-05,Транспорт,-0.23333786898581377,0.0,0.058823529411764705
50,1495,2024-04,Все категории,0.004921913576538373,0.0,0.02564102564102564
50,1495,2024-04,Продовольствие,1.0933092240940585,0.0,0.0
50,1495,2024-04,Маркетплейсы,-0.018522261911160687,0.0,0.02564102564102564
50,1495,2024-04,Здоровье,0.011159238800524163,0.0,0.1282051282051282
50,1495,2024-04,Общественное питание,-0.19283301712571965,0.0,0.07692307692307693
50,1495,2024-04,Транспорт,-0.07359461314028759,0.0,0.07692307692307693
50,1495,2024-05,Все категории,0.24652912708125488,0.0,0.029411764705882353
50,1495,2024-05,Продовольствие,0.0348543849602479,0.0,0.0
50,1495,2024-05,Маркетплейсы,0.435567314353822,0.0,0.0
50,1495,2024-05,Здоровье,0.4152806601378234,0.0,0.0
50,1495,2024-05,Общественное питание,-0.6009772509072868,0.0,0.029411764705882353
50,1495,2024-05,Транспорт,0.8551225520128607,0.0,0.058823529411764705
50,1500,2024-04,Все категории,0.056347759474509984,0.0,0.02564102564102564
50,1500,2024-04,Продовольствие,-0.2499103864892298,0.0,0.0
50,1500,2024-04,Маркетплейсы,0.009046166318054327,0.0,0.02564102564102564
50,1500,2024-04,Здоровье,-0.026780333862021832,0.0,0.1282051282051282
50,1500,2024-04,Общественное питание,-0.014334117219852782,0.0,0.07692307692307693
50,1500,2024-04,Транспорт,0.2571612573913451,0.0,0.07692307692307693
50,1504,2024-05,Все категории,-0.2686723206178157,0.0,0.029411764705882353
50,1504,2024-05,Продовольствие,-1.4116387227451241,0.0,0.0
50,1504,2024-05,Маркетплейсы,-0.1798121032600748,0.0,0.0
50,1504,2024-05,Здоровье,0.160140577240743,0.0,0.0
50,1504,2024-05,Общественное питание,-0.4216769311510862,0.0,0.029411764705882353
50,1504,2024-05,Транспорт,-0.2081789079914757,0.0,0.058823529411764705
52,1523,2024-04,Все категории,-0.41374390808437783,0.0,0.022222222222222223
52,1523,2024-04,Продовольствие,-0.33585804279672815,0.0,0.022222222222222223
52,1523,2024-04,Маркетплейсы,0.06560714164277481,0.0,0.044444444444444446
52,1523,2024-04,Здоровье,1.1196048154430212,0.0,0.0
52,1523,2024-04,Общественное питание,0.63138655621203,0.0,0.06666666666666667
52,1523,2024-04,Транспорт,0.9057822925145499,0.0,0.06666666666666667
52,1523,2024-05,Все категории,-0.23517964127474988,0.0,0.044444444444444446
52,1523,2024-05,Продовольствие,0.24872524644245986,0.0,0.0
52,1523,2024-05,Маркетплейсы,0.5177588247456844,0.0,0.022222222222222223
52,1523,2024-05,Здоровье,-0.6736319264043407,0.0,0.022222222222222223
52,1523,2024-05,Общественное питание,0.20757729105620903,0.0,0.08888888888888889
52,1523,2024-05,Транспорт,0.038039767786087045,0.0,0.044444444444444446
52,1525,2024-04,Все категории,0.1392551524814719,0.0,0.022222222222222223
52,1525,2024-04,Продовольствие,-0.2336747276629127,0.0,0.022222222222222223
52,1525,2024-04,Маркетплейсы,-0.10300871896631869,0.0,0.044444444444444446
52,1525,2024-04,Здоровье,0.6657375499787062,0.0,0.0
52,1525,2024-04,Общественное питание,1.365084004629603,0.0,0.06666666666666667
52,1525,2024-04,Транспорт,0.13842226961683035,0.0,0.06666666666666667
52,1526,2024-05,Все категории,-0.15305264496713922,0.0,0.044444444444444446
52,1526,2024-05,Продовольствие,0.478453211048594,0.0,0.0
52,1526,2024-05,Маркетплейсы,-0.14300835884706997,0.0,0.022222222222222223
52,1526,2024-05,Здоровье,-0.47389828193963757,0.0,0.022222222222222223
52,1526,2024-05,Общественное питание,0.9534018374556331,0.0,0.08888888888888889
52,1526,2024-05,Транспорт,-0.5171136426032751,0.0,0.044444444444444446
52,1527,2024-05,Все категории,0.43865013002574116,0.0,0.044444444444444446
52,1527,2024-05,Продовольствие,0.5596762407370324,0.0,0.0
52,1527,2024-05,Маркетплейсы,0.9529762831664841,0.0,0.022222222222222223
52,1527,2024-05,Здоровье,-0.3534200383600805,0.0,0.022222222222222223
52,1527,2024-05,Общественное питание,-0.20890065986584141,0.0,0.08888888888888889
52,1527,2024-05,Транспорт,0.2833780324892662,0.0,0.044444444444444446
52,1529,2024-04,Все категории,0.06866020183081012,0.0,0.022222222222222223
52,1529,2024-04,Продовольствие,-1.3332815661099082,0.0,0.022222222222222223
52,1529,2024-04,Маркетплейсы,0.5202603407466597,0.0,0.044444444444444446
52,1529,2024-04,Здоровье,-0.7831469625198715,0.0,0.0
52,1529,2024-04,Общественное питание,0.2723778646591356,0.0,0.06666666666666667
52,1529,2024-04,Транспорт,-0.22955714626022036,0.0,0.06666666666666667
52,1529,2024-05,Все категории,-0.18596492025897343,0.0,0.044444444444444446
52,1529,2024-05,Продовольствие,-1.1043975001349564,0.0,0.0
52,1529,2024-05,Маркетплейсы,0.37915497310693685,0.0,0.022222222222222223
52,1529,2024-05,Здоровье,-0.31961820899826643,0.0,0.022222222222222223
52,1529,2024-05,Общественное питание,-0.017417943940274183,1.0,0.08888888888888889
52,1529,2024-05,Транспорт,0.23497934861427014,0.0,0.044444444444444446
52,1553,2024-03,Все категории,0.4210704691748366,0.0,0.02040816326530612
52,1553,2024-03,Продовольствие,0.13636940870221903,0.0,0.02040816326530612
52,1553,2024-03,Маркетплейсы,0.4777858332507192,0.0,0.04081632653061224
52,1553,2024-03,Здоровье,0.023019273988026834,0.0,0.0
52,1553,2024-03,Общественное питание,0.12035868652212323,0.0,0.08163265306122448
52,1553,2024-03,Транспорт,0.03699117981764588,0.0,0.061224489795918366
52,1553,2024-05,Все категории,0.6556503503838724,0.0,0.044444444444444446
52,1553,2024-05,Продовольствие,0.8968894377708683,0.0,0.0
52,1553,2024-05,Маркетплейсы,0.7693911109515803,0.0,0.022222222222222223
52,1553,2024-05,Здоровье,-0.3549353119134314,0.0,0.022222222222222223
52,1553,2024-05,Общественное питание,0.057779674127734076,0.0,0.08888888888888889
52,1553,2024-05,Транспорт,-0.29625364025059986,0.0,0.044444444444444446
52,1562,2024-04,Все категории,-0.09437605630074541,0.0,0.022222222222222223
52,1562,2024-04,Продовольствие,-0.21638844150602493,0.0,0.022222222222222223
52,1562,2024-04,Маркетплейсы,-0.20659860769135308,0.0,0.044444444444444446
52,1562,2024-04,Здоровье,-0.6655139047559687,0.0,0.0
52,1562,2024-04,Общественное питание,0.3562955488386896,0.0,0.06666666666666667
52,1562,2024-04,Транспорт,0.20505425395611376,0.0,0.06666666666666667
53,1575,2024-04,Все категории,0.028254570433144333,0.0,0.0
53,1575,2024-04,Продовольствие,-0.011376669621379731,0.0,0.0
53,1575,2024-04,Маркетплейсы,-0.36187611661948105,0.0,0.05263157894736842
53,1575,2024-04,Здоровье,0.13120969609143007,0.0,0.0
53,1575,2024-04,Общественное питание,-0.04940718015326066,0.0,0.05263157894736842
53,1575,2024-04,Транспорт,1.1195179684475383,0.0,0.0
53,1595,2024-04,Все категории,0.4515840366680274,0.0,0.0
53,1595,2024-04,Продовольствие,-0.6146742169897461,0.0,0.0
53,1595,2024-04,Маркетплейсы,-0.27421359724502925,0.0,0.05263157894736842
53,1595,2024-04,Здоровье,0.9959717659763411,0.0,0.0
53,1595,2024-04,Общественное питание,-0.21832966739526388,0.0,0.05263157894736842
53,1595,2024-04,Транспорт,0.926209508983506,0.0,0.0
54,1597,2024-04,Все категории,0.22995939568758983,0.0,0.0
54,1597,2024-04,Продовольствие,-0.668651244049277,0.0,0.0
54,1597,2024-04,Маркетплейсы,0.9367530931381465,0.0,0.0
54,1597,2024-04,Здоровье,1.6425930598218108,0.0,0.038461538461538464
54,1597,2024-04,Общественное питание,0.9180581740537759,0.0,0.11538461538461539
54,1597,2024-04,Транспорт,0.31007742254179055,0.0,0.0
54,1597,2024-05,Все категории,-0.3172745187591709,0.0,0.029411764705882353
54,1597,2024-05,Продовольствие,-0.002444194154622256,0.0,0.0
54,1597,2024-05,Маркетплейсы,0.5957290992609182,0.0,0.0
54,1597,2024-05,Здоровье,-0.09788039476462729,0.0,0.08823529411764706
54,1597,2024-05,Общественное питание,0.017036923826902195,0.0,0.2647058823529412
54,1597,2024-05,Транспорт,-0.33954870419934613,0.0,0.029411764705882353
54,1600,2024-04,Все категории,0.031717827511773655,0.0,0.0
54,1600,2024-04,Продовольствие,-0.6385011117838695,0.0,0.0
54,1600,2024-04,Маркетплейсы,0.8920053268780803,0.0,0.0
54,1600,2024-04,Здоровье,1.8116354222732443,0.0,0.038461538461538464
54,1600,2024-04,Общественное питание,1.2941103330008272,0.0,0.11538461538461539
54,1600,2024-04,Транспорт,0.1110193122967667,0.0,0.0
54,1608,2024-04,Все категории,0.18063371506811465,0.0,0.0
54,1608,2024-04,Продовольствие,0.2715650225312238,0.0,0.0
54,1608,2024-04,Маркетплейсы,0.0832007764275966,0.0,0.0
54,1608,2024-04,Здоровье,0.9161625798468835,0.0,0.038461538461538464
54,1608,2024-04,Общественное питание,1.32862937268027,1.0,0.11538461538461539
54,1608,2024-04,Транспорт,0.23840214785055452,0.0,0.0
54,1609,2024-04,Все категории,0.32781798770257997,0.0,0.0
54,1609,2024-04,Продовольствие,0.11680717160643687,0.0,0.0
54,1609,2024-04,Маркетплейсы,-0.0594378496984751,0.0,0.0
54,1609,2024-04,Здоровье,-0.5561007341654759,0.0,0.038461538461538464
54,1609,2024-04,Общественное питание,-0.04333020860207493,0.0,0.11538461538461539
54,1609,2024-04,Транспорт,0.32346614056401174,0.0,0.0
54,1613,2024-04,Все категории,-0.8133254056387555,0.0,0.0
54,1613,2024-04,Продовольствие,-1.192496813808828,0.0,0.0
54,1613,2024-04,Маркетплейсы,-0.2466120607672595,0.0,0.0
54,1613,2024-04,Здоровье,0.5546233705873349,0.0,0.038461538461538464
54,1613,2024-04,Общественное питание,-0.44063535573063767,0.0,0.11538461538461539
54,1613,2024-04,Транспорт,-0.5689076955110126,0.0,0.0
54,1614,2024-04,Все категории,-0.2719779298586903,0.0,0.0
54,1614,2024-04,Продовольствие,0.5441015588082485,0.0,0.0
54,1614,2024-04,Маркетплейсы,-0.614254065586173,0.0,0.0
54,1614,2024-04,Здоровье,0.09046621699845125,0.0,0.038461538461538464
54,1614,2024-04,Общественное питание,0.748457457186684,0.0,0.11538461538461539
54,1614,2024-04,Транспорт,0.6273243344067343,0.0,0.0
54,1619,2024-04,Все категории,-0.5904470151490702,0.0,0.0
54,1619,2024-04,Продовольствие,-1.6522271294493331,0.0,0.0
54,1619,2024-04,Маркетплейсы,-0.4137162006870172,0.0,0.0
54,1619,2024-04,Здоровье,1.5358424538868631,0.0,0.038461538461538464
54,1619,2024-04,Общественное питание,2.0485904834028728,1.0,0.11538461538461539
54,1619,2024-04,Транспорт,-1.5619375958175168,0.0,0.0
54,1620,2024-04,Все категории,0.04522564364544701,0.0,0.0
54,1620,2024-04,Продовольствие,-0.12874197850821964,0.0,0.0
54,1620,2024-04,Маркетплейсы,0.8424991899586289,0.0,0.0
54,1620,2024-04,Здоровье,1.055019715038995,0.0,0.038461538461538464
54,1620,2024-04,Общественное питание,0.5207999959362593,0.0,0.11538461538461539
54,1620,2024-04,Транспорт,-0.8995196092074764,0.0,0.0
54,1623,2024-04,Все категории,-0.006767191716559706,0.0,0.0
54,1623,2024-04,Продовольствие,-0.5342997479353645,0.0,0.0
54,1623,2024-04,Маркетплейсы,0.5398732125502246,0.0,0.0
54,1623,2024-04,Здоровье,-0.6718655421104325,1.0,0.038461538461538464
54,1623,2024-04,Общественное питание,1.4569285282245734,1.0,0.11538461538461539
54,1623,2024-04,Транспорт,-1.030309380967431,0.0,0.0
55,1632,2024-04,Все категории,0.2024474024509772,0.0,0.07142857142857142
55,1632,2024-04,Продовольствие,-0.5922625082326014,0.0,0.03571428571428571
55,1632,2024-04,Маркетплейсы,1.0609968329891364,0.0,0.07142857142857142
55,1632,2024-04,Здоровье,1.4977546675621385,0.0,0.0
55,1632,2024-04,Общественное питание,0.43799528151774103,0.0,0.10714285714285714
55,1632,2024-04,Транспорт,0.44318864184537266,0.0,0.0
55,1632,2024-05,Все категории,-0.7441130892558541,0.0,0.07407407407407407
55,1632,2024-05,Продовольствие,-0.03181866211456119,0.0,0.037037037037037035
55,1632,2024-05,Маркетплейсы,0.11233449812171759,0.0,0.07407407407407407
55,1632,2024-05,Здоровье,-0.3002922122394863,0.0,0.037037037037037035
55,1632,2024-05,Общественное питание,0.43833568969969655,0.0,0.14814814814814814
55,1632,2024-05,Транспорт,-0.6362639268722379,0.0,0.0
55,1646,2024-05,Все категории,1.0941138561926866,0.0,0.07407407407407407
55,1646,2024-05,Продовольствие,0.07501261822479462,0.0,0.037037037037037035
55,1646,2024-05,Маркетплейсы,0.46143935984835627,0.0,0.07407407407407407
55,1646,2024-05,Здоровье,0.9622502748084529,0.0,0.037037037037037035
55,1646,2024-05,Общественное питание,1.4043304687957776,0.0,0.14814814814814814
55,1646,2024-05,Транспорт,0.9838031720889655,0.0,0.0
55,1652,2024-04,Все категории,-0.9374129898469794,0.0,0.07142857142857142
55,1652,2024-04,Продовольствие,-0.7996480350490329,0.0,0.03571428571428571
55,1652,2024-04,Маркетплейсы,0.14644900709172304,0.0,0.07142857142857142
55,1652,2024-04,Здоровье,0.5327610290163762,0.0,0.0
55,1652,2024-04,Общественное питание,-1.2666119962308175,0.0,0.10714285714285714
55,1652,2024-04,Транспорт,0.5526597177305211,0.0,0.0
55,1652,2024-05,Все категории,-0.9483541160510498,0.0,0.07407407407407407
55,1652,2024-05,Продовольствие,-0.892122816915114,0.0,0.037037037037037035
55,1652,2024-05,Маркетплейсы,0.4251271629566672,0.0,0.07407407407407407
55,1652,2024-05,Здоровье,0.31531043301587547,0.0,0.037037037037037035
55,1652,2024-05,Общественное питание,-0.2925624028654671,0.0,0.14814814814814814
55,1652,2024-05,Транспорт,-0.6941063666363141,0.0,0.0
55,1655,2024-04,Все категории,-0.39071665664467475,0.0,0.07142857142857142
55,1655,2024-04,Продовольствие,-0.5144262505718413,0.0,0.03571428571428571
55,1655,2024-04,Маркетплейсы,0.012225573876418316,0.0,0.07142857142857142
55,1655,2024-04,Здоровье,-0.5987181523201532,0.0,0.0
55,1655,2024-04,Общественное питание,-0.36314626619894946,0.0,0.10714285714285714
55,1655,2024-04,Транспорт,-0.8340527737171147,0.0,0.0
55,1659,2024-05,Все категории,-0.30651623584125137,0.0,0.07407407407407407
55,1659,2024-05,Продовольствие,-0.4271615383941607,0.0,0.037037037037037035
55,1659,2024-05,Маркетплейсы,-0.028979970727529225,0.0,0.07407407407407407
55,1659,2024-05,Здоровье,0.47154472598359554,0.0,0.037037037037037035
55,1659,2024-05,Общественное питание,0.09542832238288035,0.0,0.14814814814814814
55,1659,2024-05,Транспорт,-0.0491417693247696,0.0,0.0
55,1660,2024-05,Все категории,0.13699063012265095,0.0,0.07407407407407407
55,1660,2024-05,Продовольствие,0.3850074760576532,0.0,0.037037037037037035
55,1660,2024-05,Маркетплейсы,1.0125124395590448,0.0,0.07407407407407407
55,1660,2024-05,Здоровье,1.0028815095361836,0.0,0.037037037037037035
55,1660,2024-05,Общественное питание,1.5513630916184677,0.0,0.14814814814814814
55,1660,2024-05,Транспорт,0.11622113747445034,0.0,0.0
55,1662,2024-04,Все категории,-0.6483570973344598,0.0,0.07142857142857142
55,1662,2024-04,Продовольствие,0.6227451111136149,0.0,0.03571428571428571
55,1662,2024-04,Маркетплейсы,-1.838234691268751,0.0,0.07142857142857142
55,1662,2024-04,Здоровье,-2.029734142941328,0.0,0.0
55,1662,2024-04,Общественное питание,-0.826876897909778,1.0,0.10714285714285714
55,1662,2024-04,Транспорт,-2.127919016572688,0.0,0.0
55,1662,2024-05,Все категории,-0.045437557003269846,0.0,0.07407407407407407
55,1662,2024-05,Продовольствие,0.9315580900843815,0.0,0.037037037037037035
55,1662,2024-05,Маркетплейсы,-2.027068169014189,0.0,0.07407407407407407
55,1662,2024-05,Здоровье,0.5656551860217327,0.0,0.037037037037037035
55,1662,2024-05,Общественное питание,2.628629548381257,1.0,0.14814814814814814
55,1662,2024-05,Транспорт,-0.09107649511957644,0.0,0.0
55,1663,2024-04,Все категории,0.34985728705180646,0.0,0.07142857142857142
55,1663,2024-04,Продовольствие,-0.5120953771682792,0.0,0.03571428571428571
55,1663,2024-04,Маркетплейсы,1.3337988662840001,0.0,0.07142857142857142
55,1663,2024-04,Здоровье,0.03547206843267353,0.0,0.0
55,1663,2024-04,Общественное питание,0.8724357840865071,0.0,0.10714285714285714
55,1663,2024-04,Транспорт,-0.35119085922327026,0.0,0.0
56,1665,2024-03,Все категории,0.3850616787412781,0.0,0.0
56,1665,2024-03,Продовольствие,0.3849864538630193,0.0,0.02702702702702703
56,1665,2024-03,Маркетплейсы,0.8070528521037283,0.0,0.08108108108108109
56,1665,2024-03,Здоровье,0.20935055085142112,0.0,0.08108108108108109
56,1665,2024-03,Общественное питание,-0.09912464576038515,1.0,0.08108108108108109
56,1665,2024-03,Транспорт,-0.25701415482536916,0.0,0.10810810810810811
56,1665,2024-04,Все категории,-0.08537609905508237,0.0,0.0
56,1665,2024-04,Продовольствие,0.3669800832326306,0.0,0.029411764705882353
56,1665,2024-04,Маркетплейсы,-0.24216260130932588,0.0,0.058823529411764705
56,1665,2024-04,Здоровье,-0.01898149815054076,0.0,0.08823529411764706
56,1665,2024-04,Общественное питание,0.9135581014084182,0.0,0.08823529411764706
56,1665,2024-04,Транспорт,0.8892485422979849,0.0,0.08823529411764706
56,1665,2024-05,Все категории,0.21182494034249988,0.0,0.027777777777777776
56,1665,2024-05,Продовольствие,0.3752419930427135,0.0,0.08333333333333333
56,1665,2024-05,Маркетплейсы,1.943415892377378,0.0,0.08333333333333333
56,1665,2024-05,Здоровье,0.6957167630089688,0.0,0.08333333333333333
56,1665,2024-05,Общественное питание,0.42782912066058404,0.0,0.027777777777777776
56,1665,2024-05,Транспорт,-0.06579955239846724,0.0,0.08333333333333333
56,1668,2024-05,Все категории,0.01441295073615545,0.0,0.027777777777777776
56,1668,2024-05,Продовольствие,0.24878357981843907,0.0,0.08333333333333333
56,1668,2024-05,Маркетплейсы,0.6390089877037373,0.0,0.08333333333333333
56,1668,2024-05,Здоровье,0.2665315619961499,0.0,0.08333333333333333
56,1668,2024-05,Общественное питание,0.6049681303591425,0.0,0.027777777777777776
56,1668,2024-05,Транспорт,0.2655756234996675,0.0,0.08333333333333333
56,1673,2024-04,Все категории,0.05426714161285118,0.0,0.0
56,1673,2024-04,Продовольствие,1.6149777269003074,1.0,0.029411764705882353
56,1673,2024-04,Маркетплейсы,-1.0096969554531214,1.0,0.058823529411764705
56,1673,2024-04,Здоровье,-0.742489101314449,1.0,0.08823529411764706
56,1673,2024-04,Общественное питание,-0.24260685459232537,1.0,0.08823529411764706
56,1673,2024-04,Транспорт,0.9694984158792148,0.0,0.08823529411764706
56,1673,2024-05,Все категории,2.4998678248415005,0.0,0.027777777777777776
56,1673,2024-05,Продовольствие,1.0408490745852073,1.0,0.08333333333333333
56,1673,2024-05,Маркетплейсы,2.904748032764387,1.0,0.08333333333333333
56,1673,2024-05,Здоровье,2.3022415067535276,1.0,0.08333333333333333
56,1673,2024-05,Общественное питание,2.14354619859473,1.0,0.027777777777777776
56,1673,2024-05,Транспорт,0.4885755790079489,0.0,0.08333333333333333
56,1673,2024-07,Все категории,0.03655520755745911,0.0,0.07894736842105263
56,1673,2024-07,Продовольствие,0.0866419689603024,0.0,0.02631578947368421
56,1673,2024-07,Маркетплейсы,0.08555932882057204,0.0,0.02631578947368421
56,1673,2024-07,Здоровье,0.5310644853900698,0.0,0.05263157894736842
56,1673,2024-07,Общественное питание,-0.12325379956905698,0.0,0.15789473684210525
56,1673,2024-07,Транспорт,0.2655345135338099,0.0,0.10526315789473684
56,1673,2024-09,Все категории,0.23106133053679057,0.0,0.0
56,1673,2024-09,Продовольствие,0.06407975245724873,0.0,0.0
56,1673,2024-09,Маркетплейсы,0.546428002077831,0.0,0.02631578947368421
56,1673,2024-09,Здоровье,-0.22407910394235586,0.0,0.0
56,1673,2024-09,Общественное питание,-0.8178828789038091,0.0,0.02631578947368421
56,1673,2024-09,Транспорт,-0.4196889701182168,0.0,0.02631578947368421
56,1679,2024-04,Все категории,0.22651962551815785,1.0,0.0
56,1679,2024-04,Продовольствие,0.09797166512605746,0.0,0.029411764705882353
56,1679,2024-04,Маркетплейсы,-1.2519945157761792,0.0,0.058823529411764705
56,1679,2024-04,Здоровье,-0.9249990153247263,0.0,0.08823529411764706
56,1679,2024-04,Общественное питание,1.1878242336132592,0.0,0.08823529411764706
56,1679,2024-04,Транспорт,1.463520994225144,0.0,0.08823529411764706
56,1682,2024-03,Все категории,-0.6825652589456956,0.0,0.0
56,1682,2024-03,Продовольствие,-1.2395885163518157,0.0,0.02702702702702703
56,1682,2024-03,Маркетплейсы,-0.20912816794460765,0.0,0.08108108108108109
56,1682,2024-03,Здоровье,0.6212274916727809,0.0,0.08108108108108109
56,1682,2024-03,Общественное питание,-1.413184525868679,0.0,0.08108108108108109
56,1682,2024-03,Транспорт,-0.6552247045429584,0.0,0.10810810810810811
56,1686,2024-04,Все категории,-0.6545277672017747,0.0,0.0
56,1686,2024-04,Продовольствие,-0.453191122132297,1.0,0.029411764705882353
56,1686,2024-04,Маркетплейсы,-1.1800055315043334,0.0,0.058823529411764705
56,1686,2024-04,Здоровье,0.45635409540383054,1.0,0.08823529411764706
56,1686,2024-04,Общественное питание,0.4276951151794206,0.0,0.08823529411764706
56,1686,2024-04,Транспорт,-0.31358409583864333,0.0,0.08823529411764706
56,1687,2024-04,Все категории,-1.3139746487217108,0.0,0.0
56,1687,2024-04,Продовольствие,-0.7968635735141264,0.0,0.029411764705882353
56,1687,2024-04,Маркетплейсы,-1.3068578651939102,1.0,0.058823529411764705
56,1687,2024-04,Здоровье,-1.040918929248744,0.0,0.08823529411764706
56,1687,2024-04,Общественное питание,-0.40610863596625807,0.0,0.08823529411764706
56,1687,2024-04,Транспорт,0.23663179574098714,0.0,0.08823529411764706
57,1707,2024-04,Все категории,0.5586734072043047,0.0,0.16666666666666666
57,1707,2024-04,Продовольствие,-0.13969269882716487,0.0,0.0
57,1707,2024-04,Маркетплейсы,1.1286431832466084,0.0,0.0
57,1707,2024-04,Здоровье,1.3305252842414919,0.0,0.05555555555555555
57,1707,2024-04,Общественное питание,1.1588566991916895,0.0,0.16666666666666666
57,1707,2024-04,Транспорт,0.7873302949187768,0.0,0.1111111111111111
57,1707,2024-05,Все категории,0.7637898857562212,0.0,0.2
57,1707,2024-05,Продовольствие,0.7305629215371922,0.0,0.1
57,1707,2024-05,Маркетплейсы,1.0661907819910281,0.0,0.0
57,1707,2024-05,Здоровье,0.39651785665135736,1.0,0.05
57,1707,2024-05,Общественное питание,1.04159873387528,0.0,0.2
57,1707,2024-05,Транспорт,0.31132044647520063,0.0,0.1
57,1715,2024-03,Все категории,-0.5318227888673046,0.0,0.15789473684210525
57,1715,2024-03,Продовольствие,-0.09674833026576479,0.0,0.05263157894736842
57,1715,2024-03,Маркетплейсы,-0.7121533225497656,0.0,0.0
57,1715,2024-03,Здоровье,0.6582786065986584,0.0,0.0
57,1715,2024-03,Общественное питание,0.8949311344130921,1.0,0.10526315789473684
57,1715,2024-03,Транспорт,-0.16812645225371525,1.0,0.10526315789473684
57,1715,2024-04,Все категории,1.3591375123763685,0.0,0.16666666666666666
57,1715,2024-04,Продовольствие,-0.1856041609643166,0.0,0.0
57,1715,2024-04,Маркетплейсы,1.4541583602776886,0.0,0.0
57,1715,2024-04,Здоровье,0.5082745816354369,0.0,0.05555555555555555
57,1715,2024-04,Общественное питание,-1.6667681558586436,1.0,0.16666666666666666
57,1715,2024-04,Транспорт,1.6974138528816212,1.0,0.1111111111111111
57,1722,2024-03,Все категории,-1.2326351833763638,0.0,0.15789473684210525
57,1722,2024-03,Продовольствие,-0.7139110037593606,0.0,0.05263157894736842
57,1722,2024-03,Маркетплейсы,-1.3616316494258918,0.0,0.0
57,1722,2024-03,Здоровье,0.8884361762753958,0.0,0.0
57,1722,2024-03,Общественное питание,-0.27244845238558063,0.0,0.10526315789473684
57,1722,2024-03,Транспорт,-2.156056960784463,0.0,0.10526315789473684
57,1727,2024-04,Все категории,0.2008222290384686,0.0,0.16666666666666666
57,1727,2024-04,Продовольствие,0.33158099494355087,0.0,0.0
57,1727,2024-04,Маркетплейсы,0.15862624415871096,0.0,0.0
57,1727,2024-04,Здоровье,-1.0089279309111423,0.0,0.05555555555555555
57,1727,2024-04,Общественное питание,0.5288175657212273,0.0,0.16666666666666666
57,1727,2024-04,Транспорт,0.4741826769074496,0.0,0.1111111111111111
58,1747,2024-04,Все категории,-0.8311615950883067,0.0,0.043478260869565216
58,1747,2024-04,Продовольствие,-0.24432205123971826,0.0,0.08695652173913043
58,1747,2024-04,Маркетплейсы,-0.8633716103270447,0.0,0.043478260869565216
58,1747,2024-04,Здоровье,-1.163534027190378,0.0,0.043478260869565216
58,1747,2024-04,Общественное питание,-0.705337562033314,0.0,0.08695652173913043
58,1747,2024-04,Транспорт,-2.1313832006545335,0.0,0.0
58,1755,2024-04,Все категории,0.18796799983734563,0.0,0.043478260869565216
58,1755,2024-04,Продовольствие,-0.017831902374317005,1.0,0.08695652173913043
58,1755,2024-04,Маркетплейсы,1.0374262083426755,0.0,0.043478260869565216
58,1755,2024-04,Здоровье,-0.31553509380230954,0.0,0.043478260869565216
58,1755,2024-04,Общественное питание,0.4285000297095981,1.0,0.08695652173913043
58,1755,2024-04,Транспорт,0.39078575953410155,0.0,0.0
60,1764,2024-03,Все категории,-0.2219132757463136,0.0,0.0
60,1764,2024-03,Продовольствие,-0.03386009236051292,0.0,0.0
60,1764,2024-03,Маркетплейсы,0.10109258902767371,0.0,0.0
60,1764,2024-03,Здоровье,-0.09348950244040599,0.0,0.047619047619047616
60,1764,2024-03,Общественное питание,-0.39984138883722453,0.0,0.0
60,1764,2024-03,Транспорт,-0.4016952012100823,0.0,0.0
60,1764,2024-05,Все категории,0.4123014828157325,0.0,0.05
60,1764,2024-05,Продовольствие,0.9735617208403728,0.0,0.1
60,1764,2024-05,Маркетплейсы,0.5337916423085514,0.0,0.0
60,1764,2024-05,Здоровье,-0.08667823418367795,0.0,0.1
60,1764,2024-05,Общественное питание,0.14350996642153535,0.0,0.05
60,1764,2024-05,Транспорт,0.44089494456539113,0.0,0.2
60,1782,2024-05,Все категории,-0.07694416435231655,0.0,0.05
60,1782,2024-05,Продовольствие,-0.3764793385802713,0.0,0.1
60,1782,2024-05,Маркетплейсы,0.712574427616173,0.0,0.0
60,1782,2024-05,Здоровье,-0.31696654622902554,0.0,0.1
60,1782,2024-05,Общественное питание,-0.18844153935523378,0.0,0.05
60,1782,2024-05,Транспорт,0.26497667640559364,0.0,0.2
66,1989,2024-05,Все категории,1.2833884105403717,0.0,0.0
66,1989,2024-05,Продовольствие,-0.16379639992694062,0.0,0.0
66,1989,2024-05,Маркетплейсы,-0.27504290287855987,0.0,0.06349206349206349
66,1989,2024-05,Здоровье,-0.5668944815051938,0.0,0.031746031746031744
66,1989,2024-05,Общественное питание,-0.04990413832276063,0.0,0.06349206349206349
66,1989,2024-05,Транспорт,-1.0152423103127162,0.0,0.06349206349206349
67,2044,2024-04,Все категории,-0.3736066873113816,0.0,0.038461538461538464
67,2044,2024-04,Продовольствие,-0.3127271537075169,0.0,0.0
67,2044,2024-04,Маркетплейсы,-0.17124949648905607,0.0,0.038461538461538464
67,2044,2024-04,Здоровье,1.0361109899372956,0.0,0.038461538461538464
67,2044,2024-04,Общественное питание,0.45469430831247715,0.0,0.11538461538461539
67,2044,2024-04,Транспорт,0.20517560434037452,0.0,0.15384615384615385
69,2142,2024-09,Все категории,-1.1880332123949504,0.0,0.0
69,2142,2024-09,Продовольствие,-1.3712871981595858,0.0,0.0
69,2142,2024-09,Маркетплейсы,-2.4002492681273497,1.0,0.027777777777777776
69,2142,2024-09,Здоровье,-0.43453072580424623,0.0,0.027777777777777776
69,2142,2024-09,Общественное питание,0.6717390331571934,0.0,0.027777777777777776
69,2142,2024-09,Транспорт,2.3107430279530075,1.0,0.027777777777777776
72,2190,2024-04,Все категории,0.1646498905818643,0.0,0.0
72,2190,2024-04,Продовольствие,-0.6542461221036633,0.0,0.058823529411764705
72,2190,2024-04,Маркетплейсы,0.1574286581245099,0.0,0.0
72,2190,2024-04,Здоровье,1.209034646153298,0.0,0.11764705882352941
72,2190,2024-04,Общественное питание,0.24276294130738396,0.0,0.0
72,2190,2024-04,Транспорт,0.5106382676974173,0.0,0.17647058823529413
72,2190,2024-05,Все категории,-0.7606306487007043,0.0,0.0
72,2190,2024-05,Продовольствие,0.09383206798291524,0.0,0.058823529411764705
72,2190,2024-05,Маркетплейсы,-0.007450763363768487,0.0,0.058823529411764705
72,2190,2024-05,Здоровье,0.4945827565879274,0.0,0.058823529411764705
72,2190,2024-05,Общественное питание,0.46363718392845793,0.0,0.0
72,2190,2024-05,Транспорт,-0.3915954248101792,0.0,0.11764705882352941
72,2192,2024-04,Все категории,-0.3756442871203202,0.0,0.0
72,2192,2024-04,Продовольствие,0.16669864939865991,0.0,0.058823529411764705
72,2192,2024-04,Маркетплейсы,-0.8669313861634136,0.0,0.0
72,2192,2024-04,Здоровье,-0.19514573543218922,0.0,0.11764705882352941
72,2192,2024-04,Общественное питание,-0.37323634475077155,0.0,0.0
72,2192,2024-04,Транспорт,0.5371930692110092,0.0,0.17647058823529413
72,2192,2024-05,Все категории,0.556601808460292,0.0,0.0
72,2192,2024-05,Продовольствие,0.4187723323239156,0.0,0.058823529411764705
72,2192,2024-05,Маркетплейсы,0.5557181974230019,0.0,0.058823529411764705
72,2192,2024-05,Здоровье,0.2726615405148318,0.0,0.058823529411764705
72,2192,2024-05,Общественное питание,0.9745328392536471,0.0,0.0
72,2192,2024-05,Транспорт,-0.5095474416292001,0.0,0.11764705882352941
72,2193,2024-05,Все категории,0.15365998647283152,0.0,0.0
72,2193,2024-05,Продовольствие,0.04125158596594919,0.0,0.058823529411764705
72,2193,2024-05,Маркетплейсы,0.5241339241096921,0.0,0.058823529411764705
72,2193,2024-05,Здоровье,0.9978510164092063,0.0,0.058823529411764705
72,2193,2024-05,Общественное питание,0.9906963739617939,1.0,0.0
72,2193,2024-05,Транспорт,-0.29823652343690116,0.0,0.11764705882352941
72,2194,2024-04,Все категории,0.04273069526953188,0.0,0.0
72,2194,2024-04,Продовольствие,-0.3641366339792549,0.0,0.058823529411764705
72,2194,2024-04,Маркетплейсы,-0.3764857173730516,0.0,0.0
72,2194,2024-04,Здоровье,-0.1698631164301404,0.0,0.11764705882352941
72,2194,2024-04,Общественное питание,-1.2841463619242661,0.0,0.0
72,2194,2024-04,Транспорт,0.7391651813753932,0.0,0.17647058823529413
72,2195,2024-04,Все категории,-1.1806351197658336,0.0,0.0
72,2195,2024-04,Продовольствие,-0.5300620342931105,0.0,0.058823529411764705
72,2195,2024-04,Маркетплейсы,-1.5970582509590985,0.0,0.0
72,2195,2024-04,Здоровье,0.19307228765787265,0.0,0.11764705882352941
72,2195,2024-04,Общественное питание,-0.2929573861507222,0.0,0.0
72,2195,2024-04,Транспорт,1.2511743250793934,0.0,0.17647058823529413
72,2195,2024-05,Все категории,0.8674320472600616,0.0,0.0
72,2195,2024-05,Продовольствие,1.4606818973673175,0.0,0.058823529411764705
72,2195,2024-05,Маркетплейсы,0.8707583700239443,0.0,0.058823529411764705
72,2195,2024-05,Здоровье,-0.97579622029386,0.0,0.058823529411764705
72,2195,2024-05,Общественное питание,-0.45268690136775147,0.0,0.0
72,2195,2024-05,Транспорт,-0.3446872190835664,0.0,0.11764705882352941
72,2199,2024-05,Все категории,0.5216150875247525,0.0,0.0
72,2199,2024-05,Продовольствие,0.19758830229709415,0.0,0.058823529411764705
72,2199,2024-05,Маркетплейсы,-0.2697468061435566,0.0,0.058823529411764705
72,2199,2024-05,Здоровье,0.4927046835066446,0.0,0.058823529411764705
72,2199,2024-05,Общественное питание,-1.904729591826622,0.0,0.0
72,2199,2024-05,Транспорт,-1.3475359599406949,0.0,0.11764705882352941
72,2200,2024-04,Все категории,-0.059186916720852356,0.0,0.0
72,2200,2024-04,Продовольствие,0.6339437202245932,0.0,0.058823529411764705
72,2200,2024-04,Маркетплейсы,-1.2358459881398618,0.0,0.0
72,2200,2024-04,Здоровье,0.42602061008308956,1.0,0.11764705882352941
72,2200,2024-04,Общественное питание,1.423743694029333,0.0,0.0
72,2200,2024-04,Транспорт,0.5122072684966482,1.0,0.17647058823529413
72,2200,2024-05,Все категории,-0.1875419002423343,0.0,0.0
72,2200,2024-05,Продовольствие,1.00207097795775,0.0,0.058823529411764705
72,2200,2024-05,Маркетплейсы,-0.5959513888425381,0.0,0.058823529411764705
72,2200,2024-05,Здоровье,-1.8402783264809015,1.0,0.058823529411764705
72,2200,2024-05,Общественное питание,-0.7211210169233435,0.0,0.0
72,2200,2024-05,Транспорт,-2.371087096529546,1.0,0.11764705882352941
72,2204,2024-04,Все категории,-0.9333323953625345,0.0,0.0
72,2204,2024-04,Продовольствие,-0.08513591889646528,0.0,0.058823529411764705
72,2204,2024-04,Маркетплейсы,-1.3639497734983492,0.0,0.0
72,2204,2024-04,Здоровье,-1.9563131534150195,0.0,0.11764705882352941
72,2204,2024-04,Общественное питание,-0.9528629468040722,0.0,0.0
72,2204,2024-04,Транспорт,0.6879940088986478,0.0,0.17647058823529413
72,2204,2024-05,Все категории,1.0657241585493913,0.0,0.0
72,2204,2024-05,Продовольствие,1.1134281757911528,0.0,0.058823529411764705
72,2204,2024-05,Маркетплейсы,1.1984242647247136,0.0,0.058823529411764705
72,2204,2024-05,Здоровье,-0.8951939848166205,0.0,0.058823529411764705
72,2204,2024-05,Общественное питание,0.5540835148218928,0.0,0.0
72,2204,2024-05,Транспорт,-0.7140265334021354,0.0,0.11764705882352941
72,2212,2024-04,Все категории,-0.586462180479424,0.0,0.0
72,2212,2024-04,Продовольствие,0.1408777101443012,0.0,0.058823529411764705
72,2212,2024-04,Маркетплейсы,-0.9212536510017058,0.0,0.0
72,2212,2024-04,Здоровье,-0.32719896969917117,0.0,0.11764705882352941
72,2212,2024-04,Общественное питание,-0.053092798097855776,0.0,0.0
72,2212,2024-04,Транспорт,-0.06072936779781911,0.0,0.17647058823529413
86,2221,2024-05,Все категории,-0.5663095546289257,0.0,0.047619047619047616
86,2221,2024-05,Продовольствие,-0.5743413725929568,0.0,0.047619047619047616
86,2221,2024-05,Маркетплейсы,-0.027255208532023012,0.0,0.0
86,2221,2024-05,Здоровье,-0.22613538624938903,0.0,0.09523809523809523
86,2221,2024-05,Общественное питание,-0.5743334242216195,0.0,0.0
86,2221,2024-05,Транспорт,0.2529524109992725,0.0,0.09523809523809523
74,2275,2024-12,Все категории,-0.7505417548327908,0.0,0.0
74,2275,2024-12,Продовольствие,-0.3848034788733081,0.0,0.0
74,2275,2024-12,Маркетплейсы,0.8446887787064621,0.0,0.0
74,2275,2024-12,Здоровье,-0.4159630741349549,0.0,0.0
74,2275,2024-12,Общественное питание,0.28817792007814347,0.0,0.0
74,2275,2024-12,Транспорт,0.04192162351075801,0.0,0.0
76,2333,2024-09,Все категории,-0.9703332333570941,0.0,0.0
76,2333,2024-09,Продовольствие,-1.1258608015699036,0.0,0.0
76,2333,2024-09,Маркетплейсы,-0.416450799937816,0.0,0.0
76,2333,2024-09,Здоровье,-0.08628066236808862,0.0,0.0
76,2333,2024-09,Общественное питание,-0.8473738817193284,0.0,0.1111111111111111
76,2333,2024-09,Транспорт,-1.2501852923624903,0.0,0.0
44,2618,2024-04,Все категории,0.07098633067399152,0.0,0.047619047619047616
44,2618,2024-04,Продовольствие,-0.5959952239327104,0.0,0.047619047619047616
44,2618,2024-04,Маркетплейсы,-0.4388904634157913,0.0,0.0
44,2618,2024-04,Здоровье,0.3288073627846677,0.0,0.0
44,2618,2024-04,Общественное питание,-0.267007035518285,0.0,0.047619047619047616
44,2618,2024-04,Транспорт,0.3599879097332225,0.0,0.0
40,2646,2024-04,Все категории,0.37237995296754434,0.0,0.0
40,2646,2024-04,Продовольствие,-0.6648262379121311,0.0,0.0
40,2646,2024-04,Маркетплейсы,0.6945260830295987,0.0,0.041666666666666664
40,2646,2024-04,Здоровье,0.864598059200711,0.0,0.041666666666666664
40,2646,2024-04,Общественное питание,0.6664005912876648,0.0,0.041666666666666664
40,2646,2024-04,Транспорт,0.653083069296767,0.0,0.16666666666666666
50,2649,2024-03,Все категории,0.05147800056881019,0.0,0.0
50,2649,2024-03,Продовольствие,-0.06544703299282084,0.0,0.0
50,2649,2024-03,Маркетплейсы,-0.28072620341830135,0.0,0.02
50,2649,2024-03,Здоровье,0.2235931199042508,1.0,0.2
50,2649,2024-03,Общественное питание,-0.12775968559031092,0.0,0.04
50,2649,2024-03,Транспорт,-0.3157788718153569,0.0,0.0
50,2649,2024-04,Все категории,-0.05449106017348371,0.0,0.02564102564102564
50,2649,2024-04,Продовольствие,-0.4507187571037883,0.0,0.0
50,2649,2024-04,Маркетплейсы,-0.35713236601894494,0.0,0.02564102564102564
50,2649,2024-04,Здоровье,0.024655310605885328,0.0,0.1282051282051282
50,2649,2024-04,Общественное питание,-0.09723989920030507,0.0,0.07692307692307693
50,2649,2024-04,Транспорт,0.07893555583566103,0.0,0.07692307692307693
50,2651,2024-05,Все категории,0.0026261514051087453,0.0,0.029411764705882353
50,2651,2024-05,Продовольствие,0.014187046692232141,0.0,0.0
50,2651,2024-05,Маркетплейсы,0.003032504183422713,0.0,0.0
50,2651,2024-05,Здоровье,-0.08480822598440962,0.0,0.0
50,2651,2024-05,Общественное питание,0.11989051509071269,0.0,0.029411764705882353
50,2651,2024-05,Транспорт,-0.30407829517960094,0.0,0.058823529411764705
50,2652,2024-05,Все категории,0.16765481470625374,0.0,0.029411764705882353
50,2652,2024-05,Продовольствие,-0.2035065690073782,0.0,0.0
50,2652,2024-05,Маркетплейсы,-0.34157336936833627,0.0,0.0
50,2652,2024-05,Здоровье,0.022332034611390994,0.0,0.0
50,2652,2024-05,Общественное питание,0.20054508674190788,0.0,0.029411764705882353
50,2652,2024-05,Транспорт,0.15027543051163011,0.0,0.058823529411764705
50,2808,2024-04,Все категории,-0.2941111699443894,0.0,0.02564102564102564
50,2808,2024-04,Продовольствие,-0.14969689178286028,0.0,0.0
50,2808,2024-04,Маркетплейсы,-0.25142916417485073,0.0,0.02564102564102564
50,2808,2024-04,Здоровье,-0.6695995726066661,0.0,0.1282051282051282
50,2808,2024-04,Общественное питание,-0.6111723933118418,0.0,0.07692307692307693
50,2808,2024-04,Транспорт,-0.30017594507047274,0.0,0.07692307692307693
50,2808,2024-05,Все категории,0.15370033308633285,0.0,0.029411764705882353
50,2808,2024-05,Продовольствие,0.4572945602788945,0.0,0.0
50,2808,2024-05,Маркетплейсы,0.19264738874206389,0.0,0.0
50,2808,2024-05,Здоровье,0.13486321377256671,0.0,0.0
50,2808,2024-05,Общественное питание,-0.3594687766863295,0.0,0.029411764705882353
50,2808,2024-05,Транспорт,0.16327323405124644,0.0,0.058823529411764705
50,2813,2024-04,Все категории,-0.22236581859692628,0.0,0.02564102564102564
50,2813,2024-04,Продовольствие,0.10304938446892786,0.0,0.0
50,2813,2024-04,Маркетплейсы,-0.16351329897270928,0.0,0.02564102564102564
50,2813,2024-04,Здоровье,-0.09605879306656728,1.0,0.1282051282051282
50,2813,2024-04,Общественное питание,-0.4272393218356243,0.0,0.07692307692307693
50,2813,2024-04,Транспорт,0.22818225331133912,0.0,0.07692307692307693
50,2813,2024-05,Все категории,0.543633946489835,0.0,0.029411764705882353
50,2813,2024-05,Продовольствие,0.47127097304429855,0.0,0.0
50,2813,2024-05,Маркетплейсы,0.03535325527606559,0.0,0.0
50,2813,2024-05,Здоровье,0.17542214947929347,0.0,0.0
50,2813,2024-05,Общественное питание,-0.42664230041682105,0.0,0.029411764705882353
50,2813,2024-05,Транспорт,0.8553578789127743,0.0,0.058823529411764705
50,2814,2024-04,Все категории,0.07449278257726866,0.0,0.02564102564102564
50,2814,2024-04,Продовольствие,-0.6304031165666326,0.0,0.0
50,2814,2024-04,Маркетплейсы,-0.08693349653854887,0.0,0.02564102564102564
50,2814,2024-04,Здоровье,0.29726084355263604,0.0,0.1282051282051282
50,2814,2024-04,Общественное питание,0.17116091190211358,0.0,0.07692307692307693
50,2814,2024-04,Транспорт,0.060566408637762637,0.0,0.07692307692307693
50,2814,2024-05,Все категории,-0.09764945747578119,0.0,0.029411764705882353
50,2814,2024-05,Продовольствие,0.1003186751288061,0.0,0.0
50,2814,2024-05,Маркетплейсы,0.011882611970697399,0.0,0.0
50,2814,2024-05,Здоровье,-0.22978013930996688,0.0,0.0
50,2814,2024-05,Общественное питание,-0.03258290240187424,0.0,0.029411764705882353
50,2814,2024-05,Транспорт,-0.3786766074295472,0.0,0.058823529411764705
26,2876,2024-04,Все категории,0.3741646752680222,0.0,0.0
26,2876,2024-04,Продовольствие,-0.23805541549351314,0.0,0.0967741935483871
26,2876,2024-04,Маркетплейсы,0.7891752628090256,0.0,0.12903225806451613
26,2876,2024-04,Здоровье,0.713994091710863,0.0,0.0
26,2876,2024-04,Общественное питание,0.7734281130465603,0.0,0.0
26,2876,2024-04,Транспорт,0.8435027193050119,0.0,0.03225806451612903
64,2887,2024-08,Все категории,0.07760752715423827,0.0,0.0
64,2887,2024-08,Продовольствие,-0.30865826309120004,0.0,0.0
64,2887,2024-08,Маркетплейсы,-0.010781017328529652,0.0,0.02631578947368421
64,2887,2024-08,Здоровье,-0.33182916247207817,0.0,0.02631578947368421
64,2887,2024-08,Общественное питание,-0.8788107377493163,0.0,0.07894736842105263
64,2887,2024-08,Транспорт,-0.49751472379591033,0.0,0.05263157894736842
52,3005,2024-04,Все категории,0.5475393642972932,0.0,0.022222222222222223
52,3005,2024-04,Продовольствие,-0.4576896307603594,0.0,0.022222222222222223
52,3005,2024-04,Маркетплейсы,0.9057390061476167,0.0,0.044444444444444446
52,3005,2024-04,Здоровье,0.003766399029286105,0.0,0.0
52,3005,2024-04,Общественное питание,0.6703007675393527,0.0,0.06666666666666667
52,3005,2024-04,Транспорт,0.5555485927523779,0.0,0.06666666666666667
